ISO-10303-21;
HEADER;
/* Generated by software containing ST-Developer
 * from STEP Tools, Inc. (www.steptools.com) 
 */
/* OPTION: using custom renumber hook */

FILE_DESCRIPTION(
/* description */ ('STEP AP242 Edition 2',
'CAx-IF Rec.Pracs.---Representation and Presentation of Product Manufa
cturing Information (PMI)---4.0---2014-10-13',
'CAx-IF Rec.Pracs.---3D Tessellated Geometry---0.4---2014-09-14','2;1',
'CAx-IF Rec.Pracs.---User Defined Attributes---1.5---2016-08-15'),
/* implementation_level */ '2;1');

FILE_NAME(
/* name */ 'Cover part 2',
/* time_stamp */ '2026-06-25T14:45:39Z',
/* author */ (''),
/* organization */ (''),
/* preprocessor_version */ 'ST-DEVELOPER v20',
/* originating_system */ 'ONSHAPE BY PTC INC, 1.216',
/* authorisation */ '  ');

FILE_SCHEMA (('AP242_MANAGED_MODEL_BASED_3D_ENGINEERING_MIM_LF { 1 0 10303 442 3 1 4 }'));
ENDSEC;

DATA;
#10=SHAPE_REPRESENTATION_RELATIONSHIP('','',#1685,#11);
#11=ADVANCED_BREP_SHAPE_REPRESENTATION('',(#1683),#2662);
#12=CYLINDRICAL_SURFACE('',#1744,0.0025);
#13=CYLINDRICAL_SURFACE('',#1745,0.0025);
#14=CYLINDRICAL_SURFACE('',#1772,0.0025);
#15=CYLINDRICAL_SURFACE('',#1773,0.0025);
#16=CYLINDRICAL_SURFACE('',#1774,0.0025);
#17=CYLINDRICAL_SURFACE('',#1775,0.0025);
#18=CYLINDRICAL_SURFACE('',#1776,0.0025);
#19=CYLINDRICAL_SURFACE('',#1777,0.0025);
#20=CIRCLE('',#1695,0.0025);
#21=CIRCLE('',#1696,0.0025);
#22=CIRCLE('',#1697,0.0025);
#23=CIRCLE('',#1698,0.0025);
#24=CIRCLE('',#1699,0.0025);
#25=CIRCLE('',#1700,0.0025);
#26=CIRCLE('',#1705,0.0025);
#27=CIRCLE('',#1717,0.0025);
#28=CIRCLE('',#1719,0.0025);
#29=CIRCLE('',#1722,0.0025);
#30=CIRCLE('',#1764,0.0025);
#31=CIRCLE('',#1765,0.0025);
#32=CIRCLE('',#1766,0.0025);
#33=CIRCLE('',#1768,0.0025);
#34=CIRCLE('',#1769,0.0025);
#35=CIRCLE('',#1770,0.0025);
#36=ORIENTED_EDGE('',*,*,#490,.T.);
#37=ORIENTED_EDGE('',*,*,#491,.F.);
#38=ORIENTED_EDGE('',*,*,#492,.F.);
#39=ORIENTED_EDGE('',*,*,#493,.F.);
#40=ORIENTED_EDGE('',*,*,#494,.T.);
#41=ORIENTED_EDGE('',*,*,#495,.T.);
#42=ORIENTED_EDGE('',*,*,#496,.F.);
#43=ORIENTED_EDGE('',*,*,#497,.F.);
#44=ORIENTED_EDGE('',*,*,#498,.T.);
#45=ORIENTED_EDGE('',*,*,#499,.F.);
#46=ORIENTED_EDGE('',*,*,#500,.F.);
#47=ORIENTED_EDGE('',*,*,#501,.F.);
#48=ORIENTED_EDGE('',*,*,#502,.T.);
#49=ORIENTED_EDGE('',*,*,#503,.T.);
#50=ORIENTED_EDGE('',*,*,#504,.F.);
#51=ORIENTED_EDGE('',*,*,#505,.T.);
#52=ORIENTED_EDGE('',*,*,#506,.T.);
#53=ORIENTED_EDGE('',*,*,#507,.T.);
#54=ORIENTED_EDGE('',*,*,#508,.T.);
#55=ORIENTED_EDGE('',*,*,#509,.F.);
#56=ORIENTED_EDGE('',*,*,#510,.F.);
#57=ORIENTED_EDGE('',*,*,#511,.T.);
#58=ORIENTED_EDGE('',*,*,#507,.F.);
#59=ORIENTED_EDGE('',*,*,#512,.F.);
#60=ORIENTED_EDGE('',*,*,#513,.T.);
#61=ORIENTED_EDGE('',*,*,#514,.T.);
#62=ORIENTED_EDGE('',*,*,#503,.F.);
#63=ORIENTED_EDGE('',*,*,#515,.T.);
#64=ORIENTED_EDGE('',*,*,#516,.T.);
#65=ORIENTED_EDGE('',*,*,#517,.F.);
#66=ORIENTED_EDGE('',*,*,#518,.F.);
#67=ORIENTED_EDGE('',*,*,#519,.F.);
#68=ORIENTED_EDGE('',*,*,#520,.T.);
#69=ORIENTED_EDGE('',*,*,#521,.T.);
#70=ORIENTED_EDGE('',*,*,#522,.T.);
#71=ORIENTED_EDGE('',*,*,#523,.F.);
#72=ORIENTED_EDGE('',*,*,#524,.F.);
#73=ORIENTED_EDGE('',*,*,#501,.T.);
#74=ORIENTED_EDGE('',*,*,#525,.F.);
#75=ORIENTED_EDGE('',*,*,#526,.F.);
#76=ORIENTED_EDGE('',*,*,#527,.T.);
#77=ORIENTED_EDGE('',*,*,#497,.T.);
#78=ORIENTED_EDGE('',*,*,#528,.F.);
#79=ORIENTED_EDGE('',*,*,#529,.T.);
#80=ORIENTED_EDGE('',*,*,#530,.T.);
#81=ORIENTED_EDGE('',*,*,#531,.T.);
#82=ORIENTED_EDGE('',*,*,#532,.F.);
#83=ORIENTED_EDGE('',*,*,#533,.T.);
#84=ORIENTED_EDGE('',*,*,#534,.T.);
#85=ORIENTED_EDGE('',*,*,#535,.T.);
#86=ORIENTED_EDGE('',*,*,#536,.F.);
#87=ORIENTED_EDGE('',*,*,#537,.T.);
#88=ORIENTED_EDGE('',*,*,#538,.F.);
#89=ORIENTED_EDGE('',*,*,#539,.T.);
#90=ORIENTED_EDGE('',*,*,#531,.F.);
#91=ORIENTED_EDGE('',*,*,#540,.T.);
#92=ORIENTED_EDGE('',*,*,#520,.F.);
#93=ORIENTED_EDGE('',*,*,#541,.F.);
#94=ORIENTED_EDGE('',*,*,#510,.T.);
#95=ORIENTED_EDGE('',*,*,#542,.T.);
#96=ORIENTED_EDGE('',*,*,#539,.F.);
#97=ORIENTED_EDGE('',*,*,#543,.F.);
#98=ORIENTED_EDGE('',*,*,#544,.T.);
#99=ORIENTED_EDGE('',*,*,#545,.T.);
#100=ORIENTED_EDGE('',*,*,#546,.T.);
#101=ORIENTED_EDGE('',*,*,#547,.F.);
#102=ORIENTED_EDGE('',*,*,#548,.T.);
#103=ORIENTED_EDGE('',*,*,#549,.T.);
#104=ORIENTED_EDGE('',*,*,#550,.F.);
#105=ORIENTED_EDGE('',*,*,#551,.F.);
#106=ORIENTED_EDGE('',*,*,#552,.T.);
#107=ORIENTED_EDGE('',*,*,#553,.T.);
#108=ORIENTED_EDGE('',*,*,#554,.T.);
#109=ORIENTED_EDGE('',*,*,#555,.F.);
#110=ORIENTED_EDGE('',*,*,#556,.T.);
#111=ORIENTED_EDGE('',*,*,#557,.T.);
#112=ORIENTED_EDGE('',*,*,#558,.F.);
#113=ORIENTED_EDGE('',*,*,#559,.F.);
#114=ORIENTED_EDGE('',*,*,#560,.T.);
#115=ORIENTED_EDGE('',*,*,#561,.T.);
#116=ORIENTED_EDGE('',*,*,#562,.F.);
#117=ORIENTED_EDGE('',*,*,#563,.F.);
#118=ORIENTED_EDGE('',*,*,#564,.T.);
#119=ORIENTED_EDGE('',*,*,#565,.F.);
#120=ORIENTED_EDGE('',*,*,#566,.F.);
#121=ORIENTED_EDGE('',*,*,#567,.F.);
#122=ORIENTED_EDGE('',*,*,#568,.F.);
#123=ORIENTED_EDGE('',*,*,#569,.F.);
#124=ORIENTED_EDGE('',*,*,#570,.F.);
#125=ORIENTED_EDGE('',*,*,#571,.F.);
#126=ORIENTED_EDGE('',*,*,#572,.T.);
#127=ORIENTED_EDGE('',*,*,#573,.T.);
#128=ORIENTED_EDGE('',*,*,#574,.T.);
#129=ORIENTED_EDGE('',*,*,#575,.F.);
#130=ORIENTED_EDGE('',*,*,#576,.F.);
#131=ORIENTED_EDGE('',*,*,#577,.F.);
#132=ORIENTED_EDGE('',*,*,#565,.T.);
#133=ORIENTED_EDGE('',*,*,#578,.T.);
#134=ORIENTED_EDGE('',*,*,#579,.T.);
#135=ORIENTED_EDGE('',*,*,#538,.T.);
#136=ORIENTED_EDGE('',*,*,#580,.T.);
#137=ORIENTED_EDGE('',*,*,#581,.T.);
#138=ORIENTED_EDGE('',*,*,#582,.T.);
#139=ORIENTED_EDGE('',*,*,#583,.T.);
#140=ORIENTED_EDGE('',*,*,#584,.F.);
#141=ORIENTED_EDGE('',*,*,#585,.F.);
#142=ORIENTED_EDGE('',*,*,#586,.T.);
#143=ORIENTED_EDGE('',*,*,#532,.T.);
#144=ORIENTED_EDGE('',*,*,#536,.T.);
#145=ORIENTED_EDGE('',*,*,#587,.T.);
#146=ORIENTED_EDGE('',*,*,#516,.F.);
#147=ORIENTED_EDGE('',*,*,#588,.F.);
#148=ORIENTED_EDGE('',*,*,#523,.T.);
#149=ORIENTED_EDGE('',*,*,#589,.T.);
#150=ORIENTED_EDGE('',*,*,#528,.T.);
#151=ORIENTED_EDGE('',*,*,#590,.T.);
#152=ORIENTED_EDGE('',*,*,#591,.T.);
#153=ORIENTED_EDGE('',*,*,#585,.T.);
#154=ORIENTED_EDGE('',*,*,#592,.T.);
#155=ORIENTED_EDGE('',*,*,#593,.T.);
#156=ORIENTED_EDGE('',*,*,#594,.F.);
#157=ORIENTED_EDGE('',*,*,#595,.T.);
#158=ORIENTED_EDGE('',*,*,#596,.T.);
#159=ORIENTED_EDGE('',*,*,#597,.F.);
#160=ORIENTED_EDGE('',*,*,#598,.F.);
#161=ORIENTED_EDGE('',*,*,#599,.T.);
#162=ORIENTED_EDGE('',*,*,#600,.T.);
#163=ORIENTED_EDGE('',*,*,#601,.F.);
#164=ORIENTED_EDGE('',*,*,#602,.F.);
#165=ORIENTED_EDGE('',*,*,#603,.T.);
#166=ORIENTED_EDGE('',*,*,#604,.F.);
#167=ORIENTED_EDGE('',*,*,#563,.T.);
#168=ORIENTED_EDGE('',*,*,#605,.F.);
#169=ORIENTED_EDGE('',*,*,#606,.F.);
#170=ORIENTED_EDGE('',*,*,#607,.F.);
#171=ORIENTED_EDGE('',*,*,#593,.F.);
#172=ORIENTED_EDGE('',*,*,#608,.F.);
#173=ORIENTED_EDGE('',*,*,#493,.T.);
#174=ORIENTED_EDGE('',*,*,#609,.T.);
#175=ORIENTED_EDGE('',*,*,#552,.F.);
#176=ORIENTED_EDGE('',*,*,#490,.F.);
#177=ORIENTED_EDGE('',*,*,#608,.T.);
#178=ORIENTED_EDGE('',*,*,#551,.T.);
#179=ORIENTED_EDGE('',*,*,#610,.F.);
#180=ORIENTED_EDGE('',*,*,#611,.F.);
#181=ORIENTED_EDGE('',*,*,#491,.T.);
#182=ORIENTED_EDGE('',*,*,#610,.T.);
#183=ORIENTED_EDGE('',*,*,#554,.F.);
#184=ORIENTED_EDGE('',*,*,#609,.F.);
#185=ORIENTED_EDGE('',*,*,#492,.T.);
#186=ORIENTED_EDGE('',*,*,#611,.T.);
#187=ORIENTED_EDGE('',*,*,#553,.F.);
#188=ORIENTED_EDGE('',*,*,#612,.T.);
#189=ORIENTED_EDGE('',*,*,#525,.T.);
#190=ORIENTED_EDGE('',*,*,#500,.T.);
#191=ORIENTED_EDGE('',*,*,#613,.T.);
#192=ORIENTED_EDGE('',*,*,#556,.F.);
#193=ORIENTED_EDGE('',*,*,#614,.F.);
#194=ORIENTED_EDGE('',*,*,#527,.F.);
#195=ORIENTED_EDGE('',*,*,#615,.F.);
#196=ORIENTED_EDGE('',*,*,#616,.T.);
#197=ORIENTED_EDGE('',*,*,#558,.T.);
#198=ORIENTED_EDGE('',*,*,#617,.F.);
#199=ORIENTED_EDGE('',*,*,#498,.F.);
#200=ORIENTED_EDGE('',*,*,#613,.F.);
#201=ORIENTED_EDGE('',*,*,#499,.T.);
#202=ORIENTED_EDGE('',*,*,#617,.T.);
#203=ORIENTED_EDGE('',*,*,#557,.F.);
#204=ORIENTED_EDGE('',*,*,#615,.T.);
#205=ORIENTED_EDGE('',*,*,#526,.T.);
#206=ORIENTED_EDGE('',*,*,#612,.F.);
#207=ORIENTED_EDGE('',*,*,#618,.T.);
#208=ORIENTED_EDGE('',*,*,#505,.F.);
#209=ORIENTED_EDGE('',*,*,#619,.T.);
#210=ORIENTED_EDGE('',*,*,#559,.T.);
#211=ORIENTED_EDGE('',*,*,#620,.F.);
#212=ORIENTED_EDGE('',*,*,#621,.F.);
#213=ORIENTED_EDGE('',*,*,#622,.T.);
#214=ORIENTED_EDGE('',*,*,#623,.T.);
#215=ORIENTED_EDGE('',*,*,#624,.T.);
#216=ORIENTED_EDGE('',*,*,#625,.T.);
#217=ORIENTED_EDGE('',*,*,#626,.T.);
#218=ORIENTED_EDGE('',*,*,#581,.F.);
#219=ORIENTED_EDGE('',*,*,#627,.T.);
#220=ORIENTED_EDGE('',*,*,#628,.F.);
#221=ORIENTED_EDGE('',*,*,#629,.T.);
#222=ORIENTED_EDGE('',*,*,#630,.F.);
#223=ORIENTED_EDGE('',*,*,#631,.T.);
#224=ORIENTED_EDGE('',*,*,#632,.F.);
#225=ORIENTED_EDGE('',*,*,#633,.T.);
#226=ORIENTED_EDGE('',*,*,#634,.F.);
#227=ORIENTED_EDGE('',*,*,#635,.F.);
#228=ORIENTED_EDGE('',*,*,#636,.T.);
#229=ORIENTED_EDGE('',*,*,#637,.F.);
#230=ORIENTED_EDGE('',*,*,#638,.T.);
#231=ORIENTED_EDGE('',*,*,#639,.T.);
#232=ORIENTED_EDGE('',*,*,#640,.T.);
#233=ORIENTED_EDGE('',*,*,#641,.T.);
#234=ORIENTED_EDGE('',*,*,#642,.T.);
#235=ORIENTED_EDGE('',*,*,#643,.T.);
#236=ORIENTED_EDGE('',*,*,#644,.F.);
#237=ORIENTED_EDGE('',*,*,#645,.F.);
#238=ORIENTED_EDGE('',*,*,#624,.F.);
#239=ORIENTED_EDGE('',*,*,#646,.T.);
#240=ORIENTED_EDGE('',*,*,#645,.T.);
#241=ORIENTED_EDGE('',*,*,#647,.F.);
#242=ORIENTED_EDGE('',*,*,#648,.F.);
#243=ORIENTED_EDGE('',*,*,#649,.F.);
#244=ORIENTED_EDGE('',*,*,#650,.F.);
#245=ORIENTED_EDGE('',*,*,#651,.T.);
#246=ORIENTED_EDGE('',*,*,#606,.T.);
#247=ORIENTED_EDGE('',*,*,#652,.T.);
#248=ORIENTED_EDGE('',*,*,#653,.F.);
#249=ORIENTED_EDGE('',*,*,#654,.F.);
#250=ORIENTED_EDGE('',*,*,#655,.F.);
#251=ORIENTED_EDGE('',*,*,#656,.T.);
#252=ORIENTED_EDGE('',*,*,#657,.T.);
#253=ORIENTED_EDGE('',*,*,#650,.T.);
#254=ORIENTED_EDGE('',*,*,#658,.T.);
#255=ORIENTED_EDGE('',*,*,#595,.F.);
#256=ORIENTED_EDGE('',*,*,#659,.T.);
#257=ORIENTED_EDGE('',*,*,#660,.F.);
#258=ORIENTED_EDGE('',*,*,#653,.T.);
#259=ORIENTED_EDGE('',*,*,#661,.T.);
#260=ORIENTED_EDGE('',*,*,#573,.F.);
#261=ORIENTED_EDGE('',*,*,#641,.F.);
#262=ORIENTED_EDGE('',*,*,#662,.T.);
#263=ORIENTED_EDGE('',*,*,#568,.T.);
#264=ORIENTED_EDGE('',*,*,#663,.F.);
#265=ORIENTED_EDGE('',*,*,#664,.F.);
#266=ORIENTED_EDGE('',*,*,#629,.F.);
#267=ORIENTED_EDGE('',*,*,#665,.T.);
#268=ORIENTED_EDGE('',*,*,#570,.T.);
#269=ORIENTED_EDGE('',*,*,#666,.F.);
#270=ORIENTED_EDGE('',*,*,#639,.F.);
#271=ORIENTED_EDGE('',*,*,#640,.F.);
#272=ORIENTED_EDGE('',*,*,#666,.T.);
#273=ORIENTED_EDGE('',*,*,#569,.T.);
#274=ORIENTED_EDGE('',*,*,#662,.F.);
#275=ORIENTED_EDGE('',*,*,#642,.F.);
#276=ORIENTED_EDGE('',*,*,#663,.T.);
#277=ORIENTED_EDGE('',*,*,#567,.T.);
#278=ORIENTED_EDGE('',*,*,#667,.F.);
#279=ORIENTED_EDGE('',*,*,#643,.F.);
#280=ORIENTED_EDGE('',*,*,#667,.T.);
#281=ORIENTED_EDGE('',*,*,#566,.T.);
#282=ORIENTED_EDGE('',*,*,#582,.F.);
#283=ORIENTED_EDGE('',*,*,#626,.F.);
#284=ORIENTED_EDGE('',*,*,#668,.T.);
#285=ORIENTED_EDGE('',*,*,#669,.T.);
#286=ORIENTED_EDGE('',*,*,#602,.T.);
#287=ORIENTED_EDGE('',*,*,#670,.T.);
#288=ORIENTED_EDGE('',*,*,#571,.T.);
#289=ORIENTED_EDGE('',*,*,#665,.F.);
#290=ORIENTED_EDGE('',*,*,#628,.T.);
#291=ORIENTED_EDGE('',*,*,#671,.T.);
#292=ORIENTED_EDGE('',*,*,#672,.T.);
#293=ORIENTED_EDGE('',*,*,#586,.F.);
#294=ORIENTED_EDGE('',*,*,#603,.F.);
#295=ORIENTED_EDGE('',*,*,#669,.F.);
#296=ORIENTED_EDGE('',*,*,#673,.F.);
#297=ORIENTED_EDGE('',*,*,#671,.F.);
#298=ORIENTED_EDGE('',*,*,#627,.F.);
#299=ORIENTED_EDGE('',*,*,#580,.F.);
#300=ORIENTED_EDGE('',*,*,#674,.F.);
#301=ORIENTED_EDGE('',*,*,#675,.F.);
#302=ORIENTED_EDGE('',*,*,#672,.F.);
#303=ORIENTED_EDGE('',*,*,#676,.F.);
#304=ORIENTED_EDGE('',*,*,#590,.F.);
#305=ORIENTED_EDGE('',*,*,#673,.T.);
#306=ORIENTED_EDGE('',*,*,#675,.T.);
#307=ORIENTED_EDGE('',*,*,#533,.F.);
#308=ORIENTED_EDGE('',*,*,#676,.T.);
#309=ORIENTED_EDGE('',*,*,#674,.T.);
#310=ORIENTED_EDGE('',*,*,#537,.F.);
#311=ORIENTED_EDGE('',*,*,#652,.F.);
#312=ORIENTED_EDGE('',*,*,#605,.T.);
#313=ORIENTED_EDGE('',*,*,#574,.F.);
#314=ORIENTED_EDGE('',*,*,#661,.F.);
#315=ORIENTED_EDGE('',*,*,#572,.F.);
#316=ORIENTED_EDGE('',*,*,#670,.F.);
#317=ORIENTED_EDGE('',*,*,#601,.T.);
#318=ORIENTED_EDGE('',*,*,#677,.T.);
#319=ORIENTED_EDGE('',*,*,#660,.T.);
#320=ORIENTED_EDGE('',*,*,#630,.T.);
#321=ORIENTED_EDGE('',*,*,#664,.T.);
#322=ORIENTED_EDGE('',*,*,#638,.F.);
#323=ORIENTED_EDGE('',*,*,#678,.F.);
#324=ORIENTED_EDGE('',*,*,#668,.F.);
#325=ORIENTED_EDGE('',*,*,#625,.F.);
#326=ORIENTED_EDGE('',*,*,#647,.T.);
#327=ORIENTED_EDGE('',*,*,#644,.T.);
#328=ORIENTED_EDGE('',*,*,#679,.F.);
#329=ORIENTED_EDGE('',*,*,#631,.F.);
#330=ORIENTED_EDGE('',*,*,#678,.T.);
#331=ORIENTED_EDGE('',*,*,#637,.T.);
#332=ORIENTED_EDGE('',*,*,#594,.T.);
#333=ORIENTED_EDGE('',*,*,#607,.T.);
#334=ORIENTED_EDGE('',*,*,#651,.F.);
#335=ORIENTED_EDGE('',*,*,#659,.F.);
#336=ORIENTED_EDGE('',*,*,#654,.T.);
#337=ORIENTED_EDGE('',*,*,#677,.F.);
#338=ORIENTED_EDGE('',*,*,#600,.F.);
#339=ORIENTED_EDGE('',*,*,#680,.T.);
#340=ORIENTED_EDGE('',*,*,#681,.F.);
#341=ORIENTED_EDGE('',*,*,#655,.T.);
#342=ORIENTED_EDGE('',*,*,#680,.F.);
#343=ORIENTED_EDGE('',*,*,#599,.F.);
#344=ORIENTED_EDGE('',*,*,#591,.F.);
#345=ORIENTED_EDGE('',*,*,#648,.T.);
#346=ORIENTED_EDGE('',*,*,#621,.T.);
#347=ORIENTED_EDGE('',*,*,#633,.F.);
#348=ORIENTED_EDGE('',*,*,#548,.F.);
#349=ORIENTED_EDGE('',*,*,#682,.F.);
#350=ORIENTED_EDGE('',*,*,#683,.T.);
#351=ORIENTED_EDGE('',*,*,#684,.T.);
#352=ORIENTED_EDGE('',*,*,#547,.T.);
#353=ORIENTED_EDGE('',*,*,#685,.F.);
#354=ORIENTED_EDGE('',*,*,#686,.F.);
#355=ORIENTED_EDGE('',*,*,#682,.T.);
#356=ORIENTED_EDGE('',*,*,#550,.T.);
#357=ORIENTED_EDGE('',*,*,#687,.F.);
#358=ORIENTED_EDGE('',*,*,#688,.F.);
#359=ORIENTED_EDGE('',*,*,#685,.T.);
#360=ORIENTED_EDGE('',*,*,#549,.F.);
#361=ORIENTED_EDGE('',*,*,#684,.F.);
#362=ORIENTED_EDGE('',*,*,#689,.T.);
#363=ORIENTED_EDGE('',*,*,#687,.T.);
#364=ORIENTED_EDGE('',*,*,#683,.F.);
#365=ORIENTED_EDGE('',*,*,#686,.T.);
#366=ORIENTED_EDGE('',*,*,#688,.T.);
#367=ORIENTED_EDGE('',*,*,#689,.F.);
#368=ORIENTED_EDGE('',*,*,#658,.F.);
#369=ORIENTED_EDGE('',*,*,#649,.T.);
#370=ORIENTED_EDGE('',*,*,#690,.F.);
#371=ORIENTED_EDGE('',*,*,#596,.F.);
#372=ORIENTED_EDGE('',*,*,#598,.T.);
#373=ORIENTED_EDGE('',*,*,#691,.T.);
#374=ORIENTED_EDGE('',*,*,#656,.F.);
#375=ORIENTED_EDGE('',*,*,#681,.T.);
#376=ORIENTED_EDGE('',*,*,#597,.T.);
#377=ORIENTED_EDGE('',*,*,#690,.T.);
#378=ORIENTED_EDGE('',*,*,#657,.F.);
#379=ORIENTED_EDGE('',*,*,#691,.F.);
#380=ORIENTED_EDGE('',*,*,#692,.T.);
#381=ORIENTED_EDGE('',*,*,#635,.T.);
#382=ORIENTED_EDGE('',*,*,#693,.F.);
#383=ORIENTED_EDGE('',*,*,#622,.F.);
#384=ORIENTED_EDGE('',*,*,#693,.T.);
#385=ORIENTED_EDGE('',*,*,#634,.T.);
#386=ORIENTED_EDGE('',*,*,#646,.F.);
#387=ORIENTED_EDGE('',*,*,#623,.F.);
#388=ORIENTED_EDGE('',*,*,#632,.T.);
#389=ORIENTED_EDGE('',*,*,#679,.T.);
#390=ORIENTED_EDGE('',*,*,#636,.F.);
#391=ORIENTED_EDGE('',*,*,#692,.F.);
#392=ORIENTED_EDGE('',*,*,#555,.T.);
#393=ORIENTED_EDGE('',*,*,#616,.F.);
#394=ORIENTED_EDGE('',*,*,#618,.F.);
#395=ORIENTED_EDGE('',*,*,#614,.T.);
#396=ORIENTED_EDGE('',*,*,#514,.F.);
#397=ORIENTED_EDGE('',*,*,#694,.T.);
#398=ORIENTED_EDGE('',*,*,#695,.T.);
#399=ORIENTED_EDGE('',*,*,#560,.F.);
#400=ORIENTED_EDGE('',*,*,#619,.F.);
#401=ORIENTED_EDGE('',*,*,#504,.T.);
#402=ORIENTED_EDGE('',*,*,#696,.F.);
#403=ORIENTED_EDGE('',*,*,#512,.T.);
#404=ORIENTED_EDGE('',*,*,#506,.F.);
#405=ORIENTED_EDGE('',*,*,#620,.T.);
#406=ORIENTED_EDGE('',*,*,#562,.T.);
#407=ORIENTED_EDGE('',*,*,#697,.F.);
#408=ORIENTED_EDGE('',*,*,#561,.F.);
#409=ORIENTED_EDGE('',*,*,#695,.F.);
#410=ORIENTED_EDGE('',*,*,#698,.T.);
#411=ORIENTED_EDGE('',*,*,#697,.T.);
#412=ORIENTED_EDGE('',*,*,#513,.F.);
#413=ORIENTED_EDGE('',*,*,#696,.T.);
#414=ORIENTED_EDGE('',*,*,#698,.F.);
#415=ORIENTED_EDGE('',*,*,#694,.F.);
#416=ORIENTED_EDGE('',*,*,#588,.T.);
#417=ORIENTED_EDGE('',*,*,#515,.F.);
#418=ORIENTED_EDGE('',*,*,#502,.F.);
#419=ORIENTED_EDGE('',*,*,#524,.T.);
#420=ORIENTED_EDGE('',*,*,#541,.T.);
#421=ORIENTED_EDGE('',*,*,#699,.T.);
#422=ORIENTED_EDGE('',*,*,#700,.F.);
#423=ORIENTED_EDGE('',*,*,#701,.F.);
#424=ORIENTED_EDGE('',*,*,#583,.F.);
#425=ORIENTED_EDGE('',*,*,#702,.F.);
#426=ORIENTED_EDGE('',*,*,#703,.F.);
#427=ORIENTED_EDGE('',*,*,#704,.F.);
#428=ORIENTED_EDGE('',*,*,#705,.F.);
#429=ORIENTED_EDGE('',*,*,#543,.T.);
#430=ORIENTED_EDGE('',*,*,#579,.F.);
#431=ORIENTED_EDGE('',*,*,#706,.F.);
#432=ORIENTED_EDGE('',*,*,#707,.T.);
#433=ORIENTED_EDGE('',*,*,#708,.T.);
#434=ORIENTED_EDGE('',*,*,#709,.T.);
#435=ORIENTED_EDGE('',*,*,#710,.T.);
#436=ORIENTED_EDGE('',*,*,#494,.F.);
#437=ORIENTED_EDGE('',*,*,#711,.F.);
#438=ORIENTED_EDGE('',*,*,#706,.T.);
#439=ORIENTED_EDGE('',*,*,#578,.F.);
#440=ORIENTED_EDGE('',*,*,#564,.F.);
#441=ORIENTED_EDGE('',*,*,#604,.T.);
#442=ORIENTED_EDGE('',*,*,#592,.F.);
#443=ORIENTED_EDGE('',*,*,#584,.T.);
#444=ORIENTED_EDGE('',*,*,#701,.T.);
#445=ORIENTED_EDGE('',*,*,#712,.T.);
#446=ORIENTED_EDGE('',*,*,#708,.F.);
#447=ORIENTED_EDGE('',*,*,#546,.F.);
#448=ORIENTED_EDGE('',*,*,#709,.F.);
#449=ORIENTED_EDGE('',*,*,#544,.F.);
#450=ORIENTED_EDGE('',*,*,#703,.T.);
#451=ORIENTED_EDGE('',*,*,#576,.T.);
#452=ORIENTED_EDGE('',*,*,#702,.T.);
#453=ORIENTED_EDGE('',*,*,#577,.T.);
#454=ORIENTED_EDGE('',*,*,#545,.F.);
#455=ORIENTED_EDGE('',*,*,#710,.F.);
#456=ORIENTED_EDGE('',*,*,#575,.T.);
#457=ORIENTED_EDGE('',*,*,#704,.T.);
#458=ORIENTED_EDGE('',*,*,#518,.T.);
#459=ORIENTED_EDGE('',*,*,#713,.F.);
#460=ORIENTED_EDGE('',*,*,#534,.F.);
#461=ORIENTED_EDGE('',*,*,#542,.F.);
#462=ORIENTED_EDGE('',*,*,#517,.T.);
#463=ORIENTED_EDGE('',*,*,#587,.F.);
#464=ORIENTED_EDGE('',*,*,#535,.F.);
#465=ORIENTED_EDGE('',*,*,#713,.T.);
#466=ORIENTED_EDGE('',*,*,#714,.T.);
#467=ORIENTED_EDGE('',*,*,#529,.F.);
#468=ORIENTED_EDGE('',*,*,#589,.F.);
#469=ORIENTED_EDGE('',*,*,#522,.F.);
#470=ORIENTED_EDGE('',*,*,#540,.F.);
#471=ORIENTED_EDGE('',*,*,#530,.F.);
#472=ORIENTED_EDGE('',*,*,#714,.F.);
#473=ORIENTED_EDGE('',*,*,#521,.F.);
#474=ORIENTED_EDGE('',*,*,#495,.F.);
#475=ORIENTED_EDGE('',*,*,#712,.F.);
#476=ORIENTED_EDGE('',*,*,#700,.T.);
#477=ORIENTED_EDGE('',*,*,#715,.T.);
#478=ORIENTED_EDGE('',*,*,#496,.T.);
#479=ORIENTED_EDGE('',*,*,#715,.F.);
#480=ORIENTED_EDGE('',*,*,#699,.F.);
#481=ORIENTED_EDGE('',*,*,#519,.T.);
#482=ORIENTED_EDGE('',*,*,#509,.T.);
#483=ORIENTED_EDGE('',*,*,#716,.F.);
#484=ORIENTED_EDGE('',*,*,#707,.F.);
#485=ORIENTED_EDGE('',*,*,#711,.T.);
#486=ORIENTED_EDGE('',*,*,#508,.F.);
#487=ORIENTED_EDGE('',*,*,#511,.F.);
#488=ORIENTED_EDGE('',*,*,#705,.T.);
#489=ORIENTED_EDGE('',*,*,#716,.T.);
#490=EDGE_CURVE('',#717,#718,#870,.T.);
#491=EDGE_CURVE('',#719,#718,#871,.T.);
#492=EDGE_CURVE('',#720,#719,#872,.T.);
#493=EDGE_CURVE('',#717,#720,#873,.T.);
#494=EDGE_CURVE('',#721,#722,#874,.T.);
#495=EDGE_CURVE('',#722,#723,#875,.T.);
#496=EDGE_CURVE('',#724,#723,#876,.T.);
#497=EDGE_CURVE('',#725,#724,#877,.T.);
#498=EDGE_CURVE('',#725,#726,#878,.T.);
#499=EDGE_CURVE('',#727,#726,#879,.T.);
#500=EDGE_CURVE('',#728,#727,#880,.T.);
#501=EDGE_CURVE('',#729,#728,#881,.T.);
#502=EDGE_CURVE('',#729,#730,#882,.T.);
#503=EDGE_CURVE('',#730,#731,#883,.T.);
#504=EDGE_CURVE('',#732,#731,#884,.T.);
#505=EDGE_CURVE('',#732,#733,#885,.T.);
#506=EDGE_CURVE('',#733,#734,#886,.T.);
#507=EDGE_CURVE('',#734,#735,#887,.T.);
#508=EDGE_CURVE('',#735,#736,#888,.T.);
#509=EDGE_CURVE('',#721,#736,#889,.T.);
#510=EDGE_CURVE('',#737,#738,#890,.T.);
#511=EDGE_CURVE('',#737,#735,#891,.T.);
#512=EDGE_CURVE('',#739,#734,#892,.T.);
#513=EDGE_CURVE('',#739,#740,#893,.T.);
#514=EDGE_CURVE('',#740,#731,#894,.T.);
#515=EDGE_CURVE('',#730,#741,#895,.T.);
#516=EDGE_CURVE('',#741,#742,#896,.T.);
#517=EDGE_CURVE('',#743,#742,#897,.T.);
#518=EDGE_CURVE('',#738,#743,#898,.T.);
#519=EDGE_CURVE('',#744,#724,#899,.T.);
#520=EDGE_CURVE('',#744,#745,#900,.T.);
#521=EDGE_CURVE('',#745,#746,#901,.T.);
#522=EDGE_CURVE('',#746,#747,#902,.T.);
#523=EDGE_CURVE('',#748,#747,#903,.T.);
#524=EDGE_CURVE('',#729,#748,#904,.T.);
#525=EDGE_CURVE('',#749,#728,#905,.T.);
#526=EDGE_CURVE('',#750,#749,#906,.T.);
#527=EDGE_CURVE('',#750,#725,#907,.T.);
#528=EDGE_CURVE('',#751,#752,#908,.T.);
#529=EDGE_CURVE('',#751,#753,#909,.F.);
#530=EDGE_CURVE('',#753,#754,#910,.F.);
#531=EDGE_CURVE('',#754,#755,#911,.F.);
#532=EDGE_CURVE('',#756,#755,#912,.T.);
#533=EDGE_CURVE('',#756,#752,#913,.T.);
#534=EDGE_CURVE('',#757,#758,#914,.T.);
#535=EDGE_CURVE('',#758,#759,#915,.T.);
#536=EDGE_CURVE('',#760,#759,#916,.T.);
#537=EDGE_CURVE('',#760,#761,#917,.F.);
#538=EDGE_CURVE('',#762,#761,#918,.T.);
#539=EDGE_CURVE('',#762,#757,#919,.T.);
#540=EDGE_CURVE('',#754,#745,#920,.T.);
#541=EDGE_CURVE('',#755,#744,#921,.T.);
#542=EDGE_CURVE('',#738,#757,#922,.T.);
#543=EDGE_CURVE('',#737,#762,#923,.T.);
#544=EDGE_CURVE('',#763,#763,#20,.T.);
#545=EDGE_CURVE('',#764,#764,#21,.T.);
#546=EDGE_CURVE('',#765,#765,#22,.T.);
#547=EDGE_CURVE('',#766,#767,#924,.T.);
#548=EDGE_CURVE('',#766,#768,#925,.T.);
#549=EDGE_CURVE('',#768,#769,#926,.T.);
#550=EDGE_CURVE('',#767,#769,#927,.T.);
#551=EDGE_CURVE('',#770,#771,#928,.T.);
#552=EDGE_CURVE('',#770,#772,#929,.T.);
#553=EDGE_CURVE('',#772,#773,#930,.T.);
#554=EDGE_CURVE('',#773,#771,#931,.T.);
#555=EDGE_CURVE('',#774,#775,#932,.T.);
#556=EDGE_CURVE('',#774,#776,#933,.T.);
#557=EDGE_CURVE('',#776,#777,#934,.T.);
#558=EDGE_CURVE('',#775,#777,#935,.T.);
#559=EDGE_CURVE('',#778,#779,#936,.T.);
#560=EDGE_CURVE('',#778,#780,#937,.T.);
#561=EDGE_CURVE('',#780,#781,#938,.T.);
#562=EDGE_CURVE('',#779,#781,#939,.T.);
#563=EDGE_CURVE('',#782,#783,#940,.T.);
#564=EDGE_CURVE('',#782,#784,#941,.T.);
#565=EDGE_CURVE('',#785,#784,#942,.T.);
#566=EDGE_CURVE('',#786,#785,#943,.T.);
#567=EDGE_CURVE('',#787,#786,#944,.T.);
#568=EDGE_CURVE('',#788,#787,#945,.T.);
#569=EDGE_CURVE('',#789,#788,#946,.T.);
#570=EDGE_CURVE('',#790,#789,#947,.T.);
#571=EDGE_CURVE('',#791,#790,#948,.T.);
#572=EDGE_CURVE('',#791,#792,#949,.T.);
#573=EDGE_CURVE('',#792,#793,#950,.T.);
#574=EDGE_CURVE('',#793,#783,#951,.T.);
#575=EDGE_CURVE('',#794,#794,#23,.T.);
#576=EDGE_CURVE('',#795,#795,#24,.T.);
#577=EDGE_CURVE('',#796,#796,#25,.T.);
#578=EDGE_CURVE('',#784,#797,#952,.T.);
#579=EDGE_CURVE('',#797,#762,#953,.T.);
#580=EDGE_CURVE('',#761,#798,#954,.T.);
#581=EDGE_CURVE('',#798,#799,#955,.T.);
#582=EDGE_CURVE('',#799,#785,#956,.T.);
#583=EDGE_CURVE('',#755,#800,#957,.F.);
#584=EDGE_CURVE('',#801,#800,#958,.T.);
#585=EDGE_CURVE('',#802,#801,#959,.T.);
#586=EDGE_CURVE('',#802,#756,#960,.T.);
#587=EDGE_CURVE('',#759,#742,#961,.T.);
#588=EDGE_CURVE('',#748,#741,#962,.T.);
#589=EDGE_CURVE('',#747,#751,#963,.T.);
#590=EDGE_CURVE('',#752,#760,#964,.T.);
#591=EDGE_CURVE('',#803,#803,#26,.T.);
#592=EDGE_CURVE('',#801,#804,#965,.T.);
#593=EDGE_CURVE('',#804,#805,#966,.T.);
#594=EDGE_CURVE('',#806,#805,#967,.T.);
#595=EDGE_CURVE('',#806,#807,#968,.T.);
#596=EDGE_CURVE('',#807,#808,#969,.T.);
#597=EDGE_CURVE('',#809,#808,#970,.T.);
#598=EDGE_CURVE('',#810,#809,#971,.T.);
#599=EDGE_CURVE('',#810,#811,#972,.T.);
#600=EDGE_CURVE('',#811,#812,#973,.T.);
#601=EDGE_CURVE('',#813,#812,#974,.T.);
#602=EDGE_CURVE('',#814,#813,#975,.T.);
#603=EDGE_CURVE('',#814,#802,#976,.T.);
#604=EDGE_CURVE('',#782,#804,#977,.T.);
#605=EDGE_CURVE('',#815,#783,#978,.T.);
#606=EDGE_CURVE('',#816,#815,#979,.T.);
#607=EDGE_CURVE('',#805,#816,#980,.T.);
#608=EDGE_CURVE('',#717,#770,#981,.T.);
#609=EDGE_CURVE('',#720,#772,#982,.T.);
#610=EDGE_CURVE('',#718,#771,#983,.T.);
#611=EDGE_CURVE('',#719,#773,#984,.T.);
#612=EDGE_CURVE('',#817,#749,#985,.T.);
#613=EDGE_CURVE('',#727,#776,#986,.T.);
#614=EDGE_CURVE('',#817,#774,#987,.T.);
#615=EDGE_CURVE('',#818,#750,#988,.T.);
#616=EDGE_CURVE('',#818,#775,#989,.T.);
#617=EDGE_CURVE('',#726,#777,#990,.T.);
#618=EDGE_CURVE('',#817,#818,#991,.T.);
#619=EDGE_CURVE('',#732,#778,#992,.T.);
#620=EDGE_CURVE('',#733,#779,#993,.T.);
#621=EDGE_CURVE('',#819,#819,#27,.T.);
#622=EDGE_CURVE('',#820,#821,#994,.T.);
#623=EDGE_CURVE('',#821,#822,#995,.T.);
#624=EDGE_CURVE('',#822,#823,#996,.T.);
#625=EDGE_CURVE('',#823,#824,#997,.T.);
#626=EDGE_CURVE('',#824,#799,#998,.T.);
#627=EDGE_CURVE('',#798,#825,#999,.F.);
#628=EDGE_CURVE('',#826,#825,#1000,.T.);
#629=EDGE_CURVE('',#826,#827,#1001,.T.);
#630=EDGE_CURVE('',#828,#827,#1002,.T.);
#631=EDGE_CURVE('',#828,#829,#1003,.T.);
#632=EDGE_CURVE('',#820,#829,#1004,.T.);
#633=EDGE_CURVE('',#830,#830,#28,.T.);
#634=EDGE_CURVE('',#831,#832,#1005,.T.);
#635=EDGE_CURVE('',#833,#831,#1006,.T.);
#636=EDGE_CURVE('',#833,#834,#1007,.T.);
#637=EDGE_CURVE('',#835,#834,#1008,.T.);
#638=EDGE_CURVE('',#835,#836,#1009,.T.);
#639=EDGE_CURVE('',#836,#837,#1010,.T.);
#640=EDGE_CURVE('',#837,#838,#1011,.T.);
#641=EDGE_CURVE('',#838,#839,#1012,.T.);
#642=EDGE_CURVE('',#839,#840,#1013,.T.);
#643=EDGE_CURVE('',#840,#841,#1014,.T.);
#644=EDGE_CURVE('',#842,#841,#1015,.T.);
#645=EDGE_CURVE('',#832,#842,#1016,.T.);
#646=EDGE_CURVE('',#822,#832,#1017,.T.);
#647=EDGE_CURVE('',#823,#842,#1018,.T.);
#648=EDGE_CURVE('',#843,#843,#29,.F.);
#649=EDGE_CURVE('',#844,#845,#1019,.T.);
#650=EDGE_CURVE('',#846,#844,#1020,.T.);
#651=EDGE_CURVE('',#846,#816,#1021,.T.);
#652=EDGE_CURVE('',#815,#847,#1022,.T.);
#653=EDGE_CURVE('',#848,#847,#1023,.T.);
#654=EDGE_CURVE('',#849,#848,#1024,.T.);
#655=EDGE_CURVE('',#850,#849,#1025,.T.);
#656=EDGE_CURVE('',#850,#851,#1026,.T.);
#657=EDGE_CURVE('',#851,#845,#1027,.T.);
#658=EDGE_CURVE('',#844,#807,#1028,.T.);
#659=EDGE_CURVE('',#806,#846,#1029,.T.);
#660=EDGE_CURVE('',#848,#792,#1030,.T.);
#661=EDGE_CURVE('',#847,#793,#1031,.T.);
#662=EDGE_CURVE('',#838,#788,#1032,.T.);
#663=EDGE_CURVE('',#839,#787,#1033,.T.);
#664=EDGE_CURVE('',#827,#836,#1034,.T.);
#665=EDGE_CURVE('',#826,#790,#1035,.T.);
#666=EDGE_CURVE('',#837,#789,#1036,.T.);
#667=EDGE_CURVE('',#840,#786,#1037,.T.);
#668=EDGE_CURVE('',#824,#841,#1038,.T.);
#669=EDGE_CURVE('',#852,#814,#1039,.T.);
#670=EDGE_CURVE('',#813,#791,#1040,.T.);
#671=EDGE_CURVE('',#825,#853,#1041,.T.);
#672=EDGE_CURVE('',#853,#852,#1042,.T.);
#673=EDGE_CURVE('',#756,#852,#1043,.T.);
#674=EDGE_CURVE('',#853,#761,#1044,.F.);
#675=EDGE_CURVE('',#852,#752,#1045,.T.);
#676=EDGE_CURVE('',#760,#853,#1046,.T.);
#677=EDGE_CURVE('',#812,#848,#1047,.T.);
#678=EDGE_CURVE('',#828,#835,#1048,.T.);
#679=EDGE_CURVE('',#829,#834,#1049,.T.);
#680=EDGE_CURVE('',#811,#849,#1050,.T.);
#681=EDGE_CURVE('',#850,#810,#1051,.T.);
#682=EDGE_CURVE('',#854,#766,#1052,.T.);
#683=EDGE_CURVE('',#854,#855,#1053,.T.);
#684=EDGE_CURVE('',#855,#768,#1054,.T.);
#685=EDGE_CURVE('',#856,#767,#1055,.T.);
#686=EDGE_CURVE('',#854,#856,#1056,.T.);
#687=EDGE_CURVE('',#857,#769,#1057,.T.);
#688=EDGE_CURVE('',#856,#857,#1058,.T.);
#689=EDGE_CURVE('',#855,#857,#1059,.T.);
#690=EDGE_CURVE('',#808,#845,#1060,.T.);
#691=EDGE_CURVE('',#809,#851,#1061,.T.);
#692=EDGE_CURVE('',#820,#833,#1062,.T.);
#693=EDGE_CURVE('',#821,#831,#1063,.T.);
#694=EDGE_CURVE('',#740,#858,#1064,.T.);
#695=EDGE_CURVE('',#858,#780,#1065,.T.);
#696=EDGE_CURVE('',#739,#859,#1066,.T.);
#697=EDGE_CURVE('',#859,#781,#1067,.T.);
#698=EDGE_CURVE('',#858,#859,#1068,.T.);
#699=EDGE_CURVE('',#744,#860,#1069,.T.);
#700=EDGE_CURVE('',#861,#860,#1070,.T.);
#701=EDGE_CURVE('',#800,#861,#1071,.T.);
#702=EDGE_CURVE('',#862,#862,#30,.T.);
#703=EDGE_CURVE('',#863,#863,#31,.T.);
#704=EDGE_CURVE('',#864,#864,#32,.T.);
#705=EDGE_CURVE('',#737,#865,#1072,.T.);
#706=EDGE_CURVE('',#866,#797,#1073,.T.);
#707=EDGE_CURVE('',#866,#865,#1074,.T.);
#708=EDGE_CURVE('',#867,#867,#33,.F.);
#709=EDGE_CURVE('',#868,#868,#34,.F.);
#710=EDGE_CURVE('',#869,#869,#35,.F.);
#711=EDGE_CURVE('',#866,#721,#1075,.T.);
#712=EDGE_CURVE('',#861,#722,#1076,.T.);
#713=EDGE_CURVE('',#758,#743,#1077,.T.);
#714=EDGE_CURVE('',#746,#753,#1078,.T.);
#715=EDGE_CURVE('',#860,#723,#1079,.T.);
#716=EDGE_CURVE('',#865,#736,#1080,.T.);
#717=VERTEX_POINT('',#2200);
#718=VERTEX_POINT('',#2201);
#719=VERTEX_POINT('',#2203);
#720=VERTEX_POINT('',#2205);
#721=VERTEX_POINT('',#2208);
#722=VERTEX_POINT('',#2209);
#723=VERTEX_POINT('',#2211);
#724=VERTEX_POINT('',#2213);
#725=VERTEX_POINT('',#2215);
#726=VERTEX_POINT('',#2217);
#727=VERTEX_POINT('',#2219);
#728=VERTEX_POINT('',#2221);
#729=VERTEX_POINT('',#2223);
#730=VERTEX_POINT('',#2225);
#731=VERTEX_POINT('',#2227);
#732=VERTEX_POINT('',#2229);
#733=VERTEX_POINT('',#2231);
#734=VERTEX_POINT('',#2233);
#735=VERTEX_POINT('',#2235);
#736=VERTEX_POINT('',#2237);
#737=VERTEX_POINT('',#2241);
#738=VERTEX_POINT('',#2242);
#739=VERTEX_POINT('',#2245);
#740=VERTEX_POINT('',#2247);
#741=VERTEX_POINT('',#2250);
#742=VERTEX_POINT('',#2252);
#743=VERTEX_POINT('',#2254);
#744=VERTEX_POINT('',#2258);
#745=VERTEX_POINT('',#2260);
#746=VERTEX_POINT('',#2262);
#747=VERTEX_POINT('',#2264);
#748=VERTEX_POINT('',#2266);
#749=VERTEX_POINT('',#2269);
#750=VERTEX_POINT('',#2271);
#751=VERTEX_POINT('',#2275);
#752=VERTEX_POINT('',#2276);
#753=VERTEX_POINT('',#2278);
#754=VERTEX_POINT('',#2280);
#755=VERTEX_POINT('',#2282);
#756=VERTEX_POINT('',#2284);
#757=VERTEX_POINT('',#2288);
#758=VERTEX_POINT('',#2289);
#759=VERTEX_POINT('',#2291);
#760=VERTEX_POINT('',#2293);
#761=VERTEX_POINT('',#2295);
#762=VERTEX_POINT('',#2297);
#763=VERTEX_POINT('',#2307);
#764=VERTEX_POINT('',#2309);
#765=VERTEX_POINT('',#2311);
#766=VERTEX_POINT('',#2313);
#767=VERTEX_POINT('',#2314);
#768=VERTEX_POINT('',#2316);
#769=VERTEX_POINT('',#2318);
#770=VERTEX_POINT('',#2321);
#771=VERTEX_POINT('',#2322);
#772=VERTEX_POINT('',#2324);
#773=VERTEX_POINT('',#2326);
#774=VERTEX_POINT('',#2329);
#775=VERTEX_POINT('',#2330);
#776=VERTEX_POINT('',#2332);
#777=VERTEX_POINT('',#2334);
#778=VERTEX_POINT('',#2337);
#779=VERTEX_POINT('',#2338);
#780=VERTEX_POINT('',#2340);
#781=VERTEX_POINT('',#2342);
#782=VERTEX_POINT('',#2345);
#783=VERTEX_POINT('',#2346);
#784=VERTEX_POINT('',#2348);
#785=VERTEX_POINT('',#2350);
#786=VERTEX_POINT('',#2352);
#787=VERTEX_POINT('',#2354);
#788=VERTEX_POINT('',#2356);
#789=VERTEX_POINT('',#2358);
#790=VERTEX_POINT('',#2360);
#791=VERTEX_POINT('',#2362);
#792=VERTEX_POINT('',#2364);
#793=VERTEX_POINT('',#2366);
#794=VERTEX_POINT('',#2369);
#795=VERTEX_POINT('',#2371);
#796=VERTEX_POINT('',#2373);
#797=VERTEX_POINT('',#2376);
#798=VERTEX_POINT('',#2379);
#799=VERTEX_POINT('',#2381);
#800=VERTEX_POINT('',#2385);
#801=VERTEX_POINT('',#2387);
#802=VERTEX_POINT('',#2389);
#803=VERTEX_POINT('',#2398);
#804=VERTEX_POINT('',#2400);
#805=VERTEX_POINT('',#2402);
#806=VERTEX_POINT('',#2404);
#807=VERTEX_POINT('',#2406);
#808=VERTEX_POINT('',#2408);
#809=VERTEX_POINT('',#2410);
#810=VERTEX_POINT('',#2412);
#811=VERTEX_POINT('',#2414);
#812=VERTEX_POINT('',#2416);
#813=VERTEX_POINT('',#2418);
#814=VERTEX_POINT('',#2420);
#815=VERTEX_POINT('',#2425);
#816=VERTEX_POINT('',#2427);
#817=VERTEX_POINT('',#2439);
#818=VERTEX_POINT('',#2444);
#819=VERTEX_POINT('',#2455);
#820=VERTEX_POINT('',#2457);
#821=VERTEX_POINT('',#2458);
#822=VERTEX_POINT('',#2460);
#823=VERTEX_POINT('',#2462);
#824=VERTEX_POINT('',#2464);
#825=VERTEX_POINT('',#2467);
#826=VERTEX_POINT('',#2469);
#827=VERTEX_POINT('',#2471);
#828=VERTEX_POINT('',#2473);
#829=VERTEX_POINT('',#2475);
#830=VERTEX_POINT('',#2479);
#831=VERTEX_POINT('',#2481);
#832=VERTEX_POINT('',#2482);
#833=VERTEX_POINT('',#2484);
#834=VERTEX_POINT('',#2486);
#835=VERTEX_POINT('',#2488);
#836=VERTEX_POINT('',#2490);
#837=VERTEX_POINT('',#2492);
#838=VERTEX_POINT('',#2494);
#839=VERTEX_POINT('',#2496);
#840=VERTEX_POINT('',#2498);
#841=VERTEX_POINT('',#2500);
#842=VERTEX_POINT('',#2502);
#843=VERTEX_POINT('',#2509);
#844=VERTEX_POINT('',#2511);
#845=VERTEX_POINT('',#2512);
#846=VERTEX_POINT('',#2514);
#847=VERTEX_POINT('',#2517);
#848=VERTEX_POINT('',#2519);
#849=VERTEX_POINT('',#2521);
#850=VERTEX_POINT('',#2523);
#851=VERTEX_POINT('',#2525);
#852=VERTEX_POINT('',#2547);
#853=VERTEX_POINT('',#2550);
#854=VERTEX_POINT('',#2578);
#855=VERTEX_POINT('',#2580);
#856=VERTEX_POINT('',#2584);
#857=VERTEX_POINT('',#2588);
#858=VERTEX_POINT('',#2606);
#859=VERTEX_POINT('',#2610);
#860=VERTEX_POINT('',#2618);
#861=VERTEX_POINT('',#2620);
#862=VERTEX_POINT('',#2623);
#863=VERTEX_POINT('',#2625);
#864=VERTEX_POINT('',#2627);
#865=VERTEX_POINT('',#2630);
#866=VERTEX_POINT('',#2632);
#867=VERTEX_POINT('',#2635);
#868=VERTEX_POINT('',#2637);
#869=VERTEX_POINT('',#2639);
#870=LINE('',#2199,#1081);
#871=LINE('',#2202,#1082);
#872=LINE('',#2204,#1083);
#873=LINE('',#2206,#1084);
#874=LINE('',#2207,#1085);
#875=LINE('',#2210,#1086);
#876=LINE('',#2212,#1087);
#877=LINE('',#2214,#1088);
#878=LINE('',#2216,#1089);
#879=LINE('',#2218,#1090);
#880=LINE('',#2220,#1091);
#881=LINE('',#2222,#1092);
#882=LINE('',#2224,#1093);
#883=LINE('',#2226,#1094);
#884=LINE('',#2228,#1095);
#885=LINE('',#2230,#1096);
#886=LINE('',#2232,#1097);
#887=LINE('',#2234,#1098);
#888=LINE('',#2236,#1099);
#889=LINE('',#2238,#1100);
#890=LINE('',#2240,#1101);
#891=LINE('',#2243,#1102);
#892=LINE('',#2244,#1103);
#893=LINE('',#2246,#1104);
#894=LINE('',#2248,#1105);
#895=LINE('',#2249,#1106);
#896=LINE('',#2251,#1107);
#897=LINE('',#2253,#1108);
#898=LINE('',#2255,#1109);
#899=LINE('',#2257,#1110);
#900=LINE('',#2259,#1111);
#901=LINE('',#2261,#1112);
#902=LINE('',#2263,#1113);
#903=LINE('',#2265,#1114);
#904=LINE('',#2267,#1115);
#905=LINE('',#2268,#1116);
#906=LINE('',#2270,#1117);
#907=LINE('',#2272,#1118);
#908=LINE('',#2274,#1119);
#909=LINE('',#2277,#1120);
#910=LINE('',#2279,#1121);
#911=LINE('',#2281,#1122);
#912=LINE('',#2283,#1123);
#913=LINE('',#2285,#1124);
#914=LINE('',#2287,#1125);
#915=LINE('',#2290,#1126);
#916=LINE('',#2292,#1127);
#917=LINE('',#2294,#1128);
#918=LINE('',#2296,#1129);
#919=LINE('',#2298,#1130);
#920=LINE('',#2300,#1131);
#921=LINE('',#2301,#1132);
#922=LINE('',#2303,#1133);
#923=LINE('',#2304,#1134);
#924=LINE('',#2312,#1135);
#925=LINE('',#2315,#1136);
#926=LINE('',#2317,#1137);
#927=LINE('',#2319,#1138);
#928=LINE('',#2320,#1139);
#929=LINE('',#2323,#1140);
#930=LINE('',#2325,#1141);
#931=LINE('',#2327,#1142);
#932=LINE('',#2328,#1143);
#933=LINE('',#2331,#1144);
#934=LINE('',#2333,#1145);
#935=LINE('',#2335,#1146);
#936=LINE('',#2336,#1147);
#937=LINE('',#2339,#1148);
#938=LINE('',#2341,#1149);
#939=LINE('',#2343,#1150);
#940=LINE('',#2344,#1151);
#941=LINE('',#2347,#1152);
#942=LINE('',#2349,#1153);
#943=LINE('',#2351,#1154);
#944=LINE('',#2353,#1155);
#945=LINE('',#2355,#1156);
#946=LINE('',#2357,#1157);
#947=LINE('',#2359,#1158);
#948=LINE('',#2361,#1159);
#949=LINE('',#2363,#1160);
#950=LINE('',#2365,#1161);
#951=LINE('',#2367,#1162);
#952=LINE('',#2375,#1163);
#953=LINE('',#2377,#1164);
#954=LINE('',#2378,#1165);
#955=LINE('',#2380,#1166);
#956=LINE('',#2382,#1167);
#957=LINE('',#2384,#1168);
#958=LINE('',#2386,#1169);
#959=LINE('',#2388,#1170);
#960=LINE('',#2390,#1171);
#961=LINE('',#2392,#1172);
#962=LINE('',#2393,#1173);
#963=LINE('',#2394,#1174);
#964=LINE('',#2395,#1175);
#965=LINE('',#2399,#1176);
#966=LINE('',#2401,#1177);
#967=LINE('',#2403,#1178);
#968=LINE('',#2405,#1179);
#969=LINE('',#2407,#1180);
#970=LINE('',#2409,#1181);
#971=LINE('',#2411,#1182);
#972=LINE('',#2413,#1183);
#973=LINE('',#2415,#1184);
#974=LINE('',#2417,#1185);
#975=LINE('',#2419,#1186);
#976=LINE('',#2421,#1187);
#977=LINE('',#2423,#1188);
#978=LINE('',#2424,#1189);
#979=LINE('',#2426,#1190);
#980=LINE('',#2428,#1191);
#981=LINE('',#2430,#1192);
#982=LINE('',#2431,#1193);
#983=LINE('',#2433,#1194);
#984=LINE('',#2435,#1195);
#985=LINE('',#2438,#1196);
#986=LINE('',#2440,#1197);
#987=LINE('',#2441,#1198);
#988=LINE('',#2443,#1199);
#989=LINE('',#2445,#1200);
#990=LINE('',#2446,#1201);
#991=LINE('',#2449,#1202);
#992=LINE('',#2451,#1203);
#993=LINE('',#2452,#1204);
#994=LINE('',#2456,#1205);
#995=LINE('',#2459,#1206);
#996=LINE('',#2461,#1207);
#997=LINE('',#2463,#1208);
#998=LINE('',#2465,#1209);
#999=LINE('',#2466,#1210);
#1000=LINE('',#2468,#1211);
#1001=LINE('',#2470,#1212);
#1002=LINE('',#2472,#1213);
#1003=LINE('',#2474,#1214);
#1004=LINE('',#2476,#1215);
#1005=LINE('',#2480,#1216);
#1006=LINE('',#2483,#1217);
#1007=LINE('',#2485,#1218);
#1008=LINE('',#2487,#1219);
#1009=LINE('',#2489,#1220);
#1010=LINE('',#2491,#1221);
#1011=LINE('',#2493,#1222);
#1012=LINE('',#2495,#1223);
#1013=LINE('',#2497,#1224);
#1014=LINE('',#2499,#1225);
#1015=LINE('',#2501,#1226);
#1016=LINE('',#2503,#1227);
#1017=LINE('',#2505,#1228);
#1018=LINE('',#2506,#1229);
#1019=LINE('',#2510,#1230);
#1020=LINE('',#2513,#1231);
#1021=LINE('',#2515,#1232);
#1022=LINE('',#2516,#1233);
#1023=LINE('',#2518,#1234);
#1024=LINE('',#2520,#1235);
#1025=LINE('',#2522,#1236);
#1026=LINE('',#2524,#1237);
#1027=LINE('',#2526,#1238);
#1028=LINE('',#2528,#1239);
#1029=LINE('',#2529,#1240);
#1030=LINE('',#2531,#1241);
#1031=LINE('',#2532,#1242);
#1032=LINE('',#2534,#1243);
#1033=LINE('',#2535,#1244);
#1034=LINE('',#2537,#1245);
#1035=LINE('',#2538,#1246);
#1036=LINE('',#2539,#1247);
#1037=LINE('',#2542,#1248);
#1038=LINE('',#2544,#1249);
#1039=LINE('',#2546,#1250);
#1040=LINE('',#2548,#1251);
#1041=LINE('',#2549,#1252);
#1042=LINE('',#2551,#1253);
#1043=LINE('',#2553,#1254);
#1044=LINE('',#2555,#1255);
#1045=LINE('',#2557,#1256);
#1046=LINE('',#2558,#1257);
#1047=LINE('',#2563,#1258);
#1048=LINE('',#2565,#1259);
#1049=LINE('',#2568,#1260);
#1050=LINE('',#2571,#1261);
#1051=LINE('',#2573,#1262);
#1052=LINE('',#2577,#1263);
#1053=LINE('',#2579,#1264);
#1054=LINE('',#2581,#1265);
#1055=LINE('',#2583,#1266);
#1056=LINE('',#2585,#1267);
#1057=LINE('',#2587,#1268);
#1058=LINE('',#2589,#1269);
#1059=LINE('',#2591,#1270);
#1060=LINE('',#2594,#1271);
#1061=LINE('',#2596,#1272);
#1062=LINE('',#2599,#1273);
#1063=LINE('',#2600,#1274);
#1064=LINE('',#2605,#1275);
#1065=LINE('',#2607,#1276);
#1066=LINE('',#2609,#1277);
#1067=LINE('',#2611,#1278);
#1068=LINE('',#2613,#1279);
#1069=LINE('',#2617,#1280);
#1070=LINE('',#2619,#1281);
#1071=LINE('',#2621,#1282);
#1072=LINE('',#2629,#1283);
#1073=LINE('',#2631,#1284);
#1074=LINE('',#2633,#1285);
#1075=LINE('',#2641,#1286);
#1076=LINE('',#2642,#1287);
#1077=LINE('',#2650,#1288);
#1078=LINE('',#2653,#1289);
#1079=LINE('',#2656,#1290);
#1080=LINE('',#2659,#1291);
#1081=VECTOR('',#1790,1.);
#1082=VECTOR('',#1791,1.);
#1083=VECTOR('',#1792,1.);
#1084=VECTOR('',#1793,1.);
#1085=VECTOR('',#1794,1.);
#1086=VECTOR('',#1795,1.);
#1087=VECTOR('',#1796,1.);
#1088=VECTOR('',#1797,1.);
#1089=VECTOR('',#1798,1.);
#1090=VECTOR('',#1799,1.);
#1091=VECTOR('',#1800,1.);
#1092=VECTOR('',#1801,1.);
#1093=VECTOR('',#1802,1.);
#1094=VECTOR('',#1803,1.);
#1095=VECTOR('',#1804,1.);
#1096=VECTOR('',#1805,1.);
#1097=VECTOR('',#1806,1.);
#1098=VECTOR('',#1807,1.);
#1099=VECTOR('',#1808,1.);
#1100=VECTOR('',#1809,1.);
#1101=VECTOR('',#1812,1.);
#1102=VECTOR('',#1813,1.);
#1103=VECTOR('',#1814,1.);
#1104=VECTOR('',#1815,1.);
#1105=VECTOR('',#1816,1.);
#1106=VECTOR('',#1817,1.);
#1107=VECTOR('',#1818,1.);
#1108=VECTOR('',#1819,1.);
#1109=VECTOR('',#1820,1.);
#1110=VECTOR('',#1823,1.);
#1111=VECTOR('',#1824,1.);
#1112=VECTOR('',#1825,1.);
#1113=VECTOR('',#1826,1.);
#1114=VECTOR('',#1827,1.);
#1115=VECTOR('',#1828,1.);
#1116=VECTOR('',#1829,1.);
#1117=VECTOR('',#1830,1.);
#1118=VECTOR('',#1831,1.);
#1119=VECTOR('',#1834,1.);
#1120=VECTOR('',#1835,1.);
#1121=VECTOR('',#1836,1.);
#1122=VECTOR('',#1837,1.);
#1123=VECTOR('',#1838,1.);
#1124=VECTOR('',#1839,1.);
#1125=VECTOR('',#1842,1.);
#1126=VECTOR('',#1843,1.);
#1127=VECTOR('',#1844,1.);
#1128=VECTOR('',#1845,1.);
#1129=VECTOR('',#1846,1.);
#1130=VECTOR('',#1847,1.);
#1131=VECTOR('',#1850,1.);
#1132=VECTOR('',#1851,1.);
#1133=VECTOR('',#1854,1.);
#1134=VECTOR('',#1855,1.);
#1135=VECTOR('',#1864,1.);
#1136=VECTOR('',#1865,1.);
#1137=VECTOR('',#1866,1.);
#1138=VECTOR('',#1867,1.);
#1139=VECTOR('',#1868,1.);
#1140=VECTOR('',#1869,1.);
#1141=VECTOR('',#1870,1.);
#1142=VECTOR('',#1871,1.);
#1143=VECTOR('',#1872,1.);
#1144=VECTOR('',#1873,1.);
#1145=VECTOR('',#1874,1.);
#1146=VECTOR('',#1875,1.);
#1147=VECTOR('',#1876,1.);
#1148=VECTOR('',#1877,1.);
#1149=VECTOR('',#1878,1.);
#1150=VECTOR('',#1879,1.);
#1151=VECTOR('',#1880,1.);
#1152=VECTOR('',#1881,1.);
#1153=VECTOR('',#1882,1.);
#1154=VECTOR('',#1883,1.);
#1155=VECTOR('',#1884,1.);
#1156=VECTOR('',#1885,1.);
#1157=VECTOR('',#1886,1.);
#1158=VECTOR('',#1887,1.);
#1159=VECTOR('',#1888,1.);
#1160=VECTOR('',#1889,1.);
#1161=VECTOR('',#1890,1.);
#1162=VECTOR('',#1891,1.);
#1163=VECTOR('',#1900,1.);
#1164=VECTOR('',#1901,1.);
#1165=VECTOR('',#1902,1.);
#1166=VECTOR('',#1903,1.);
#1167=VECTOR('',#1904,1.);
#1168=VECTOR('',#1907,1.);
#1169=VECTOR('',#1908,1.);
#1170=VECTOR('',#1909,1.);
#1171=VECTOR('',#1910,1.);
#1172=VECTOR('',#1913,1.);
#1173=VECTOR('',#1914,1.);
#1174=VECTOR('',#1915,1.);
#1175=VECTOR('',#1916,1.);
#1176=VECTOR('',#1921,1.);
#1177=VECTOR('',#1922,1.);
#1178=VECTOR('',#1923,1.);
#1179=VECTOR('',#1924,1.);
#1180=VECTOR('',#1925,1.);
#1181=VECTOR('',#1926,1.);
#1182=VECTOR('',#1927,1.);
#1183=VECTOR('',#1928,1.);
#1184=VECTOR('',#1929,1.);
#1185=VECTOR('',#1930,1.);
#1186=VECTOR('',#1931,1.);
#1187=VECTOR('',#1932,1.);
#1188=VECTOR('',#1935,1.);
#1189=VECTOR('',#1936,1.);
#1190=VECTOR('',#1937,1.);
#1191=VECTOR('',#1938,1.);
#1192=VECTOR('',#1941,1.);
#1193=VECTOR('',#1942,1.);
#1194=VECTOR('',#1945,1.);
#1195=VECTOR('',#1948,1.);
#1196=VECTOR('',#1953,1.);
#1197=VECTOR('',#1954,1.);
#1198=VECTOR('',#1955,1.);
#1199=VECTOR('',#1958,1.);
#1200=VECTOR('',#1959,1.);
#1201=VECTOR('',#1960,1.);
#1202=VECTOR('',#1965,1.);
#1203=VECTOR('',#1968,1.);
#1204=VECTOR('',#1969,1.);
#1205=VECTOR('',#1974,1.);
#1206=VECTOR('',#1975,1.);
#1207=VECTOR('',#1976,1.);
#1208=VECTOR('',#1977,1.);
#1209=VECTOR('',#1978,1.);
#1210=VECTOR('',#1979,1.);
#1211=VECTOR('',#1980,1.);
#1212=VECTOR('',#1981,1.);
#1213=VECTOR('',#1982,1.);
#1214=VECTOR('',#1983,1.);
#1215=VECTOR('',#1984,1.);
#1216=VECTOR('',#1989,1.);
#1217=VECTOR('',#1990,1.);
#1218=VECTOR('',#1991,1.);
#1219=VECTOR('',#1992,1.);
#1220=VECTOR('',#1993,1.);
#1221=VECTOR('',#1994,1.);
#1222=VECTOR('',#1995,1.);
#1223=VECTOR('',#1996,1.);
#1224=VECTOR('',#1997,1.);
#1225=VECTOR('',#1998,1.);
#1226=VECTOR('',#1999,1.);
#1227=VECTOR('',#2000,1.);
#1228=VECTOR('',#2003,1.);
#1229=VECTOR('',#2004,1.);
#1230=VECTOR('',#2009,1.);
#1231=VECTOR('',#2010,1.);
#1232=VECTOR('',#2011,1.);
#1233=VECTOR('',#2012,1.);
#1234=VECTOR('',#2013,1.);
#1235=VECTOR('',#2014,1.);
#1236=VECTOR('',#2015,1.);
#1237=VECTOR('',#2016,1.);
#1238=VECTOR('',#2017,1.);
#1239=VECTOR('',#2020,1.);
#1240=VECTOR('',#2021,1.);
#1241=VECTOR('',#2024,1.);
#1242=VECTOR('',#2025,1.);
#1243=VECTOR('',#2028,1.);
#1244=VECTOR('',#2029,1.);
#1245=VECTOR('',#2032,1.);
#1246=VECTOR('',#2033,1.);
#1247=VECTOR('',#2034,1.);
#1248=VECTOR('',#2039,1.);
#1249=VECTOR('',#2042,1.);
#1250=VECTOR('',#2045,1.);
#1251=VECTOR('',#2046,1.);
#1252=VECTOR('',#2047,1.);
#1253=VECTOR('',#2048,1.);
#1254=VECTOR('',#2051,1.);
#1255=VECTOR('',#2054,1.);
#1256=VECTOR('',#2057,1.);
#1257=VECTOR('',#2058,1.);
#1258=VECTOR('',#2067,1.);
#1259=VECTOR('',#2070,1.);
#1260=VECTOR('',#2075,1.);
#1261=VECTOR('',#2080,1.);
#1262=VECTOR('',#2083,1.);
#1263=VECTOR('',#2090,1.);
#1264=VECTOR('',#2091,1.);
#1265=VECTOR('',#2092,1.);
#1266=VECTOR('',#2095,1.);
#1267=VECTOR('',#2096,1.);
#1268=VECTOR('',#2099,1.);
#1269=VECTOR('',#2100,1.);
#1270=VECTOR('',#2103,1.);
#1271=VECTOR('',#2108,1.);
#1272=VECTOR('',#2111,1.);
#1273=VECTOR('',#2116,1.);
#1274=VECTOR('',#2117,1.);
#1275=VECTOR('',#2126,1.);
#1276=VECTOR('',#2127,1.);
#1277=VECTOR('',#2130,1.);
#1278=VECTOR('',#2131,1.);
#1279=VECTOR('',#2134,1.);
#1280=VECTOR('',#2141,1.);
#1281=VECTOR('',#2142,1.);
#1282=VECTOR('',#2143,1.);
#1283=VECTOR('',#2152,1.);
#1284=VECTOR('',#2153,1.);
#1285=VECTOR('',#2154,1.);
#1286=VECTOR('',#2163,1.);
#1287=VECTOR('',#2164,1.);
#1288=VECTOR('',#2179,1.);
#1289=VECTOR('',#2184,1.);
#1290=VECTOR('',#2189,1.);
#1291=VECTOR('',#2194,1.);
#1292=EDGE_LOOP('',(#36,#37,#38,#39));
#1293=EDGE_LOOP('',(#40,#41,#42,#43,#44,#45,#46,#47,#48,#49,#50,#51,#52,
#53,#54,#55));
#1294=EDGE_LOOP('',(#56,#57,#58,#59,#60,#61,#62,#63,#64,#65,#66));
#1295=EDGE_LOOP('',(#67,#68,#69,#70,#71,#72,#73,#74,#75,#76,#77));
#1296=EDGE_LOOP('',(#78,#79,#80,#81,#82,#83));
#1297=EDGE_LOOP('',(#84,#85,#86,#87,#88,#89));
#1298=EDGE_LOOP('',(#90,#91,#92,#93));
#1299=EDGE_LOOP('',(#94,#95,#96,#97));
#1300=EDGE_LOOP('',(#98));
#1301=EDGE_LOOP('',(#99));
#1302=EDGE_LOOP('',(#100));
#1303=EDGE_LOOP('',(#101,#102,#103,#104));
#1304=EDGE_LOOP('',(#105,#106,#107,#108));
#1305=EDGE_LOOP('',(#109,#110,#111,#112));
#1306=EDGE_LOOP('',(#113,#114,#115,#116));
#1307=EDGE_LOOP('',(#117,#118,#119,#120,#121,#122,#123,#124,#125,#126,#127,
#128));
#1308=EDGE_LOOP('',(#129));
#1309=EDGE_LOOP('',(#130));
#1310=EDGE_LOOP('',(#131));
#1311=EDGE_LOOP('',(#132,#133,#134,#135,#136,#137,#138));
#1312=EDGE_LOOP('',(#139,#140,#141,#142,#143));
#1313=EDGE_LOOP('',(#144,#145,#146,#147,#148,#149,#150,#151));
#1314=EDGE_LOOP('',(#152));
#1315=EDGE_LOOP('',(#153,#154,#155,#156,#157,#158,#159,#160,#161,#162,#163,
#164,#165));
#1316=EDGE_LOOP('',(#166,#167,#168,#169,#170,#171));
#1317=EDGE_LOOP('',(#172,#173,#174,#175));
#1318=EDGE_LOOP('',(#176,#177,#178,#179));
#1319=EDGE_LOOP('',(#180,#181,#182,#183));
#1320=EDGE_LOOP('',(#184,#185,#186,#187));
#1321=EDGE_LOOP('',(#188,#189,#190,#191,#192,#193));
#1322=EDGE_LOOP('',(#194,#195,#196,#197,#198,#199));
#1323=EDGE_LOOP('',(#200,#201,#202,#203));
#1324=EDGE_LOOP('',(#204,#205,#206,#207));
#1325=EDGE_LOOP('',(#208,#209,#210,#211));
#1326=EDGE_LOOP('',(#212));
#1327=EDGE_LOOP('',(#213,#214,#215,#216,#217,#218,#219,#220,#221,#222,#223,
#224));
#1328=EDGE_LOOP('',(#225));
#1329=EDGE_LOOP('',(#226,#227,#228,#229,#230,#231,#232,#233,#234,#235,#236,
#237));
#1330=EDGE_LOOP('',(#238,#239,#240,#241));
#1331=EDGE_LOOP('',(#242));
#1332=EDGE_LOOP('',(#243,#244,#245,#246,#247,#248,#249,#250,#251,#252));
#1333=EDGE_LOOP('',(#253,#254,#255,#256));
#1334=EDGE_LOOP('',(#257,#258,#259,#260));
#1335=EDGE_LOOP('',(#261,#262,#263,#264));
#1336=EDGE_LOOP('',(#265,#266,#267,#268,#269,#270));
#1337=EDGE_LOOP('',(#271,#272,#273,#274));
#1338=EDGE_LOOP('',(#275,#276,#277,#278));
#1339=EDGE_LOOP('',(#279,#280,#281,#282,#283,#284));
#1340=EDGE_LOOP('',(#285,#286,#287,#288,#289,#290,#291,#292));
#1341=EDGE_LOOP('',(#293,#294,#295,#296));
#1342=EDGE_LOOP('',(#297,#298,#299,#300));
#1343=EDGE_LOOP('',(#301,#302,#303,#304));
#1344=EDGE_LOOP('',(#305,#306,#307));
#1345=EDGE_LOOP('',(#308,#309,#310));
#1346=EDGE_LOOP('',(#311,#312,#313,#314));
#1347=EDGE_LOOP('',(#315,#316,#317,#318,#319));
#1348=EDGE_LOOP('',(#320,#321,#322,#323));
#1349=EDGE_LOOP('',(#324,#325,#326,#327));
#1350=EDGE_LOOP('',(#328,#329,#330,#331));
#1351=EDGE_LOOP('',(#332,#333,#334,#335));
#1352=EDGE_LOOP('',(#336,#337,#338,#339));
#1353=EDGE_LOOP('',(#340,#341,#342,#343));
#1354=EDGE_LOOP('',(#344));
#1355=EDGE_LOOP('',(#345));
#1356=EDGE_LOOP('',(#346));
#1357=EDGE_LOOP('',(#347));
#1358=EDGE_LOOP('',(#348,#349,#350,#351));
#1359=EDGE_LOOP('',(#352,#353,#354,#355));
#1360=EDGE_LOOP('',(#356,#357,#358,#359));
#1361=EDGE_LOOP('',(#360,#361,#362,#363));
#1362=EDGE_LOOP('',(#364,#365,#366,#367));
#1363=EDGE_LOOP('',(#368,#369,#370,#371));
#1364=EDGE_LOOP('',(#372,#373,#374,#375));
#1365=EDGE_LOOP('',(#376,#377,#378,#379));
#1366=EDGE_LOOP('',(#380,#381,#382,#383));
#1367=EDGE_LOOP('',(#384,#385,#386,#387));
#1368=EDGE_LOOP('',(#388,#389,#390,#391));
#1369=EDGE_LOOP('',(#392,#393,#394,#395));
#1370=EDGE_LOOP('',(#396,#397,#398,#399,#400,#401));
#1371=EDGE_LOOP('',(#402,#403,#404,#405,#406,#407));
#1372=EDGE_LOOP('',(#408,#409,#410,#411));
#1373=EDGE_LOOP('',(#412,#413,#414,#415));
#1374=EDGE_LOOP('',(#416,#417,#418,#419));
#1375=EDGE_LOOP('',(#420,#421,#422,#423,#424));
#1376=EDGE_LOOP('',(#425));
#1377=EDGE_LOOP('',(#426));
#1378=EDGE_LOOP('',(#427));
#1379=EDGE_LOOP('',(#428,#429,#430,#431,#432));
#1380=EDGE_LOOP('',(#433));
#1381=EDGE_LOOP('',(#434));
#1382=EDGE_LOOP('',(#435));
#1383=EDGE_LOOP('',(#436,#437,#438,#439,#440,#441,#442,#443,#444,#445));
#1384=EDGE_LOOP('',(#446));
#1385=EDGE_LOOP('',(#447));
#1386=EDGE_LOOP('',(#448));
#1387=EDGE_LOOP('',(#449));
#1388=EDGE_LOOP('',(#450));
#1389=EDGE_LOOP('',(#451));
#1390=EDGE_LOOP('',(#452));
#1391=EDGE_LOOP('',(#453));
#1392=EDGE_LOOP('',(#454));
#1393=EDGE_LOOP('',(#455));
#1394=EDGE_LOOP('',(#456));
#1395=EDGE_LOOP('',(#457));
#1396=EDGE_LOOP('',(#458,#459,#460,#461));
#1397=EDGE_LOOP('',(#462,#463,#464,#465));
#1398=EDGE_LOOP('',(#466,#467,#468,#469));
#1399=EDGE_LOOP('',(#470,#471,#472,#473));
#1400=EDGE_LOOP('',(#474,#475,#476,#477));
#1401=EDGE_LOOP('',(#478,#479,#480,#481));
#1402=EDGE_LOOP('',(#482,#483,#484,#485));
#1403=EDGE_LOOP('',(#486,#487,#488,#489));
#1404=FACE_BOUND('',#1292,.T.);
#1405=FACE_BOUND('',#1293,.T.);
#1406=FACE_BOUND('',#1294,.T.);
#1407=FACE_BOUND('',#1295,.T.);
#1408=FACE_BOUND('',#1296,.T.);
#1409=FACE_BOUND('',#1297,.T.);
#1410=FACE_BOUND('',#1298,.T.);
#1411=FACE_BOUND('',#1299,.T.);
#1412=FACE_BOUND('',#1300,.T.);
#1413=FACE_BOUND('',#1301,.T.);
#1414=FACE_BOUND('',#1302,.T.);
#1415=FACE_BOUND('',#1303,.T.);
#1416=FACE_BOUND('',#1304,.T.);
#1417=FACE_BOUND('',#1305,.T.);
#1418=FACE_BOUND('',#1306,.T.);
#1419=FACE_BOUND('',#1307,.T.);
#1420=FACE_BOUND('',#1308,.T.);
#1421=FACE_BOUND('',#1309,.T.);
#1422=FACE_BOUND('',#1310,.T.);
#1423=FACE_BOUND('',#1311,.T.);
#1424=FACE_BOUND('',#1312,.T.);
#1425=FACE_BOUND('',#1313,.T.);
#1426=FACE_BOUND('',#1314,.T.);
#1427=FACE_BOUND('',#1315,.T.);
#1428=FACE_BOUND('',#1316,.T.);
#1429=FACE_BOUND('',#1317,.T.);
#1430=FACE_BOUND('',#1318,.T.);
#1431=FACE_BOUND('',#1319,.T.);
#1432=FACE_BOUND('',#1320,.T.);
#1433=FACE_BOUND('',#1321,.T.);
#1434=FACE_BOUND('',#1322,.T.);
#1435=FACE_BOUND('',#1323,.T.);
#1436=FACE_BOUND('',#1324,.T.);
#1437=FACE_BOUND('',#1325,.T.);
#1438=FACE_BOUND('',#1326,.T.);
#1439=FACE_BOUND('',#1327,.T.);
#1440=FACE_BOUND('',#1328,.T.);
#1441=FACE_BOUND('',#1329,.T.);
#1442=FACE_BOUND('',#1330,.T.);
#1443=FACE_BOUND('',#1331,.T.);
#1444=FACE_BOUND('',#1332,.T.);
#1445=FACE_BOUND('',#1333,.T.);
#1446=FACE_BOUND('',#1334,.T.);
#1447=FACE_BOUND('',#1335,.T.);
#1448=FACE_BOUND('',#1336,.T.);
#1449=FACE_BOUND('',#1337,.T.);
#1450=FACE_BOUND('',#1338,.T.);
#1451=FACE_BOUND('',#1339,.T.);
#1452=FACE_BOUND('',#1340,.T.);
#1453=FACE_BOUND('',#1341,.T.);
#1454=FACE_BOUND('',#1342,.T.);
#1455=FACE_BOUND('',#1343,.T.);
#1456=FACE_BOUND('',#1344,.T.);
#1457=FACE_BOUND('',#1345,.T.);
#1458=FACE_BOUND('',#1346,.T.);
#1459=FACE_BOUND('',#1347,.T.);
#1460=FACE_BOUND('',#1348,.T.);
#1461=FACE_BOUND('',#1349,.T.);
#1462=FACE_BOUND('',#1350,.T.);
#1463=FACE_BOUND('',#1351,.T.);
#1464=FACE_BOUND('',#1352,.T.);
#1465=FACE_BOUND('',#1353,.T.);
#1466=FACE_BOUND('',#1354,.T.);
#1467=FACE_BOUND('',#1355,.T.);
#1468=FACE_BOUND('',#1356,.T.);
#1469=FACE_BOUND('',#1357,.T.);
#1470=FACE_BOUND('',#1358,.T.);
#1471=FACE_BOUND('',#1359,.T.);
#1472=FACE_BOUND('',#1360,.T.);
#1473=FACE_BOUND('',#1361,.T.);
#1474=FACE_BOUND('',#1362,.T.);
#1475=FACE_BOUND('',#1363,.T.);
#1476=FACE_BOUND('',#1364,.T.);
#1477=FACE_BOUND('',#1365,.T.);
#1478=FACE_BOUND('',#1366,.T.);
#1479=FACE_BOUND('',#1367,.T.);
#1480=FACE_BOUND('',#1368,.T.);
#1481=FACE_BOUND('',#1369,.T.);
#1482=FACE_BOUND('',#1370,.T.);
#1483=FACE_BOUND('',#1371,.T.);
#1484=FACE_BOUND('',#1372,.T.);
#1485=FACE_BOUND('',#1373,.T.);
#1486=FACE_BOUND('',#1374,.T.);
#1487=FACE_BOUND('',#1375,.T.);
#1488=FACE_BOUND('',#1376,.T.);
#1489=FACE_BOUND('',#1377,.T.);
#1490=FACE_BOUND('',#1378,.T.);
#1491=FACE_BOUND('',#1379,.T.);
#1492=FACE_BOUND('',#1380,.T.);
#1493=FACE_BOUND('',#1381,.T.);
#1494=FACE_BOUND('',#1382,.T.);
#1495=FACE_BOUND('',#1383,.T.);
#1496=FACE_BOUND('',#1384,.T.);
#1497=FACE_BOUND('',#1385,.T.);
#1498=FACE_BOUND('',#1386,.T.);
#1499=FACE_BOUND('',#1387,.T.);
#1500=FACE_BOUND('',#1388,.T.);
#1501=FACE_BOUND('',#1389,.T.);
#1502=FACE_BOUND('',#1390,.T.);
#1503=FACE_BOUND('',#1391,.T.);
#1504=FACE_BOUND('',#1392,.T.);
#1505=FACE_BOUND('',#1393,.T.);
#1506=FACE_BOUND('',#1394,.T.);
#1507=FACE_BOUND('',#1395,.T.);
#1508=FACE_BOUND('',#1396,.T.);
#1509=FACE_BOUND('',#1397,.T.);
#1510=FACE_BOUND('',#1398,.T.);
#1511=FACE_BOUND('',#1399,.T.);
#1512=FACE_BOUND('',#1400,.T.);
#1513=FACE_BOUND('',#1401,.T.);
#1514=FACE_BOUND('',#1402,.T.);
#1515=FACE_BOUND('',#1403,.T.);
#1516=PLANE('',#1687);
#1517=PLANE('',#1688);
#1518=PLANE('',#1689);
#1519=PLANE('',#1690);
#1520=PLANE('',#1691);
#1521=PLANE('',#1692);
#1522=PLANE('',#1693);
#1523=PLANE('',#1694);
#1524=PLANE('',#1701);
#1525=PLANE('',#1702);
#1526=PLANE('',#1703);
#1527=PLANE('',#1704);
#1528=PLANE('',#1706);
#1529=PLANE('',#1707);
#1530=PLANE('',#1708);
#1531=PLANE('',#1709);
#1532=PLANE('',#1710);
#1533=PLANE('',#1711);
#1534=PLANE('',#1712);
#1535=PLANE('',#1713);
#1536=PLANE('',#1714);
#1537=PLANE('',#1715);
#1538=PLANE('',#1716);
#1539=PLANE('',#1718);
#1540=PLANE('',#1720);
#1541=PLANE('',#1721);
#1542=PLANE('',#1723);
#1543=PLANE('',#1724);
#1544=PLANE('',#1725);
#1545=PLANE('',#1726);
#1546=PLANE('',#1727);
#1547=PLANE('',#1728);
#1548=PLANE('',#1729);
#1549=PLANE('',#1730);
#1550=PLANE('',#1731);
#1551=PLANE('',#1732);
#1552=PLANE('',#1733);
#1553=PLANE('',#1734);
#1554=PLANE('',#1735);
#1555=PLANE('',#1736);
#1556=PLANE('',#1737);
#1557=PLANE('',#1738);
#1558=PLANE('',#1739);
#1559=PLANE('',#1740);
#1560=PLANE('',#1741);
#1561=PLANE('',#1742);
#1562=PLANE('',#1743);
#1563=PLANE('',#1746);
#1564=PLANE('',#1747);
#1565=PLANE('',#1748);
#1566=PLANE('',#1749);
#1567=PLANE('',#1750);
#1568=PLANE('',#1751);
#1569=PLANE('',#1752);
#1570=PLANE('',#1753);
#1571=PLANE('',#1754);
#1572=PLANE('',#1755);
#1573=PLANE('',#1756);
#1574=PLANE('',#1757);
#1575=PLANE('',#1758);
#1576=PLANE('',#1759);
#1577=PLANE('',#1760);
#1578=PLANE('',#1761);
#1579=PLANE('',#1762);
#1580=PLANE('',#1763);
#1581=PLANE('',#1767);
#1582=PLANE('',#1771);
#1583=PLANE('',#1778);
#1584=PLANE('',#1779);
#1585=PLANE('',#1780);
#1586=PLANE('',#1781);
#1587=PLANE('',#1782);
#1588=PLANE('',#1783);
#1589=PLANE('',#1784);
#1590=PLANE('',#1785);
#1591=ADVANCED_FACE('',(#1404,#1405),#1516,.T.);
#1592=ADVANCED_FACE('',(#1406),#1517,.F.);
#1593=ADVANCED_FACE('',(#1407),#1518,.T.);
#1594=ADVANCED_FACE('',(#1408),#1519,.F.);
#1595=ADVANCED_FACE('',(#1409),#1520,.T.);
#1596=ADVANCED_FACE('',(#1410),#1521,.T.);
#1597=ADVANCED_FACE('',(#1411),#1522,.T.);
#1598=ADVANCED_FACE('',(#1412,#1413,#1414,#1415,#1416,#1417,#1418,#1419,
#1420,#1421,#1422),#1523,.T.);
#1599=ADVANCED_FACE('',(#1423),#1524,.T.);
#1600=ADVANCED_FACE('',(#1424),#1525,.F.);
#1601=ADVANCED_FACE('',(#1425),#1526,.F.);
#1602=ADVANCED_FACE('',(#1426,#1427),#1527,.T.);
#1603=ADVANCED_FACE('',(#1428),#1528,.F.);
#1604=ADVANCED_FACE('',(#1429),#1529,.T.);
#1605=ADVANCED_FACE('',(#1430),#1530,.F.);
#1606=ADVANCED_FACE('',(#1431),#1531,.T.);
#1607=ADVANCED_FACE('',(#1432),#1532,.T.);
#1608=ADVANCED_FACE('',(#1433),#1533,.T.);
#1609=ADVANCED_FACE('',(#1434),#1534,.F.);
#1610=ADVANCED_FACE('',(#1435),#1535,.T.);
#1611=ADVANCED_FACE('',(#1436),#1536,.T.);
#1612=ADVANCED_FACE('',(#1437),#1537,.F.);
#1613=ADVANCED_FACE('',(#1438,#1439),#1538,.T.);
#1614=ADVANCED_FACE('',(#1440,#1441),#1539,.F.);
#1615=ADVANCED_FACE('',(#1442),#1540,.T.);
#1616=ADVANCED_FACE('',(#1443,#1444),#1541,.F.);
#1617=ADVANCED_FACE('',(#1445),#1542,.T.);
#1618=ADVANCED_FACE('',(#1446),#1543,.T.);
#1619=ADVANCED_FACE('',(#1447),#1544,.F.);
#1620=ADVANCED_FACE('',(#1448),#1545,.F.);
#1621=ADVANCED_FACE('',(#1449),#1546,.F.);
#1622=ADVANCED_FACE('',(#1450),#1547,.F.);
#1623=ADVANCED_FACE('',(#1451),#1548,.F.);
#1624=ADVANCED_FACE('',(#1452),#1549,.T.);
#1625=ADVANCED_FACE('',(#1453),#1550,.T.);
#1626=ADVANCED_FACE('',(#1454),#1551,.F.);
#1627=ADVANCED_FACE('',(#1455),#1552,.T.);
#1628=ADVANCED_FACE('',(#1456),#1553,.T.);
#1629=ADVANCED_FACE('',(#1457),#1554,.T.);
#1630=ADVANCED_FACE('',(#1458),#1555,.T.);
#1631=ADVANCED_FACE('',(#1459),#1556,.T.);
#1632=ADVANCED_FACE('',(#1460),#1557,.F.);
#1633=ADVANCED_FACE('',(#1461),#1558,.T.);
#1634=ADVANCED_FACE('',(#1462),#1559,.T.);
#1635=ADVANCED_FACE('',(#1463),#1560,.F.);
#1636=ADVANCED_FACE('',(#1464),#1561,.T.);
#1637=ADVANCED_FACE('',(#1465),#1562,.T.);
#1638=ADVANCED_FACE('',(#1466,#1467),#12,.F.);
#1639=ADVANCED_FACE('',(#1468,#1469),#13,.F.);
#1640=ADVANCED_FACE('',(#1470),#1563,.T.);
#1641=ADVANCED_FACE('',(#1471),#1564,.F.);
#1642=ADVANCED_FACE('',(#1472),#1565,.F.);
#1643=ADVANCED_FACE('',(#1473),#1566,.T.);
#1644=ADVANCED_FACE('',(#1474),#1567,.T.);
#1645=ADVANCED_FACE('',(#1475),#1568,.T.);
#1646=ADVANCED_FACE('',(#1476),#1569,.F.);
#1647=ADVANCED_FACE('',(#1477),#1570,.F.);
#1648=ADVANCED_FACE('',(#1478),#1571,.T.);
#1649=ADVANCED_FACE('',(#1479),#1572,.T.);
#1650=ADVANCED_FACE('',(#1480),#1573,.F.);
#1651=ADVANCED_FACE('',(#1481),#1574,.F.);
#1652=ADVANCED_FACE('',(#1482),#1575,.T.);
#1653=ADVANCED_FACE('',(#1483),#1576,.F.);
#1654=ADVANCED_FACE('',(#1484),#1577,.T.);
#1655=ADVANCED_FACE('',(#1485),#1578,.T.);
#1656=ADVANCED_FACE('',(#1486),#1579,.F.);
#1657=ADVANCED_FACE('',(#1487,#1488,#1489,#1490),#1580,.T.);
#1658=ADVANCED_FACE('',(#1491,#1492,#1493,#1494),#1581,.T.);
#1659=ADVANCED_FACE('',(#1495),#1582,.T.);
#1660=ADVANCED_FACE('',(#1496,#1497),#14,.F.);
#1661=ADVANCED_FACE('',(#1498,#1499),#15,.F.);
#1662=ADVANCED_FACE('',(#1500,#1501),#16,.F.);
#1663=ADVANCED_FACE('',(#1502,#1503),#17,.F.);
#1664=ADVANCED_FACE('',(#1504,#1505),#18,.F.);
#1665=ADVANCED_FACE('',(#1506,#1507),#19,.F.);
#1666=ADVANCED_FACE('',(#1508),#1583,.T.);
#1667=ADVANCED_FACE('',(#1509),#1584,.T.);
#1668=ADVANCED_FACE('',(#1510),#1585,.T.);
#1669=ADVANCED_FACE('',(#1511),#1586,.T.);
#1670=ADVANCED_FACE('',(#1512),#1587,.T.);
#1671=ADVANCED_FACE('',(#1513),#1588,.F.);
#1672=ADVANCED_FACE('',(#1514),#1589,.F.);
#1673=ADVANCED_FACE('',(#1515),#1590,.T.);
#1674=CLOSED_SHELL('',(#1591,#1592,#1593,#1594,#1595,#1596,#1597,#1598,
#1599,#1600,#1601,#1602,#1603,#1604,#1605,#1606,#1607,#1608,#1609,#1610,
#1611,#1612,#1613,#1614,#1615,#1616,#1617,#1618,#1619,#1620,#1621,#1622,
#1623,#1624,#1625,#1626,#1627,#1628,#1629,#1630,#1631,#1632,#1633,#1634,
#1635,#1636,#1637,#1638,#1639,#1640,#1641,#1642,#1643,#1644,#1645,#1646,
#1647,#1648,#1649,#1650,#1651,#1652,#1653,#1654,#1655,#1656,#1657,#1658,
#1659,#1660,#1661,#1662,#1663,#1664,#1665,#1666,#1667,#1668,#1669,#1670,
#1671,#1672,#1673));
#1675=STYLED_ITEM('',(#1676),#1683);
#1676=PRESENTATION_STYLE_ASSIGNMENT((#1677));
#1677=SURFACE_STYLE_USAGE(.BOTH.,#1678);
#1678=SURFACE_SIDE_STYLE('',(#1679));
#1679=SURFACE_STYLE_FILL_AREA(#1680);
#1680=FILL_AREA_STYLE('',(#1681));
#1681=FILL_AREA_STYLE_COLOUR('',#1682);
#1682=COLOUR_RGB('',0.262745098039216,0.282352941176471,0.301960784313725);
#1683=MANIFOLD_SOLID_BREP('Part 1',#1674);
#1684=SHAPE_DEFINITION_REPRESENTATION(#2667,#1685);
#1685=SHAPE_REPRESENTATION('Part 1',(#1686),#2662);
#1686=AXIS2_PLACEMENT_3D('',#2197,#1786,#1787);
#1687=AXIS2_PLACEMENT_3D('',#2198,#1788,#1789);
#1688=AXIS2_PLACEMENT_3D('',#2239,#1810,#1811);
#1689=AXIS2_PLACEMENT_3D('',#2256,#1821,#1822);
#1690=AXIS2_PLACEMENT_3D('',#2273,#1832,#1833);
#1691=AXIS2_PLACEMENT_3D('',#2286,#1840,#1841);
#1692=AXIS2_PLACEMENT_3D('',#2299,#1848,#1849);
#1693=AXIS2_PLACEMENT_3D('',#2302,#1852,#1853);
#1694=AXIS2_PLACEMENT_3D('',#2305,#1856,#1857);
#1695=AXIS2_PLACEMENT_3D('',#2306,#1858,#1859);
#1696=AXIS2_PLACEMENT_3D('',#2308,#1860,#1861);
#1697=AXIS2_PLACEMENT_3D('',#2310,#1862,#1863);
#1698=AXIS2_PLACEMENT_3D('',#2368,#1892,#1893);
#1699=AXIS2_PLACEMENT_3D('',#2370,#1894,#1895);
#1700=AXIS2_PLACEMENT_3D('',#2372,#1896,#1897);
#1701=AXIS2_PLACEMENT_3D('',#2374,#1898,#1899);
#1702=AXIS2_PLACEMENT_3D('',#2383,#1905,#1906);
#1703=AXIS2_PLACEMENT_3D('',#2391,#1911,#1912);
#1704=AXIS2_PLACEMENT_3D('',#2396,#1917,#1918);
#1705=AXIS2_PLACEMENT_3D('',#2397,#1919,#1920);
#1706=AXIS2_PLACEMENT_3D('',#2422,#1933,#1934);
#1707=AXIS2_PLACEMENT_3D('',#2429,#1939,#1940);
#1708=AXIS2_PLACEMENT_3D('',#2432,#1943,#1944);
#1709=AXIS2_PLACEMENT_3D('',#2434,#1946,#1947);
#1710=AXIS2_PLACEMENT_3D('',#2436,#1949,#1950);
#1711=AXIS2_PLACEMENT_3D('',#2437,#1951,#1952);
#1712=AXIS2_PLACEMENT_3D('',#2442,#1956,#1957);
#1713=AXIS2_PLACEMENT_3D('',#2447,#1961,#1962);
#1714=AXIS2_PLACEMENT_3D('',#2448,#1963,#1964);
#1715=AXIS2_PLACEMENT_3D('',#2450,#1966,#1967);
#1716=AXIS2_PLACEMENT_3D('',#2453,#1970,#1971);
#1717=AXIS2_PLACEMENT_3D('',#2454,#1972,#1973);
#1718=AXIS2_PLACEMENT_3D('',#2477,#1985,#1986);
#1719=AXIS2_PLACEMENT_3D('',#2478,#1987,#1988);
#1720=AXIS2_PLACEMENT_3D('',#2504,#2001,#2002);
#1721=AXIS2_PLACEMENT_3D('',#2507,#2005,#2006);
#1722=AXIS2_PLACEMENT_3D('',#2508,#2007,#2008);
#1723=AXIS2_PLACEMENT_3D('',#2527,#2018,#2019);
#1724=AXIS2_PLACEMENT_3D('',#2530,#2022,#2023);
#1725=AXIS2_PLACEMENT_3D('',#2533,#2026,#2027);
#1726=AXIS2_PLACEMENT_3D('',#2536,#2030,#2031);
#1727=AXIS2_PLACEMENT_3D('',#2540,#2035,#2036);
#1728=AXIS2_PLACEMENT_3D('',#2541,#2037,#2038);
#1729=AXIS2_PLACEMENT_3D('',#2543,#2040,#2041);
#1730=AXIS2_PLACEMENT_3D('',#2545,#2043,#2044);
#1731=AXIS2_PLACEMENT_3D('',#2552,#2049,#2050);
#1732=AXIS2_PLACEMENT_3D('',#2554,#2052,#2053);
#1733=AXIS2_PLACEMENT_3D('',#2556,#2055,#2056);
#1734=AXIS2_PLACEMENT_3D('',#2559,#2059,#2060);
#1735=AXIS2_PLACEMENT_3D('',#2560,#2061,#2062);
#1736=AXIS2_PLACEMENT_3D('',#2561,#2063,#2064);
#1737=AXIS2_PLACEMENT_3D('',#2562,#2065,#2066);
#1738=AXIS2_PLACEMENT_3D('',#2564,#2068,#2069);
#1739=AXIS2_PLACEMENT_3D('',#2566,#2071,#2072);
#1740=AXIS2_PLACEMENT_3D('',#2567,#2073,#2074);
#1741=AXIS2_PLACEMENT_3D('',#2569,#2076,#2077);
#1742=AXIS2_PLACEMENT_3D('',#2570,#2078,#2079);
#1743=AXIS2_PLACEMENT_3D('',#2572,#2081,#2082);
#1744=AXIS2_PLACEMENT_3D('',#2574,#2084,#2085);
#1745=AXIS2_PLACEMENT_3D('',#2575,#2086,#2087);
#1746=AXIS2_PLACEMENT_3D('',#2576,#2088,#2089);
#1747=AXIS2_PLACEMENT_3D('',#2582,#2093,#2094);
#1748=AXIS2_PLACEMENT_3D('',#2586,#2097,#2098);
#1749=AXIS2_PLACEMENT_3D('',#2590,#2101,#2102);
#1750=AXIS2_PLACEMENT_3D('',#2592,#2104,#2105);
#1751=AXIS2_PLACEMENT_3D('',#2593,#2106,#2107);
#1752=AXIS2_PLACEMENT_3D('',#2595,#2109,#2110);
#1753=AXIS2_PLACEMENT_3D('',#2597,#2112,#2113);
#1754=AXIS2_PLACEMENT_3D('',#2598,#2114,#2115);
#1755=AXIS2_PLACEMENT_3D('',#2601,#2118,#2119);
#1756=AXIS2_PLACEMENT_3D('',#2602,#2120,#2121);
#1757=AXIS2_PLACEMENT_3D('',#2603,#2122,#2123);
#1758=AXIS2_PLACEMENT_3D('',#2604,#2124,#2125);
#1759=AXIS2_PLACEMENT_3D('',#2608,#2128,#2129);
#1760=AXIS2_PLACEMENT_3D('',#2612,#2132,#2133);
#1761=AXIS2_PLACEMENT_3D('',#2614,#2135,#2136);
#1762=AXIS2_PLACEMENT_3D('',#2615,#2137,#2138);
#1763=AXIS2_PLACEMENT_3D('',#2616,#2139,#2140);
#1764=AXIS2_PLACEMENT_3D('',#2622,#2144,#2145);
#1765=AXIS2_PLACEMENT_3D('',#2624,#2146,#2147);
#1766=AXIS2_PLACEMENT_3D('',#2626,#2148,#2149);
#1767=AXIS2_PLACEMENT_3D('',#2628,#2150,#2151);
#1768=AXIS2_PLACEMENT_3D('',#2634,#2155,#2156);
#1769=AXIS2_PLACEMENT_3D('',#2636,#2157,#2158);
#1770=AXIS2_PLACEMENT_3D('',#2638,#2159,#2160);
#1771=AXIS2_PLACEMENT_3D('',#2640,#2161,#2162);
#1772=AXIS2_PLACEMENT_3D('',#2643,#2165,#2166);
#1773=AXIS2_PLACEMENT_3D('',#2644,#2167,#2168);
#1774=AXIS2_PLACEMENT_3D('',#2645,#2169,#2170);
#1775=AXIS2_PLACEMENT_3D('',#2646,#2171,#2172);
#1776=AXIS2_PLACEMENT_3D('',#2647,#2173,#2174);
#1777=AXIS2_PLACEMENT_3D('',#2648,#2175,#2176);
#1778=AXIS2_PLACEMENT_3D('',#2649,#2177,#2178);
#1779=AXIS2_PLACEMENT_3D('',#2651,#2180,#2181);
#1780=AXIS2_PLACEMENT_3D('',#2652,#2182,#2183);
#1781=AXIS2_PLACEMENT_3D('',#2654,#2185,#2186);
#1782=AXIS2_PLACEMENT_3D('',#2655,#2187,#2188);
#1783=AXIS2_PLACEMENT_3D('',#2657,#2190,#2191);
#1784=AXIS2_PLACEMENT_3D('',#2658,#2192,#2193);
#1785=AXIS2_PLACEMENT_3D('',#2660,#2195,#2196);
#1786=DIRECTION('',(0.,0.,1.));
#1787=DIRECTION('',(1.,0.,0.));
#1788=DIRECTION('',(0.,0.,-1.));
#1789=DIRECTION('',(1.,0.,0.));
#1790=DIRECTION('',(4.08170229641602E-16,-1.,0.));
#1791=DIRECTION('',(-1.,4.62592926927149E-16,0.));
#1792=DIRECTION('',(4.08170229641602E-16,-1.,0.));
#1793=DIRECTION('',(1.,-4.6259292692715E-16,0.));
#1794=DIRECTION('',(0.,1.,0.));
#1795=DIRECTION('',(1.,0.,0.));
#1796=DIRECTION('',(0.,-1.,0.));
#1797=DIRECTION('',(-1.,0.,0.));
#1798=DIRECTION('',(0.,-1.,0.));
#1799=DIRECTION('',(-1.,0.,0.));
#1800=DIRECTION('',(0.,-1.,0.));
#1801=DIRECTION('',(-1.,0.,0.));
#1802=DIRECTION('',(0.,-1.,0.));
#1803=DIRECTION('',(-1.,0.,0.));
#1804=DIRECTION('',(7.93016446160827E-16,-1.,0.));
#1805=DIRECTION('',(-1.,0.,0.));
#1806=DIRECTION('',(7.93016446160826E-16,-1.,0.));
#1807=DIRECTION('',(-1.,0.,0.));
#1808=DIRECTION('',(0.,1.,0.));
#1809=DIRECTION('',(1.,0.,0.));
#1810=DIRECTION('',(0.,-1.,0.));
#1811=DIRECTION('',(0.,0.,-1.));
#1812=DIRECTION('',(0.,0.,-1.));
#1813=DIRECTION('',(0.,0.,1.));
#1814=DIRECTION('',(0.,0.,1.));
#1815=DIRECTION('',(1.,0.,0.));
#1816=DIRECTION('',(0.,0.,1.));
#1817=DIRECTION('',(0.,0.,-1.));
#1818=DIRECTION('',(-1.,0.,0.));
#1819=DIRECTION('',(0.,0.,-1.));
#1820=DIRECTION('',(1.,0.,0.));
#1821=DIRECTION('',(0.,-1.,0.));
#1822=DIRECTION('',(0.,0.,-1.));
#1823=DIRECTION('',(0.,0.,1.));
#1824=DIRECTION('',(0.,0.,-1.));
#1825=DIRECTION('',(1.,0.,0.));
#1826=DIRECTION('',(0.,0.,-1.));
#1827=DIRECTION('',(-1.,0.,0.));
#1828=DIRECTION('',(0.,0.,-1.));
#1829=DIRECTION('',(0.,0.,1.));
#1830=DIRECTION('',(1.,0.,0.));
#1831=DIRECTION('',(0.,0.,1.));
#1832=DIRECTION('',(0.,-0.707106781186547,0.707106781186548));
#1833=DIRECTION('',(-1.,0.,0.));
#1834=DIRECTION('',(1.,0.,0.));
#1835=DIRECTION('',(0.,-0.707106781186548,-0.707106781186547));
#1836=DIRECTION('',(1.,0.,0.));
#1837=DIRECTION('',(0.,-0.707106781186548,-0.707106781186547));
#1838=DIRECTION('',(-1.,0.,0.));
#1839=DIRECTION('',(0.,-0.707106781186548,-0.707106781186547));
#1840=DIRECTION('',(0.,-0.707106781186547,-0.707106781186548));
#1841=DIRECTION('',(1.,0.,0.));
#1842=DIRECTION('',(1.,0.,0.));
#1843=DIRECTION('',(0.,0.707106781186548,-0.707106781186547));
#1844=DIRECTION('',(-1.,0.,0.));
#1845=DIRECTION('',(0.,0.707106781186548,-0.707106781186547));
#1846=DIRECTION('',(1.,0.,0.));
#1847=DIRECTION('',(0.,0.707106781186548,-0.707106781186547));
#1848=DIRECTION('',(-1.,0.,0.));
#1849=DIRECTION('',(0.,0.,1.));
#1850=DIRECTION('',(0.,-1.,0.));
#1851=DIRECTION('',(0.,-1.,0.));
#1852=DIRECTION('',(-1.,0.,0.));
#1853=DIRECTION('',(0.,0.,1.));
#1854=DIRECTION('',(0.,-1.,0.));
#1855=DIRECTION('',(0.,-1.,0.));
#1856=DIRECTION('',(0.,0.,1.));
#1857=DIRECTION('',(1.,0.,0.));
#1858=DIRECTION('',(0.,0.,-1.));
#1859=DIRECTION('',(1.,0.,0.));
#1860=DIRECTION('',(0.,0.,-1.));
#1861=DIRECTION('',(1.,0.,0.));
#1862=DIRECTION('',(0.,0.,-1.));
#1863=DIRECTION('',(1.,0.,0.));
#1864=DIRECTION('',(5.74253288599219E-16,-1.,0.));
#1865=DIRECTION('',(1.,0.,0.));
#1866=DIRECTION('',(5.74253288599219E-16,-1.,0.));
#1867=DIRECTION('',(1.,0.,0.));
#1868=DIRECTION('',(4.08170229641602E-16,-1.,0.));
#1869=DIRECTION('',(1.,-4.6259292692715E-16,0.));
#1870=DIRECTION('',(4.08170229641602E-16,-1.,0.));
#1871=DIRECTION('',(-1.,4.62592926927149E-16,0.));
#1872=DIRECTION('',(-1.,0.,0.));
#1873=DIRECTION('',(0.,-1.,0.));
#1874=DIRECTION('',(-1.,0.,0.));
#1875=DIRECTION('',(0.,-1.,0.));
#1876=DIRECTION('',(-1.,0.,0.));
#1877=DIRECTION('',(7.93016446160827E-16,-1.,0.));
#1878=DIRECTION('',(-1.,0.,0.));
#1879=DIRECTION('',(7.93016446160826E-16,-1.,0.));
#1880=DIRECTION('',(1.,0.,0.));
#1881=DIRECTION('',(0.,-1.,0.));
#1882=DIRECTION('',(-1.,0.,0.));
#1883=DIRECTION('',(0.,-1.,0.));
#1884=DIRECTION('',(-1.,0.,0.));
#1885=DIRECTION('',(-0.707106781186549,-0.707106781186546,0.));
#1886=DIRECTION('',(0.,-1.,0.));
#1887=DIRECTION('',(-1.,0.,0.));
#1888=DIRECTION('',(-3.41607084500048E-16,-1.,0.));
#1889=DIRECTION('',(-1.,0.,0.));
#1890=DIRECTION('',(0.,1.,0.));
#1891=DIRECTION('',(-0.707106781186548,0.707106781186548,0.));
#1892=DIRECTION('',(0.,0.,1.));
#1893=DIRECTION('',(1.,0.,0.));
#1894=DIRECTION('',(0.,0.,1.));
#1895=DIRECTION('',(1.,0.,0.));
#1896=DIRECTION('',(0.,0.,1.));
#1897=DIRECTION('',(1.,0.,0.));
#1898=DIRECTION('',(0.,-1.,0.));
#1899=DIRECTION('',(0.,0.,-1.));
#1900=DIRECTION('',(0.,0.,-1.));
#1901=DIRECTION('',(1.,0.,0.));
#1902=DIRECTION('',(0.,0.,1.));
#1903=DIRECTION('',(-1.,0.,0.));
#1904=DIRECTION('',(0.,0.,-1.));
#1905=DIRECTION('',(0.,-1.,0.));
#1906=DIRECTION('',(0.,0.,-1.));
#1907=DIRECTION('',(1.,0.,0.));
#1908=DIRECTION('',(9.83799901652689E-17,0.,-1.));
#1909=DIRECTION('',(-1.,0.,0.));
#1910=DIRECTION('',(0.,0.,-1.));
#1911=DIRECTION('',(0.,0.,1.));
#1912=DIRECTION('',(1.,0.,0.));
#1913=DIRECTION('',(0.,1.,0.));
#1914=DIRECTION('',(0.,-1.,0.));
#1915=DIRECTION('',(0.,1.,0.));
#1916=DIRECTION('',(-3.41607084500048E-16,-1.,0.));
#1917=DIRECTION('',(0.,0.,1.));
#1918=DIRECTION('',(1.,0.,0.));
#1919=DIRECTION('',(0.,0.,-1.));
#1920=DIRECTION('',(1.,0.,0.));
#1921=DIRECTION('',(0.,-1.,0.));
#1922=DIRECTION('',(1.,0.,0.));
#1923=DIRECTION('',(0.707106781186548,0.707106781186548,0.));
#1924=DIRECTION('',(0.707106781186548,-0.707106781186548,0.));
#1925=DIRECTION('',(-5.74253288599219E-16,1.,0.));
#1926=DIRECTION('',(-1.,0.,0.));
#1927=DIRECTION('',(-5.74253288599219E-16,1.,0.));
#1928=DIRECTION('',(0.707106781186548,-0.707106781186548,0.));
#1929=DIRECTION('',(0.707106781186548,0.707106781186548,0.));
#1930=DIRECTION('',(-1.,0.,0.));
#1931=DIRECTION('',(-3.41607084500048E-16,-1.,0.));
#1932=DIRECTION('',(-0.707106781186548,0.707106781186548,0.));
#1933=DIRECTION('',(0.,1.,0.));
#1934=DIRECTION('',(0.,0.,1.));
#1935=DIRECTION('',(-9.83799901652689E-17,0.,1.));
#1936=DIRECTION('',(0.,0.,-1.));
#1937=DIRECTION('',(1.,0.,0.));
#1938=DIRECTION('',(0.,0.,-1.));
#1939=DIRECTION('',(-4.6259292692715E-16,-1.,0.));
#1940=DIRECTION('',(1.,-4.6259292692715E-16,0.));
#1941=DIRECTION('',(0.,0.,1.));
#1942=DIRECTION('',(0.,0.,1.));
#1943=DIRECTION('',(-1.,-4.08170229641602E-16,0.));
#1944=DIRECTION('',(4.08170229641602E-16,-1.,0.));
#1945=DIRECTION('',(0.,0.,1.));
#1946=DIRECTION('',(4.62592926927149E-16,1.,0.));
#1947=DIRECTION('',(-1.,4.62592926927149E-16,0.));
#1948=DIRECTION('',(0.,0.,1.));
#1949=DIRECTION('',(-1.,-4.08170229641602E-16,0.));
#1950=DIRECTION('',(4.08170229641602E-16,-1.,0.));
#1951=DIRECTION('',(-1.,0.,0.));
#1952=DIRECTION('',(0.,0.,1.));
#1953=DIRECTION('',(0.,-1.,0.));
#1954=DIRECTION('',(0.,0.,1.));
#1955=DIRECTION('',(0.,0.,1.));
#1956=DIRECTION('',(-1.,0.,0.));
#1957=DIRECTION('',(0.,0.,1.));
#1958=DIRECTION('',(0.,-1.,0.));
#1959=DIRECTION('',(0.,0.,1.));
#1960=DIRECTION('',(0.,0.,1.));
#1961=DIRECTION('',(0.,1.,0.));
#1962=DIRECTION('',(0.,0.,1.));
#1963=DIRECTION('',(0.,0.,1.));
#1964=DIRECTION('',(1.,0.,0.));
#1965=DIRECTION('',(-1.,0.,0.));
#1966=DIRECTION('',(0.,1.,0.));
#1967=DIRECTION('',(0.,0.,1.));
#1968=DIRECTION('',(0.,0.,1.));
#1969=DIRECTION('',(0.,0.,1.));
#1970=DIRECTION('',(0.,0.,1.));
#1971=DIRECTION('',(1.,0.,0.));
#1972=DIRECTION('',(0.,0.,1.));
#1973=DIRECTION('',(1.,0.,0.));
#1974=DIRECTION('',(-1.,0.,0.));
#1975=DIRECTION('',(-5.74253288599219E-16,1.,0.));
#1976=DIRECTION('',(-0.707106781186549,-0.707106781186546,0.));
#1977=DIRECTION('',(0.707106781186546,-0.707106781186549,0.));
#1978=DIRECTION('',(0.,-1.,0.));
#1979=DIRECTION('',(-0.707106781186548,-0.707106781186548,0.));
#1980=DIRECTION('',(-3.41607084500048E-16,-1.,0.));
#1981=DIRECTION('',(-1.,0.,0.));
#1982=DIRECTION('',(0.707106781186546,-0.707106781186549,0.));
#1983=DIRECTION('',(-0.707106781186549,-0.707106781186546,0.));
#1984=DIRECTION('',(-5.74253288599219E-16,1.,0.));
#1985=DIRECTION('',(0.,0.,1.));
#1986=DIRECTION('',(1.,0.,0.));
#1987=DIRECTION('',(0.,0.,1.));
#1988=DIRECTION('',(1.,0.,0.));
#1989=DIRECTION('',(-5.74253288599219E-16,1.,0.));
#1990=DIRECTION('',(-1.,0.,0.));
#1991=DIRECTION('',(-5.74253288599219E-16,1.,0.));
#1992=DIRECTION('',(-0.707106781186549,-0.707106781186546,0.));
#1993=DIRECTION('',(0.707106781186546,-0.707106781186549,0.));
#1994=DIRECTION('',(-1.,0.,0.));
#1995=DIRECTION('',(0.,-1.,0.));
#1996=DIRECTION('',(-0.707106781186549,-0.707106781186546,0.));
#1997=DIRECTION('',(-1.,0.,0.));
#1998=DIRECTION('',(0.,-1.,0.));
#1999=DIRECTION('',(0.707106781186546,-0.707106781186549,0.));
#2000=DIRECTION('',(-0.707106781186549,-0.707106781186546,0.));
#2001=DIRECTION('',(-0.707106781186546,0.707106781186549,0.));
#2002=DIRECTION('',(-0.707106781186549,-0.707106781186546,0.));
#2003=DIRECTION('',(0.,0.,-1.));
#2004=DIRECTION('',(0.,0.,-1.));
#2005=DIRECTION('',(0.,0.,1.));
#2006=DIRECTION('',(1.,0.,0.));
#2007=DIRECTION('',(0.,0.,1.));
#2008=DIRECTION('',(1.,0.,0.));
#2009=DIRECTION('',(-5.74253288599219E-16,1.,0.));
#2010=DIRECTION('',(0.707106781186548,-0.707106781186548,0.));
#2011=DIRECTION('',(0.707106781186548,0.707106781186548,0.));
#2012=DIRECTION('',(0.707106781186548,-0.707106781186548,0.));
#2013=DIRECTION('',(0.,1.,0.));
#2014=DIRECTION('',(0.707106781186548,0.707106781186548,0.));
#2015=DIRECTION('',(0.707106781186548,-0.707106781186548,0.));
#2016=DIRECTION('',(-5.74253288599219E-16,1.,0.));
#2017=DIRECTION('',(-1.,0.,0.));
#2018=DIRECTION('',(-0.707106781186548,-0.707106781186548,0.));
#2019=DIRECTION('',(0.707106781186548,-0.707106781186548,0.));
#2020=DIRECTION('',(0.,0.,1.));
#2021=DIRECTION('',(0.,0.,-1.));
#2022=DIRECTION('',(-1.,0.,0.));
#2023=DIRECTION('',(0.,0.,1.));
#2024=DIRECTION('',(0.,0.,-1.));
#2025=DIRECTION('',(0.,0.,-1.));
#2026=DIRECTION('',(0.707106781186546,-0.707106781186549,0.));
#2027=DIRECTION('',(0.707106781186549,0.707106781186546,0.));
#2028=DIRECTION('',(0.,0.,-1.));
#2029=DIRECTION('',(0.,0.,-1.));
#2030=DIRECTION('',(0.,-1.,0.));
#2031=DIRECTION('',(0.,0.,-1.));
#2032=DIRECTION('',(0.,0.,-1.));
#2033=DIRECTION('',(0.,0.,-1.));
#2034=DIRECTION('',(0.,0.,-1.));
#2035=DIRECTION('',(1.,0.,0.));
#2036=DIRECTION('',(0.,0.,-1.));
#2037=DIRECTION('',(0.,-1.,0.));
#2038=DIRECTION('',(0.,0.,-1.));
#2039=DIRECTION('',(0.,0.,-1.));
#2040=DIRECTION('',(1.,0.,0.));
#2041=DIRECTION('',(0.,0.,-1.));
#2042=DIRECTION('',(0.,0.,-1.));
#2043=DIRECTION('',(1.,-3.41607084500048E-16,0.));
#2044=DIRECTION('',(3.41607084500048E-16,1.,0.));
#2045=DIRECTION('',(0.,0.,1.));
#2046=DIRECTION('',(0.,0.,-1.));
#2047=DIRECTION('',(0.,0.,-1.));
#2048=DIRECTION('',(3.41607084500048E-16,1.,0.));
#2049=DIRECTION('',(0.707106781186548,0.707106781186548,0.));
#2050=DIRECTION('',(0.,0.,1.));
#2051=DIRECTION('',(0.707106781186548,-0.707106781186548,0.));
#2052=DIRECTION('',(-0.707106781186548,0.707106781186548,0.));
#2053=DIRECTION('',(0.,0.,-1.));
#2054=DIRECTION('',(0.707106781186548,0.707106781186548,0.));
#2055=DIRECTION('',(0.707106781186547,-2.4155268595135E-16,-0.707106781186548));
#2056=DIRECTION('',(3.41607084500048E-16,1.,0.));
#2057=DIRECTION('',(-0.707106781186548,-2.32248400940087E-32,-0.707106781186547));
#2058=DIRECTION('',(0.707106781186548,0.,0.707106781186547));
#2059=DIRECTION('',(0.577350269189626,0.577350269189626,-0.577350269189626));
#2060=DIRECTION('',(-0.707106781186548,0.,-0.707106781186547));
#2061=DIRECTION('',(0.577350269189626,-0.577350269189626,-0.577350269189626));
#2062=DIRECTION('',(-0.707106781186548,0.,-0.707106781186547));
#2063=DIRECTION('',(-0.707106781186548,-0.707106781186548,0.));
#2064=DIRECTION('',(0.707106781186548,-0.707106781186548,0.));
#2065=DIRECTION('',(0.,-1.,0.));
#2066=DIRECTION('',(0.,0.,-1.));
#2067=DIRECTION('',(0.,0.,-1.));
#2068=DIRECTION('',(-0.707106781186549,-0.707106781186546,0.));
#2069=DIRECTION('',(0.707106781186546,-0.707106781186549,0.));
#2070=DIRECTION('',(0.,0.,-1.));
#2071=DIRECTION('',(-0.707106781186549,-0.707106781186546,0.));
#2072=DIRECTION('',(0.707106781186546,-0.707106781186549,0.));
#2073=DIRECTION('',(-0.707106781186546,0.707106781186549,0.));
#2074=DIRECTION('',(-0.707106781186549,-0.707106781186546,0.));
#2075=DIRECTION('',(0.,0.,-1.));
#2076=DIRECTION('',(0.707106781186548,-0.707106781186548,0.));
#2077=DIRECTION('',(0.707106781186548,0.707106781186548,0.));
#2078=DIRECTION('',(0.707106781186548,-0.707106781186548,0.));
#2079=DIRECTION('',(0.707106781186548,0.707106781186548,0.));
#2080=DIRECTION('',(0.,0.,-1.));
#2081=DIRECTION('',(-0.707106781186548,-0.707106781186548,0.));
#2082=DIRECTION('',(0.707106781186548,-0.707106781186548,0.));
#2083=DIRECTION('',(0.,0.,1.));
#2084=DIRECTION('',(0.,0.,1.));
#2085=DIRECTION('',(1.,0.,0.));
#2086=DIRECTION('',(0.,0.,1.));
#2087=DIRECTION('',(1.,0.,0.));
#2088=DIRECTION('',(0.,-1.,0.));
#2089=DIRECTION('',(0.,0.,-1.));
#2090=DIRECTION('',(0.,0.,1.));
#2091=DIRECTION('',(1.,0.,0.));
#2092=DIRECTION('',(0.,0.,1.));
#2093=DIRECTION('',(-1.,-5.74253288599219E-16,0.));
#2094=DIRECTION('',(5.74253288599219E-16,-1.,0.));
#2095=DIRECTION('',(0.,0.,1.));
#2096=DIRECTION('',(5.74253288599219E-16,-1.,0.));
#2097=DIRECTION('',(0.,-1.,0.));
#2098=DIRECTION('',(0.,0.,-1.));
#2099=DIRECTION('',(0.,0.,1.));
#2100=DIRECTION('',(1.,0.,0.));
#2101=DIRECTION('',(-1.,-5.74253288599219E-16,0.));
#2102=DIRECTION('',(5.74253288599219E-16,-1.,0.));
#2103=DIRECTION('',(5.74253288599219E-16,-1.,0.));
#2104=DIRECTION('',(0.,0.,1.));
#2105=DIRECTION('',(1.,0.,0.));
#2106=DIRECTION('',(1.,5.74253288599219E-16,0.));
#2107=DIRECTION('',(-5.74253288599219E-16,1.,0.));
#2108=DIRECTION('',(0.,0.,-1.));
#2109=DIRECTION('',(1.,5.74253288599219E-16,0.));
#2110=DIRECTION('',(-5.74253288599219E-16,1.,0.));
#2111=DIRECTION('',(0.,0.,-1.));
#2112=DIRECTION('',(0.,1.,0.));
#2113=DIRECTION('',(0.,0.,1.));
#2114=DIRECTION('',(0.,1.,0.));
#2115=DIRECTION('',(0.,0.,1.));
#2116=DIRECTION('',(0.,0.,-1.));
#2117=DIRECTION('',(0.,0.,-1.));
#2118=DIRECTION('',(1.,5.74253288599219E-16,0.));
#2119=DIRECTION('',(-5.74253288599219E-16,1.,0.));
#2120=DIRECTION('',(1.,5.74253288599219E-16,0.));
#2121=DIRECTION('',(-5.74253288599219E-16,1.,0.));
#2122=DIRECTION('',(0.,1.,0.));
#2123=DIRECTION('',(0.,0.,1.));
#2124=DIRECTION('',(-1.,-7.93016446160827E-16,0.));
#2125=DIRECTION('',(7.93016446160827E-16,-1.,0.));
#2126=DIRECTION('',(7.93016446160827E-16,-1.,0.));
#2127=DIRECTION('',(0.,0.,1.));
#2128=DIRECTION('',(-1.,-7.93016446160826E-16,0.));
#2129=DIRECTION('',(7.93016446160826E-16,-1.,0.));
#2130=DIRECTION('',(7.93016446160826E-16,-1.,0.));
#2131=DIRECTION('',(0.,0.,1.));
#2132=DIRECTION('',(0.,1.,0.));
#2133=DIRECTION('',(0.,0.,1.));
#2134=DIRECTION('',(-1.,0.,0.));
#2135=DIRECTION('',(0.,0.,1.));
#2136=DIRECTION('',(1.,0.,0.));
#2137=DIRECTION('',(1.,0.,0.));
#2138=DIRECTION('',(0.,0.,-1.));
#2139=DIRECTION('',(0.,0.,-1.));
#2140=DIRECTION('',(-1.,0.,0.));
#2141=DIRECTION('',(0.,-1.,0.));
#2142=DIRECTION('',(1.,0.,0.));
#2143=DIRECTION('',(0.,-1.,0.));
#2144=DIRECTION('',(0.,0.,-1.));
#2145=DIRECTION('',(-1.,0.,0.));
#2146=DIRECTION('',(0.,0.,-1.));
#2147=DIRECTION('',(-1.,0.,0.));
#2148=DIRECTION('',(0.,0.,-1.));
#2149=DIRECTION('',(-1.,0.,0.));
#2150=DIRECTION('',(0.,0.,-1.));
#2151=DIRECTION('',(-1.,0.,0.));
#2152=DIRECTION('',(0.,1.,0.));
#2153=DIRECTION('',(0.,-1.,0.));
#2154=DIRECTION('',(1.,0.,0.));
#2155=DIRECTION('',(0.,0.,-1.));
#2156=DIRECTION('',(-1.,0.,0.));
#2157=DIRECTION('',(0.,0.,-1.));
#2158=DIRECTION('',(-1.,0.,0.));
#2159=DIRECTION('',(0.,0.,-1.));
#2160=DIRECTION('',(-1.,0.,0.));
#2161=DIRECTION('',(-1.,0.,-9.83799901652689E-17));
#2162=DIRECTION('',(-9.83799901652689E-17,0.,1.));
#2163=DIRECTION('',(0.,0.,1.));
#2164=DIRECTION('',(0.,0.,1.));
#2165=DIRECTION('',(0.,0.,1.));
#2166=DIRECTION('',(1.,0.,0.));
#2167=DIRECTION('',(0.,0.,1.));
#2168=DIRECTION('',(1.,0.,0.));
#2169=DIRECTION('',(0.,0.,1.));
#2170=DIRECTION('',(1.,0.,0.));
#2171=DIRECTION('',(0.,0.,1.));
#2172=DIRECTION('',(1.,0.,0.));
#2173=DIRECTION('',(0.,0.,1.));
#2174=DIRECTION('',(1.,0.,0.));
#2175=DIRECTION('',(0.,0.,1.));
#2176=DIRECTION('',(1.,0.,0.));
#2177=DIRECTION('',(0.,0.,-1.));
#2178=DIRECTION('',(1.,0.,0.));
#2179=DIRECTION('',(0.,1.,0.));
#2180=DIRECTION('',(-1.,0.,0.));
#2181=DIRECTION('',(0.,0.,1.));
#2182=DIRECTION('',(-1.,0.,0.));
#2183=DIRECTION('',(0.,0.,1.));
#2184=DIRECTION('',(0.,1.,0.));
#2185=DIRECTION('',(0.,0.,-1.));
#2186=DIRECTION('',(1.,0.,0.));
#2187=DIRECTION('',(0.,-1.,0.));
#2188=DIRECTION('',(0.,0.,-1.));
#2189=DIRECTION('',(0.,0.,1.));
#2190=DIRECTION('',(-1.,0.,0.));
#2191=DIRECTION('',(0.,0.,1.));
#2192=DIRECTION('',(0.,-1.,0.));
#2193=DIRECTION('',(0.,0.,-1.));
#2194=DIRECTION('',(0.,0.,1.));
#2195=DIRECTION('',(1.,0.,0.));
#2196=DIRECTION('',(0.,0.,-1.));
#2197=CARTESIAN_POINT('',(0.,0.,0.));
#2198=CARTESIAN_POINT('',(0.,2.77555756156289E-17,0.015));
#2199=CARTESIAN_POINT('',(0.1225,-0.028,0.015));
#2200=CARTESIAN_POINT('',(0.1225,0.006,0.015));
#2201=CARTESIAN_POINT('',(0.1225,-0.062,0.015));
#2202=CARTESIAN_POINT('',(0.13,-0.062,0.015));
#2203=CARTESIAN_POINT('',(0.1375,-0.062,0.015));
#2204=CARTESIAN_POINT('',(0.1375,-0.028,0.015));
#2205=CARTESIAN_POINT('',(0.1375,0.0060000000000001,0.015));
#2206=CARTESIAN_POINT('',(0.13,0.006,0.015));
#2207=CARTESIAN_POINT('',(0.105,2.77555756156289E-17,0.015));
#2208=CARTESIAN_POINT('',(0.105,-0.1325,0.015));
#2209=CARTESIAN_POINT('',(0.105,0.1325,0.015));
#2210=CARTESIAN_POINT('',(0.11,0.1325,0.015));
#2211=CARTESIAN_POINT('',(0.115,0.1325,0.015));
#2212=CARTESIAN_POINT('',(0.115,0.13875,0.015));
#2213=CARTESIAN_POINT('',(0.115,0.145,0.015));
#2214=CARTESIAN_POINT('',(0.,0.145,0.015));
#2215=CARTESIAN_POINT('',(0.1325,0.145,0.015));
#2216=CARTESIAN_POINT('',(0.1325,0.1335,0.015));
#2217=CARTESIAN_POINT('',(0.1325,0.116,0.015));
#2218=CARTESIAN_POINT('',(0.14,0.116,0.015));
#2219=CARTESIAN_POINT('',(0.1475,0.116,0.015));
#2220=CARTESIAN_POINT('',(0.1475,0.1335,0.015));
#2221=CARTESIAN_POINT('',(0.1475,0.145,0.015));
#2222=CARTESIAN_POINT('',(0.,0.145,0.015));
#2223=CARTESIAN_POINT('',(0.1675,0.145,0.015));
#2224=CARTESIAN_POINT('',(0.1675,0.,0.015));
#2225=CARTESIAN_POINT('',(0.1675,-0.145,0.015));
#2226=CARTESIAN_POINT('',(0.,-0.145,0.015));
#2227=CARTESIAN_POINT('',(0.1475,-0.145,0.015));
#2228=CARTESIAN_POINT('',(0.1475,-0.1355,0.015));
#2229=CARTESIAN_POINT('',(0.1475,-0.118,0.015));
#2230=CARTESIAN_POINT('',(0.14,-0.118,0.015));
#2231=CARTESIAN_POINT('',(0.1325,-0.118,0.015));
#2232=CARTESIAN_POINT('',(0.1325,-0.1355,0.015));
#2233=CARTESIAN_POINT('',(0.1325,-0.145,0.015));
#2234=CARTESIAN_POINT('',(0.,-0.145,0.015));
#2235=CARTESIAN_POINT('',(0.115,-0.145,0.015));
#2236=CARTESIAN_POINT('',(0.115,-0.13875,0.015));
#2237=CARTESIAN_POINT('',(0.115,-0.1325,0.015));
#2238=CARTESIAN_POINT('',(0.11,-0.1325,0.015));
#2239=CARTESIAN_POINT('',(0.,-0.145,0.015));
#2240=CARTESIAN_POINT('',(0.115,-0.145,0.015));
#2241=CARTESIAN_POINT('',(0.115,-0.145,0.01));
#2242=CARTESIAN_POINT('',(0.115,-0.145,0.005));
#2243=CARTESIAN_POINT('',(0.115,-0.145,0.01));
#2244=CARTESIAN_POINT('',(0.1325,-0.145,0.01));
#2245=CARTESIAN_POINT('',(0.1325,-0.145,0.01));
#2246=CARTESIAN_POINT('',(0.,-0.145,0.01));
#2247=CARTESIAN_POINT('',(0.1475,-0.145,0.01));
#2248=CARTESIAN_POINT('',(0.1475,-0.145,0.01));
#2249=CARTESIAN_POINT('',(0.1675,-0.145,0.015));
#2250=CARTESIAN_POINT('',(0.1675,-0.145,0.));
#2251=CARTESIAN_POINT('',(0.,-0.145,0.));
#2252=CARTESIAN_POINT('',(0.12,-0.145,0.));
#2253=CARTESIAN_POINT('',(0.12,-0.145,0.015));
#2254=CARTESIAN_POINT('',(0.12,-0.145,0.005));
#2255=CARTESIAN_POINT('',(0.,-0.145,0.005));
#2256=CARTESIAN_POINT('',(0.,0.145,0.015));
#2257=CARTESIAN_POINT('',(0.115,0.145,0.01));
#2258=CARTESIAN_POINT('',(0.115,0.145,0.01));
#2259=CARTESIAN_POINT('',(0.115,0.145,0.015));
#2260=CARTESIAN_POINT('',(0.115,0.145,0.005));
#2261=CARTESIAN_POINT('',(0.,0.145,0.005));
#2262=CARTESIAN_POINT('',(0.12,0.145,0.005));
#2263=CARTESIAN_POINT('',(0.12,0.145,0.015));
#2264=CARTESIAN_POINT('',(0.12,0.145,0.));
#2265=CARTESIAN_POINT('',(0.,0.145,0.));
#2266=CARTESIAN_POINT('',(0.1675,0.145,0.));
#2267=CARTESIAN_POINT('',(0.1675,0.145,0.015));
#2268=CARTESIAN_POINT('',(0.1475,0.145,0.01));
#2269=CARTESIAN_POINT('',(0.1475,0.145,0.01));
#2270=CARTESIAN_POINT('',(0.,0.145,0.01));
#2271=CARTESIAN_POINT('',(0.1325,0.145,0.01));
#2272=CARTESIAN_POINT('',(0.1325,0.145,0.01));
#2273=CARTESIAN_POINT('',(5.55111512312578E-17,0.1625,0.01));
#2274=CARTESIAN_POINT('',(0.,0.1525,0.));
#2275=CARTESIAN_POINT('',(0.12,0.1525,-1.47451495458029E-17));
#2276=CARTESIAN_POINT('',(0.175,0.1525,0.));
#2277=CARTESIAN_POINT('',(0.12,0.1625,0.01));
#2278=CARTESIAN_POINT('',(0.12,0.1575,0.005));
#2279=CARTESIAN_POINT('',(5.55111512312578E-17,0.1575,0.005));
#2280=CARTESIAN_POINT('',(0.115,0.1575,0.005));
#2281=CARTESIAN_POINT('',(0.115,0.1625,0.01));
#2282=CARTESIAN_POINT('',(0.115,0.1625,0.01));
#2283=CARTESIAN_POINT('',(5.55111512312578E-17,0.1625,0.01));
#2284=CARTESIAN_POINT('',(0.175,0.1625,0.01));
#2285=CARTESIAN_POINT('',(0.175,0.1575,0.005));
#2286=CARTESIAN_POINT('',(0.,-0.1525,0.));
#2287=CARTESIAN_POINT('',(0.,-0.1575,0.005));
#2288=CARTESIAN_POINT('',(0.115,-0.1575,0.005));
#2289=CARTESIAN_POINT('',(0.12,-0.1575,0.005));
#2290=CARTESIAN_POINT('',(0.12,-0.1525,0.));
#2291=CARTESIAN_POINT('',(0.12,-0.1525,-1.38777878078145E-17));
#2292=CARTESIAN_POINT('',(-0.185,-0.1525,0.));
#2293=CARTESIAN_POINT('',(0.175,-0.1525,0.));
#2294=CARTESIAN_POINT('',(0.175,-0.1525,0.));
#2295=CARTESIAN_POINT('',(0.175,-0.1625,0.01));
#2296=CARTESIAN_POINT('',(0.185,-0.1625,0.01));
#2297=CARTESIAN_POINT('',(0.115,-0.1625,0.01));
#2298=CARTESIAN_POINT('',(0.115,-0.1525,0.));
#2299=CARTESIAN_POINT('',(0.115,0.8375,0.005));
#2300=CARTESIAN_POINT('',(0.115,0.8375,0.005));
#2301=CARTESIAN_POINT('',(0.115,0.8375,0.01));
#2302=CARTESIAN_POINT('',(0.115,0.8375,0.005));
#2303=CARTESIAN_POINT('',(0.115,0.8375,0.005));
#2304=CARTESIAN_POINT('',(0.115,0.8375,0.01));
#2305=CARTESIAN_POINT('',(0.,0.,0.02));
#2306=CARTESIAN_POINT('',(0.11,-0.145,0.02));
#2307=CARTESIAN_POINT('',(0.1125,-0.145,0.02));
#2308=CARTESIAN_POINT('',(0.11,-0.1375,0.02));
#2309=CARTESIAN_POINT('',(0.1125,-0.1375,0.02));
#2310=CARTESIAN_POINT('',(0.11,-0.1525,0.02));
#2311=CARTESIAN_POINT('',(0.1125,-0.1525,0.02));
#2312=CARTESIAN_POINT('',(0.1745,1.11022302462516E-16,0.02));
#2313=CARTESIAN_POINT('',(0.1745,0.145,0.02));
#2314=CARTESIAN_POINT('',(0.1745,-0.145,0.02));
#2315=CARTESIAN_POINT('',(0.1755,0.145,0.02));
#2316=CARTESIAN_POINT('',(0.1765,0.145,0.02));
#2317=CARTESIAN_POINT('',(0.1765,1.11022302462516E-16,0.02));
#2318=CARTESIAN_POINT('',(0.1765,-0.145,0.02));
#2319=CARTESIAN_POINT('',(0.1755,-0.145,0.02));
#2320=CARTESIAN_POINT('',(0.1225,-0.028,0.02));
#2321=CARTESIAN_POINT('',(0.1225,0.006,0.02));
#2322=CARTESIAN_POINT('',(0.1225,-0.062,0.02));
#2323=CARTESIAN_POINT('',(0.13,0.006,0.02));
#2324=CARTESIAN_POINT('',(0.1375,0.0060000000000001,0.02));
#2325=CARTESIAN_POINT('',(0.1375,-0.028,0.02));
#2326=CARTESIAN_POINT('',(0.1375,-0.062,0.02));
#2327=CARTESIAN_POINT('',(0.13,-0.062,0.02));
#2328=CARTESIAN_POINT('',(0.14,0.151,0.02));
#2329=CARTESIAN_POINT('',(0.1475,0.151,0.02));
#2330=CARTESIAN_POINT('',(0.1325,0.151,0.02));
#2331=CARTESIAN_POINT('',(0.1475,0.1335,0.02));
#2332=CARTESIAN_POINT('',(0.1475,0.116,0.02));
#2333=CARTESIAN_POINT('',(0.14,0.116,0.02));
#2334=CARTESIAN_POINT('',(0.1325,0.116,0.02));
#2335=CARTESIAN_POINT('',(0.1325,0.1335,0.02));
#2336=CARTESIAN_POINT('',(0.14,-0.118,0.02));
#2337=CARTESIAN_POINT('',(0.1475,-0.118,0.02));
#2338=CARTESIAN_POINT('',(0.1325,-0.118,0.02));
#2339=CARTESIAN_POINT('',(0.1475,-0.1355,0.02));
#2340=CARTESIAN_POINT('',(0.1475,-0.153,0.02));
#2341=CARTESIAN_POINT('',(0.14,-0.153,0.02));
#2342=CARTESIAN_POINT('',(0.1325,-0.153,0.02));
#2343=CARTESIAN_POINT('',(0.1325,-0.1355,0.02));
#2344=CARTESIAN_POINT('',(-0.168964466094068,0.1575,0.02));
#2345=CARTESIAN_POINT('',(0.105,0.1575,0.02));
#2346=CARTESIAN_POINT('',(0.172928932188134,0.1575,0.02));
#2347=CARTESIAN_POINT('',(0.105,0.8375,0.02));
#2348=CARTESIAN_POINT('',(0.105,-0.1625,0.02));
#2349=CARTESIAN_POINT('',(-5.55111512312578E-17,-0.1625,0.02));
#2350=CARTESIAN_POINT('',(0.165,-0.1625,0.02));
#2351=CARTESIAN_POINT('',(0.165,-0.16,0.02));
#2352=CARTESIAN_POINT('',(0.165,-0.1575,0.02));
#2353=CARTESIAN_POINT('',(0.168964466094068,-0.1575,0.02));
#2354=CARTESIAN_POINT('',(0.172928932188134,-0.1575,0.02));
#2355=CARTESIAN_POINT('',(0.176464466094067,-0.153964466094067,0.02));
#2356=CARTESIAN_POINT('',(0.18,-0.150428932188134,0.02));
#2357=CARTESIAN_POINT('',(0.18,-0.146464466094067,0.02));
#2358=CARTESIAN_POINT('',(0.18,-0.1425,0.02));
#2359=CARTESIAN_POINT('',(0.1825,-0.1425,0.02));
#2360=CARTESIAN_POINT('',(0.185,-0.1425,0.02));
#2361=CARTESIAN_POINT('',(0.185,0.,0.02));
#2362=CARTESIAN_POINT('',(0.185,0.1425,0.02));
#2363=CARTESIAN_POINT('',(0.1825,0.1425,0.02));
#2364=CARTESIAN_POINT('',(0.18,0.1425,0.02));
#2365=CARTESIAN_POINT('',(0.18,0.146464466094067,0.02));
#2366=CARTESIAN_POINT('',(0.18,0.150428932188134,0.02));
#2367=CARTESIAN_POINT('',(0.176464466094067,0.153964466094067,0.02));
#2368=CARTESIAN_POINT('',(0.11,0.1375,0.02));
#2369=CARTESIAN_POINT('',(0.1125,0.1375,0.02));
#2370=CARTESIAN_POINT('',(0.11,0.145,0.02));
#2371=CARTESIAN_POINT('',(0.1125,0.145,0.02));
#2372=CARTESIAN_POINT('',(0.11,0.1525,0.02));
#2373=CARTESIAN_POINT('',(0.1125,0.1525,0.02));
#2374=CARTESIAN_POINT('',(-5.55111512312578E-17,-0.1625,0.02));
#2375=CARTESIAN_POINT('',(0.105,-0.1625,0.015));
#2376=CARTESIAN_POINT('',(0.105,-0.1625,0.01));
#2377=CARTESIAN_POINT('',(0.185,-0.1625,0.01));
#2378=CARTESIAN_POINT('',(0.175,-0.1625,0.02));
#2379=CARTESIAN_POINT('',(0.175,-0.1625,0.275));
#2380=CARTESIAN_POINT('',(-5.55111512312578E-17,-0.1625,0.275));
#2381=CARTESIAN_POINT('',(0.165,-0.1625,0.275));
#2382=CARTESIAN_POINT('',(0.165,-0.1625,0.275));
#2383=CARTESIAN_POINT('',(5.55111512312578E-17,0.1625,0.02));
#2384=CARTESIAN_POINT('',(5.55111512312578E-17,0.1625,0.01));
#2385=CARTESIAN_POINT('',(0.105,0.1625,0.01));
#2386=CARTESIAN_POINT('',(0.105,0.1625,0.02));
#2387=CARTESIAN_POINT('',(0.105,0.1625,0.275));
#2388=CARTESIAN_POINT('',(5.55111512312578E-17,0.1625,0.275));
#2389=CARTESIAN_POINT('',(0.175,0.1625,0.275));
#2390=CARTESIAN_POINT('',(0.175,0.1625,0.));
#2391=CARTESIAN_POINT('',(0.,0.,0.));
#2392=CARTESIAN_POINT('',(0.12,-2.77555756156289E-17,0.));
#2393=CARTESIAN_POINT('',(0.1675,0.,0.));
#2394=CARTESIAN_POINT('',(0.12,-2.77555756156289E-17,0.));
#2395=CARTESIAN_POINT('',(0.175,-0.1625,0.));
#2396=CARTESIAN_POINT('',(2.77555756156289E-17,2.77555756156289E-17,0.275));
#2397=CARTESIAN_POINT('',(0.172928932188135,0.150428932188135,0.275));
#2398=CARTESIAN_POINT('',(0.175428932188135,0.150428932188135,0.275));
#2399=CARTESIAN_POINT('',(0.105,2.77555756156289E-17,0.275));
#2400=CARTESIAN_POINT('',(0.105,0.1575,0.275));
#2401=CARTESIAN_POINT('',(-0.168964466094068,0.1575,0.275));
#2402=CARTESIAN_POINT('',(0.164443650813896,0.1575,0.275));
#2403=CARTESIAN_POINT('',(0.16161522368915,0.154671572875254,0.275));
#2404=CARTESIAN_POINT('',(0.16161522368915,0.154671572875254,0.275));
#2405=CARTESIAN_POINT('',(0.169254310985676,0.147032485578728,0.275));
#2406=CARTESIAN_POINT('',(0.1745,0.141786796564404,0.275));
#2407=CARTESIAN_POINT('',(0.1745,1.27962774476193E-16,0.275));
#2408=CARTESIAN_POINT('',(0.1745,0.145,0.275));
#2409=CARTESIAN_POINT('',(2.77555756156289E-17,0.145,0.275));
#2410=CARTESIAN_POINT('',(0.1765,0.145,0.275));
#2411=CARTESIAN_POINT('',(0.1765,1.29111281053391E-16,0.275));
#2412=CARTESIAN_POINT('',(0.1765,0.139786796564404,0.275));
#2413=CARTESIAN_POINT('',(0.169254310985676,0.147032485578728,0.275));
#2414=CARTESIAN_POINT('',(0.176893398282202,0.139393398282202,0.275));
#2415=CARTESIAN_POINT('',(0.176893398282202,0.139393398282202,0.275));
#2416=CARTESIAN_POINT('',(0.18,0.1425,0.275));
#2417=CARTESIAN_POINT('',(0.1825,0.1425,0.275));
#2418=CARTESIAN_POINT('',(0.185,0.1425,0.275));
#2419=CARTESIAN_POINT('',(0.185,0.,0.275));
#2420=CARTESIAN_POINT('',(0.185,0.1525,0.275));
#2421=CARTESIAN_POINT('',(0.16875,0.16875,0.275));
#2422=CARTESIAN_POINT('',(-0.168964466094068,0.1575,0.275));
#2423=CARTESIAN_POINT('',(0.105,0.1575,0.275));
#2424=CARTESIAN_POINT('',(0.172928932188134,0.1575,0.275));
#2425=CARTESIAN_POINT('',(0.172928932188135,0.1575,0.273));
#2426=CARTESIAN_POINT('',(-0.168964466094068,0.1575,0.273));
#2427=CARTESIAN_POINT('',(0.164443650813896,0.1575,0.273));
#2428=CARTESIAN_POINT('',(0.164443650813896,0.1575,0.275));
#2429=CARTESIAN_POINT('',(0.13,0.006,0.01));
#2430=CARTESIAN_POINT('',(0.1225,0.006,0.01));
#2431=CARTESIAN_POINT('',(0.1375,0.0060000000000001,0.01));
#2432=CARTESIAN_POINT('',(0.1225,-0.028,0.01));
#2433=CARTESIAN_POINT('',(0.1225,-0.062,0.01));
#2434=CARTESIAN_POINT('',(0.13,-0.062,0.01));
#2435=CARTESIAN_POINT('',(0.1375,-0.062,0.01));
#2436=CARTESIAN_POINT('',(0.1375,-0.028,0.01));
#2437=CARTESIAN_POINT('',(0.1475,0.1335,0.01));
#2438=CARTESIAN_POINT('',(0.1475,0.1335,0.01));
#2439=CARTESIAN_POINT('',(0.1475,0.151,0.01));
#2440=CARTESIAN_POINT('',(0.1475,0.116,0.01));
#2441=CARTESIAN_POINT('',(0.1475,0.151,0.01));
#2442=CARTESIAN_POINT('',(0.1325,0.1335,0.01));
#2443=CARTESIAN_POINT('',(0.1325,0.1335,0.01));
#2444=CARTESIAN_POINT('',(0.1325,0.151,0.01));
#2445=CARTESIAN_POINT('',(0.1325,0.151,0.01));
#2446=CARTESIAN_POINT('',(0.1325,0.116,0.01));
#2447=CARTESIAN_POINT('',(0.14,0.116,0.01));
#2448=CARTESIAN_POINT('',(0.,0.,0.01));
#2449=CARTESIAN_POINT('',(0.14,0.151,0.01));
#2450=CARTESIAN_POINT('',(0.14,-0.118,0.01));
#2451=CARTESIAN_POINT('',(0.1475,-0.118,0.01));
#2452=CARTESIAN_POINT('',(0.1325,-0.118,0.01));
#2453=CARTESIAN_POINT('',(2.77555756156289E-17,2.77555756156289E-17,0.275));
#2454=CARTESIAN_POINT('',(0.172928932188135,-0.150428932188135,0.275));
#2455=CARTESIAN_POINT('',(0.175428932188135,-0.150428932188135,0.275));
#2456=CARTESIAN_POINT('',(2.77555756156289E-17,-0.145,0.275));
#2457=CARTESIAN_POINT('',(0.1765,-0.145,0.275));
#2458=CARTESIAN_POINT('',(0.1745,-0.145,0.275));
#2459=CARTESIAN_POINT('',(0.1745,1.27962774476193E-16,0.275));
#2460=CARTESIAN_POINT('',(0.1745,-0.141786796564403,0.275));
#2461=CARTESIAN_POINT('',(0.169393398282202,-0.146893398282202,0.275));
#2462=CARTESIAN_POINT('',(0.16161522368915,-0.154671572875254,0.275));
#2463=CARTESIAN_POINT('',(0.16161522368915,-0.154671572875254,0.275));
#2464=CARTESIAN_POINT('',(0.165,-0.158056349186104,0.275));
#2465=CARTESIAN_POINT('',(0.165,-0.16,0.275));
#2466=CARTESIAN_POINT('',(0.16875,-0.16875,0.275));
#2467=CARTESIAN_POINT('',(0.185,-0.1525,0.275));
#2468=CARTESIAN_POINT('',(0.185,0.,0.275));
#2469=CARTESIAN_POINT('',(0.185,-0.1425,0.275));
#2470=CARTESIAN_POINT('',(0.1825,-0.1425,0.275));
#2471=CARTESIAN_POINT('',(0.180556349186104,-0.1425,0.275));
#2472=CARTESIAN_POINT('',(0.177171572875254,-0.13911522368915,0.275));
#2473=CARTESIAN_POINT('',(0.177171572875254,-0.13911522368915,0.275));
#2474=CARTESIAN_POINT('',(0.169393398282202,-0.146893398282202,0.275));
#2475=CARTESIAN_POINT('',(0.1765,-0.139786796564403,0.275));
#2476=CARTESIAN_POINT('',(0.1765,1.29111281053391E-16,0.275));
#2477=CARTESIAN_POINT('',(0.169393398282202,-0.146893398282202,0.273));
#2478=CARTESIAN_POINT('',(0.172928932188135,-0.150428932188135,0.273));
#2479=CARTESIAN_POINT('',(0.175428932188135,-0.150428932188135,0.273));
#2480=CARTESIAN_POINT('',(0.1745,-0.146893398282202,0.273));
#2481=CARTESIAN_POINT('',(0.1745,-0.145,0.273));
#2482=CARTESIAN_POINT('',(0.1745,-0.141786796564403,0.273));
#2483=CARTESIAN_POINT('',(0.169393398282202,-0.145,0.273));
#2484=CARTESIAN_POINT('',(0.1765,-0.145,0.273));
#2485=CARTESIAN_POINT('',(0.1765,-0.146893398282202,0.273));
#2486=CARTESIAN_POINT('',(0.1765,-0.139786796564403,0.273));
#2487=CARTESIAN_POINT('',(0.169393398282202,-0.146893398282202,0.273));
#2488=CARTESIAN_POINT('',(0.177171572875254,-0.13911522368915,0.273));
#2489=CARTESIAN_POINT('',(0.177171572875254,-0.13911522368915,0.273));
#2490=CARTESIAN_POINT('',(0.180556349186104,-0.1425,0.273));
#2491=CARTESIAN_POINT('',(0.1825,-0.1425,0.273));
#2492=CARTESIAN_POINT('',(0.18,-0.1425,0.273));
#2493=CARTESIAN_POINT('',(0.18,-0.146464466094067,0.273));
#2494=CARTESIAN_POINT('',(0.18,-0.150428932188134,0.273));
#2495=CARTESIAN_POINT('',(0.176464466094067,-0.153964466094067,0.273));
#2496=CARTESIAN_POINT('',(0.172928932188134,-0.1575,0.273));
#2497=CARTESIAN_POINT('',(0.168964466094068,-0.1575,0.273));
#2498=CARTESIAN_POINT('',(0.165,-0.1575,0.273));
#2499=CARTESIAN_POINT('',(0.165,-0.16,0.273));
#2500=CARTESIAN_POINT('',(0.165,-0.158056349186104,0.273));
#2501=CARTESIAN_POINT('',(0.16161522368915,-0.154671572875254,0.273));
#2502=CARTESIAN_POINT('',(0.16161522368915,-0.154671572875254,0.273));
#2503=CARTESIAN_POINT('',(0.169393398282202,-0.146893398282202,0.273));
#2504=CARTESIAN_POINT('',(0.169393398282202,-0.146893398282202,0.1475));
#2505=CARTESIAN_POINT('',(0.1745,-0.141786796564403,0.1475));
#2506=CARTESIAN_POINT('',(0.16161522368915,-0.154671572875254,0.274));
#2507=CARTESIAN_POINT('',(0.169254310985676,0.147032485578728,0.273));
#2508=CARTESIAN_POINT('',(0.172928932188135,0.150428932188135,0.273));
#2509=CARTESIAN_POINT('',(0.175428932188135,0.150428932188135,0.273));
#2510=CARTESIAN_POINT('',(0.1745,0.147032485578728,0.273));
#2511=CARTESIAN_POINT('',(0.1745,0.141786796564404,0.273));
#2512=CARTESIAN_POINT('',(0.1745,0.145,0.273));
#2513=CARTESIAN_POINT('',(0.169254310985676,0.147032485578728,0.273));
#2514=CARTESIAN_POINT('',(0.16161522368915,0.154671572875254,0.273));
#2515=CARTESIAN_POINT('',(0.16161522368915,0.154671572875254,0.273));
#2516=CARTESIAN_POINT('',(0.176325378797542,0.154103553390594,0.273));
#2517=CARTESIAN_POINT('',(0.18,0.150428932188135,0.273));
#2518=CARTESIAN_POINT('',(0.18,0.146464466094067,0.273));
#2519=CARTESIAN_POINT('',(0.18,0.1425,0.273));
#2520=CARTESIAN_POINT('',(0.176893398282202,0.139393398282202,0.273));
#2521=CARTESIAN_POINT('',(0.176893398282202,0.139393398282202,0.273));
#2522=CARTESIAN_POINT('',(0.169254310985676,0.147032485578728,0.273));
#2523=CARTESIAN_POINT('',(0.1765,0.139786796564404,0.273));
#2524=CARTESIAN_POINT('',(0.1765,0.147032485578728,0.273));
#2525=CARTESIAN_POINT('',(0.1765,0.145,0.273));
#2526=CARTESIAN_POINT('',(0.169254310985676,0.145,0.273));
#2527=CARTESIAN_POINT('',(0.169254310985676,0.147032485578728,0.1475));
#2528=CARTESIAN_POINT('',(0.1745,0.141786796564404,0.1475));
#2529=CARTESIAN_POINT('',(0.16161522368915,0.154671572875254,0.274));
#2530=CARTESIAN_POINT('',(0.18,0.146464466094067,0.275));
#2531=CARTESIAN_POINT('',(0.18,0.1425,0.275));
#2532=CARTESIAN_POINT('',(0.18,0.150428932188134,0.275));
#2533=CARTESIAN_POINT('',(0.176464466094067,-0.153964466094067,0.275));
#2534=CARTESIAN_POINT('',(0.18,-0.150428932188134,0.275));
#2535=CARTESIAN_POINT('',(0.172928932188134,-0.1575,0.275));
#2536=CARTESIAN_POINT('',(0.1825,-0.1425,0.275));
#2537=CARTESIAN_POINT('',(0.180556349186104,-0.1425,0.275));
#2538=CARTESIAN_POINT('',(0.185,-0.1425,0.275));
#2539=CARTESIAN_POINT('',(0.18,-0.1425,0.275));
#2540=CARTESIAN_POINT('',(0.18,-0.146464466094067,0.275));
#2541=CARTESIAN_POINT('',(0.168964466094068,-0.1575,0.275));
#2542=CARTESIAN_POINT('',(0.165,-0.1575,0.275));
#2543=CARTESIAN_POINT('',(0.165,-0.16,0.275));
#2544=CARTESIAN_POINT('',(0.165,-0.158056349186104,0.275));
#2545=CARTESIAN_POINT('',(0.185,0.,0.02));
#2546=CARTESIAN_POINT('',(0.185,0.1525,0.02));
#2547=CARTESIAN_POINT('',(0.185,0.1525,0.01));
#2548=CARTESIAN_POINT('',(0.185,0.1425,0.275));
#2549=CARTESIAN_POINT('',(0.185,-0.1525,0.02));
#2550=CARTESIAN_POINT('',(0.185,-0.1525,0.01));
#2551=CARTESIAN_POINT('',(0.185,0.1625,0.01));
#2552=CARTESIAN_POINT('',(0.175,0.1625,0.02));
#2553=CARTESIAN_POINT('',(0.185,0.1525,0.01));
#2554=CARTESIAN_POINT('',(0.185,-0.1525,0.02));
#2555=CARTESIAN_POINT('',(0.18,-0.1575,0.01));
#2556=CARTESIAN_POINT('',(0.175,-5.97812397875084E-17,0.));
#2557=CARTESIAN_POINT('',(0.185,0.1525,0.01));
#2558=CARTESIAN_POINT('',(0.175,-0.1525,-1.70803542250025E-18));
#2559=CARTESIAN_POINT('',(0.185,0.1525,0.01));
#2560=CARTESIAN_POINT('',(0.175,-0.1525,0.));
#2561=CARTESIAN_POINT('',(0.176464466094067,0.153964466094067,0.275));
#2562=CARTESIAN_POINT('',(0.1825,0.1425,0.275));
#2563=CARTESIAN_POINT('',(0.18,0.1425,0.275));
#2564=CARTESIAN_POINT('',(0.177171572875254,-0.13911522368915,0.274));
#2565=CARTESIAN_POINT('',(0.177171572875254,-0.13911522368915,0.274));
#2566=CARTESIAN_POINT('',(0.16161522368915,-0.154671572875254,0.274));
#2567=CARTESIAN_POINT('',(0.169393398282202,-0.146893398282202,0.1475));
#2568=CARTESIAN_POINT('',(0.1765,-0.139786796564403,0.1475));
#2569=CARTESIAN_POINT('',(0.16161522368915,0.154671572875254,0.274));
#2570=CARTESIAN_POINT('',(0.176893398282202,0.139393398282202,0.274));
#2571=CARTESIAN_POINT('',(0.176893398282202,0.139393398282202,0.274));
#2572=CARTESIAN_POINT('',(0.169254310985676,0.147032485578728,0.1475));
#2573=CARTESIAN_POINT('',(0.1765,0.139786796564404,0.1475));
#2574=CARTESIAN_POINT('',(0.172928932188135,0.150428932188135,0.25));
#2575=CARTESIAN_POINT('',(0.172928932188135,-0.150428932188135,0.25));
#2576=CARTESIAN_POINT('',(0.1755,0.145,0.015));
#2577=CARTESIAN_POINT('',(0.1745,0.145,0.015));
#2578=CARTESIAN_POINT('',(0.1745,0.145,0.015));
#2579=CARTESIAN_POINT('',(0.1755,0.145,0.015));
#2580=CARTESIAN_POINT('',(0.1765,0.145,0.015));
#2581=CARTESIAN_POINT('',(0.1765,0.145,0.015));
#2582=CARTESIAN_POINT('',(0.1745,1.11022302462516E-16,0.015));
#2583=CARTESIAN_POINT('',(0.1745,-0.145,0.015));
#2584=CARTESIAN_POINT('',(0.1745,-0.145,0.015));
#2585=CARTESIAN_POINT('',(0.1745,1.11022302462516E-16,0.015));
#2586=CARTESIAN_POINT('',(0.1755,-0.145,0.015));
#2587=CARTESIAN_POINT('',(0.1765,-0.145,0.015));
#2588=CARTESIAN_POINT('',(0.1765,-0.145,0.015));
#2589=CARTESIAN_POINT('',(0.1755,-0.145,0.015));
#2590=CARTESIAN_POINT('',(0.1765,1.11022302462516E-16,0.015));
#2591=CARTESIAN_POINT('',(0.1765,1.11022302462516E-16,0.015));
#2592=CARTESIAN_POINT('',(0.,0.,0.015));
#2593=CARTESIAN_POINT('',(0.1745,1.11022302462516E-16,0.492));
#2594=CARTESIAN_POINT('',(0.1745,0.145,0.492));
#2595=CARTESIAN_POINT('',(0.1765,1.11022302462516E-16,0.492));
#2596=CARTESIAN_POINT('',(0.1765,0.145,0.492));
#2597=CARTESIAN_POINT('',(0.1755,0.145,0.492));
#2598=CARTESIAN_POINT('',(0.1755,-0.145,0.492));
#2599=CARTESIAN_POINT('',(0.1765,-0.145,0.492));
#2600=CARTESIAN_POINT('',(0.1745,-0.145,0.492));
#2601=CARTESIAN_POINT('',(0.1745,1.11022302462516E-16,0.492));
#2602=CARTESIAN_POINT('',(0.1765,1.11022302462516E-16,0.492));
#2603=CARTESIAN_POINT('',(0.14,0.151,0.01));
#2604=CARTESIAN_POINT('',(0.1475,-0.1355,0.01));
#2605=CARTESIAN_POINT('',(0.1475,-0.1355,0.01));
#2606=CARTESIAN_POINT('',(0.1475,-0.153,0.01));
#2607=CARTESIAN_POINT('',(0.1475,-0.153,0.01));
#2608=CARTESIAN_POINT('',(0.1325,-0.1355,0.01));
#2609=CARTESIAN_POINT('',(0.1325,-0.1355,0.01));
#2610=CARTESIAN_POINT('',(0.1325,-0.153,0.01));
#2611=CARTESIAN_POINT('',(0.1325,-0.153,0.01));
#2612=CARTESIAN_POINT('',(0.14,-0.153,0.01));
#2613=CARTESIAN_POINT('',(0.14,-0.153,0.01));
#2614=CARTESIAN_POINT('',(0.,0.,0.01));
#2615=CARTESIAN_POINT('',(0.1675,0.,0.015));
#2616=CARTESIAN_POINT('',(0.185,0.8375,0.01));
#2617=CARTESIAN_POINT('',(0.115,0.13875,0.01));
#2618=CARTESIAN_POINT('',(0.115,0.1325,0.01));
#2619=CARTESIAN_POINT('',(0.11,0.1325,0.01));
#2620=CARTESIAN_POINT('',(0.105,0.1325,0.01));
#2621=CARTESIAN_POINT('',(0.105,0.8375,0.01));
#2622=CARTESIAN_POINT('',(0.11,0.1525,0.01));
#2623=CARTESIAN_POINT('',(0.1075,0.1525,0.01));
#2624=CARTESIAN_POINT('',(0.11,0.145,0.01));
#2625=CARTESIAN_POINT('',(0.1075,0.145,0.01));
#2626=CARTESIAN_POINT('',(0.11,0.1375,0.01));
#2627=CARTESIAN_POINT('',(0.1075,0.1375,0.01));
#2628=CARTESIAN_POINT('',(0.185,0.8375,0.01));
#2629=CARTESIAN_POINT('',(0.115,-0.13875,0.01));
#2630=CARTESIAN_POINT('',(0.115,-0.1325,0.01));
#2631=CARTESIAN_POINT('',(0.105,0.8375,0.01));
#2632=CARTESIAN_POINT('',(0.105,-0.1325,0.01));
#2633=CARTESIAN_POINT('',(0.11,-0.1325,0.01));
#2634=CARTESIAN_POINT('',(0.11,-0.1525,0.01));
#2635=CARTESIAN_POINT('',(0.1075,-0.1525,0.01));
#2636=CARTESIAN_POINT('',(0.11,-0.145,0.01));
#2637=CARTESIAN_POINT('',(0.1075,-0.145,0.01));
#2638=CARTESIAN_POINT('',(0.11,-0.1375,0.01));
#2639=CARTESIAN_POINT('',(0.1075,-0.1375,0.01));
#2640=CARTESIAN_POINT('',(0.105,0.8375,0.161063114404679));
#2641=CARTESIAN_POINT('',(0.105,-0.1325,0.01));
#2642=CARTESIAN_POINT('',(0.105,0.1325,0.01));
#2643=CARTESIAN_POINT('',(0.11,-0.1525,-0.005));
#2644=CARTESIAN_POINT('',(0.11,-0.145,-0.005));
#2645=CARTESIAN_POINT('',(0.11,0.145,-0.005));
#2646=CARTESIAN_POINT('',(0.11,0.1525,-0.005));
#2647=CARTESIAN_POINT('',(0.11,-0.1375,-0.005));
#2648=CARTESIAN_POINT('',(0.11,0.1375,-0.005));
#2649=CARTESIAN_POINT('',(0.1325,2.77555756156289E-17,0.005));
#2650=CARTESIAN_POINT('',(0.12,-2.77555756156289E-17,0.005));
#2651=CARTESIAN_POINT('',(0.12,-2.77555756156289E-17,0.005));
#2652=CARTESIAN_POINT('',(0.12,-2.77555756156289E-17,0.005));
#2653=CARTESIAN_POINT('',(0.12,-2.77555756156289E-17,0.005));
#2654=CARTESIAN_POINT('',(0.1325,2.77555756156289E-17,0.005));
#2655=CARTESIAN_POINT('',(0.11,0.1325,0.01));
#2656=CARTESIAN_POINT('',(0.115,0.1325,0.01));
#2657=CARTESIAN_POINT('',(0.115,0.13875,0.01));
#2658=CARTESIAN_POINT('',(0.11,-0.1325,0.01));
#2659=CARTESIAN_POINT('',(0.115,-0.1325,0.01));
#2660=CARTESIAN_POINT('',(0.115,-0.13875,0.01));
#2661=MECHANICAL_DESIGN_GEOMETRIC_PRESENTATION_REPRESENTATION('',(#1675),
#2662);
#2662=(
GEOMETRIC_REPRESENTATION_CONTEXT(3)
GLOBAL_UNCERTAINTY_ASSIGNED_CONTEXT((#2663))
GLOBAL_UNIT_ASSIGNED_CONTEXT((#2666,#2665,#2664))
REPRESENTATION_CONTEXT('Part 1','TOP_LEVEL_ASSEMBLY_PART')
);
#2663=UNCERTAINTY_MEASURE_WITH_UNIT(LENGTH_MEASURE(1.E-8),#2666,
'DISTANCE_ACCURACY_VALUE','Maximum Tolerance applied to model');
#2664=(
NAMED_UNIT(*)
SI_UNIT($,.STERADIAN.)
SOLID_ANGLE_UNIT()
);
#2665=(
NAMED_UNIT(*)
PLANE_ANGLE_UNIT()
SI_UNIT($,.RADIAN.)
);
#2666=(
LENGTH_UNIT()
NAMED_UNIT(*)
SI_UNIT($,.METRE.)
);
#2667=PRODUCT_DEFINITION_SHAPE('','',#2668);
#2668=PRODUCT_DEFINITION('','',#2670,#2669);
#2669=PRODUCT_DEFINITION_CONTEXT('',#2676,'design');
#2670=PRODUCT_DEFINITION_FORMATION_WITH_SPECIFIED_SOURCE('','',#2672,
 .NOT_KNOWN.);
#2671=PRODUCT_RELATED_PRODUCT_CATEGORY('','',(#2672));
#2672=PRODUCT('Part 1','Part 1','Part 1',(#2674));
#2673=PRODUCT_CATEGORY('','');
#2674=PRODUCT_CONTEXT('',#2676,'mechanical');
#2675=APPLICATION_PROTOCOL_DEFINITION('international standard',
'ap242_managed_model_based_3d_engineering',2020,#2676);
#2676=APPLICATION_CONTEXT('managed model based 3d engineering');
ENDSEC;
END-ISO-10303-21;
