ISO-10303-21;
HEADER;
/* Generated by software containing ST-Developer
 * from STEP Tools, Inc. (www.steptools.com) 
 */
/* OPTION: using custom renumber hook */

FILE_DESCRIPTION(
/* description */ ('STEP AP242 Edition 2',
'CAx-IF Rec.Pracs.---Representation and Presentation of Product Manufa
cturing Information (PMI)---4.0---2014-10-13',
'CAx-IF Rec.Pracs.---3D Tessellated Geometry---0.4---2014-09-14','2;1',
'CAx-IF Rec.Pracs.---User Defined Attributes---1.5---2016-08-15'),
/* implementation_level */ '2;1');

FILE_NAME(
/* name */ 'Cover part 1',
/* time_stamp */ '2026-06-25T14:42:55Z',
/* author */ (''),
/* organization */ (''),
/* preprocessor_version */ 'ST-DEVELOPER v20',
/* originating_system */ 'ONSHAPE BY PTC INC, 1.216',
/* authorisation */ '  ');

FILE_SCHEMA (('AP242_MANAGED_MODEL_BASED_3D_ENGINEERING_MIM_LF { 1 0 10303 442 3 1 4 }'));
ENDSEC;

DATA;
#10=SHAPE_REPRESENTATION_RELATIONSHIP('','',#2695,#11);
#11=ADVANCED_BREP_SHAPE_REPRESENTATION('',(#2693),#4239);
#12=CIRCLE('',#2715,0.0025);
#13=CIRCLE('',#2716,0.0025);
#14=CIRCLE('',#2718,0.0025);
#15=CIRCLE('',#2719,0.0025);
#16=CIRCLE('',#2721,0.0025);
#17=CIRCLE('',#2722,0.0025);
#18=CIRCLE('',#2724,0.0025);
#19=CIRCLE('',#2725,0.0025);
#20=CIRCLE('',#2727,0.0025);
#21=CIRCLE('',#2728,0.0025);
#22=CIRCLE('',#2730,0.0025);
#23=CIRCLE('',#2731,0.0025);
#24=CIRCLE('',#2735,0.0025);
#25=CIRCLE('',#2737,0.0025);
#26=CIRCLE('',#2738,0.0025);
#27=CIRCLE('',#2755,0.0025);
#28=CYLINDRICAL_SURFACE('',#2714,0.0025);
#29=CYLINDRICAL_SURFACE('',#2717,0.0025);
#30=CYLINDRICAL_SURFACE('',#2720,0.0025);
#31=CYLINDRICAL_SURFACE('',#2723,0.0025);
#32=CYLINDRICAL_SURFACE('',#2726,0.0025);
#33=CYLINDRICAL_SURFACE('',#2729,0.0025);
#34=CYLINDRICAL_SURFACE('',#2736,0.0025);
#35=CYLINDRICAL_SURFACE('',#2754,0.0025);
#36=ORIENTED_EDGE('',*,*,#768,.F.);
#37=ORIENTED_EDGE('',*,*,#769,.F.);
#38=ORIENTED_EDGE('',*,*,#770,.T.);
#39=ORIENTED_EDGE('',*,*,#771,.T.);
#40=ORIENTED_EDGE('',*,*,#772,.T.);
#41=ORIENTED_EDGE('',*,*,#773,.T.);
#42=ORIENTED_EDGE('',*,*,#774,.T.);
#43=ORIENTED_EDGE('',*,*,#775,.T.);
#44=ORIENTED_EDGE('',*,*,#776,.F.);
#45=ORIENTED_EDGE('',*,*,#777,.F.);
#46=ORIENTED_EDGE('',*,*,#778,.T.);
#47=ORIENTED_EDGE('',*,*,#779,.F.);
#48=ORIENTED_EDGE('',*,*,#774,.F.);
#49=ORIENTED_EDGE('',*,*,#780,.T.);
#50=ORIENTED_EDGE('',*,*,#781,.T.);
#51=ORIENTED_EDGE('',*,*,#782,.T.);
#52=ORIENTED_EDGE('',*,*,#783,.F.);
#53=ORIENTED_EDGE('',*,*,#784,.F.);
#54=ORIENTED_EDGE('',*,*,#785,.T.);
#55=ORIENTED_EDGE('',*,*,#786,.F.);
#56=ORIENTED_EDGE('',*,*,#787,.T.);
#57=ORIENTED_EDGE('',*,*,#788,.T.);
#58=ORIENTED_EDGE('',*,*,#789,.F.);
#59=ORIENTED_EDGE('',*,*,#781,.F.);
#60=ORIENTED_EDGE('',*,*,#790,.T.);
#61=ORIENTED_EDGE('',*,*,#791,.T.);
#62=ORIENTED_EDGE('',*,*,#792,.F.);
#63=ORIENTED_EDGE('',*,*,#793,.T.);
#64=ORIENTED_EDGE('',*,*,#792,.T.);
#65=ORIENTED_EDGE('',*,*,#794,.T.);
#66=ORIENTED_EDGE('',*,*,#795,.T.);
#67=ORIENTED_EDGE('',*,*,#796,.T.);
#68=ORIENTED_EDGE('',*,*,#797,.T.);
#69=ORIENTED_EDGE('',*,*,#798,.T.);
#70=ORIENTED_EDGE('',*,*,#799,.T.);
#71=ORIENTED_EDGE('',*,*,#800,.F.);
#72=ORIENTED_EDGE('',*,*,#801,.F.);
#73=ORIENTED_EDGE('',*,*,#802,.F.);
#74=ORIENTED_EDGE('',*,*,#803,.T.);
#75=ORIENTED_EDGE('',*,*,#804,.F.);
#76=ORIENTED_EDGE('',*,*,#805,.F.);
#77=ORIENTED_EDGE('',*,*,#790,.F.);
#78=ORIENTED_EDGE('',*,*,#806,.F.);
#79=ORIENTED_EDGE('',*,*,#785,.F.);
#80=ORIENTED_EDGE('',*,*,#807,.F.);
#81=ORIENTED_EDGE('',*,*,#808,.F.);
#82=ORIENTED_EDGE('',*,*,#779,.T.);
#83=ORIENTED_EDGE('',*,*,#809,.F.);
#84=ORIENTED_EDGE('',*,*,#810,.T.);
#85=ORIENTED_EDGE('',*,*,#811,.T.);
#86=ORIENTED_EDGE('',*,*,#812,.T.);
#87=ORIENTED_EDGE('',*,*,#813,.F.);
#88=ORIENTED_EDGE('',*,*,#814,.F.);
#89=ORIENTED_EDGE('',*,*,#815,.F.);
#90=ORIENTED_EDGE('',*,*,#816,.T.);
#91=ORIENTED_EDGE('',*,*,#817,.T.);
#92=ORIENTED_EDGE('',*,*,#818,.F.);
#93=ORIENTED_EDGE('',*,*,#819,.F.);
#94=ORIENTED_EDGE('',*,*,#820,.T.);
#95=ORIENTED_EDGE('',*,*,#821,.T.);
#96=ORIENTED_EDGE('',*,*,#822,.F.);
#97=ORIENTED_EDGE('',*,*,#823,.F.);
#98=ORIENTED_EDGE('',*,*,#824,.F.);
#99=ORIENTED_EDGE('',*,*,#825,.T.);
#100=ORIENTED_EDGE('',*,*,#826,.F.);
#101=ORIENTED_EDGE('',*,*,#827,.T.);
#102=ORIENTED_EDGE('',*,*,#828,.T.);
#103=ORIENTED_EDGE('',*,*,#829,.F.);
#104=ORIENTED_EDGE('',*,*,#830,.F.);
#105=ORIENTED_EDGE('',*,*,#831,.F.);
#106=ORIENTED_EDGE('',*,*,#832,.F.);
#107=ORIENTED_EDGE('',*,*,#823,.T.);
#108=ORIENTED_EDGE('',*,*,#833,.T.);
#109=ORIENTED_EDGE('',*,*,#834,.T.);
#110=ORIENTED_EDGE('',*,*,#835,.F.);
#111=ORIENTED_EDGE('',*,*,#836,.F.);
#112=ORIENTED_EDGE('',*,*,#837,.T.);
#113=ORIENTED_EDGE('',*,*,#838,.T.);
#114=ORIENTED_EDGE('',*,*,#839,.F.);
#115=ORIENTED_EDGE('',*,*,#840,.F.);
#116=ORIENTED_EDGE('',*,*,#831,.T.);
#117=ORIENTED_EDGE('',*,*,#841,.T.);
#118=ORIENTED_EDGE('',*,*,#842,.F.);
#119=ORIENTED_EDGE('',*,*,#843,.T.);
#120=ORIENTED_EDGE('',*,*,#842,.T.);
#121=ORIENTED_EDGE('',*,*,#844,.T.);
#122=ORIENTED_EDGE('',*,*,#825,.F.);
#123=ORIENTED_EDGE('',*,*,#845,.T.);
#124=ORIENTED_EDGE('',*,*,#846,.T.);
#125=ORIENTED_EDGE('',*,*,#847,.T.);
#126=ORIENTED_EDGE('',*,*,#848,.F.);
#127=ORIENTED_EDGE('',*,*,#849,.F.);
#128=ORIENTED_EDGE('',*,*,#850,.F.);
#129=ORIENTED_EDGE('',*,*,#851,.T.);
#130=ORIENTED_EDGE('',*,*,#852,.T.);
#131=ORIENTED_EDGE('',*,*,#853,.F.);
#132=ORIENTED_EDGE('',*,*,#854,.T.);
#133=ORIENTED_EDGE('',*,*,#855,.F.);
#134=ORIENTED_EDGE('',*,*,#856,.F.);
#135=ORIENTED_EDGE('',*,*,#857,.F.);
#136=ORIENTED_EDGE('',*,*,#858,.F.);
#137=ORIENTED_EDGE('',*,*,#859,.T.);
#138=ORIENTED_EDGE('',*,*,#860,.T.);
#139=ORIENTED_EDGE('',*,*,#861,.F.);
#140=ORIENTED_EDGE('',*,*,#862,.F.);
#141=ORIENTED_EDGE('',*,*,#863,.T.);
#142=ORIENTED_EDGE('',*,*,#771,.F.);
#143=ORIENTED_EDGE('',*,*,#864,.T.);
#144=ORIENTED_EDGE('',*,*,#865,.T.);
#145=ORIENTED_EDGE('',*,*,#866,.T.);
#146=ORIENTED_EDGE('',*,*,#867,.F.);
#147=ORIENTED_EDGE('',*,*,#868,.F.);
#148=ORIENTED_EDGE('',*,*,#869,.F.);
#149=ORIENTED_EDGE('',*,*,#812,.F.);
#150=ORIENTED_EDGE('',*,*,#870,.T.);
#151=ORIENTED_EDGE('',*,*,#871,.T.);
#152=ORIENTED_EDGE('',*,*,#872,.F.);
#153=ORIENTED_EDGE('',*,*,#873,.T.);
#154=ORIENTED_EDGE('',*,*,#874,.T.);
#155=ORIENTED_EDGE('',*,*,#800,.T.);
#156=ORIENTED_EDGE('',*,*,#875,.T.);
#157=ORIENTED_EDGE('',*,*,#876,.T.);
#158=ORIENTED_EDGE('',*,*,#877,.T.);
#159=ORIENTED_EDGE('',*,*,#878,.T.);
#160=ORIENTED_EDGE('',*,*,#879,.T.);
#161=ORIENTED_EDGE('',*,*,#880,.T.);
#162=ORIENTED_EDGE('',*,*,#881,.F.);
#163=ORIENTED_EDGE('',*,*,#882,.F.);
#164=ORIENTED_EDGE('',*,*,#883,.F.);
#165=ORIENTED_EDGE('',*,*,#884,.F.);
#166=ORIENTED_EDGE('',*,*,#885,.F.);
#167=ORIENTED_EDGE('',*,*,#886,.F.);
#168=ORIENTED_EDGE('',*,*,#887,.F.);
#169=ORIENTED_EDGE('',*,*,#888,.T.);
#170=ORIENTED_EDGE('',*,*,#889,.T.);
#171=ORIENTED_EDGE('',*,*,#890,.F.);
#172=ORIENTED_EDGE('',*,*,#891,.T.);
#173=ORIENTED_EDGE('',*,*,#892,.F.);
#174=ORIENTED_EDGE('',*,*,#893,.F.);
#175=ORIENTED_EDGE('',*,*,#894,.T.);
#176=ORIENTED_EDGE('',*,*,#895,.T.);
#177=ORIENTED_EDGE('',*,*,#896,.T.);
#178=ORIENTED_EDGE('',*,*,#897,.F.);
#179=ORIENTED_EDGE('',*,*,#898,.F.);
#180=ORIENTED_EDGE('',*,*,#899,.T.);
#181=ORIENTED_EDGE('',*,*,#900,.F.);
#182=ORIENTED_EDGE('',*,*,#901,.T.);
#183=ORIENTED_EDGE('',*,*,#902,.F.);
#184=ORIENTED_EDGE('',*,*,#903,.F.);
#185=ORIENTED_EDGE('',*,*,#904,.F.);
#186=ORIENTED_EDGE('',*,*,#905,.T.);
#187=ORIENTED_EDGE('',*,*,#906,.T.);
#188=ORIENTED_EDGE('',*,*,#907,.T.);
#189=ORIENTED_EDGE('',*,*,#908,.T.);
#190=ORIENTED_EDGE('',*,*,#909,.T.);
#191=ORIENTED_EDGE('',*,*,#910,.F.);
#192=ORIENTED_EDGE('',*,*,#911,.F.);
#193=ORIENTED_EDGE('',*,*,#912,.T.);
#194=ORIENTED_EDGE('',*,*,#913,.F.);
#195=ORIENTED_EDGE('',*,*,#914,.F.);
#196=ORIENTED_EDGE('',*,*,#915,.T.);
#197=ORIENTED_EDGE('',*,*,#916,.T.);
#198=ORIENTED_EDGE('',*,*,#917,.T.);
#199=ORIENTED_EDGE('',*,*,#918,.T.);
#200=ORIENTED_EDGE('',*,*,#919,.F.);
#201=ORIENTED_EDGE('',*,*,#920,.T.);
#202=ORIENTED_EDGE('',*,*,#921,.F.);
#203=ORIENTED_EDGE('',*,*,#922,.T.);
#204=ORIENTED_EDGE('',*,*,#923,.T.);
#205=ORIENTED_EDGE('',*,*,#920,.F.);
#206=ORIENTED_EDGE('',*,*,#924,.T.);
#207=ORIENTED_EDGE('',*,*,#925,.T.);
#208=ORIENTED_EDGE('',*,*,#922,.F.);
#209=ORIENTED_EDGE('',*,*,#926,.F.);
#210=ORIENTED_EDGE('',*,*,#927,.T.);
#211=ORIENTED_EDGE('',*,*,#928,.T.);
#212=ORIENTED_EDGE('',*,*,#929,.F.);
#213=ORIENTED_EDGE('',*,*,#924,.F.);
#214=ORIENTED_EDGE('',*,*,#930,.T.);
#215=ORIENTED_EDGE('',*,*,#913,.T.);
#216=ORIENTED_EDGE('',*,*,#931,.F.);
#217=ORIENTED_EDGE('',*,*,#928,.F.);
#218=ORIENTED_EDGE('',*,*,#932,.F.);
#219=ORIENTED_EDGE('',*,*,#933,.F.);
#220=ORIENTED_EDGE('',*,*,#915,.F.);
#221=ORIENTED_EDGE('',*,*,#934,.T.);
#222=ORIENTED_EDGE('',*,*,#929,.T.);
#223=ORIENTED_EDGE('',*,*,#931,.T.);
#224=ORIENTED_EDGE('',*,*,#916,.F.);
#225=ORIENTED_EDGE('',*,*,#933,.T.);
#226=ORIENTED_EDGE('',*,*,#935,.F.);
#227=ORIENTED_EDGE('',*,*,#936,.F.);
#228=ORIENTED_EDGE('',*,*,#937,.T.);
#229=ORIENTED_EDGE('',*,*,#938,.F.);
#230=ORIENTED_EDGE('',*,*,#939,.F.);
#231=ORIENTED_EDGE('',*,*,#917,.F.);
#232=ORIENTED_EDGE('',*,*,#923,.F.);
#233=ORIENTED_EDGE('',*,*,#925,.F.);
#234=ORIENTED_EDGE('',*,*,#912,.F.);
#235=ORIENTED_EDGE('',*,*,#940,.F.);
#236=ORIENTED_EDGE('',*,*,#941,.F.);
#237=ORIENTED_EDGE('',*,*,#942,.T.);
#238=ORIENTED_EDGE('',*,*,#910,.T.);
#239=ORIENTED_EDGE('',*,*,#943,.F.);
#240=ORIENTED_EDGE('',*,*,#900,.T.);
#241=ORIENTED_EDGE('',*,*,#942,.F.);
#242=ORIENTED_EDGE('',*,*,#944,.F.);
#243=ORIENTED_EDGE('',*,*,#945,.T.);
#244=ORIENTED_EDGE('',*,*,#946,.T.);
#245=ORIENTED_EDGE('',*,*,#901,.F.);
#246=ORIENTED_EDGE('',*,*,#943,.T.);
#247=ORIENTED_EDGE('',*,*,#947,.T.);
#248=ORIENTED_EDGE('',*,*,#902,.T.);
#249=ORIENTED_EDGE('',*,*,#946,.F.);
#250=ORIENTED_EDGE('',*,*,#948,.F.);
#251=ORIENTED_EDGE('',*,*,#949,.F.);
#252=ORIENTED_EDGE('',*,*,#903,.T.);
#253=ORIENTED_EDGE('',*,*,#947,.F.);
#254=ORIENTED_EDGE('',*,*,#950,.F.);
#255=ORIENTED_EDGE('',*,*,#904,.T.);
#256=ORIENTED_EDGE('',*,*,#949,.T.);
#257=ORIENTED_EDGE('',*,*,#951,.F.);
#258=ORIENTED_EDGE('',*,*,#952,.T.);
#259=ORIENTED_EDGE('',*,*,#953,.T.);
#260=ORIENTED_EDGE('',*,*,#954,.T.);
#261=ORIENTED_EDGE('',*,*,#905,.F.);
#262=ORIENTED_EDGE('',*,*,#952,.F.);
#263=ORIENTED_EDGE('',*,*,#955,.T.);
#264=ORIENTED_EDGE('',*,*,#899,.F.);
#265=ORIENTED_EDGE('',*,*,#956,.T.);
#266=ORIENTED_EDGE('',*,*,#957,.T.);
#267=ORIENTED_EDGE('',*,*,#817,.F.);
#268=ORIENTED_EDGE('',*,*,#958,.F.);
#269=ORIENTED_EDGE('',*,*,#959,.T.);
#270=ORIENTED_EDGE('',*,*,#958,.T.);
#271=ORIENTED_EDGE('',*,*,#816,.F.);
#272=ORIENTED_EDGE('',*,*,#960,.F.);
#273=ORIENTED_EDGE('',*,*,#960,.T.);
#274=ORIENTED_EDGE('',*,*,#815,.T.);
#275=ORIENTED_EDGE('',*,*,#961,.F.);
#276=ORIENTED_EDGE('',*,*,#962,.F.);
#277=ORIENTED_EDGE('',*,*,#961,.T.);
#278=ORIENTED_EDGE('',*,*,#814,.T.);
#279=ORIENTED_EDGE('',*,*,#957,.F.);
#280=ORIENTED_EDGE('',*,*,#963,.F.);
#281=ORIENTED_EDGE('',*,*,#964,.T.);
#282=ORIENTED_EDGE('',*,*,#965,.T.);
#283=ORIENTED_EDGE('',*,*,#821,.F.);
#284=ORIENTED_EDGE('',*,*,#966,.F.);
#285=ORIENTED_EDGE('',*,*,#967,.T.);
#286=ORIENTED_EDGE('',*,*,#966,.T.);
#287=ORIENTED_EDGE('',*,*,#820,.F.);
#288=ORIENTED_EDGE('',*,*,#968,.F.);
#289=ORIENTED_EDGE('',*,*,#968,.T.);
#290=ORIENTED_EDGE('',*,*,#819,.T.);
#291=ORIENTED_EDGE('',*,*,#969,.F.);
#292=ORIENTED_EDGE('',*,*,#970,.F.);
#293=ORIENTED_EDGE('',*,*,#969,.T.);
#294=ORIENTED_EDGE('',*,*,#818,.T.);
#295=ORIENTED_EDGE('',*,*,#965,.F.);
#296=ORIENTED_EDGE('',*,*,#971,.F.);
#297=ORIENTED_EDGE('',*,*,#829,.T.);
#298=ORIENTED_EDGE('',*,*,#972,.T.);
#299=ORIENTED_EDGE('',*,*,#896,.F.);
#300=ORIENTED_EDGE('',*,*,#973,.F.);
#301=ORIENTED_EDGE('',*,*,#974,.T.);
#302=ORIENTED_EDGE('',*,*,#897,.T.);
#303=ORIENTED_EDGE('',*,*,#972,.F.);
#304=ORIENTED_EDGE('',*,*,#828,.F.);
#305=ORIENTED_EDGE('',*,*,#975,.T.);
#306=ORIENTED_EDGE('',*,*,#898,.T.);
#307=ORIENTED_EDGE('',*,*,#974,.F.);
#308=ORIENTED_EDGE('',*,*,#827,.F.);
#309=ORIENTED_EDGE('',*,*,#826,.T.);
#310=ORIENTED_EDGE('',*,*,#973,.T.);
#311=ORIENTED_EDGE('',*,*,#895,.F.);
#312=ORIENTED_EDGE('',*,*,#975,.F.);
#313=ORIENTED_EDGE('',*,*,#840,.T.);
#314=ORIENTED_EDGE('',*,*,#976,.T.);
#315=ORIENTED_EDGE('',*,*,#977,.T.);
#316=ORIENTED_EDGE('',*,*,#978,.F.);
#317=ORIENTED_EDGE('',*,*,#839,.T.);
#318=ORIENTED_EDGE('',*,*,#979,.T.);
#319=ORIENTED_EDGE('',*,*,#980,.T.);
#320=ORIENTED_EDGE('',*,*,#976,.F.);
#321=ORIENTED_EDGE('',*,*,#981,.T.);
#322=ORIENTED_EDGE('',*,*,#982,.F.);
#323=ORIENTED_EDGE('',*,*,#979,.F.);
#324=ORIENTED_EDGE('',*,*,#838,.F.);
#325=ORIENTED_EDGE('',*,*,#978,.T.);
#326=ORIENTED_EDGE('',*,*,#983,.F.);
#327=ORIENTED_EDGE('',*,*,#981,.F.);
#328=ORIENTED_EDGE('',*,*,#837,.F.);
#329=ORIENTED_EDGE('',*,*,#836,.T.);
#330=ORIENTED_EDGE('',*,*,#984,.T.);
#331=ORIENTED_EDGE('',*,*,#985,.T.);
#332=ORIENTED_EDGE('',*,*,#986,.F.);
#333=ORIENTED_EDGE('',*,*,#835,.T.);
#334=ORIENTED_EDGE('',*,*,#987,.T.);
#335=ORIENTED_EDGE('',*,*,#988,.T.);
#336=ORIENTED_EDGE('',*,*,#984,.F.);
#337=ORIENTED_EDGE('',*,*,#989,.T.);
#338=ORIENTED_EDGE('',*,*,#990,.F.);
#339=ORIENTED_EDGE('',*,*,#987,.F.);
#340=ORIENTED_EDGE('',*,*,#834,.F.);
#341=ORIENTED_EDGE('',*,*,#986,.T.);
#342=ORIENTED_EDGE('',*,*,#991,.F.);
#343=ORIENTED_EDGE('',*,*,#989,.F.);
#344=ORIENTED_EDGE('',*,*,#833,.F.);
#345=ORIENTED_EDGE('',*,*,#845,.F.);
#346=ORIENTED_EDGE('',*,*,#824,.T.);
#347=ORIENTED_EDGE('',*,*,#832,.T.);
#348=ORIENTED_EDGE('',*,*,#843,.F.);
#349=ORIENTED_EDGE('',*,*,#992,.T.);
#350=ORIENTED_EDGE('',*,*,#865,.F.);
#351=ORIENTED_EDGE('',*,*,#993,.T.);
#352=ORIENTED_EDGE('',*,*,#994,.F.);
#353=ORIENTED_EDGE('',*,*,#995,.T.);
#354=ORIENTED_EDGE('',*,*,#996,.T.);
#355=ORIENTED_EDGE('',*,*,#993,.F.);
#356=ORIENTED_EDGE('',*,*,#997,.T.);
#357=ORIENTED_EDGE('',*,*,#775,.F.);
#358=ORIENTED_EDGE('',*,*,#782,.F.);
#359=ORIENTED_EDGE('',*,*,#789,.T.);
#360=ORIENTED_EDGE('',*,*,#998,.F.);
#361=ORIENTED_EDGE('',*,*,#999,.F.);
#362=ORIENTED_EDGE('',*,*,#1000,.T.);
#363=ORIENTED_EDGE('',*,*,#1001,.T.);
#364=ORIENTED_EDGE('',*,*,#1002,.T.);
#365=ORIENTED_EDGE('',*,*,#1003,.F.);
#366=ORIENTED_EDGE('',*,*,#889,.F.);
#367=ORIENTED_EDGE('',*,*,#1004,.T.);
#368=ORIENTED_EDGE('',*,*,#1005,.F.);
#369=ORIENTED_EDGE('',*,*,#1006,.F.);
#370=ORIENTED_EDGE('',*,*,#890,.T.);
#371=ORIENTED_EDGE('',*,*,#1003,.T.);
#372=ORIENTED_EDGE('',*,*,#1007,.F.);
#373=ORIENTED_EDGE('',*,*,#1008,.F.);
#374=ORIENTED_EDGE('',*,*,#887,.T.);
#375=ORIENTED_EDGE('',*,*,#1006,.T.);
#376=ORIENTED_EDGE('',*,*,#1009,.T.);
#377=ORIENTED_EDGE('',*,*,#1004,.F.);
#378=ORIENTED_EDGE('',*,*,#888,.F.);
#379=ORIENTED_EDGE('',*,*,#1008,.T.);
#380=ORIENTED_EDGE('',*,*,#1010,.F.);
#381=ORIENTED_EDGE('',*,*,#936,.T.);
#382=ORIENTED_EDGE('',*,*,#1011,.T.);
#383=ORIENTED_EDGE('',*,*,#1012,.F.);
#384=ORIENTED_EDGE('',*,*,#937,.F.);
#385=ORIENTED_EDGE('',*,*,#1010,.T.);
#386=ORIENTED_EDGE('',*,*,#1013,.F.);
#387=ORIENTED_EDGE('',*,*,#1014,.F.);
#388=ORIENTED_EDGE('',*,*,#1015,.F.);
#389=ORIENTED_EDGE('',*,*,#938,.T.);
#390=ORIENTED_EDGE('',*,*,#1014,.T.);
#391=ORIENTED_EDGE('',*,*,#1016,.F.);
#392=ORIENTED_EDGE('',*,*,#918,.F.);
#393=ORIENTED_EDGE('',*,*,#939,.T.);
#394=ORIENTED_EDGE('',*,*,#1015,.T.);
#395=ORIENTED_EDGE('',*,*,#1017,.F.);
#396=ORIENTED_EDGE('',*,*,#1018,.F.);
#397=ORIENTED_EDGE('',*,*,#1019,.T.);
#398=ORIENTED_EDGE('',*,*,#994,.T.);
#399=ORIENTED_EDGE('',*,*,#1020,.T.);
#400=ORIENTED_EDGE('',*,*,#1021,.F.);
#401=ORIENTED_EDGE('',*,*,#1018,.T.);
#402=ORIENTED_EDGE('',*,*,#1022,.F.);
#403=ORIENTED_EDGE('',*,*,#1023,.F.);
#404=ORIENTED_EDGE('',*,*,#1024,.F.);
#405=ORIENTED_EDGE('',*,*,#1025,.T.);
#406=ORIENTED_EDGE('',*,*,#954,.F.);
#407=ORIENTED_EDGE('',*,*,#1026,.F.);
#408=ORIENTED_EDGE('',*,*,#1023,.T.);
#409=ORIENTED_EDGE('',*,*,#1027,.T.);
#410=ORIENTED_EDGE('',*,*,#1028,.F.);
#411=ORIENTED_EDGE('',*,*,#906,.F.);
#412=ORIENTED_EDGE('',*,*,#907,.F.);
#413=ORIENTED_EDGE('',*,*,#1028,.T.);
#414=ORIENTED_EDGE('',*,*,#1029,.T.);
#415=ORIENTED_EDGE('',*,*,#1030,.F.);
#416=ORIENTED_EDGE('',*,*,#908,.F.);
#417=ORIENTED_EDGE('',*,*,#1030,.T.);
#418=ORIENTED_EDGE('',*,*,#1031,.T.);
#419=ORIENTED_EDGE('',*,*,#1032,.F.);
#420=ORIENTED_EDGE('',*,*,#1033,.F.);
#421=ORIENTED_EDGE('',*,*,#1034,.F.);
#422=ORIENTED_EDGE('',*,*,#1035,.T.);
#423=ORIENTED_EDGE('',*,*,#892,.T.);
#424=ORIENTED_EDGE('',*,*,#970,.T.);
#425=ORIENTED_EDGE('',*,*,#971,.T.);
#426=ORIENTED_EDGE('',*,*,#964,.F.);
#427=ORIENTED_EDGE('',*,*,#967,.F.);
#428=ORIENTED_EDGE('',*,*,#962,.T.);
#429=ORIENTED_EDGE('',*,*,#963,.T.);
#430=ORIENTED_EDGE('',*,*,#956,.F.);
#431=ORIENTED_EDGE('',*,*,#959,.F.);
#432=ORIENTED_EDGE('',*,*,#1036,.T.);
#433=ORIENTED_EDGE('',*,*,#1037,.T.);
#434=ORIENTED_EDGE('',*,*,#893,.T.);
#435=ORIENTED_EDGE('',*,*,#1035,.F.);
#436=ORIENTED_EDGE('',*,*,#990,.T.);
#437=ORIENTED_EDGE('',*,*,#991,.T.);
#438=ORIENTED_EDGE('',*,*,#985,.F.);
#439=ORIENTED_EDGE('',*,*,#988,.F.);
#440=ORIENTED_EDGE('',*,*,#1038,.T.);
#441=ORIENTED_EDGE('',*,*,#894,.F.);
#442=ORIENTED_EDGE('',*,*,#1037,.F.);
#443=ORIENTED_EDGE('',*,*,#1039,.T.);
#444=ORIENTED_EDGE('',*,*,#982,.T.);
#445=ORIENTED_EDGE('',*,*,#983,.T.);
#446=ORIENTED_EDGE('',*,*,#977,.F.);
#447=ORIENTED_EDGE('',*,*,#980,.F.);
#448=ORIENTED_EDGE('',*,*,#1040,.F.);
#449=ORIENTED_EDGE('',*,*,#1041,.F.);
#450=ORIENTED_EDGE('',*,*,#940,.T.);
#451=ORIENTED_EDGE('',*,*,#909,.F.);
#452=ORIENTED_EDGE('',*,*,#1032,.T.);
#453=ORIENTED_EDGE('',*,*,#1042,.T.);
#454=ORIENTED_EDGE('',*,*,#1033,.T.);
#455=ORIENTED_EDGE('',*,*,#891,.F.);
#456=ORIENTED_EDGE('',*,*,#1038,.F.);
#457=ORIENTED_EDGE('',*,*,#1043,.T.);
#458=ORIENTED_EDGE('',*,*,#1044,.F.);
#459=ORIENTED_EDGE('',*,*,#1045,.F.);
#460=ORIENTED_EDGE('',*,*,#1020,.F.);
#461=ORIENTED_EDGE('',*,*,#996,.F.);
#462=ORIENTED_EDGE('',*,*,#930,.F.);
#463=ORIENTED_EDGE('',*,*,#927,.F.);
#464=ORIENTED_EDGE('',*,*,#926,.T.);
#465=ORIENTED_EDGE('',*,*,#921,.T.);
#466=ORIENTED_EDGE('',*,*,#919,.T.);
#467=ORIENTED_EDGE('',*,*,#1019,.F.);
#468=ORIENTED_EDGE('',*,*,#1021,.T.);
#469=ORIENTED_EDGE('',*,*,#1045,.T.);
#470=ORIENTED_EDGE('',*,*,#1046,.F.);
#471=ORIENTED_EDGE('',*,*,#1047,.F.);
#472=ORIENTED_EDGE('',*,*,#934,.F.);
#473=ORIENTED_EDGE('',*,*,#914,.T.);
#474=ORIENTED_EDGE('',*,*,#911,.T.);
#475=ORIENTED_EDGE('',*,*,#935,.T.);
#476=ORIENTED_EDGE('',*,*,#932,.T.);
#477=ORIENTED_EDGE('',*,*,#1047,.T.);
#478=ORIENTED_EDGE('',*,*,#1048,.T.);
#479=ORIENTED_EDGE('',*,*,#1049,.F.);
#480=ORIENTED_EDGE('',*,*,#1011,.F.);
#481=ORIENTED_EDGE('',*,*,#955,.F.);
#482=ORIENTED_EDGE('',*,*,#1041,.T.);
#483=ORIENTED_EDGE('',*,*,#1050,.T.);
#484=ORIENTED_EDGE('',*,*,#853,.T.);
#485=ORIENTED_EDGE('',*,*,#1051,.T.);
#486=ORIENTED_EDGE('',*,*,#1024,.T.);
#487=ORIENTED_EDGE('',*,*,#1026,.T.);
#488=ORIENTED_EDGE('',*,*,#953,.F.);
#489=ORIENTED_EDGE('',*,*,#951,.T.);
#490=ORIENTED_EDGE('',*,*,#950,.T.);
#491=ORIENTED_EDGE('',*,*,#948,.T.);
#492=ORIENTED_EDGE('',*,*,#945,.F.);
#493=ORIENTED_EDGE('',*,*,#944,.T.);
#494=ORIENTED_EDGE('',*,*,#941,.T.);
#495=ORIENTED_EDGE('',*,*,#1025,.F.);
#496=ORIENTED_EDGE('',*,*,#1051,.F.);
#497=ORIENTED_EDGE('',*,*,#852,.F.);
#498=ORIENTED_EDGE('',*,*,#1052,.F.);
#499=ORIENTED_EDGE('',*,*,#1052,.T.);
#500=ORIENTED_EDGE('',*,*,#1053,.T.);
#501=ORIENTED_EDGE('',*,*,#992,.F.);
#502=ORIENTED_EDGE('',*,*,#1054,.F.);
#503=ORIENTED_EDGE('',*,*,#1055,.T.);
#504=ORIENTED_EDGE('',*,*,#1056,.T.);
#505=ORIENTED_EDGE('',*,*,#1057,.F.);
#506=ORIENTED_EDGE('',*,*,#1058,.F.);
#507=ORIENTED_EDGE('',*,*,#1059,.T.);
#508=ORIENTED_EDGE('',*,*,#1060,.T.);
#509=ORIENTED_EDGE('',*,*,#1056,.F.);
#510=ORIENTED_EDGE('',*,*,#1061,.F.);
#511=ORIENTED_EDGE('',*,*,#1062,.T.);
#512=ORIENTED_EDGE('',*,*,#1063,.T.);
#513=ORIENTED_EDGE('',*,*,#1059,.F.);
#514=ORIENTED_EDGE('',*,*,#1062,.F.);
#515=ORIENTED_EDGE('',*,*,#1064,.T.);
#516=ORIENTED_EDGE('',*,*,#1054,.T.);
#517=ORIENTED_EDGE('',*,*,#1065,.F.);
#518=ORIENTED_EDGE('',*,*,#1066,.F.);
#519=ORIENTED_EDGE('',*,*,#1067,.T.);
#520=ORIENTED_EDGE('',*,*,#1068,.T.);
#521=ORIENTED_EDGE('',*,*,#1069,.F.);
#522=ORIENTED_EDGE('',*,*,#787,.F.);
#523=ORIENTED_EDGE('',*,*,#1070,.T.);
#524=ORIENTED_EDGE('',*,*,#777,.T.);
#525=ORIENTED_EDGE('',*,*,#1071,.F.);
#526=ORIENTED_EDGE('',*,*,#1072,.F.);
#527=ORIENTED_EDGE('',*,*,#1073,.T.);
#528=ORIENTED_EDGE('',*,*,#1074,.F.);
#529=ORIENTED_EDGE('',*,*,#999,.T.);
#530=ORIENTED_EDGE('',*,*,#1075,.T.);
#531=ORIENTED_EDGE('',*,*,#1068,.F.);
#532=ORIENTED_EDGE('',*,*,#1076,.F.);
#533=ORIENTED_EDGE('',*,*,#795,.F.);
#534=ORIENTED_EDGE('',*,*,#1077,.F.);
#535=ORIENTED_EDGE('',*,*,#1078,.F.);
#536=ORIENTED_EDGE('',*,*,#1000,.F.);
#537=ORIENTED_EDGE('',*,*,#1074,.T.);
#538=ORIENTED_EDGE('',*,*,#1079,.F.);
#539=ORIENTED_EDGE('',*,*,#1080,.T.);
#540=ORIENTED_EDGE('',*,*,#804,.T.);
#541=ORIENTED_EDGE('',*,*,#1081,.T.);
#542=ORIENTED_EDGE('',*,*,#1066,.T.);
#543=ORIENTED_EDGE('',*,*,#1082,.F.);
#544=ORIENTED_EDGE('',*,*,#1001,.F.);
#545=ORIENTED_EDGE('',*,*,#1078,.T.);
#546=ORIENTED_EDGE('',*,*,#1083,.F.);
#547=ORIENTED_EDGE('',*,*,#1084,.T.);
#548=ORIENTED_EDGE('',*,*,#1048,.F.);
#549=ORIENTED_EDGE('',*,*,#1046,.T.);
#550=ORIENTED_EDGE('',*,*,#1044,.T.);
#551=ORIENTED_EDGE('',*,*,#1085,.T.);
#552=ORIENTED_EDGE('',*,*,#1086,.F.);
#553=ORIENTED_EDGE('',*,*,#1043,.F.);
#554=ORIENTED_EDGE('',*,*,#1039,.F.);
#555=ORIENTED_EDGE('',*,*,#1036,.F.);
#556=ORIENTED_EDGE('',*,*,#1034,.T.);
#557=ORIENTED_EDGE('',*,*,#1042,.F.);
#558=ORIENTED_EDGE('',*,*,#1031,.F.);
#559=ORIENTED_EDGE('',*,*,#1029,.F.);
#560=ORIENTED_EDGE('',*,*,#1027,.F.);
#561=ORIENTED_EDGE('',*,*,#1022,.T.);
#562=ORIENTED_EDGE('',*,*,#1017,.T.);
#563=ORIENTED_EDGE('',*,*,#1016,.T.);
#564=ORIENTED_EDGE('',*,*,#1013,.T.);
#565=ORIENTED_EDGE('',*,*,#1012,.T.);
#566=ORIENTED_EDGE('',*,*,#1049,.T.);
#567=ORIENTED_EDGE('',*,*,#1084,.F.);
#568=ORIENTED_EDGE('',*,*,#1009,.F.);
#569=ORIENTED_EDGE('',*,*,#1007,.T.);
#570=ORIENTED_EDGE('',*,*,#1005,.T.);
#571=ORIENTED_EDGE('',*,*,#1002,.F.);
#572=ORIENTED_EDGE('',*,*,#1082,.T.);
#573=ORIENTED_EDGE('',*,*,#1069,.T.);
#574=ORIENTED_EDGE('',*,*,#1075,.F.);
#575=ORIENTED_EDGE('',*,*,#998,.T.);
#576=ORIENTED_EDGE('',*,*,#1065,.T.);
#577=ORIENTED_EDGE('',*,*,#1057,.T.);
#578=ORIENTED_EDGE('',*,*,#1060,.F.);
#579=ORIENTED_EDGE('',*,*,#1063,.F.);
#580=ORIENTED_EDGE('',*,*,#788,.F.);
#581=ORIENTED_EDGE('',*,*,#1071,.T.);
#582=ORIENTED_EDGE('',*,*,#776,.T.);
#583=ORIENTED_EDGE('',*,*,#997,.F.);
#584=ORIENTED_EDGE('',*,*,#1087,.F.);
#585=ORIENTED_EDGE('',*,*,#809,.T.);
#586=ORIENTED_EDGE('',*,*,#778,.F.);
#587=ORIENTED_EDGE('',*,*,#1070,.F.);
#588=ORIENTED_EDGE('',*,*,#786,.T.);
#589=ORIENTED_EDGE('',*,*,#806,.T.);
#590=ORIENTED_EDGE('',*,*,#793,.F.);
#591=ORIENTED_EDGE('',*,*,#796,.F.);
#592=ORIENTED_EDGE('',*,*,#1076,.T.);
#593=ORIENTED_EDGE('',*,*,#1067,.F.);
#594=ORIENTED_EDGE('',*,*,#1081,.F.);
#595=ORIENTED_EDGE('',*,*,#803,.F.);
#596=ORIENTED_EDGE('',*,*,#1064,.F.);
#597=ORIENTED_EDGE('',*,*,#1061,.T.);
#598=ORIENTED_EDGE('',*,*,#1058,.T.);
#599=ORIENTED_EDGE('',*,*,#1055,.F.);
#600=ORIENTED_EDGE('',*,*,#1088,.F.);
#601=ORIENTED_EDGE('',*,*,#866,.F.);
#602=ORIENTED_EDGE('',*,*,#1053,.F.);
#603=ORIENTED_EDGE('',*,*,#851,.F.);
#604=ORIENTED_EDGE('',*,*,#1089,.F.);
#605=ORIENTED_EDGE('',*,*,#873,.F.);
#606=ORIENTED_EDGE('',*,*,#1090,.T.);
#607=ORIENTED_EDGE('',*,*,#850,.T.);
#608=ORIENTED_EDGE('',*,*,#1050,.F.);
#609=ORIENTED_EDGE('',*,*,#1040,.T.);
#610=ORIENTED_EDGE('',*,*,#1086,.T.);
#611=ORIENTED_EDGE('',*,*,#1083,.T.);
#612=ORIENTED_EDGE('',*,*,#1091,.F.);
#613=ORIENTED_EDGE('',*,*,#810,.F.);
#614=ORIENTED_EDGE('',*,*,#1087,.T.);
#615=ORIENTED_EDGE('',*,*,#802,.T.);
#616=ORIENTED_EDGE('',*,*,#1092,.F.);
#617=ORIENTED_EDGE('',*,*,#770,.F.);
#618=ORIENTED_EDGE('',*,*,#1093,.T.);
#619=ORIENTED_EDGE('',*,*,#871,.F.);
#620=ORIENTED_EDGE('',*,*,#1094,.F.);
#621=ORIENTED_EDGE('',*,*,#1085,.F.);
#622=ORIENTED_EDGE('',*,*,#995,.F.);
#623=ORIENTED_EDGE('',*,*,#864,.F.);
#624=ORIENTED_EDGE('',*,*,#885,.T.);
#625=ORIENTED_EDGE('',*,*,#883,.T.);
#626=ORIENTED_EDGE('',*,*,#881,.T.);
#627=ORIENTED_EDGE('',*,*,#1091,.T.);
#628=ORIENTED_EDGE('',*,*,#1094,.T.);
#629=ORIENTED_EDGE('',*,*,#870,.F.);
#630=ORIENTED_EDGE('',*,*,#811,.F.);
#631=ORIENTED_EDGE('',*,*,#879,.F.);
#632=ORIENTED_EDGE('',*,*,#877,.F.);
#633=ORIENTED_EDGE('',*,*,#875,.F.);
#634=ORIENTED_EDGE('',*,*,#1089,.T.);
#635=ORIENTED_EDGE('',*,*,#1092,.T.);
#636=ORIENTED_EDGE('',*,*,#801,.T.);
#637=ORIENTED_EDGE('',*,*,#874,.F.);
#638=ORIENTED_EDGE('',*,*,#882,.T.);
#639=ORIENTED_EDGE('',*,*,#884,.T.);
#640=ORIENTED_EDGE('',*,*,#886,.T.);
#641=ORIENTED_EDGE('',*,*,#813,.T.);
#642=ORIENTED_EDGE('',*,*,#869,.T.);
#643=ORIENTED_EDGE('',*,*,#1093,.F.);
#644=ORIENTED_EDGE('',*,*,#769,.T.);
#645=ORIENTED_EDGE('',*,*,#1095,.T.);
#646=ORIENTED_EDGE('',*,*,#1096,.T.);
#647=ORIENTED_EDGE('',*,*,#1097,.T.);
#648=ORIENTED_EDGE('',*,*,#1090,.F.);
#649=ORIENTED_EDGE('',*,*,#872,.T.);
#650=ORIENTED_EDGE('',*,*,#799,.F.);
#651=ORIENTED_EDGE('',*,*,#876,.F.);
#652=ORIENTED_EDGE('',*,*,#878,.F.);
#653=ORIENTED_EDGE('',*,*,#880,.F.);
#654=ORIENTED_EDGE('',*,*,#1097,.F.);
#655=ORIENTED_EDGE('',*,*,#1098,.T.);
#656=ORIENTED_EDGE('',*,*,#867,.T.);
#657=ORIENTED_EDGE('',*,*,#1088,.T.);
#658=ORIENTED_EDGE('',*,*,#1099,.F.);
#659=ORIENTED_EDGE('',*,*,#1100,.T.);
#660=ORIENTED_EDGE('',*,*,#1101,.T.);
#661=ORIENTED_EDGE('',*,*,#1102,.F.);
#662=ORIENTED_EDGE('',*,*,#822,.T.);
#663=ORIENTED_EDGE('',*,*,#844,.F.);
#664=ORIENTED_EDGE('',*,*,#841,.F.);
#665=ORIENTED_EDGE('',*,*,#830,.T.);
#666=ORIENTED_EDGE('',*,*,#846,.F.);
#667=ORIENTED_EDGE('',*,*,#1103,.F.);
#668=ORIENTED_EDGE('',*,*,#1099,.T.);
#669=ORIENTED_EDGE('',*,*,#1104,.T.);
#670=ORIENTED_EDGE('',*,*,#849,.T.);
#671=ORIENTED_EDGE('',*,*,#1105,.F.);
#672=ORIENTED_EDGE('',*,*,#1100,.F.);
#673=ORIENTED_EDGE('',*,*,#1103,.T.);
#674=ORIENTED_EDGE('',*,*,#848,.T.);
#675=ORIENTED_EDGE('',*,*,#1106,.F.);
#676=ORIENTED_EDGE('',*,*,#1101,.F.);
#677=ORIENTED_EDGE('',*,*,#1105,.T.);
#678=ORIENTED_EDGE('',*,*,#847,.F.);
#679=ORIENTED_EDGE('',*,*,#1104,.F.);
#680=ORIENTED_EDGE('',*,*,#1102,.T.);
#681=ORIENTED_EDGE('',*,*,#1106,.T.);
#682=ORIENTED_EDGE('',*,*,#854,.F.);
#683=ORIENTED_EDGE('',*,*,#1107,.F.);
#684=ORIENTED_EDGE('',*,*,#1108,.T.);
#685=ORIENTED_EDGE('',*,*,#1109,.T.);
#686=ORIENTED_EDGE('',*,*,#861,.T.);
#687=ORIENTED_EDGE('',*,*,#1110,.F.);
#688=ORIENTED_EDGE('',*,*,#1111,.F.);
#689=ORIENTED_EDGE('',*,*,#1107,.T.);
#690=ORIENTED_EDGE('',*,*,#860,.F.);
#691=ORIENTED_EDGE('',*,*,#1112,.F.);
#692=ORIENTED_EDGE('',*,*,#1113,.T.);
#693=ORIENTED_EDGE('',*,*,#1110,.T.);
#694=ORIENTED_EDGE('',*,*,#859,.F.);
#695=ORIENTED_EDGE('',*,*,#1114,.F.);
#696=ORIENTED_EDGE('',*,*,#1115,.T.);
#697=ORIENTED_EDGE('',*,*,#1112,.T.);
#698=ORIENTED_EDGE('',*,*,#858,.T.);
#699=ORIENTED_EDGE('',*,*,#1116,.F.);
#700=ORIENTED_EDGE('',*,*,#1117,.F.);
#701=ORIENTED_EDGE('',*,*,#1114,.T.);
#702=ORIENTED_EDGE('',*,*,#857,.T.);
#703=ORIENTED_EDGE('',*,*,#1118,.F.);
#704=ORIENTED_EDGE('',*,*,#1119,.F.);
#705=ORIENTED_EDGE('',*,*,#1116,.T.);
#706=ORIENTED_EDGE('',*,*,#856,.T.);
#707=ORIENTED_EDGE('',*,*,#1120,.F.);
#708=ORIENTED_EDGE('',*,*,#1121,.F.);
#709=ORIENTED_EDGE('',*,*,#1118,.T.);
#710=ORIENTED_EDGE('',*,*,#855,.T.);
#711=ORIENTED_EDGE('',*,*,#1109,.F.);
#712=ORIENTED_EDGE('',*,*,#1122,.F.);
#713=ORIENTED_EDGE('',*,*,#1120,.T.);
#714=ORIENTED_EDGE('',*,*,#1108,.F.);
#715=ORIENTED_EDGE('',*,*,#1111,.T.);
#716=ORIENTED_EDGE('',*,*,#1113,.F.);
#717=ORIENTED_EDGE('',*,*,#1115,.F.);
#718=ORIENTED_EDGE('',*,*,#1117,.T.);
#719=ORIENTED_EDGE('',*,*,#1119,.T.);
#720=ORIENTED_EDGE('',*,*,#1121,.T.);
#721=ORIENTED_EDGE('',*,*,#1122,.T.);
#722=ORIENTED_EDGE('',*,*,#1123,.F.);
#723=ORIENTED_EDGE('',*,*,#1124,.T.);
#724=ORIENTED_EDGE('',*,*,#868,.T.);
#725=ORIENTED_EDGE('',*,*,#1098,.F.);
#726=ORIENTED_EDGE('',*,*,#1125,.F.);
#727=ORIENTED_EDGE('',*,*,#1126,.F.);
#728=ORIENTED_EDGE('',*,*,#1079,.T.);
#729=ORIENTED_EDGE('',*,*,#1077,.T.);
#730=ORIENTED_EDGE('',*,*,#1073,.F.);
#731=ORIENTED_EDGE('',*,*,#1127,.F.);
#732=ORIENTED_EDGE('',*,*,#1128,.T.);
#733=ORIENTED_EDGE('',*,*,#807,.T.);
#734=ORIENTED_EDGE('',*,*,#1095,.F.);
#735=ORIENTED_EDGE('',*,*,#1072,.T.);
#736=ORIENTED_EDGE('',*,*,#794,.F.);
#737=ORIENTED_EDGE('',*,*,#791,.F.);
#738=ORIENTED_EDGE('',*,*,#805,.T.);
#739=ORIENTED_EDGE('',*,*,#784,.T.);
#740=ORIENTED_EDGE('',*,*,#1129,.F.);
#741=ORIENTED_EDGE('',*,*,#1130,.T.);
#742=ORIENTED_EDGE('',*,*,#1123,.T.);
#743=ORIENTED_EDGE('',*,*,#1126,.T.);
#744=ORIENTED_EDGE('',*,*,#1131,.F.);
#745=ORIENTED_EDGE('',*,*,#797,.F.);
#746=ORIENTED_EDGE('',*,*,#1080,.F.);
#747=ORIENTED_EDGE('',*,*,#798,.F.);
#748=ORIENTED_EDGE('',*,*,#1131,.T.);
#749=ORIENTED_EDGE('',*,*,#1125,.T.);
#750=ORIENTED_EDGE('',*,*,#1096,.F.);
#751=ORIENTED_EDGE('',*,*,#1132,.T.);
#752=ORIENTED_EDGE('',*,*,#1127,.T.);
#753=ORIENTED_EDGE('',*,*,#768,.T.);
#754=ORIENTED_EDGE('',*,*,#863,.F.);
#755=ORIENTED_EDGE('',*,*,#1133,.F.);
#756=ORIENTED_EDGE('',*,*,#1129,.T.);
#757=ORIENTED_EDGE('',*,*,#783,.T.);
#758=ORIENTED_EDGE('',*,*,#780,.F.);
#759=ORIENTED_EDGE('',*,*,#773,.F.);
#760=ORIENTED_EDGE('',*,*,#862,.T.);
#761=ORIENTED_EDGE('',*,*,#1124,.F.);
#762=ORIENTED_EDGE('',*,*,#1130,.F.);
#763=ORIENTED_EDGE('',*,*,#1133,.T.);
#764=ORIENTED_EDGE('',*,*,#808,.T.);
#765=ORIENTED_EDGE('',*,*,#1128,.F.);
#766=ORIENTED_EDGE('',*,*,#1132,.F.);
#767=ORIENTED_EDGE('',*,*,#772,.F.);
#768=EDGE_CURVE('',#1134,#1135,#1380,.T.);
#769=EDGE_CURVE('',#1136,#1134,#1381,.T.);
#770=EDGE_CURVE('',#1136,#1137,#1382,.T.);
#771=EDGE_CURVE('',#1137,#1135,#1383,.T.);
#772=EDGE_CURVE('',#1138,#1139,#1384,.T.);
#773=EDGE_CURVE('',#1139,#1140,#1385,.T.);
#774=EDGE_CURVE('',#1140,#1141,#1386,.T.);
#775=EDGE_CURVE('',#1141,#1142,#1387,.T.);
#776=EDGE_CURVE('',#1143,#1142,#1388,.T.);
#777=EDGE_CURVE('',#1144,#1143,#1389,.T.);
#778=EDGE_CURVE('',#1144,#1145,#1390,.T.);
#779=EDGE_CURVE('',#1138,#1145,#1391,.T.);
#780=EDGE_CURVE('',#1140,#1146,#1392,.T.);
#781=EDGE_CURVE('',#1146,#1147,#1393,.T.);
#782=EDGE_CURVE('',#1147,#1141,#1394,.T.);
#783=EDGE_CURVE('',#1148,#1146,#1395,.T.);
#784=EDGE_CURVE('',#1149,#1148,#1396,.T.);
#785=EDGE_CURVE('',#1149,#1150,#1397,.T.);
#786=EDGE_CURVE('',#1151,#1150,#1398,.T.);
#787=EDGE_CURVE('',#1151,#1152,#1399,.T.);
#788=EDGE_CURVE('',#1152,#1153,#1400,.T.);
#789=EDGE_CURVE('',#1147,#1153,#1401,.T.);
#790=EDGE_CURVE('',#1154,#1155,#1402,.T.);
#791=EDGE_CURVE('',#1155,#1156,#1403,.T.);
#792=EDGE_CURVE('',#1157,#1156,#1404,.T.);
#793=EDGE_CURVE('',#1157,#1154,#1405,.T.);
#794=EDGE_CURVE('',#1156,#1158,#1406,.T.);
#795=EDGE_CURVE('',#1158,#1159,#1407,.T.);
#796=EDGE_CURVE('',#1159,#1157,#1408,.T.);
#797=EDGE_CURVE('',#1160,#1161,#1409,.T.);
#798=EDGE_CURVE('',#1161,#1162,#1410,.T.);
#799=EDGE_CURVE('',#1162,#1163,#1411,.T.);
#800=EDGE_CURVE('',#1164,#1163,#1412,.T.);
#801=EDGE_CURVE('',#1165,#1164,#1413,.T.);
#802=EDGE_CURVE('',#1166,#1165,#1414,.T.);
#803=EDGE_CURVE('',#1166,#1167,#1415,.T.);
#804=EDGE_CURVE('',#1160,#1167,#1416,.T.);
#805=EDGE_CURVE('',#1155,#1149,#1417,.T.);
#806=EDGE_CURVE('',#1150,#1154,#1418,.T.);
#807=EDGE_CURVE('',#1168,#1169,#1419,.T.);
#808=EDGE_CURVE('',#1138,#1168,#1420,.T.);
#809=EDGE_CURVE('',#1170,#1145,#1421,.T.);
#810=EDGE_CURVE('',#1170,#1171,#1422,.T.);
#811=EDGE_CURVE('',#1171,#1172,#1423,.T.);
#812=EDGE_CURVE('',#1172,#1173,#1424,.T.);
#813=EDGE_CURVE('',#1169,#1173,#1425,.T.);
#814=EDGE_CURVE('',#1174,#1175,#1426,.T.);
#815=EDGE_CURVE('',#1176,#1174,#1427,.T.);
#816=EDGE_CURVE('',#1176,#1177,#1428,.T.);
#817=EDGE_CURVE('',#1177,#1175,#1429,.T.);
#818=EDGE_CURVE('',#1178,#1179,#1430,.T.);
#819=EDGE_CURVE('',#1180,#1178,#1431,.T.);
#820=EDGE_CURVE('',#1180,#1181,#1432,.T.);
#821=EDGE_CURVE('',#1181,#1179,#1433,.T.);
#822=EDGE_CURVE('',#1182,#1183,#1434,.T.);
#823=EDGE_CURVE('',#1184,#1182,#1435,.T.);
#824=EDGE_CURVE('',#1185,#1184,#1436,.T.);
#825=EDGE_CURVE('',#1185,#1183,#1437,.T.);
#826=EDGE_CURVE('',#1186,#1187,#1438,.T.);
#827=EDGE_CURVE('',#1186,#1188,#1439,.T.);
#828=EDGE_CURVE('',#1188,#1189,#1440,.T.);
#829=EDGE_CURVE('',#1187,#1189,#1441,.T.);
#830=EDGE_CURVE('',#1190,#1182,#1442,.T.);
#831=EDGE_CURVE('',#1191,#1190,#1443,.T.);
#832=EDGE_CURVE('',#1184,#1191,#1444,.T.);
#833=EDGE_CURVE('',#1192,#1193,#1445,.T.);
#834=EDGE_CURVE('',#1193,#1194,#1446,.T.);
#835=EDGE_CURVE('',#1195,#1194,#1447,.T.);
#836=EDGE_CURVE('',#1192,#1195,#1448,.T.);
#837=EDGE_CURVE('',#1196,#1197,#1449,.T.);
#838=EDGE_CURVE('',#1197,#1198,#1450,.T.);
#839=EDGE_CURVE('',#1199,#1198,#1451,.T.);
#840=EDGE_CURVE('',#1196,#1199,#1452,.T.);
#841=EDGE_CURVE('',#1190,#1200,#1453,.T.);
#842=EDGE_CURVE('',#1201,#1200,#1454,.T.);
#843=EDGE_CURVE('',#1201,#1191,#1455,.T.);
#844=EDGE_CURVE('',#1200,#1183,#1456,.T.);
#845=EDGE_CURVE('',#1185,#1201,#1457,.T.);
#846=EDGE_CURVE('',#1202,#1203,#1458,.T.);
#847=EDGE_CURVE('',#1203,#1204,#1459,.T.);
#848=EDGE_CURVE('',#1205,#1204,#1460,.T.);
#849=EDGE_CURVE('',#1202,#1205,#1461,.T.);
#850=EDGE_CURVE('',#1206,#1207,#1462,.T.);
#851=EDGE_CURVE('',#1206,#1208,#1463,.T.);
#852=EDGE_CURVE('',#1208,#1209,#1464,.T.);
#853=EDGE_CURVE('',#1207,#1209,#1465,.T.);
#854=EDGE_CURVE('',#1210,#1211,#1466,.T.);
#855=EDGE_CURVE('',#1212,#1211,#1467,.T.);
#856=EDGE_CURVE('',#1213,#1212,#1468,.T.);
#857=EDGE_CURVE('',#1214,#1213,#1469,.T.);
#858=EDGE_CURVE('',#1215,#1214,#1470,.T.);
#859=EDGE_CURVE('',#1215,#1216,#1471,.T.);
#860=EDGE_CURVE('',#1216,#1217,#1472,.T.);
#861=EDGE_CURVE('',#1210,#1217,#1473,.T.);
#862=EDGE_CURVE('',#1218,#1219,#1474,.T.);
#863=EDGE_CURVE('',#1218,#1135,#1475,.T.);
#864=EDGE_CURVE('',#1137,#1220,#1476,.T.);
#865=EDGE_CURVE('',#1220,#1221,#1477,.T.);
#866=EDGE_CURVE('',#1221,#1222,#1478,.T.);
#867=EDGE_CURVE('',#1223,#1222,#1479,.T.);
#868=EDGE_CURVE('',#1219,#1223,#1480,.T.);
#869=EDGE_CURVE('',#1173,#1224,#1481,.T.);
#870=EDGE_CURVE('',#1172,#1225,#1482,.T.);
#871=EDGE_CURVE('',#1225,#1224,#1483,.T.);
#872=EDGE_CURVE('',#1226,#1163,#1484,.T.);
#873=EDGE_CURVE('',#1226,#1227,#1485,.F.);
#874=EDGE_CURVE('',#1227,#1164,#1486,.T.);
#875=EDGE_CURVE('',#1228,#1228,#12,.F.);
#876=EDGE_CURVE('',#1229,#1229,#13,.T.);
#877=EDGE_CURVE('',#1230,#1230,#14,.F.);
#878=EDGE_CURVE('',#1231,#1231,#15,.T.);
#879=EDGE_CURVE('',#1232,#1232,#16,.F.);
#880=EDGE_CURVE('',#1233,#1233,#17,.T.);
#881=EDGE_CURVE('',#1234,#1234,#18,.T.);
#882=EDGE_CURVE('',#1235,#1235,#19,.F.);
#883=EDGE_CURVE('',#1236,#1236,#20,.T.);
#884=EDGE_CURVE('',#1237,#1237,#21,.F.);
#885=EDGE_CURVE('',#1238,#1238,#22,.T.);
#886=EDGE_CURVE('',#1239,#1239,#23,.F.);
#887=EDGE_CURVE('',#1240,#1241,#1487,.T.);
#888=EDGE_CURVE('',#1240,#1242,#1488,.T.);
#889=EDGE_CURVE('',#1242,#1243,#1489,.T.);
#890=EDGE_CURVE('',#1241,#1243,#1490,.T.);
#891=EDGE_CURVE('',#1244,#1245,#1491,.T.);
#892=EDGE_CURVE('',#1246,#1245,#1492,.T.);
#893=EDGE_CURVE('',#1247,#1246,#1493,.T.);
#894=EDGE_CURVE('',#1247,#1244,#1494,.T.);
#895=EDGE_CURVE('',#1248,#1249,#1495,.T.);
#896=EDGE_CURVE('',#1249,#1250,#1496,.T.);
#897=EDGE_CURVE('',#1251,#1250,#1497,.T.);
#898=EDGE_CURVE('',#1248,#1251,#1498,.T.);
#899=EDGE_CURVE('',#1252,#1252,#24,.T.);
#900=EDGE_CURVE('',#1253,#1254,#1499,.T.);
#901=EDGE_CURVE('',#1253,#1255,#1500,.T.);
#902=EDGE_CURVE('',#1256,#1255,#1501,.T.);
#903=EDGE_CURVE('',#1257,#1256,#1502,.T.);
#904=EDGE_CURVE('',#1258,#1257,#1503,.T.);
#905=EDGE_CURVE('',#1258,#1259,#1504,.T.);
#906=EDGE_CURVE('',#1259,#1260,#1505,.T.);
#907=EDGE_CURVE('',#1260,#1261,#1506,.T.);
#908=EDGE_CURVE('',#1261,#1262,#1507,.T.);
#909=EDGE_CURVE('',#1262,#1263,#1508,.T.);
#910=EDGE_CURVE('',#1254,#1263,#1509,.T.);
#911=EDGE_CURVE('',#1264,#1264,#25,.T.);
#912=EDGE_CURVE('',#1265,#1265,#26,.F.);
#913=EDGE_CURVE('',#1266,#1267,#1510,.T.);
#914=EDGE_CURVE('',#1268,#1266,#1511,.T.);
#915=EDGE_CURVE('',#1268,#1269,#1512,.T.);
#916=EDGE_CURVE('',#1269,#1267,#1513,.T.);
#917=EDGE_CURVE('',#1270,#1271,#1514,.T.);
#918=EDGE_CURVE('',#1271,#1272,#1515,.T.);
#919=EDGE_CURVE('',#1273,#1272,#1516,.T.);
#920=EDGE_CURVE('',#1273,#1270,#1517,.T.);
#921=EDGE_CURVE('',#1274,#1273,#1518,.T.);
#922=EDGE_CURVE('',#1274,#1275,#1519,.T.);
#923=EDGE_CURVE('',#1275,#1270,#1520,.T.);
#924=EDGE_CURVE('',#1276,#1277,#1521,.T.);
#925=EDGE_CURVE('',#1277,#1275,#1522,.T.);
#926=EDGE_CURVE('',#1276,#1274,#1523,.T.);
#927=EDGE_CURVE('',#1276,#1278,#1524,.T.);
#928=EDGE_CURVE('',#1278,#1279,#1525,.T.);
#929=EDGE_CURVE('',#1277,#1279,#1526,.T.);
#930=EDGE_CURVE('',#1278,#1266,#1527,.T.);
#931=EDGE_CURVE('',#1279,#1267,#1528,.T.);
#932=EDGE_CURVE('',#1280,#1281,#1529,.T.);
#933=EDGE_CURVE('',#1269,#1280,#1530,.T.);
#934=EDGE_CURVE('',#1268,#1281,#1531,.T.);
#935=EDGE_CURVE('',#1282,#1280,#1532,.T.);
#936=EDGE_CURVE('',#1283,#1282,#1533,.T.);
#937=EDGE_CURVE('',#1283,#1284,#1534,.T.);
#938=EDGE_CURVE('',#1285,#1284,#1535,.T.);
#939=EDGE_CURVE('',#1271,#1285,#1536,.T.);
#940=EDGE_CURVE('',#1286,#1263,#1537,.T.);
#941=EDGE_CURVE('',#1287,#1286,#1538,.T.);
#942=EDGE_CURVE('',#1287,#1254,#1539,.T.);
#943=EDGE_CURVE('',#1253,#1288,#1540,.T.);
#944=EDGE_CURVE('',#1288,#1287,#1541,.T.);
#945=EDGE_CURVE('',#1288,#1289,#1542,.T.);
#946=EDGE_CURVE('',#1289,#1255,#1543,.T.);
#947=EDGE_CURVE('',#1290,#1256,#1544,.T.);
#948=EDGE_CURVE('',#1290,#1289,#1545,.T.);
#949=EDGE_CURVE('',#1257,#1291,#1546,.T.);
#950=EDGE_CURVE('',#1291,#1290,#1547,.T.);
#951=EDGE_CURVE('',#1292,#1291,#1548,.T.);
#952=EDGE_CURVE('',#1292,#1258,#1549,.T.);
#953=EDGE_CURVE('',#1292,#1293,#1550,.T.);
#954=EDGE_CURVE('',#1293,#1259,#1551,.T.);
#955=EDGE_CURVE('',#1294,#1294,#27,.T.);
#956=EDGE_CURVE('',#1295,#1296,#1552,.T.);
#957=EDGE_CURVE('',#1296,#1175,#1553,.T.);
#958=EDGE_CURVE('',#1295,#1177,#1554,.T.);
#959=EDGE_CURVE('',#1297,#1295,#1555,.T.);
#960=EDGE_CURVE('',#1297,#1176,#1556,.T.);
#961=EDGE_CURVE('',#1298,#1174,#1557,.T.);
#962=EDGE_CURVE('',#1297,#1298,#1558,.T.);
#963=EDGE_CURVE('',#1298,#1296,#1559,.T.);
#964=EDGE_CURVE('',#1299,#1300,#1560,.T.);
#965=EDGE_CURVE('',#1300,#1179,#1561,.T.);
#966=EDGE_CURVE('',#1299,#1181,#1562,.T.);
#967=EDGE_CURVE('',#1301,#1299,#1563,.T.);
#968=EDGE_CURVE('',#1301,#1180,#1564,.T.);
#969=EDGE_CURVE('',#1302,#1178,#1565,.T.);
#970=EDGE_CURVE('',#1301,#1302,#1566,.T.);
#971=EDGE_CURVE('',#1302,#1300,#1567,.T.);
#972=EDGE_CURVE('',#1189,#1250,#1568,.T.);
#973=EDGE_CURVE('',#1187,#1249,#1569,.T.);
#974=EDGE_CURVE('',#1188,#1251,#1570,.T.);
#975=EDGE_CURVE('',#1186,#1248,#1571,.T.);
#976=EDGE_CURVE('',#1199,#1303,#1572,.T.);
#977=EDGE_CURVE('',#1303,#1304,#1573,.T.);
#978=EDGE_CURVE('',#1196,#1304,#1574,.T.);
#979=EDGE_CURVE('',#1198,#1305,#1575,.T.);
#980=EDGE_CURVE('',#1305,#1303,#1576,.T.);
#981=EDGE_CURVE('',#1197,#1306,#1577,.T.);
#982=EDGE_CURVE('',#1305,#1306,#1578,.T.);
#983=EDGE_CURVE('',#1306,#1304,#1579,.T.);
#984=EDGE_CURVE('',#1195,#1307,#1580,.T.);
#985=EDGE_CURVE('',#1307,#1308,#1581,.T.);
#986=EDGE_CURVE('',#1192,#1308,#1582,.T.);
#987=EDGE_CURVE('',#1194,#1309,#1583,.T.);
#988=EDGE_CURVE('',#1309,#1307,#1584,.T.);
#989=EDGE_CURVE('',#1193,#1310,#1585,.T.);
#990=EDGE_CURVE('',#1309,#1310,#1586,.T.);
#991=EDGE_CURVE('',#1310,#1308,#1587,.T.);
#992=EDGE_CURVE('',#1311,#1221,#1588,.T.);
#993=EDGE_CURVE('',#1220,#1312,#1589,.T.);
#994=EDGE_CURVE('',#1311,#1312,#1590,.T.);
#995=EDGE_CURVE('',#1220,#1313,#1591,.T.);
#996=EDGE_CURVE('',#1313,#1312,#1592,.T.);
#997=EDGE_CURVE('',#1153,#1142,#1593,.T.);
#998=EDGE_CURVE('',#1314,#1315,#1594,.T.);
#999=EDGE_CURVE('',#1316,#1314,#1595,.T.);
#1000=EDGE_CURVE('',#1316,#1317,#1596,.T.);
#1001=EDGE_CURVE('',#1317,#1315,#1597,.T.);
#1002=EDGE_CURVE('',#1318,#1319,#1598,.T.);
#1003=EDGE_CURVE('',#1243,#1319,#1599,.T.);
#1004=EDGE_CURVE('',#1242,#1318,#1600,.T.);
#1005=EDGE_CURVE('',#1320,#1319,#1601,.T.);
#1006=EDGE_CURVE('',#1241,#1320,#1602,.T.);
#1007=EDGE_CURVE('',#1321,#1320,#1603,.T.);
#1008=EDGE_CURVE('',#1240,#1321,#1604,.T.);
#1009=EDGE_CURVE('',#1321,#1318,#1605,.T.);
#1010=EDGE_CURVE('',#1283,#1322,#1606,.T.);
#1011=EDGE_CURVE('',#1282,#1323,#1607,.T.);
#1012=EDGE_CURVE('',#1322,#1323,#1608,.T.);
#1013=EDGE_CURVE('',#1324,#1322,#1609,.T.);
#1014=EDGE_CURVE('',#1284,#1324,#1610,.T.);
#1015=EDGE_CURVE('',#1285,#1325,#1611,.T.);
#1016=EDGE_CURVE('',#1325,#1324,#1612,.T.);
#1017=EDGE_CURVE('',#1326,#1325,#1613,.T.);
#1018=EDGE_CURVE('',#1327,#1326,#1614,.T.);
#1019=EDGE_CURVE('',#1327,#1272,#1615,.T.);
#1020=EDGE_CURVE('',#1312,#1328,#1616,.T.);
#1021=EDGE_CURVE('',#1327,#1328,#1617,.T.);
#1022=EDGE_CURVE('',#1329,#1326,#1618,.T.);
#1023=EDGE_CURVE('',#1330,#1329,#1619,.T.);
#1024=EDGE_CURVE('',#1331,#1330,#1620,.T.);
#1025=EDGE_CURVE('',#1331,#1311,#1621,.T.);
#1026=EDGE_CURVE('',#1330,#1293,#1622,.T.);
#1027=EDGE_CURVE('',#1329,#1332,#1623,.T.);
#1028=EDGE_CURVE('',#1260,#1332,#1624,.T.);
#1029=EDGE_CURVE('',#1332,#1333,#1625,.T.);
#1030=EDGE_CURVE('',#1261,#1333,#1626,.T.);
#1031=EDGE_CURVE('',#1333,#1334,#1627,.T.);
#1032=EDGE_CURVE('',#1262,#1334,#1628,.T.);
#1033=EDGE_CURVE('',#1335,#1245,#1629,.T.);
#1034=EDGE_CURVE('',#1336,#1335,#1630,.T.);
#1035=EDGE_CURVE('',#1336,#1246,#1631,.T.);
#1036=EDGE_CURVE('',#1336,#1337,#1632,.T.);
#1037=EDGE_CURVE('',#1337,#1247,#1633,.T.);
#1038=EDGE_CURVE('',#1338,#1244,#1634,.T.);
#1039=EDGE_CURVE('',#1337,#1338,#1635,.T.);
#1040=EDGE_CURVE('',#1339,#1340,#1636,.T.);
#1041=EDGE_CURVE('',#1286,#1339,#1637,.T.);
#1042=EDGE_CURVE('',#1334,#1335,#1638,.T.);
#1043=EDGE_CURVE('',#1338,#1340,#1639,.T.);
#1044=EDGE_CURVE('',#1341,#1313,#1640,.T.);
#1045=EDGE_CURVE('',#1328,#1341,#1641,.T.);
#1046=EDGE_CURVE('',#1342,#1341,#1642,.T.);
#1047=EDGE_CURVE('',#1281,#1342,#1643,.T.);
#1048=EDGE_CURVE('',#1342,#1343,#1644,.T.);
#1049=EDGE_CURVE('',#1323,#1343,#1645,.T.);
#1050=EDGE_CURVE('',#1339,#1207,#1646,.T.);
#1051=EDGE_CURVE('',#1209,#1331,#1647,.F.);
#1052=EDGE_CURVE('',#1311,#1208,#1648,.F.);
#1053=EDGE_CURVE('',#1208,#1221,#1649,.F.);
#1054=EDGE_CURVE('',#1344,#1345,#1650,.T.);
#1055=EDGE_CURVE('',#1344,#1346,#1651,.T.);
#1056=EDGE_CURVE('',#1346,#1347,#1652,.T.);
#1057=EDGE_CURVE('',#1345,#1347,#1653,.T.);
#1058=EDGE_CURVE('',#1348,#1346,#1654,.T.);
#1059=EDGE_CURVE('',#1348,#1349,#1655,.T.);
#1060=EDGE_CURVE('',#1349,#1347,#1656,.T.);
#1061=EDGE_CURVE('',#1350,#1348,#1657,.T.);
#1062=EDGE_CURVE('',#1350,#1351,#1658,.T.);
#1063=EDGE_CURVE('',#1351,#1349,#1659,.T.);
#1064=EDGE_CURVE('',#1350,#1344,#1660,.T.);
#1065=EDGE_CURVE('',#1351,#1345,#1661,.T.);
#1066=EDGE_CURVE('',#1352,#1353,#1662,.T.);
#1067=EDGE_CURVE('',#1352,#1354,#1663,.T.);
#1068=EDGE_CURVE('',#1354,#1355,#1664,.T.);
#1069=EDGE_CURVE('',#1353,#1355,#1665,.T.);
#1070=EDGE_CURVE('',#1151,#1144,#1666,.T.);
#1071=EDGE_CURVE('',#1152,#1143,#1667,.T.);
#1072=EDGE_CURVE('',#1356,#1158,#1668,.T.);
#1073=EDGE_CURVE('',#1356,#1357,#1669,.T.);
#1074=EDGE_CURVE('',#1316,#1357,#1670,.T.);
#1075=EDGE_CURVE('',#1314,#1355,#1671,.T.);
#1076=EDGE_CURVE('',#1159,#1354,#1672,.T.);
#1077=EDGE_CURVE('',#1358,#1357,#1673,.T.);
#1078=EDGE_CURVE('',#1317,#1358,#1674,.T.);
#1079=EDGE_CURVE('',#1359,#1358,#1675,.T.);
#1080=EDGE_CURVE('',#1359,#1160,#1676,.T.);
#1081=EDGE_CURVE('',#1167,#1352,#1677,.T.);
#1082=EDGE_CURVE('',#1315,#1353,#1678,.T.);
#1083=EDGE_CURVE('',#1360,#1361,#1679,.T.);
#1084=EDGE_CURVE('',#1360,#1343,#1680,.T.);
#1085=EDGE_CURVE('',#1313,#1361,#1681,.T.);
#1086=EDGE_CURVE('',#1340,#1360,#1682,.T.);
#1087=EDGE_CURVE('',#1170,#1166,#1683,.T.);
#1088=EDGE_CURVE('',#1222,#1362,#1684,.F.);
#1089=EDGE_CURVE('',#1227,#1206,#1685,.T.);
#1090=EDGE_CURVE('',#1226,#1362,#1686,.F.);
#1091=EDGE_CURVE('',#1171,#1361,#1687,.T.);
#1092=EDGE_CURVE('',#1206,#1165,#1688,.T.);
#1093=EDGE_CURVE('',#1136,#1224,#1689,.T.);
#1094=EDGE_CURVE('',#1361,#1225,#1690,.T.);
#1095=EDGE_CURVE('',#1134,#1169,#1691,.T.);
#1096=EDGE_CURVE('',#1162,#1363,#1692,.T.);
#1097=EDGE_CURVE('',#1363,#1362,#1693,.T.);
#1098=EDGE_CURVE('',#1363,#1223,#1694,.T.);
#1099=EDGE_CURVE('',#1364,#1365,#1695,.T.);
#1100=EDGE_CURVE('',#1364,#1366,#1696,.T.);
#1101=EDGE_CURVE('',#1366,#1367,#1697,.T.);
#1102=EDGE_CURVE('',#1365,#1367,#1698,.T.);
#1103=EDGE_CURVE('',#1364,#1202,#1699,.T.);
#1104=EDGE_CURVE('',#1365,#1203,#1700,.T.);
#1105=EDGE_CURVE('',#1366,#1205,#1701,.T.);
#1106=EDGE_CURVE('',#1367,#1204,#1702,.T.);
#1107=EDGE_CURVE('',#1368,#1210,#1703,.T.);
#1108=EDGE_CURVE('',#1368,#1369,#1704,.T.);
#1109=EDGE_CURVE('',#1369,#1211,#1705,.T.);
#1110=EDGE_CURVE('',#1370,#1217,#1706,.T.);
#1111=EDGE_CURVE('',#1368,#1370,#1707,.T.);
#1112=EDGE_CURVE('',#1371,#1216,#1708,.T.);
#1113=EDGE_CURVE('',#1371,#1370,#1709,.T.);
#1114=EDGE_CURVE('',#1372,#1215,#1710,.T.);
#1115=EDGE_CURVE('',#1372,#1371,#1711,.T.);
#1116=EDGE_CURVE('',#1373,#1214,#1712,.T.);
#1117=EDGE_CURVE('',#1372,#1373,#1713,.T.);
#1118=EDGE_CURVE('',#1374,#1213,#1714,.T.);
#1119=EDGE_CURVE('',#1373,#1374,#1715,.T.);
#1120=EDGE_CURVE('',#1375,#1212,#1716,.T.);
#1121=EDGE_CURVE('',#1374,#1375,#1717,.T.);
#1122=EDGE_CURVE('',#1375,#1369,#1718,.T.);
#1123=EDGE_CURVE('',#1376,#1356,#1719,.T.);
#1124=EDGE_CURVE('',#1376,#1219,#1720,.T.);
#1125=EDGE_CURVE('',#1377,#1363,#1721,.T.);
#1126=EDGE_CURVE('',#1359,#1377,#1722,.T.);
#1127=EDGE_CURVE('',#1378,#1134,#1723,.T.);
#1128=EDGE_CURVE('',#1378,#1168,#1724,.T.);
#1129=EDGE_CURVE('',#1379,#1148,#1725,.T.);
#1130=EDGE_CURVE('',#1379,#1376,#1726,.T.);
#1131=EDGE_CURVE('',#1161,#1377,#1727,.T.);
#1132=EDGE_CURVE('',#1139,#1378,#1728,.T.);
#1133=EDGE_CURVE('',#1379,#1218,#1729,.T.);
#1134=VERTEX_POINT('',#3496);
#1135=VERTEX_POINT('',#3497);
#1136=VERTEX_POINT('',#3499);
#1137=VERTEX_POINT('',#3501);
#1138=VERTEX_POINT('',#3505);
#1139=VERTEX_POINT('',#3506);
#1140=VERTEX_POINT('',#3508);
#1141=VERTEX_POINT('',#3510);
#1142=VERTEX_POINT('',#3512);
#1143=VERTEX_POINT('',#3514);
#1144=VERTEX_POINT('',#3516);
#1145=VERTEX_POINT('',#3518);
#1146=VERTEX_POINT('',#3522);
#1147=VERTEX_POINT('',#3524);
#1148=VERTEX_POINT('',#3528);
#1149=VERTEX_POINT('',#3530);
#1150=VERTEX_POINT('',#3532);
#1151=VERTEX_POINT('',#3534);
#1152=VERTEX_POINT('',#3536);
#1153=VERTEX_POINT('',#3538);
#1154=VERTEX_POINT('',#3542);
#1155=VERTEX_POINT('',#3543);
#1156=VERTEX_POINT('',#3545);
#1157=VERTEX_POINT('',#3547);
#1158=VERTEX_POINT('',#3551);
#1159=VERTEX_POINT('',#3553);
#1160=VERTEX_POINT('',#3557);
#1161=VERTEX_POINT('',#3558);
#1162=VERTEX_POINT('',#3560);
#1163=VERTEX_POINT('',#3562);
#1164=VERTEX_POINT('',#3564);
#1165=VERTEX_POINT('',#3566);
#1166=VERTEX_POINT('',#3568);
#1167=VERTEX_POINT('',#3570);
#1168=VERTEX_POINT('',#3577);
#1169=VERTEX_POINT('',#3578);
#1170=VERTEX_POINT('',#3581);
#1171=VERTEX_POINT('',#3583);
#1172=VERTEX_POINT('',#3585);
#1173=VERTEX_POINT('',#3587);
#1174=VERTEX_POINT('',#3591);
#1175=VERTEX_POINT('',#3592);
#1176=VERTEX_POINT('',#3594);
#1177=VERTEX_POINT('',#3596);
#1178=VERTEX_POINT('',#3599);
#1179=VERTEX_POINT('',#3600);
#1180=VERTEX_POINT('',#3602);
#1181=VERTEX_POINT('',#3604);
#1182=VERTEX_POINT('',#3607);
#1183=VERTEX_POINT('',#3608);
#1184=VERTEX_POINT('',#3610);
#1185=VERTEX_POINT('',#3612);
#1186=VERTEX_POINT('',#3616);
#1187=VERTEX_POINT('',#3617);
#1188=VERTEX_POINT('',#3619);
#1189=VERTEX_POINT('',#3621);
#1190=VERTEX_POINT('',#3624);
#1191=VERTEX_POINT('',#3626);
#1192=VERTEX_POINT('',#3630);
#1193=VERTEX_POINT('',#3631);
#1194=VERTEX_POINT('',#3633);
#1195=VERTEX_POINT('',#3635);
#1196=VERTEX_POINT('',#3638);
#1197=VERTEX_POINT('',#3639);
#1198=VERTEX_POINT('',#3641);
#1199=VERTEX_POINT('',#3643);
#1200=VERTEX_POINT('',#3646);
#1201=VERTEX_POINT('',#3648);
#1202=VERTEX_POINT('',#3655);
#1203=VERTEX_POINT('',#3656);
#1204=VERTEX_POINT('',#3658);
#1205=VERTEX_POINT('',#3660);
#1206=VERTEX_POINT('',#3663);
#1207=VERTEX_POINT('',#3664);
#1208=VERTEX_POINT('',#3666);
#1209=VERTEX_POINT('',#3668);
#1210=VERTEX_POINT('',#3671);
#1211=VERTEX_POINT('',#3672);
#1212=VERTEX_POINT('',#3674);
#1213=VERTEX_POINT('',#3676);
#1214=VERTEX_POINT('',#3678);
#1215=VERTEX_POINT('',#3680);
#1216=VERTEX_POINT('',#3682);
#1217=VERTEX_POINT('',#3684);
#1218=VERTEX_POINT('',#3688);
#1219=VERTEX_POINT('',#3689);
#1220=VERTEX_POINT('',#3692);
#1221=VERTEX_POINT('',#3694);
#1222=VERTEX_POINT('',#3696);
#1223=VERTEX_POINT('',#3698);
#1224=VERTEX_POINT('',#3702);
#1225=VERTEX_POINT('',#3704);
#1226=VERTEX_POINT('',#3708);
#1227=VERTEX_POINT('',#3710);
#1228=VERTEX_POINT('',#3714);
#1229=VERTEX_POINT('',#3716);
#1230=VERTEX_POINT('',#3719);
#1231=VERTEX_POINT('',#3721);
#1232=VERTEX_POINT('',#3724);
#1233=VERTEX_POINT('',#3726);
#1234=VERTEX_POINT('',#3729);
#1235=VERTEX_POINT('',#3731);
#1236=VERTEX_POINT('',#3734);
#1237=VERTEX_POINT('',#3736);
#1238=VERTEX_POINT('',#3739);
#1239=VERTEX_POINT('',#3741);
#1240=VERTEX_POINT('',#3744);
#1241=VERTEX_POINT('',#3745);
#1242=VERTEX_POINT('',#3747);
#1243=VERTEX_POINT('',#3749);
#1244=VERTEX_POINT('',#3753);
#1245=VERTEX_POINT('',#3754);
#1246=VERTEX_POINT('',#3756);
#1247=VERTEX_POINT('',#3758);
#1248=VERTEX_POINT('',#3761);
#1249=VERTEX_POINT('',#3762);
#1250=VERTEX_POINT('',#3764);
#1251=VERTEX_POINT('',#3766);
#1252=VERTEX_POINT('',#3770);
#1253=VERTEX_POINT('',#3772);
#1254=VERTEX_POINT('',#3773);
#1255=VERTEX_POINT('',#3775);
#1256=VERTEX_POINT('',#3777);
#1257=VERTEX_POINT('',#3779);
#1258=VERTEX_POINT('',#3781);
#1259=VERTEX_POINT('',#3783);
#1260=VERTEX_POINT('',#3785);
#1261=VERTEX_POINT('',#3787);
#1262=VERTEX_POINT('',#3789);
#1263=VERTEX_POINT('',#3791);
#1264=VERTEX_POINT('',#3795);
#1265=VERTEX_POINT('',#3797);
#1266=VERTEX_POINT('',#3800);
#1267=VERTEX_POINT('',#3801);
#1268=VERTEX_POINT('',#3803);
#1269=VERTEX_POINT('',#3805);
#1270=VERTEX_POINT('',#3809);
#1271=VERTEX_POINT('',#3810);
#1272=VERTEX_POINT('',#3812);
#1273=VERTEX_POINT('',#3814);
#1274=VERTEX_POINT('',#3818);
#1275=VERTEX_POINT('',#3820);
#1276=VERTEX_POINT('',#3824);
#1277=VERTEX_POINT('',#3825);
#1278=VERTEX_POINT('',#3830);
#1279=VERTEX_POINT('',#3832);
#1280=VERTEX_POINT('',#3839);
#1281=VERTEX_POINT('',#3840);
#1282=VERTEX_POINT('',#3845);
#1283=VERTEX_POINT('',#3847);
#1284=VERTEX_POINT('',#3849);
#1285=VERTEX_POINT('',#3851);
#1286=VERTEX_POINT('',#3855);
#1287=VERTEX_POINT('',#3857);
#1288=VERTEX_POINT('',#3861);
#1289=VERTEX_POINT('',#3865);
#1290=VERTEX_POINT('',#3869);
#1291=VERTEX_POINT('',#3873);
#1292=VERTEX_POINT('',#3877);
#1293=VERTEX_POINT('',#3881);
#1294=VERTEX_POINT('',#3885);
#1295=VERTEX_POINT('',#3888);
#1296=VERTEX_POINT('',#3889);
#1297=VERTEX_POINT('',#3894);
#1298=VERTEX_POINT('',#3898);
#1299=VERTEX_POINT('',#3904);
#1300=VERTEX_POINT('',#3905);
#1301=VERTEX_POINT('',#3910);
#1302=VERTEX_POINT('',#3914);
#1303=VERTEX_POINT('',#3928);
#1304=VERTEX_POINT('',#3930);
#1305=VERTEX_POINT('',#3934);
#1306=VERTEX_POINT('',#3938);
#1307=VERTEX_POINT('',#3944);
#1308=VERTEX_POINT('',#3946);
#1309=VERTEX_POINT('',#3950);
#1310=VERTEX_POINT('',#3954);
#1311=VERTEX_POINT('',#3961);
#1312=VERTEX_POINT('',#3963);
#1313=VERTEX_POINT('',#3967);
#1314=VERTEX_POINT('',#3973);
#1315=VERTEX_POINT('',#3974);
#1316=VERTEX_POINT('',#3976);
#1317=VERTEX_POINT('',#3978);
#1318=VERTEX_POINT('',#3982);
#1319=VERTEX_POINT('',#3983);
#1320=VERTEX_POINT('',#3988);
#1321=VERTEX_POINT('',#3992);
#1322=VERTEX_POINT('',#3998);
#1323=VERTEX_POINT('',#4000);
#1324=VERTEX_POINT('',#4004);
#1325=VERTEX_POINT('',#4008);
#1326=VERTEX_POINT('',#4012);
#1327=VERTEX_POINT('',#4014);
#1328=VERTEX_POINT('',#4018);
#1329=VERTEX_POINT('',#4021);
#1330=VERTEX_POINT('',#4023);
#1331=VERTEX_POINT('',#4025);
#1332=VERTEX_POINT('',#4030);
#1333=VERTEX_POINT('',#4034);
#1334=VERTEX_POINT('',#4038);
#1335=VERTEX_POINT('',#4042);
#1336=VERTEX_POINT('',#4044);
#1337=VERTEX_POINT('',#4048);
#1338=VERTEX_POINT('',#4052);
#1339=VERTEX_POINT('',#4056);
#1340=VERTEX_POINT('',#4057);
#1341=VERTEX_POINT('',#4063);
#1342=VERTEX_POINT('',#4067);
#1343=VERTEX_POINT('',#4071);
#1344=VERTEX_POINT('',#4082);
#1345=VERTEX_POINT('',#4083);
#1346=VERTEX_POINT('',#4085);
#1347=VERTEX_POINT('',#4087);
#1348=VERTEX_POINT('',#4091);
#1349=VERTEX_POINT('',#4093);
#1350=VERTEX_POINT('',#4097);
#1351=VERTEX_POINT('',#4099);
#1352=VERTEX_POINT('',#4106);
#1353=VERTEX_POINT('',#4107);
#1354=VERTEX_POINT('',#4109);
#1355=VERTEX_POINT('',#4111);
#1356=VERTEX_POINT('',#4118);
#1357=VERTEX_POINT('',#4120);
#1358=VERTEX_POINT('',#4126);
#1359=VERTEX_POINT('',#4130);
#1360=VERTEX_POINT('',#4136);
#1361=VERTEX_POINT('',#4137);
#1362=VERTEX_POINT('',#4146);
#1363=VERTEX_POINT('',#4161);
#1364=VERTEX_POINT('',#4167);
#1365=VERTEX_POINT('',#4168);
#1366=VERTEX_POINT('',#4170);
#1367=VERTEX_POINT('',#4172);
#1368=VERTEX_POINT('',#4184);
#1369=VERTEX_POINT('',#4186);
#1370=VERTEX_POINT('',#4190);
#1371=VERTEX_POINT('',#4194);
#1372=VERTEX_POINT('',#4198);
#1373=VERTEX_POINT('',#4202);
#1374=VERTEX_POINT('',#4206);
#1375=VERTEX_POINT('',#4210);
#1376=VERTEX_POINT('',#4217);
#1377=VERTEX_POINT('',#4220);
#1378=VERTEX_POINT('',#4224);
#1379=VERTEX_POINT('',#4228);
#1380=LINE('',#3495,#1730);
#1381=LINE('',#3498,#1731);
#1382=LINE('',#3500,#1732);
#1383=LINE('',#3502,#1733);
#1384=LINE('',#3504,#1734);
#1385=LINE('',#3507,#1735);
#1386=LINE('',#3509,#1736);
#1387=LINE('',#3511,#1737);
#1388=LINE('',#3513,#1738);
#1389=LINE('',#3515,#1739);
#1390=LINE('',#3517,#1740);
#1391=LINE('',#3519,#1741);
#1392=LINE('',#3521,#1742);
#1393=LINE('',#3523,#1743);
#1394=LINE('',#3525,#1744);
#1395=LINE('',#3527,#1745);
#1396=LINE('',#3529,#1746);
#1397=LINE('',#3531,#1747);
#1398=LINE('',#3533,#1748);
#1399=LINE('',#3535,#1749);
#1400=LINE('',#3537,#1750);
#1401=LINE('',#3539,#1751);
#1402=LINE('',#3541,#1752);
#1403=LINE('',#3544,#1753);
#1404=LINE('',#3546,#1754);
#1405=LINE('',#3548,#1755);
#1406=LINE('',#3550,#1756);
#1407=LINE('',#3552,#1757);
#1408=LINE('',#3554,#1758);
#1409=LINE('',#3556,#1759);
#1410=LINE('',#3559,#1760);
#1411=LINE('',#3561,#1761);
#1412=LINE('',#3563,#1762);
#1413=LINE('',#3565,#1763);
#1414=LINE('',#3567,#1764);
#1415=LINE('',#3569,#1765);
#1416=LINE('',#3571,#1766);
#1417=LINE('',#3573,#1767);
#1418=LINE('',#3574,#1768);
#1419=LINE('',#3576,#1769);
#1420=LINE('',#3579,#1770);
#1421=LINE('',#3580,#1771);
#1422=LINE('',#3582,#1772);
#1423=LINE('',#3584,#1773);
#1424=LINE('',#3586,#1774);
#1425=LINE('',#3588,#1775);
#1426=LINE('',#3590,#1776);
#1427=LINE('',#3593,#1777);
#1428=LINE('',#3595,#1778);
#1429=LINE('',#3597,#1779);
#1430=LINE('',#3598,#1780);
#1431=LINE('',#3601,#1781);
#1432=LINE('',#3603,#1782);
#1433=LINE('',#3605,#1783);
#1434=LINE('',#3606,#1784);
#1435=LINE('',#3609,#1785);
#1436=LINE('',#3611,#1786);
#1437=LINE('',#3613,#1787);
#1438=LINE('',#3615,#1788);
#1439=LINE('',#3618,#1789);
#1440=LINE('',#3620,#1790);
#1441=LINE('',#3622,#1791);
#1442=LINE('',#3623,#1792);
#1443=LINE('',#3625,#1793);
#1444=LINE('',#3627,#1794);
#1445=LINE('',#3629,#1795);
#1446=LINE('',#3632,#1796);
#1447=LINE('',#3634,#1797);
#1448=LINE('',#3636,#1798);
#1449=LINE('',#3637,#1799);
#1450=LINE('',#3640,#1800);
#1451=LINE('',#3642,#1801);
#1452=LINE('',#3644,#1802);
#1453=LINE('',#3645,#1803);
#1454=LINE('',#3647,#1804);
#1455=LINE('',#3649,#1805);
#1456=LINE('',#3651,#1806);
#1457=LINE('',#3652,#1807);
#1458=LINE('',#3654,#1808);
#1459=LINE('',#3657,#1809);
#1460=LINE('',#3659,#1810);
#1461=LINE('',#3661,#1811);
#1462=LINE('',#3662,#1812);
#1463=LINE('',#3665,#1813);
#1464=LINE('',#3667,#1814);
#1465=LINE('',#3669,#1815);
#1466=LINE('',#3670,#1816);
#1467=LINE('',#3673,#1817);
#1468=LINE('',#3675,#1818);
#1469=LINE('',#3677,#1819);
#1470=LINE('',#3679,#1820);
#1471=LINE('',#3681,#1821);
#1472=LINE('',#3683,#1822);
#1473=LINE('',#3685,#1823);
#1474=LINE('',#3687,#1824);
#1475=LINE('',#3690,#1825);
#1476=LINE('',#3691,#1826);
#1477=LINE('',#3693,#1827);
#1478=LINE('',#3695,#1828);
#1479=LINE('',#3697,#1829);
#1480=LINE('',#3699,#1830);
#1481=LINE('',#3701,#1831);
#1482=LINE('',#3703,#1832);
#1483=LINE('',#3705,#1833);
#1484=LINE('',#3707,#1834);
#1485=LINE('',#3709,#1835);
#1486=LINE('',#3711,#1836);
#1487=LINE('',#3743,#1837);
#1488=LINE('',#3746,#1838);
#1489=LINE('',#3748,#1839);
#1490=LINE('',#3750,#1840);
#1491=LINE('',#3752,#1841);
#1492=LINE('',#3755,#1842);
#1493=LINE('',#3757,#1843);
#1494=LINE('',#3759,#1844);
#1495=LINE('',#3760,#1845);
#1496=LINE('',#3763,#1846);
#1497=LINE('',#3765,#1847);
#1498=LINE('',#3767,#1848);
#1499=LINE('',#3771,#1849);
#1500=LINE('',#3774,#1850);
#1501=LINE('',#3776,#1851);
#1502=LINE('',#3778,#1852);
#1503=LINE('',#3780,#1853);
#1504=LINE('',#3782,#1854);
#1505=LINE('',#3784,#1855);
#1506=LINE('',#3786,#1856);
#1507=LINE('',#3788,#1857);
#1508=LINE('',#3790,#1858);
#1509=LINE('',#3792,#1859);
#1510=LINE('',#3799,#1860);
#1511=LINE('',#3802,#1861);
#1512=LINE('',#3804,#1862);
#1513=LINE('',#3806,#1863);
#1514=LINE('',#3808,#1864);
#1515=LINE('',#3811,#1865);
#1516=LINE('',#3813,#1866);
#1517=LINE('',#3815,#1867);
#1518=LINE('',#3817,#1868);
#1519=LINE('',#3819,#1869);
#1520=LINE('',#3821,#1870);
#1521=LINE('',#3823,#1871);
#1522=LINE('',#3826,#1872);
#1523=LINE('',#3827,#1873);
#1524=LINE('',#3829,#1874);
#1525=LINE('',#3831,#1875);
#1526=LINE('',#3833,#1876);
#1527=LINE('',#3835,#1877);
#1528=LINE('',#3836,#1878);
#1529=LINE('',#3838,#1879);
#1530=LINE('',#3841,#1880);
#1531=LINE('',#3842,#1881);
#1532=LINE('',#3844,#1882);
#1533=LINE('',#3846,#1883);
#1534=LINE('',#3848,#1884);
#1535=LINE('',#3850,#1885);
#1536=LINE('',#3852,#1886);
#1537=LINE('',#3854,#1887);
#1538=LINE('',#3856,#1888);
#1539=LINE('',#3858,#1889);
#1540=LINE('',#3860,#1890);
#1541=LINE('',#3862,#1891);
#1542=LINE('',#3864,#1892);
#1543=LINE('',#3866,#1893);
#1544=LINE('',#3868,#1894);
#1545=LINE('',#3870,#1895);
#1546=LINE('',#3872,#1896);
#1547=LINE('',#3874,#1897);
#1548=LINE('',#3876,#1898);
#1549=LINE('',#3878,#1899);
#1550=LINE('',#3880,#1900);
#1551=LINE('',#3882,#1901);
#1552=LINE('',#3887,#1902);
#1553=LINE('',#3890,#1903);
#1554=LINE('',#3891,#1904);
#1555=LINE('',#3893,#1905);
#1556=LINE('',#3895,#1906);
#1557=LINE('',#3897,#1907);
#1558=LINE('',#3899,#1908);
#1559=LINE('',#3901,#1909);
#1560=LINE('',#3903,#1910);
#1561=LINE('',#3906,#1911);
#1562=LINE('',#3907,#1912);
#1563=LINE('',#3909,#1913);
#1564=LINE('',#3911,#1914);
#1565=LINE('',#3913,#1915);
#1566=LINE('',#3915,#1916);
#1567=LINE('',#3917,#1917);
#1568=LINE('',#3919,#1918);
#1569=LINE('',#3920,#1919);
#1570=LINE('',#3922,#1920);
#1571=LINE('',#3924,#1921);
#1572=LINE('',#3927,#1922);
#1573=LINE('',#3929,#1923);
#1574=LINE('',#3931,#1924);
#1575=LINE('',#3933,#1925);
#1576=LINE('',#3935,#1926);
#1577=LINE('',#3937,#1927);
#1578=LINE('',#3939,#1928);
#1579=LINE('',#3941,#1929);
#1580=LINE('',#3943,#1930);
#1581=LINE('',#3945,#1931);
#1582=LINE('',#3947,#1932);
#1583=LINE('',#3949,#1933);
#1584=LINE('',#3951,#1934);
#1585=LINE('',#3953,#1935);
#1586=LINE('',#3955,#1936);
#1587=LINE('',#3957,#1937);
#1588=LINE('',#3960,#1938);
#1589=LINE('',#3962,#1939);
#1590=LINE('',#3964,#1940);
#1591=LINE('',#3966,#1941);
#1592=LINE('',#3968,#1942);
#1593=LINE('',#3970,#1943);
#1594=LINE('',#3972,#1944);
#1595=LINE('',#3975,#1945);
#1596=LINE('',#3977,#1946);
#1597=LINE('',#3979,#1947);
#1598=LINE('',#3981,#1948);
#1599=LINE('',#3984,#1949);
#1600=LINE('',#3985,#1950);
#1601=LINE('',#3987,#1951);
#1602=LINE('',#3989,#1952);
#1603=LINE('',#3991,#1953);
#1604=LINE('',#3993,#1954);
#1605=LINE('',#3995,#1955);
#1606=LINE('',#3997,#1956);
#1607=LINE('',#3999,#1957);
#1608=LINE('',#4001,#1958);
#1609=LINE('',#4003,#1959);
#1610=LINE('',#4005,#1960);
#1611=LINE('',#4007,#1961);
#1612=LINE('',#4009,#1962);
#1613=LINE('',#4011,#1963);
#1614=LINE('',#4013,#1964);
#1615=LINE('',#4015,#1965);
#1616=LINE('',#4017,#1966);
#1617=LINE('',#4019,#1967);
#1618=LINE('',#4020,#1968);
#1619=LINE('',#4022,#1969);
#1620=LINE('',#4024,#1970);
#1621=LINE('',#4026,#1971);
#1622=LINE('',#4028,#1972);
#1623=LINE('',#4029,#1973);
#1624=LINE('',#4031,#1974);
#1625=LINE('',#4033,#1975);
#1626=LINE('',#4035,#1976);
#1627=LINE('',#4037,#1977);
#1628=LINE('',#4039,#1978);
#1629=LINE('',#4041,#1979);
#1630=LINE('',#4043,#1980);
#1631=LINE('',#4045,#1981);
#1632=LINE('',#4047,#1982);
#1633=LINE('',#4049,#1983);
#1634=LINE('',#4051,#1984);
#1635=LINE('',#4053,#1985);
#1636=LINE('',#4055,#1986);
#1637=LINE('',#4058,#1987);
#1638=LINE('',#4059,#1988);
#1639=LINE('',#4060,#1989);
#1640=LINE('',#4062,#1990);
#1641=LINE('',#4064,#1991);
#1642=LINE('',#4066,#1992);
#1643=LINE('',#4068,#1993);
#1644=LINE('',#4070,#1994);
#1645=LINE('',#4072,#1995);
#1646=LINE('',#4074,#1996);
#1647=LINE('',#4075,#1997);
#1648=LINE('',#4077,#1998);
#1649=LINE('',#4079,#1999);
#1650=LINE('',#4081,#2000);
#1651=LINE('',#4084,#2001);
#1652=LINE('',#4086,#2002);
#1653=LINE('',#4088,#2003);
#1654=LINE('',#4090,#2004);
#1655=LINE('',#4092,#2005);
#1656=LINE('',#4094,#2006);
#1657=LINE('',#4096,#2007);
#1658=LINE('',#4098,#2008);
#1659=LINE('',#4100,#2009);
#1660=LINE('',#4102,#2010);
#1661=LINE('',#4103,#2011);
#1662=LINE('',#4105,#2012);
#1663=LINE('',#4108,#2013);
#1664=LINE('',#4110,#2014);
#1665=LINE('',#4112,#2015);
#1666=LINE('',#4114,#2016);
#1667=LINE('',#4115,#2017);
#1668=LINE('',#4117,#2018);
#1669=LINE('',#4119,#2019);
#1670=LINE('',#4121,#2020);
#1671=LINE('',#4122,#2021);
#1672=LINE('',#4123,#2022);
#1673=LINE('',#4125,#2023);
#1674=LINE('',#4127,#2024);
#1675=LINE('',#4129,#2025);
#1676=LINE('',#4131,#2026);
#1677=LINE('',#4132,#2027);
#1678=LINE('',#4133,#2028);
#1679=LINE('',#4135,#2029);
#1680=LINE('',#4138,#2030);
#1681=LINE('',#4139,#2031);
#1682=LINE('',#4141,#2032);
#1683=LINE('',#4143,#2033);
#1684=LINE('',#4145,#2034);
#1685=LINE('',#4147,#2035);
#1686=LINE('',#4148,#2036);
#1687=LINE('',#4150,#2037);
#1688=LINE('',#4151,#2038);
#1689=LINE('',#4153,#2039);
#1690=LINE('',#4154,#2040);
#1691=LINE('',#4158,#2041);
#1692=LINE('',#4160,#2042);
#1693=LINE('',#4162,#2043);
#1694=LINE('',#4164,#2044);
#1695=LINE('',#4166,#2045);
#1696=LINE('',#4169,#2046);
#1697=LINE('',#4171,#2047);
#1698=LINE('',#4173,#2048);
#1699=LINE('',#4175,#2049);
#1700=LINE('',#4176,#2050);
#1701=LINE('',#4178,#2051);
#1702=LINE('',#4180,#2052);
#1703=LINE('',#4183,#2053);
#1704=LINE('',#4185,#2054);
#1705=LINE('',#4187,#2055);
#1706=LINE('',#4189,#2056);
#1707=LINE('',#4191,#2057);
#1708=LINE('',#4193,#2058);
#1709=LINE('',#4195,#2059);
#1710=LINE('',#4197,#2060);
#1711=LINE('',#4199,#2061);
#1712=LINE('',#4201,#2062);
#1713=LINE('',#4203,#2063);
#1714=LINE('',#4205,#2064);
#1715=LINE('',#4207,#2065);
#1716=LINE('',#4209,#2066);
#1717=LINE('',#4211,#2067);
#1718=LINE('',#4213,#2068);
#1719=LINE('',#4216,#2069);
#1720=LINE('',#4218,#2070);
#1721=LINE('',#4219,#2071);
#1722=LINE('',#4221,#2072);
#1723=LINE('',#4223,#2073);
#1724=LINE('',#4225,#2074);
#1725=LINE('',#4227,#2075);
#1726=LINE('',#4229,#2076);
#1727=LINE('',#4231,#2077);
#1728=LINE('',#4234,#2078);
#1729=LINE('',#4235,#2079);
#1730=VECTOR('',#2849,1.);
#1731=VECTOR('',#2850,1.);
#1732=VECTOR('',#2851,1.);
#1733=VECTOR('',#2852,1.);
#1734=VECTOR('',#2855,1.);
#1735=VECTOR('',#2856,1.);
#1736=VECTOR('',#2857,1.);
#1737=VECTOR('',#2858,1.);
#1738=VECTOR('',#2859,1.);
#1739=VECTOR('',#2860,1.);
#1740=VECTOR('',#2861,1.);
#1741=VECTOR('',#2862,1.);
#1742=VECTOR('',#2865,1.);
#1743=VECTOR('',#2866,1.);
#1744=VECTOR('',#2867,1.);
#1745=VECTOR('',#2870,1.);
#1746=VECTOR('',#2871,1.);
#1747=VECTOR('',#2872,1.);
#1748=VECTOR('',#2873,1.);
#1749=VECTOR('',#2874,1.);
#1750=VECTOR('',#2875,1.);
#1751=VECTOR('',#2876,1.);
#1752=VECTOR('',#2879,1.);
#1753=VECTOR('',#2880,1.);
#1754=VECTOR('',#2881,1.);
#1755=VECTOR('',#2882,1.);
#1756=VECTOR('',#2885,1.);
#1757=VECTOR('',#2886,1.);
#1758=VECTOR('',#2887,1.);
#1759=VECTOR('',#2890,1.);
#1760=VECTOR('',#2891,1.);
#1761=VECTOR('',#2892,1.);
#1762=VECTOR('',#2893,1.);
#1763=VECTOR('',#2894,1.);
#1764=VECTOR('',#2895,1.);
#1765=VECTOR('',#2896,1.);
#1766=VECTOR('',#2897,1.);
#1767=VECTOR('',#2900,1.);
#1768=VECTOR('',#2901,1.);
#1769=VECTOR('',#2904,1.);
#1770=VECTOR('',#2905,1.);
#1771=VECTOR('',#2906,1.);
#1772=VECTOR('',#2907,1.);
#1773=VECTOR('',#2908,1.);
#1774=VECTOR('',#2909,1.);
#1775=VECTOR('',#2910,1.);
#1776=VECTOR('',#2913,1.);
#1777=VECTOR('',#2914,1.);
#1778=VECTOR('',#2915,1.);
#1779=VECTOR('',#2916,1.);
#1780=VECTOR('',#2917,1.);
#1781=VECTOR('',#2918,1.);
#1782=VECTOR('',#2919,1.);
#1783=VECTOR('',#2920,1.);
#1784=VECTOR('',#2921,1.);
#1785=VECTOR('',#2922,1.);
#1786=VECTOR('',#2923,1.);
#1787=VECTOR('',#2924,1.);
#1788=VECTOR('',#2927,1.);
#1789=VECTOR('',#2928,1.);
#1790=VECTOR('',#2929,1.);
#1791=VECTOR('',#2930,1.);
#1792=VECTOR('',#2931,1.);
#1793=VECTOR('',#2932,1.);
#1794=VECTOR('',#2933,1.);
#1795=VECTOR('',#2936,1.);
#1796=VECTOR('',#2937,1.);
#1797=VECTOR('',#2938,1.);
#1798=VECTOR('',#2939,1.);
#1799=VECTOR('',#2940,1.);
#1800=VECTOR('',#2941,1.);
#1801=VECTOR('',#2942,1.);
#1802=VECTOR('',#2943,1.);
#1803=VECTOR('',#2944,1.);
#1804=VECTOR('',#2945,1.);
#1805=VECTOR('',#2946,1.);
#1806=VECTOR('',#2949,1.);
#1807=VECTOR('',#2950,1.);
#1808=VECTOR('',#2953,1.);
#1809=VECTOR('',#2954,1.);
#1810=VECTOR('',#2955,1.);
#1811=VECTOR('',#2956,1.);
#1812=VECTOR('',#2957,1.);
#1813=VECTOR('',#2958,1.);
#1814=VECTOR('',#2959,1.);
#1815=VECTOR('',#2960,1.);
#1816=VECTOR('',#2961,1.);
#1817=VECTOR('',#2962,1.);
#1818=VECTOR('',#2963,1.);
#1819=VECTOR('',#2964,1.);
#1820=VECTOR('',#2965,1.);
#1821=VECTOR('',#2966,1.);
#1822=VECTOR('',#2967,1.);
#1823=VECTOR('',#2968,1.);
#1824=VECTOR('',#2971,1.);
#1825=VECTOR('',#2972,1.);
#1826=VECTOR('',#2973,1.);
#1827=VECTOR('',#2974,1.);
#1828=VECTOR('',#2975,1.);
#1829=VECTOR('',#2976,1.);
#1830=VECTOR('',#2977,1.);
#1831=VECTOR('',#2980,1.);
#1832=VECTOR('',#2981,1.);
#1833=VECTOR('',#2982,1.);
#1834=VECTOR('',#2985,1.);
#1835=VECTOR('',#2986,1.);
#1836=VECTOR('',#2987,1.);
#1837=VECTOR('',#3026,1.);
#1838=VECTOR('',#3027,1.);
#1839=VECTOR('',#3028,1.);
#1840=VECTOR('',#3029,1.);
#1841=VECTOR('',#3032,1.);
#1842=VECTOR('',#3033,1.);
#1843=VECTOR('',#3034,1.);
#1844=VECTOR('',#3035,1.);
#1845=VECTOR('',#3036,1.);
#1846=VECTOR('',#3037,1.);
#1847=VECTOR('',#3038,1.);
#1848=VECTOR('',#3039,1.);
#1849=VECTOR('',#3044,1.);
#1850=VECTOR('',#3045,1.);
#1851=VECTOR('',#3046,1.);
#1852=VECTOR('',#3047,1.);
#1853=VECTOR('',#3048,1.);
#1854=VECTOR('',#3049,1.);
#1855=VECTOR('',#3050,1.);
#1856=VECTOR('',#3051,1.);
#1857=VECTOR('',#3052,1.);
#1858=VECTOR('',#3053,1.);
#1859=VECTOR('',#3054,1.);
#1860=VECTOR('',#3063,1.);
#1861=VECTOR('',#3064,1.);
#1862=VECTOR('',#3065,1.);
#1863=VECTOR('',#3066,1.);
#1864=VECTOR('',#3069,1.);
#1865=VECTOR('',#3070,1.);
#1866=VECTOR('',#3071,1.);
#1867=VECTOR('',#3072,1.);
#1868=VECTOR('',#3075,1.);
#1869=VECTOR('',#3076,1.);
#1870=VECTOR('',#3077,1.);
#1871=VECTOR('',#3080,1.);
#1872=VECTOR('',#3081,1.);
#1873=VECTOR('',#3082,1.);
#1874=VECTOR('',#3085,1.);
#1875=VECTOR('',#3086,1.);
#1876=VECTOR('',#3087,1.);
#1877=VECTOR('',#3090,1.);
#1878=VECTOR('',#3091,1.);
#1879=VECTOR('',#3094,1.);
#1880=VECTOR('',#3095,1.);
#1881=VECTOR('',#3096,1.);
#1882=VECTOR('',#3099,1.);
#1883=VECTOR('',#3100,1.);
#1884=VECTOR('',#3101,1.);
#1885=VECTOR('',#3102,1.);
#1886=VECTOR('',#3103,1.);
#1887=VECTOR('',#3106,1.);
#1888=VECTOR('',#3107,1.);
#1889=VECTOR('',#3108,1.);
#1890=VECTOR('',#3111,1.);
#1891=VECTOR('',#3112,1.);
#1892=VECTOR('',#3115,1.);
#1893=VECTOR('',#3116,1.);
#1894=VECTOR('',#3119,1.);
#1895=VECTOR('',#3120,1.);
#1896=VECTOR('',#3123,1.);
#1897=VECTOR('',#3124,1.);
#1898=VECTOR('',#3127,1.);
#1899=VECTOR('',#3128,1.);
#1900=VECTOR('',#3131,1.);
#1901=VECTOR('',#3132,1.);
#1902=VECTOR('',#3139,1.);
#1903=VECTOR('',#3140,1.);
#1904=VECTOR('',#3141,1.);
#1905=VECTOR('',#3144,1.);
#1906=VECTOR('',#3145,1.);
#1907=VECTOR('',#3148,1.);
#1908=VECTOR('',#3149,1.);
#1909=VECTOR('',#3152,1.);
#1910=VECTOR('',#3155,1.);
#1911=VECTOR('',#3156,1.);
#1912=VECTOR('',#3157,1.);
#1913=VECTOR('',#3160,1.);
#1914=VECTOR('',#3161,1.);
#1915=VECTOR('',#3164,1.);
#1916=VECTOR('',#3165,1.);
#1917=VECTOR('',#3168,1.);
#1918=VECTOR('',#3171,1.);
#1919=VECTOR('',#3172,1.);
#1920=VECTOR('',#3175,1.);
#1921=VECTOR('',#3178,1.);
#1922=VECTOR('',#3183,1.);
#1923=VECTOR('',#3184,1.);
#1924=VECTOR('',#3185,1.);
#1925=VECTOR('',#3188,1.);
#1926=VECTOR('',#3189,1.);
#1927=VECTOR('',#3192,1.);
#1928=VECTOR('',#3193,1.);
#1929=VECTOR('',#3196,1.);
#1930=VECTOR('',#3199,1.);
#1931=VECTOR('',#3200,1.);
#1932=VECTOR('',#3201,1.);
#1933=VECTOR('',#3204,1.);
#1934=VECTOR('',#3205,1.);
#1935=VECTOR('',#3208,1.);
#1936=VECTOR('',#3209,1.);
#1937=VECTOR('',#3212,1.);
#1938=VECTOR('',#3217,1.);
#1939=VECTOR('',#3218,1.);
#1940=VECTOR('',#3219,1.);
#1941=VECTOR('',#3222,1.);
#1942=VECTOR('',#3223,1.);
#1943=VECTOR('',#3226,1.);
#1944=VECTOR('',#3229,1.);
#1945=VECTOR('',#3230,1.);
#1946=VECTOR('',#3231,1.);
#1947=VECTOR('',#3232,1.);
#1948=VECTOR('',#3235,1.);
#1949=VECTOR('',#3236,1.);
#1950=VECTOR('',#3237,1.);
#1951=VECTOR('',#3240,1.);
#1952=VECTOR('',#3241,1.);
#1953=VECTOR('',#3244,1.);
#1954=VECTOR('',#3245,1.);
#1955=VECTOR('',#3248,1.);
#1956=VECTOR('',#3251,1.);
#1957=VECTOR('',#3252,1.);
#1958=VECTOR('',#3253,1.);
#1959=VECTOR('',#3256,1.);
#1960=VECTOR('',#3257,1.);
#1961=VECTOR('',#3260,1.);
#1962=VECTOR('',#3261,1.);
#1963=VECTOR('',#3264,1.);
#1964=VECTOR('',#3265,1.);
#1965=VECTOR('',#3266,1.);
#1966=VECTOR('',#3269,1.);
#1967=VECTOR('',#3270,1.);
#1968=VECTOR('',#3271,1.);
#1969=VECTOR('',#3272,1.);
#1970=VECTOR('',#3273,1.);
#1971=VECTOR('',#3274,1.);
#1972=VECTOR('',#3277,1.);
#1973=VECTOR('',#3278,1.);
#1974=VECTOR('',#3279,1.);
#1975=VECTOR('',#3282,1.);
#1976=VECTOR('',#3283,1.);
#1977=VECTOR('',#3286,1.);
#1978=VECTOR('',#3287,1.);
#1979=VECTOR('',#3290,1.);
#1980=VECTOR('',#3291,1.);
#1981=VECTOR('',#3292,1.);
#1982=VECTOR('',#3295,1.);
#1983=VECTOR('',#3296,1.);
#1984=VECTOR('',#3299,1.);
#1985=VECTOR('',#3300,1.);
#1986=VECTOR('',#3303,1.);
#1987=VECTOR('',#3304,1.);
#1988=VECTOR('',#3305,1.);
#1989=VECTOR('',#3306,1.);
#1990=VECTOR('',#3309,1.);
#1991=VECTOR('',#3310,1.);
#1992=VECTOR('',#3313,1.);
#1993=VECTOR('',#3314,1.);
#1994=VECTOR('',#3317,1.);
#1995=VECTOR('',#3318,1.);
#1996=VECTOR('',#3321,1.);
#1997=VECTOR('',#3322,1.);
#1998=VECTOR('',#3325,1.);
#1999=VECTOR('',#3328,1.);
#2000=VECTOR('',#3331,1.);
#2001=VECTOR('',#3332,1.);
#2002=VECTOR('',#3333,1.);
#2003=VECTOR('',#3334,1.);
#2004=VECTOR('',#3337,1.);
#2005=VECTOR('',#3338,1.);
#2006=VECTOR('',#3339,1.);
#2007=VECTOR('',#3342,1.);
#2008=VECTOR('',#3343,1.);
#2009=VECTOR('',#3344,1.);
#2010=VECTOR('',#3347,1.);
#2011=VECTOR('',#3348,1.);
#2012=VECTOR('',#3351,1.);
#2013=VECTOR('',#3352,1.);
#2014=VECTOR('',#3353,1.);
#2015=VECTOR('',#3354,1.);
#2016=VECTOR('',#3357,1.);
#2017=VECTOR('',#3358,1.);
#2018=VECTOR('',#3361,1.);
#2019=VECTOR('',#3362,1.);
#2020=VECTOR('',#3363,1.);
#2021=VECTOR('',#3364,1.);
#2022=VECTOR('',#3365,1.);
#2023=VECTOR('',#3368,1.);
#2024=VECTOR('',#3369,1.);
#2025=VECTOR('',#3372,1.);
#2026=VECTOR('',#3373,1.);
#2027=VECTOR('',#3374,1.);
#2028=VECTOR('',#3375,1.);
#2029=VECTOR('',#3378,1.);
#2030=VECTOR('',#3379,1.);
#2031=VECTOR('',#3380,1.);
#2032=VECTOR('',#3383,1.);
#2033=VECTOR('',#3386,1.);
#2034=VECTOR('',#3389,1.);
#2035=VECTOR('',#3390,1.);
#2036=VECTOR('',#3391,1.);
#2037=VECTOR('',#3394,1.);
#2038=VECTOR('',#3395,1.);
#2039=VECTOR('',#3398,1.);
#2040=VECTOR('',#3399,1.);
#2041=VECTOR('',#3406,1.);
#2042=VECTOR('',#3409,1.);
#2043=VECTOR('',#3410,1.);
#2044=VECTOR('',#3413,1.);
#2045=VECTOR('',#3416,1.);
#2046=VECTOR('',#3417,1.);
#2047=VECTOR('',#3418,1.);
#2048=VECTOR('',#3419,1.);
#2049=VECTOR('',#3422,1.);
#2050=VECTOR('',#3423,1.);
#2051=VECTOR('',#3426,1.);
#2052=VECTOR('',#3429,1.);
#2053=VECTOR('',#3434,1.);
#2054=VECTOR('',#3435,1.);
#2055=VECTOR('',#3436,1.);
#2056=VECTOR('',#3439,1.);
#2057=VECTOR('',#3440,1.);
#2058=VECTOR('',#3443,1.);
#2059=VECTOR('',#3444,1.);
#2060=VECTOR('',#3447,1.);
#2061=VECTOR('',#3448,1.);
#2062=VECTOR('',#3451,1.);
#2063=VECTOR('',#3452,1.);
#2064=VECTOR('',#3455,1.);
#2065=VECTOR('',#3456,1.);
#2066=VECTOR('',#3459,1.);
#2067=VECTOR('',#3460,1.);
#2068=VECTOR('',#3463,1.);
#2069=VECTOR('',#3468,1.);
#2070=VECTOR('',#3469,1.);
#2071=VECTOR('',#3470,1.);
#2072=VECTOR('',#3471,1.);
#2073=VECTOR('',#3474,1.);
#2074=VECTOR('',#3475,1.);
#2075=VECTOR('',#3478,1.);
#2076=VECTOR('',#3479,1.);
#2077=VECTOR('',#3482,1.);
#2078=VECTOR('',#3487,1.);
#2079=VECTOR('',#3488,1.);
#2080=EDGE_LOOP('',(#36,#37,#38,#39));
#2081=EDGE_LOOP('',(#40,#41,#42,#43,#44,#45,#46,#47));
#2082=EDGE_LOOP('',(#48,#49,#50,#51));
#2083=EDGE_LOOP('',(#52,#53,#54,#55,#56,#57,#58,#59));
#2084=EDGE_LOOP('',(#60,#61,#62,#63));
#2085=EDGE_LOOP('',(#64,#65,#66,#67));
#2086=EDGE_LOOP('',(#68,#69,#70,#71,#72,#73,#74,#75));
#2087=EDGE_LOOP('',(#76,#77,#78,#79));
#2088=EDGE_LOOP('',(#80,#81,#82,#83,#84,#85,#86,#87));
#2089=EDGE_LOOP('',(#88,#89,#90,#91));
#2090=EDGE_LOOP('',(#92,#93,#94,#95));
#2091=EDGE_LOOP('',(#96,#97,#98,#99));
#2092=EDGE_LOOP('',(#100,#101,#102,#103));
#2093=EDGE_LOOP('',(#104,#105,#106,#107));
#2094=EDGE_LOOP('',(#108,#109,#110,#111));
#2095=EDGE_LOOP('',(#112,#113,#114,#115));
#2096=EDGE_LOOP('',(#116,#117,#118,#119));
#2097=EDGE_LOOP('',(#120,#121,#122,#123));
#2098=EDGE_LOOP('',(#124,#125,#126,#127));
#2099=EDGE_LOOP('',(#128,#129,#130,#131));
#2100=EDGE_LOOP('',(#132,#133,#134,#135,#136,#137,#138,#139));
#2101=EDGE_LOOP('',(#140,#141,#142,#143,#144,#145,#146,#147));
#2102=EDGE_LOOP('',(#148,#149,#150,#151));
#2103=EDGE_LOOP('',(#152,#153,#154,#155));
#2104=EDGE_LOOP('',(#156));
#2105=EDGE_LOOP('',(#157));
#2106=EDGE_LOOP('',(#158));
#2107=EDGE_LOOP('',(#159));
#2108=EDGE_LOOP('',(#160));
#2109=EDGE_LOOP('',(#161));
#2110=EDGE_LOOP('',(#162));
#2111=EDGE_LOOP('',(#163));
#2112=EDGE_LOOP('',(#164));
#2113=EDGE_LOOP('',(#165));
#2114=EDGE_LOOP('',(#166));
#2115=EDGE_LOOP('',(#167));
#2116=EDGE_LOOP('',(#168,#169,#170,#171));
#2117=EDGE_LOOP('',(#172,#173,#174,#175));
#2118=EDGE_LOOP('',(#176,#177,#178,#179));
#2119=EDGE_LOOP('',(#180));
#2120=EDGE_LOOP('',(#181,#182,#183,#184,#185,#186,#187,#188,#189,#190,#191));
#2121=EDGE_LOOP('',(#192));
#2122=EDGE_LOOP('',(#193));
#2123=EDGE_LOOP('',(#194,#195,#196,#197));
#2124=EDGE_LOOP('',(#198,#199,#200,#201));
#2125=EDGE_LOOP('',(#202,#203,#204,#205));
#2126=EDGE_LOOP('',(#206,#207,#208,#209));
#2127=EDGE_LOOP('',(#210,#211,#212,#213));
#2128=EDGE_LOOP('',(#214,#215,#216,#217));
#2129=EDGE_LOOP('',(#218,#219,#220,#221));
#2130=EDGE_LOOP('',(#222,#223,#224,#225,#226,#227,#228,#229,#230,#231,#232,
#233));
#2131=EDGE_LOOP('',(#234));
#2132=EDGE_LOOP('',(#235,#236,#237,#238));
#2133=EDGE_LOOP('',(#239,#240,#241,#242));
#2134=EDGE_LOOP('',(#243,#244,#245,#246));
#2135=EDGE_LOOP('',(#247,#248,#249,#250));
#2136=EDGE_LOOP('',(#251,#252,#253,#254));
#2137=EDGE_LOOP('',(#255,#256,#257,#258));
#2138=EDGE_LOOP('',(#259,#260,#261,#262));
#2139=EDGE_LOOP('',(#263));
#2140=EDGE_LOOP('',(#264));
#2141=EDGE_LOOP('',(#265,#266,#267,#268));
#2142=EDGE_LOOP('',(#269,#270,#271,#272));
#2143=EDGE_LOOP('',(#273,#274,#275,#276));
#2144=EDGE_LOOP('',(#277,#278,#279,#280));
#2145=EDGE_LOOP('',(#281,#282,#283,#284));
#2146=EDGE_LOOP('',(#285,#286,#287,#288));
#2147=EDGE_LOOP('',(#289,#290,#291,#292));
#2148=EDGE_LOOP('',(#293,#294,#295,#296));
#2149=EDGE_LOOP('',(#297,#298,#299,#300));
#2150=EDGE_LOOP('',(#301,#302,#303,#304));
#2151=EDGE_LOOP('',(#305,#306,#307,#308));
#2152=EDGE_LOOP('',(#309,#310,#311,#312));
#2153=EDGE_LOOP('',(#313,#314,#315,#316));
#2154=EDGE_LOOP('',(#317,#318,#319,#320));
#2155=EDGE_LOOP('',(#321,#322,#323,#324));
#2156=EDGE_LOOP('',(#325,#326,#327,#328));
#2157=EDGE_LOOP('',(#329,#330,#331,#332));
#2158=EDGE_LOOP('',(#333,#334,#335,#336));
#2159=EDGE_LOOP('',(#337,#338,#339,#340));
#2160=EDGE_LOOP('',(#341,#342,#343,#344));
#2161=EDGE_LOOP('',(#345,#346,#347,#348));
#2162=EDGE_LOOP('',(#349,#350,#351,#352));
#2163=EDGE_LOOP('',(#353,#354,#355));
#2164=EDGE_LOOP('',(#356,#357,#358,#359));
#2165=EDGE_LOOP('',(#360,#361,#362,#363));
#2166=EDGE_LOOP('',(#364,#365,#366,#367));
#2167=EDGE_LOOP('',(#368,#369,#370,#371));
#2168=EDGE_LOOP('',(#372,#373,#374,#375));
#2169=EDGE_LOOP('',(#376,#377,#378,#379));
#2170=EDGE_LOOP('',(#380,#381,#382,#383));
#2171=EDGE_LOOP('',(#384,#385,#386,#387));
#2172=EDGE_LOOP('',(#388,#389,#390,#391));
#2173=EDGE_LOOP('',(#392,#393,#394,#395,#396,#397));
#2174=EDGE_LOOP('',(#398,#399,#400,#401,#402,#403,#404,#405));
#2175=EDGE_LOOP('',(#406,#407,#408,#409,#410,#411));
#2176=EDGE_LOOP('',(#412,#413,#414,#415));
#2177=EDGE_LOOP('',(#416,#417,#418,#419));
#2178=EDGE_LOOP('',(#420,#421,#422,#423));
#2179=EDGE_LOOP('',(#424,#425,#426,#427));
#2180=EDGE_LOOP('',(#428,#429,#430,#431));
#2181=EDGE_LOOP('',(#432,#433,#434,#435));
#2182=EDGE_LOOP('',(#436,#437,#438,#439));
#2183=EDGE_LOOP('',(#440,#441,#442,#443));
#2184=EDGE_LOOP('',(#444,#445,#446,#447));
#2185=EDGE_LOOP('',(#448,#449,#450,#451,#452,#453,#454,#455,#456,#457));
#2186=EDGE_LOOP('',(#458,#459,#460,#461));
#2187=EDGE_LOOP('',(#462,#463,#464,#465,#466,#467,#468,#469,#470,#471,#472,
#473));
#2188=EDGE_LOOP('',(#474));
#2189=EDGE_LOOP('',(#475,#476,#477,#478,#479,#480));
#2190=EDGE_LOOP('',(#481));
#2191=EDGE_LOOP('',(#482,#483,#484,#485,#486,#487,#488,#489,#490,#491,#492,
#493,#494));
#2192=EDGE_LOOP('',(#495,#496,#497,#498));
#2193=EDGE_LOOP('',(#499,#500,#501));
#2194=EDGE_LOOP('',(#502,#503,#504,#505));
#2195=EDGE_LOOP('',(#506,#507,#508,#509));
#2196=EDGE_LOOP('',(#510,#511,#512,#513));
#2197=EDGE_LOOP('',(#514,#515,#516,#517));
#2198=EDGE_LOOP('',(#518,#519,#520,#521));
#2199=EDGE_LOOP('',(#522,#523,#524,#525));
#2200=EDGE_LOOP('',(#526,#527,#528,#529,#530,#531,#532,#533));
#2201=EDGE_LOOP('',(#534,#535,#536,#537));
#2202=EDGE_LOOP('',(#538,#539,#540,#541,#542,#543,#544,#545));
#2203=EDGE_LOOP('',(#546,#547,#548,#549,#550,#551));
#2204=EDGE_LOOP('',(#552,#553,#554,#555,#556,#557,#558,#559,#560,#561,#562,
#563,#564,#565,#566,#567));
#2205=EDGE_LOOP('',(#568,#569,#570,#571));
#2206=EDGE_LOOP('',(#572,#573,#574,#575));
#2207=EDGE_LOOP('',(#576,#577,#578,#579));
#2208=EDGE_LOOP('',(#580,#581,#582,#583));
#2209=EDGE_LOOP('',(#584,#585,#586,#587,#588,#589,#590,#591,#592,#593,#594,
#595));
#2210=EDGE_LOOP('',(#596,#597,#598,#599));
#2211=EDGE_LOOP('',(#600,#601,#602,#603,#604,#605,#606));
#2212=EDGE_LOOP('',(#607,#608,#609,#610,#611,#612,#613,#614,#615,#616));
#2213=EDGE_LOOP('',(#617,#618,#619,#620,#621,#622,#623));
#2214=EDGE_LOOP('',(#624));
#2215=EDGE_LOOP('',(#625));
#2216=EDGE_LOOP('',(#626));
#2217=EDGE_LOOP('',(#627,#628,#629,#630));
#2218=EDGE_LOOP('',(#631));
#2219=EDGE_LOOP('',(#632));
#2220=EDGE_LOOP('',(#633));
#2221=EDGE_LOOP('',(#634,#635,#636,#637));
#2222=EDGE_LOOP('',(#638));
#2223=EDGE_LOOP('',(#639));
#2224=EDGE_LOOP('',(#640));
#2225=EDGE_LOOP('',(#641,#642,#643,#644,#645));
#2226=EDGE_LOOP('',(#646,#647,#648,#649,#650));
#2227=EDGE_LOOP('',(#651));
#2228=EDGE_LOOP('',(#652));
#2229=EDGE_LOOP('',(#653));
#2230=EDGE_LOOP('',(#654,#655,#656,#657));
#2231=EDGE_LOOP('',(#658,#659,#660,#661));
#2232=EDGE_LOOP('',(#662,#663,#664,#665));
#2233=EDGE_LOOP('',(#666,#667,#668,#669));
#2234=EDGE_LOOP('',(#670,#671,#672,#673));
#2235=EDGE_LOOP('',(#674,#675,#676,#677));
#2236=EDGE_LOOP('',(#678,#679,#680,#681));
#2237=EDGE_LOOP('',(#682,#683,#684,#685));
#2238=EDGE_LOOP('',(#686,#687,#688,#689));
#2239=EDGE_LOOP('',(#690,#691,#692,#693));
#2240=EDGE_LOOP('',(#694,#695,#696,#697));
#2241=EDGE_LOOP('',(#698,#699,#700,#701));
#2242=EDGE_LOOP('',(#702,#703,#704,#705));
#2243=EDGE_LOOP('',(#706,#707,#708,#709));
#2244=EDGE_LOOP('',(#710,#711,#712,#713));
#2245=EDGE_LOOP('',(#714,#715,#716,#717,#718,#719,#720,#721));
#2246=EDGE_LOOP('',(#722,#723,#724,#725,#726,#727,#728,#729,#730));
#2247=EDGE_LOOP('',(#731,#732,#733,#734));
#2248=EDGE_LOOP('',(#735,#736,#737,#738,#739,#740,#741,#742));
#2249=EDGE_LOOP('',(#743,#744,#745,#746));
#2250=EDGE_LOOP('',(#747,#748,#749,#750));
#2251=EDGE_LOOP('',(#751,#752,#753,#754,#755,#756,#757,#758,#759));
#2252=EDGE_LOOP('',(#760,#761,#762,#763));
#2253=EDGE_LOOP('',(#764,#765,#766,#767));
#2254=FACE_BOUND('',#2080,.T.);
#2255=FACE_BOUND('',#2081,.T.);
#2256=FACE_BOUND('',#2082,.T.);
#2257=FACE_BOUND('',#2083,.T.);
#2258=FACE_BOUND('',#2084,.T.);
#2259=FACE_BOUND('',#2085,.T.);
#2260=FACE_BOUND('',#2086,.T.);
#2261=FACE_BOUND('',#2087,.T.);
#2262=FACE_BOUND('',#2088,.T.);
#2263=FACE_BOUND('',#2089,.T.);
#2264=FACE_BOUND('',#2090,.T.);
#2265=FACE_BOUND('',#2091,.T.);
#2266=FACE_BOUND('',#2092,.T.);
#2267=FACE_BOUND('',#2093,.T.);
#2268=FACE_BOUND('',#2094,.T.);
#2269=FACE_BOUND('',#2095,.T.);
#2270=FACE_BOUND('',#2096,.T.);
#2271=FACE_BOUND('',#2097,.T.);
#2272=FACE_BOUND('',#2098,.T.);
#2273=FACE_BOUND('',#2099,.T.);
#2274=FACE_BOUND('',#2100,.T.);
#2275=FACE_BOUND('',#2101,.T.);
#2276=FACE_BOUND('',#2102,.T.);
#2277=FACE_BOUND('',#2103,.T.);
#2278=FACE_BOUND('',#2104,.T.);
#2279=FACE_BOUND('',#2105,.T.);
#2280=FACE_BOUND('',#2106,.T.);
#2281=FACE_BOUND('',#2107,.T.);
#2282=FACE_BOUND('',#2108,.T.);
#2283=FACE_BOUND('',#2109,.T.);
#2284=FACE_BOUND('',#2110,.T.);
#2285=FACE_BOUND('',#2111,.T.);
#2286=FACE_BOUND('',#2112,.T.);
#2287=FACE_BOUND('',#2113,.T.);
#2288=FACE_BOUND('',#2114,.T.);
#2289=FACE_BOUND('',#2115,.T.);
#2290=FACE_BOUND('',#2116,.T.);
#2291=FACE_BOUND('',#2117,.T.);
#2292=FACE_BOUND('',#2118,.T.);
#2293=FACE_BOUND('',#2119,.T.);
#2294=FACE_BOUND('',#2120,.T.);
#2295=FACE_BOUND('',#2121,.T.);
#2296=FACE_BOUND('',#2122,.T.);
#2297=FACE_BOUND('',#2123,.T.);
#2298=FACE_BOUND('',#2124,.T.);
#2299=FACE_BOUND('',#2125,.T.);
#2300=FACE_BOUND('',#2126,.T.);
#2301=FACE_BOUND('',#2127,.T.);
#2302=FACE_BOUND('',#2128,.T.);
#2303=FACE_BOUND('',#2129,.T.);
#2304=FACE_BOUND('',#2130,.T.);
#2305=FACE_BOUND('',#2131,.T.);
#2306=FACE_BOUND('',#2132,.T.);
#2307=FACE_BOUND('',#2133,.T.);
#2308=FACE_BOUND('',#2134,.T.);
#2309=FACE_BOUND('',#2135,.T.);
#2310=FACE_BOUND('',#2136,.T.);
#2311=FACE_BOUND('',#2137,.T.);
#2312=FACE_BOUND('',#2138,.T.);
#2313=FACE_BOUND('',#2139,.T.);
#2314=FACE_BOUND('',#2140,.T.);
#2315=FACE_BOUND('',#2141,.T.);
#2316=FACE_BOUND('',#2142,.T.);
#2317=FACE_BOUND('',#2143,.T.);
#2318=FACE_BOUND('',#2144,.T.);
#2319=FACE_BOUND('',#2145,.T.);
#2320=FACE_BOUND('',#2146,.T.);
#2321=FACE_BOUND('',#2147,.T.);
#2322=FACE_BOUND('',#2148,.T.);
#2323=FACE_BOUND('',#2149,.T.);
#2324=FACE_BOUND('',#2150,.T.);
#2325=FACE_BOUND('',#2151,.T.);
#2326=FACE_BOUND('',#2152,.T.);
#2327=FACE_BOUND('',#2153,.T.);
#2328=FACE_BOUND('',#2154,.T.);
#2329=FACE_BOUND('',#2155,.T.);
#2330=FACE_BOUND('',#2156,.T.);
#2331=FACE_BOUND('',#2157,.T.);
#2332=FACE_BOUND('',#2158,.T.);
#2333=FACE_BOUND('',#2159,.T.);
#2334=FACE_BOUND('',#2160,.T.);
#2335=FACE_BOUND('',#2161,.T.);
#2336=FACE_BOUND('',#2162,.T.);
#2337=FACE_BOUND('',#2163,.T.);
#2338=FACE_BOUND('',#2164,.T.);
#2339=FACE_BOUND('',#2165,.T.);
#2340=FACE_BOUND('',#2166,.T.);
#2341=FACE_BOUND('',#2167,.T.);
#2342=FACE_BOUND('',#2168,.T.);
#2343=FACE_BOUND('',#2169,.T.);
#2344=FACE_BOUND('',#2170,.T.);
#2345=FACE_BOUND('',#2171,.T.);
#2346=FACE_BOUND('',#2172,.T.);
#2347=FACE_BOUND('',#2173,.T.);
#2348=FACE_BOUND('',#2174,.T.);
#2349=FACE_BOUND('',#2175,.T.);
#2350=FACE_BOUND('',#2176,.T.);
#2351=FACE_BOUND('',#2177,.T.);
#2352=FACE_BOUND('',#2178,.T.);
#2353=FACE_BOUND('',#2179,.T.);
#2354=FACE_BOUND('',#2180,.T.);
#2355=FACE_BOUND('',#2181,.T.);
#2356=FACE_BOUND('',#2182,.T.);
#2357=FACE_BOUND('',#2183,.T.);
#2358=FACE_BOUND('',#2184,.T.);
#2359=FACE_BOUND('',#2185,.T.);
#2360=FACE_BOUND('',#2186,.T.);
#2361=FACE_BOUND('',#2187,.T.);
#2362=FACE_BOUND('',#2188,.T.);
#2363=FACE_BOUND('',#2189,.T.);
#2364=FACE_BOUND('',#2190,.T.);
#2365=FACE_BOUND('',#2191,.T.);
#2366=FACE_BOUND('',#2192,.T.);
#2367=FACE_BOUND('',#2193,.T.);
#2368=FACE_BOUND('',#2194,.T.);
#2369=FACE_BOUND('',#2195,.T.);
#2370=FACE_BOUND('',#2196,.T.);
#2371=FACE_BOUND('',#2197,.T.);
#2372=FACE_BOUND('',#2198,.T.);
#2373=FACE_BOUND('',#2199,.T.);
#2374=FACE_BOUND('',#2200,.T.);
#2375=FACE_BOUND('',#2201,.T.);
#2376=FACE_BOUND('',#2202,.T.);
#2377=FACE_BOUND('',#2203,.T.);
#2378=FACE_BOUND('',#2204,.T.);
#2379=FACE_BOUND('',#2205,.T.);
#2380=FACE_BOUND('',#2206,.T.);
#2381=FACE_BOUND('',#2207,.T.);
#2382=FACE_BOUND('',#2208,.T.);
#2383=FACE_BOUND('',#2209,.T.);
#2384=FACE_BOUND('',#2210,.T.);
#2385=FACE_BOUND('',#2211,.T.);
#2386=FACE_BOUND('',#2212,.T.);
#2387=FACE_BOUND('',#2213,.T.);
#2388=FACE_BOUND('',#2214,.T.);
#2389=FACE_BOUND('',#2215,.T.);
#2390=FACE_BOUND('',#2216,.T.);
#2391=FACE_BOUND('',#2217,.T.);
#2392=FACE_BOUND('',#2218,.T.);
#2393=FACE_BOUND('',#2219,.T.);
#2394=FACE_BOUND('',#2220,.T.);
#2395=FACE_BOUND('',#2221,.T.);
#2396=FACE_BOUND('',#2222,.T.);
#2397=FACE_BOUND('',#2223,.T.);
#2398=FACE_BOUND('',#2224,.T.);
#2399=FACE_BOUND('',#2225,.T.);
#2400=FACE_BOUND('',#2226,.T.);
#2401=FACE_BOUND('',#2227,.T.);
#2402=FACE_BOUND('',#2228,.T.);
#2403=FACE_BOUND('',#2229,.T.);
#2404=FACE_BOUND('',#2230,.T.);
#2405=FACE_BOUND('',#2231,.T.);
#2406=FACE_BOUND('',#2232,.T.);
#2407=FACE_BOUND('',#2233,.T.);
#2408=FACE_BOUND('',#2234,.T.);
#2409=FACE_BOUND('',#2235,.T.);
#2410=FACE_BOUND('',#2236,.T.);
#2411=FACE_BOUND('',#2237,.T.);
#2412=FACE_BOUND('',#2238,.T.);
#2413=FACE_BOUND('',#2239,.T.);
#2414=FACE_BOUND('',#2240,.T.);
#2415=FACE_BOUND('',#2241,.T.);
#2416=FACE_BOUND('',#2242,.T.);
#2417=FACE_BOUND('',#2243,.T.);
#2418=FACE_BOUND('',#2244,.T.);
#2419=FACE_BOUND('',#2245,.T.);
#2420=FACE_BOUND('',#2246,.T.);
#2421=FACE_BOUND('',#2247,.T.);
#2422=FACE_BOUND('',#2248,.T.);
#2423=FACE_BOUND('',#2249,.T.);
#2424=FACE_BOUND('',#2250,.T.);
#2425=FACE_BOUND('',#2251,.T.);
#2426=FACE_BOUND('',#2252,.T.);
#2427=FACE_BOUND('',#2253,.T.);
#2428=PLANE('',#2697);
#2429=PLANE('',#2698);
#2430=PLANE('',#2699);
#2431=PLANE('',#2700);
#2432=PLANE('',#2701);
#2433=PLANE('',#2702);
#2434=PLANE('',#2703);
#2435=PLANE('',#2704);
#2436=PLANE('',#2705);
#2437=PLANE('',#2706);
#2438=PLANE('',#2707);
#2439=PLANE('',#2708);
#2440=PLANE('',#2709);
#2441=PLANE('',#2710);
#2442=PLANE('',#2711);
#2443=PLANE('',#2712);
#2444=PLANE('',#2713);
#2445=PLANE('',#2732);
#2446=PLANE('',#2733);
#2447=PLANE('',#2734);
#2448=PLANE('',#2739);
#2449=PLANE('',#2740);
#2450=PLANE('',#2741);
#2451=PLANE('',#2742);
#2452=PLANE('',#2743);
#2453=PLANE('',#2744);
#2454=PLANE('',#2745);
#2455=PLANE('',#2746);
#2456=PLANE('',#2747);
#2457=PLANE('',#2748);
#2458=PLANE('',#2749);
#2459=PLANE('',#2750);
#2460=PLANE('',#2751);
#2461=PLANE('',#2752);
#2462=PLANE('',#2753);
#2463=PLANE('',#2756);
#2464=PLANE('',#2757);
#2465=PLANE('',#2758);
#2466=PLANE('',#2759);
#2467=PLANE('',#2760);
#2468=PLANE('',#2761);
#2469=PLANE('',#2762);
#2470=PLANE('',#2763);
#2471=PLANE('',#2764);
#2472=PLANE('',#2765);
#2473=PLANE('',#2766);
#2474=PLANE('',#2767);
#2475=PLANE('',#2768);
#2476=PLANE('',#2769);
#2477=PLANE('',#2770);
#2478=PLANE('',#2771);
#2479=PLANE('',#2772);
#2480=PLANE('',#2773);
#2481=PLANE('',#2774);
#2482=PLANE('',#2775);
#2483=PLANE('',#2776);
#2484=PLANE('',#2777);
#2485=PLANE('',#2778);
#2486=PLANE('',#2779);
#2487=PLANE('',#2780);
#2488=PLANE('',#2781);
#2489=PLANE('',#2782);
#2490=PLANE('',#2783);
#2491=PLANE('',#2784);
#2492=PLANE('',#2785);
#2493=PLANE('',#2786);
#2494=PLANE('',#2787);
#2495=PLANE('',#2788);
#2496=PLANE('',#2789);
#2497=PLANE('',#2790);
#2498=PLANE('',#2791);
#2499=PLANE('',#2792);
#2500=PLANE('',#2793);
#2501=PLANE('',#2794);
#2502=PLANE('',#2795);
#2503=PLANE('',#2796);
#2504=PLANE('',#2797);
#2505=PLANE('',#2798);
#2506=PLANE('',#2799);
#2507=PLANE('',#2800);
#2508=PLANE('',#2801);
#2509=PLANE('',#2802);
#2510=PLANE('',#2803);
#2511=PLANE('',#2804);
#2512=PLANE('',#2805);
#2513=PLANE('',#2806);
#2514=PLANE('',#2807);
#2515=PLANE('',#2808);
#2516=PLANE('',#2809);
#2517=PLANE('',#2810);
#2518=PLANE('',#2811);
#2519=PLANE('',#2812);
#2520=PLANE('',#2813);
#2521=PLANE('',#2814);
#2522=PLANE('',#2815);
#2523=PLANE('',#2816);
#2524=PLANE('',#2817);
#2525=PLANE('',#2818);
#2526=PLANE('',#2819);
#2527=PLANE('',#2820);
#2528=PLANE('',#2821);
#2529=PLANE('',#2822);
#2530=PLANE('',#2823);
#2531=PLANE('',#2824);
#2532=PLANE('',#2825);
#2533=PLANE('',#2826);
#2534=PLANE('',#2827);
#2535=PLANE('',#2828);
#2536=PLANE('',#2829);
#2537=PLANE('',#2830);
#2538=PLANE('',#2831);
#2539=PLANE('',#2832);
#2540=PLANE('',#2833);
#2541=PLANE('',#2834);
#2542=PLANE('',#2835);
#2543=PLANE('',#2836);
#2544=PLANE('',#2837);
#2545=PLANE('',#2838);
#2546=PLANE('',#2839);
#2547=PLANE('',#2840);
#2548=PLANE('',#2841);
#2549=PLANE('',#2842);
#2550=PLANE('',#2843);
#2551=PLANE('',#2844);
#2552=ADVANCED_FACE('',(#2254),#2428,.F.);
#2553=ADVANCED_FACE('',(#2255),#2429,.T.);
#2554=ADVANCED_FACE('',(#2256),#2430,.T.);
#2555=ADVANCED_FACE('',(#2257),#2431,.F.);
#2556=ADVANCED_FACE('',(#2258),#2432,.T.);
#2557=ADVANCED_FACE('',(#2259),#2433,.T.);
#2558=ADVANCED_FACE('',(#2260),#2434,.T.);
#2559=ADVANCED_FACE('',(#2261),#2435,.F.);
#2560=ADVANCED_FACE('',(#2262),#2436,.F.);
#2561=ADVANCED_FACE('',(#2263,#2264,#2265),#2437,.F.);
#2562=ADVANCED_FACE('',(#2266,#2267),#2438,.F.);
#2563=ADVANCED_FACE('',(#2268,#2269,#2270),#2439,.T.);
#2564=ADVANCED_FACE('',(#2271),#2440,.T.);
#2565=ADVANCED_FACE('',(#2272,#2273,#2274),#2441,.F.);
#2566=ADVANCED_FACE('',(#2275),#2442,.F.);
#2567=ADVANCED_FACE('',(#2276),#2443,.F.);
#2568=ADVANCED_FACE('',(#2277),#2444,.F.);
#2569=ADVANCED_FACE('',(#2278,#2279),#28,.F.);
#2570=ADVANCED_FACE('',(#2280,#2281),#29,.F.);
#2571=ADVANCED_FACE('',(#2282,#2283),#30,.F.);
#2572=ADVANCED_FACE('',(#2284,#2285),#31,.F.);
#2573=ADVANCED_FACE('',(#2286,#2287),#32,.F.);
#2574=ADVANCED_FACE('',(#2288,#2289),#33,.F.);
#2575=ADVANCED_FACE('',(#2290),#2445,.T.);
#2576=ADVANCED_FACE('',(#2291,#2292),#2446,.F.);
#2577=ADVANCED_FACE('',(#2293,#2294),#2447,.F.);
#2578=ADVANCED_FACE('',(#2295,#2296),#34,.F.);
#2579=ADVANCED_FACE('',(#2297),#2448,.T.);
#2580=ADVANCED_FACE('',(#2298),#2449,.T.);
#2581=ADVANCED_FACE('',(#2299),#2450,.T.);
#2582=ADVANCED_FACE('',(#2300),#2451,.T.);
#2583=ADVANCED_FACE('',(#2301),#2452,.F.);
#2584=ADVANCED_FACE('',(#2302),#2453,.F.);
#2585=ADVANCED_FACE('',(#2303),#2454,.F.);
#2586=ADVANCED_FACE('',(#2304,#2305),#2455,.F.);
#2587=ADVANCED_FACE('',(#2306),#2456,.T.);
#2588=ADVANCED_FACE('',(#2307),#2457,.T.);
#2589=ADVANCED_FACE('',(#2308),#2458,.F.);
#2590=ADVANCED_FACE('',(#2309),#2459,.T.);
#2591=ADVANCED_FACE('',(#2310),#2460,.T.);
#2592=ADVANCED_FACE('',(#2311),#2461,.T.);
#2593=ADVANCED_FACE('',(#2312),#2462,.F.);
#2594=ADVANCED_FACE('',(#2313,#2314),#35,.F.);
#2595=ADVANCED_FACE('',(#2315),#2463,.F.);
#2596=ADVANCED_FACE('',(#2316),#2464,.F.);
#2597=ADVANCED_FACE('',(#2317),#2465,.T.);
#2598=ADVANCED_FACE('',(#2318),#2466,.T.);
#2599=ADVANCED_FACE('',(#2319),#2467,.F.);
#2600=ADVANCED_FACE('',(#2320),#2468,.F.);
#2601=ADVANCED_FACE('',(#2321),#2469,.T.);
#2602=ADVANCED_FACE('',(#2322),#2470,.T.);
#2603=ADVANCED_FACE('',(#2323),#2471,.T.);
#2604=ADVANCED_FACE('',(#2324),#2472,.F.);
#2605=ADVANCED_FACE('',(#2325),#2473,.F.);
#2606=ADVANCED_FACE('',(#2326),#2474,.T.);
#2607=ADVANCED_FACE('',(#2327),#2475,.F.);
#2608=ADVANCED_FACE('',(#2328),#2476,.F.);
#2609=ADVANCED_FACE('',(#2329),#2477,.T.);
#2610=ADVANCED_FACE('',(#2330),#2478,.T.);
#2611=ADVANCED_FACE('',(#2331),#2479,.F.);
#2612=ADVANCED_FACE('',(#2332),#2480,.F.);
#2613=ADVANCED_FACE('',(#2333),#2481,.T.);
#2614=ADVANCED_FACE('',(#2334),#2482,.T.);
#2615=ADVANCED_FACE('',(#2335),#2483,.T.);
#2616=ADVANCED_FACE('',(#2336),#2484,.F.);
#2617=ADVANCED_FACE('',(#2337),#2485,.T.);
#2618=ADVANCED_FACE('',(#2338),#2486,.F.);
#2619=ADVANCED_FACE('',(#2339),#2487,.T.);
#2620=ADVANCED_FACE('',(#2340),#2488,.F.);
#2621=ADVANCED_FACE('',(#2341),#2489,.T.);
#2622=ADVANCED_FACE('',(#2342),#2490,.T.);
#2623=ADVANCED_FACE('',(#2343),#2491,.F.);
#2624=ADVANCED_FACE('',(#2344),#2492,.T.);
#2625=ADVANCED_FACE('',(#2345),#2493,.T.);
#2626=ADVANCED_FACE('',(#2346),#2494,.T.);
#2627=ADVANCED_FACE('',(#2347),#2495,.T.);
#2628=ADVANCED_FACE('',(#2348),#2496,.F.);
#2629=ADVANCED_FACE('',(#2349),#2497,.F.);
#2630=ADVANCED_FACE('',(#2350),#2498,.F.);
#2631=ADVANCED_FACE('',(#2351),#2499,.F.);
#2632=ADVANCED_FACE('',(#2352,#2353,#2354),#2500,.T.);
#2633=ADVANCED_FACE('',(#2355),#2501,.T.);
#2634=ADVANCED_FACE('',(#2356,#2357,#2358),#2502,.F.);
#2635=ADVANCED_FACE('',(#2359),#2503,.F.);
#2636=ADVANCED_FACE('',(#2360),#2504,.T.);
#2637=ADVANCED_FACE('',(#2361,#2362),#2505,.T.);
#2638=ADVANCED_FACE('',(#2363),#2506,.T.);
#2639=ADVANCED_FACE('',(#2364,#2365),#2507,.T.);
#2640=ADVANCED_FACE('',(#2366),#2508,.F.);
#2641=ADVANCED_FACE('',(#2367),#2509,.T.);
#2642=ADVANCED_FACE('',(#2368),#2510,.T.);
#2643=ADVANCED_FACE('',(#2369),#2511,.F.);
#2644=ADVANCED_FACE('',(#2370),#2512,.F.);
#2645=ADVANCED_FACE('',(#2371),#2513,.T.);
#2646=ADVANCED_FACE('',(#2372),#2514,.T.);
#2647=ADVANCED_FACE('',(#2373),#2515,.T.);
#2648=ADVANCED_FACE('',(#2374),#2516,.F.);
#2649=ADVANCED_FACE('',(#2375),#2517,.T.);
#2650=ADVANCED_FACE('',(#2376),#2518,.T.);
#2651=ADVANCED_FACE('',(#2377),#2519,.T.);
#2652=ADVANCED_FACE('',(#2378,#2379,#2380,#2381,#2382),#2520,.T.);
#2653=ADVANCED_FACE('',(#2383,#2384),#2521,.T.);
#2654=ADVANCED_FACE('',(#2385),#2522,.F.);
#2655=ADVANCED_FACE('',(#2386),#2523,.T.);
#2656=ADVANCED_FACE('',(#2387),#2524,.T.);
#2657=ADVANCED_FACE('',(#2388,#2389,#2390,#2391),#2525,.F.);
#2658=ADVANCED_FACE('',(#2392,#2393,#2394,#2395),#2526,.F.);
#2659=ADVANCED_FACE('',(#2396,#2397,#2398,#2399),#2527,.T.);
#2660=ADVANCED_FACE('',(#2400,#2401,#2402,#2403),#2528,.T.);
#2661=ADVANCED_FACE('',(#2404),#2529,.F.);
#2662=ADVANCED_FACE('',(#2405,#2406),#2530,.T.);
#2663=ADVANCED_FACE('',(#2407),#2531,.T.);
#2664=ADVANCED_FACE('',(#2408),#2532,.F.);
#2665=ADVANCED_FACE('',(#2409),#2533,.F.);
#2666=ADVANCED_FACE('',(#2410),#2534,.T.);
#2667=ADVANCED_FACE('',(#2411),#2535,.T.);
#2668=ADVANCED_FACE('',(#2412),#2536,.F.);
#2669=ADVANCED_FACE('',(#2413),#2537,.T.);
#2670=ADVANCED_FACE('',(#2414),#2538,.T.);
#2671=ADVANCED_FACE('',(#2415),#2539,.F.);
#2672=ADVANCED_FACE('',(#2416),#2540,.F.);
#2673=ADVANCED_FACE('',(#2417),#2541,.F.);
#2674=ADVANCED_FACE('',(#2418),#2542,.F.);
#2675=ADVANCED_FACE('',(#2419),#2543,.T.);
#2676=ADVANCED_FACE('',(#2420),#2544,.F.);
#2677=ADVANCED_FACE('',(#2421),#2545,.T.);
#2678=ADVANCED_FACE('',(#2422),#2546,.T.);
#2679=ADVANCED_FACE('',(#2423),#2547,.T.);
#2680=ADVANCED_FACE('',(#2424),#2548,.T.);
#2681=ADVANCED_FACE('',(#2425),#2549,.T.);
#2682=ADVANCED_FACE('',(#2426),#2550,.F.);
#2683=ADVANCED_FACE('',(#2427),#2551,.T.);
#2684=CLOSED_SHELL('',(#2552,#2553,#2554,#2555,#2556,#2557,#2558,#2559,
#2560,#2561,#2562,#2563,#2564,#2565,#2566,#2567,#2568,#2569,#2570,#2571,
#2572,#2573,#2574,#2575,#2576,#2577,#2578,#2579,#2580,#2581,#2582,#2583,
#2584,#2585,#2586,#2587,#2588,#2589,#2590,#2591,#2592,#2593,#2594,#2595,
#2596,#2597,#2598,#2599,#2600,#2601,#2602,#2603,#2604,#2605,#2606,#2607,
#2608,#2609,#2610,#2611,#2612,#2613,#2614,#2615,#2616,#2617,#2618,#2619,
#2620,#2621,#2622,#2623,#2624,#2625,#2626,#2627,#2628,#2629,#2630,#2631,
#2632,#2633,#2634,#2635,#2636,#2637,#2638,#2639,#2640,#2641,#2642,#2643,
#2644,#2645,#2646,#2647,#2648,#2649,#2650,#2651,#2652,#2653,#2654,#2655,
#2656,#2657,#2658,#2659,#2660,#2661,#2662,#2663,#2664,#2665,#2666,#2667,
#2668,#2669,#2670,#2671,#2672,#2673,#2674,#2675,#2676,#2677,#2678,#2679,
#2680,#2681,#2682,#2683));
#2685=STYLED_ITEM('',(#2686),#2693);
#2686=PRESENTATION_STYLE_ASSIGNMENT((#2687));
#2687=SURFACE_STYLE_USAGE(.BOTH.,#2688);
#2688=SURFACE_SIDE_STYLE('',(#2689));
#2689=SURFACE_STYLE_FILL_AREA(#2690);
#2690=FILL_AREA_STYLE('',(#2691));
#2691=FILL_AREA_STYLE_COLOUR('',#2692);
#2692=COLOUR_RGB('',0.262745098039216,0.282352941176471,0.301960784313725);
#2693=MANIFOLD_SOLID_BREP('Part 1',#2684);
#2694=SHAPE_DEFINITION_REPRESENTATION(#4244,#2695);
#2695=SHAPE_REPRESENTATION('Part 1',(#2696),#4239);
#2696=AXIS2_PLACEMENT_3D('',#3493,#2845,#2846);
#2697=AXIS2_PLACEMENT_3D('',#3494,#2847,#2848);
#2698=AXIS2_PLACEMENT_3D('',#3503,#2853,#2854);
#2699=AXIS2_PLACEMENT_3D('',#3520,#2863,#2864);
#2700=AXIS2_PLACEMENT_3D('',#3526,#2868,#2869);
#2701=AXIS2_PLACEMENT_3D('',#3540,#2877,#2878);
#2702=AXIS2_PLACEMENT_3D('',#3549,#2883,#2884);
#2703=AXIS2_PLACEMENT_3D('',#3555,#2888,#2889);
#2704=AXIS2_PLACEMENT_3D('',#3572,#2898,#2899);
#2705=AXIS2_PLACEMENT_3D('',#3575,#2902,#2903);
#2706=AXIS2_PLACEMENT_3D('',#3589,#2911,#2912);
#2707=AXIS2_PLACEMENT_3D('',#3614,#2925,#2926);
#2708=AXIS2_PLACEMENT_3D('',#3628,#2934,#2935);
#2709=AXIS2_PLACEMENT_3D('',#3650,#2947,#2948);
#2710=AXIS2_PLACEMENT_3D('',#3653,#2951,#2952);
#2711=AXIS2_PLACEMENT_3D('',#3686,#2969,#2970);
#2712=AXIS2_PLACEMENT_3D('',#3700,#2978,#2979);
#2713=AXIS2_PLACEMENT_3D('',#3706,#2983,#2984);
#2714=AXIS2_PLACEMENT_3D('',#3712,#2988,#2989);
#2715=AXIS2_PLACEMENT_3D('',#3713,#2990,#2991);
#2716=AXIS2_PLACEMENT_3D('',#3715,#2992,#2993);
#2717=AXIS2_PLACEMENT_3D('',#3717,#2994,#2995);
#2718=AXIS2_PLACEMENT_3D('',#3718,#2996,#2997);
#2719=AXIS2_PLACEMENT_3D('',#3720,#2998,#2999);
#2720=AXIS2_PLACEMENT_3D('',#3722,#3000,#3001);
#2721=AXIS2_PLACEMENT_3D('',#3723,#3002,#3003);
#2722=AXIS2_PLACEMENT_3D('',#3725,#3004,#3005);
#2723=AXIS2_PLACEMENT_3D('',#3727,#3006,#3007);
#2724=AXIS2_PLACEMENT_3D('',#3728,#3008,#3009);
#2725=AXIS2_PLACEMENT_3D('',#3730,#3010,#3011);
#2726=AXIS2_PLACEMENT_3D('',#3732,#3012,#3013);
#2727=AXIS2_PLACEMENT_3D('',#3733,#3014,#3015);
#2728=AXIS2_PLACEMENT_3D('',#3735,#3016,#3017);
#2729=AXIS2_PLACEMENT_3D('',#3737,#3018,#3019);
#2730=AXIS2_PLACEMENT_3D('',#3738,#3020,#3021);
#2731=AXIS2_PLACEMENT_3D('',#3740,#3022,#3023);
#2732=AXIS2_PLACEMENT_3D('',#3742,#3024,#3025);
#2733=AXIS2_PLACEMENT_3D('',#3751,#3030,#3031);
#2734=AXIS2_PLACEMENT_3D('',#3768,#3040,#3041);
#2735=AXIS2_PLACEMENT_3D('',#3769,#3042,#3043);
#2736=AXIS2_PLACEMENT_3D('',#3793,#3055,#3056);
#2737=AXIS2_PLACEMENT_3D('',#3794,#3057,#3058);
#2738=AXIS2_PLACEMENT_3D('',#3796,#3059,#3060);
#2739=AXIS2_PLACEMENT_3D('',#3798,#3061,#3062);
#2740=AXIS2_PLACEMENT_3D('',#3807,#3067,#3068);
#2741=AXIS2_PLACEMENT_3D('',#3816,#3073,#3074);
#2742=AXIS2_PLACEMENT_3D('',#3822,#3078,#3079);
#2743=AXIS2_PLACEMENT_3D('',#3828,#3083,#3084);
#2744=AXIS2_PLACEMENT_3D('',#3834,#3088,#3089);
#2745=AXIS2_PLACEMENT_3D('',#3837,#3092,#3093);
#2746=AXIS2_PLACEMENT_3D('',#3843,#3097,#3098);
#2747=AXIS2_PLACEMENT_3D('',#3853,#3104,#3105);
#2748=AXIS2_PLACEMENT_3D('',#3859,#3109,#3110);
#2749=AXIS2_PLACEMENT_3D('',#3863,#3113,#3114);
#2750=AXIS2_PLACEMENT_3D('',#3867,#3117,#3118);
#2751=AXIS2_PLACEMENT_3D('',#3871,#3121,#3122);
#2752=AXIS2_PLACEMENT_3D('',#3875,#3125,#3126);
#2753=AXIS2_PLACEMENT_3D('',#3879,#3129,#3130);
#2754=AXIS2_PLACEMENT_3D('',#3883,#3133,#3134);
#2755=AXIS2_PLACEMENT_3D('',#3884,#3135,#3136);
#2756=AXIS2_PLACEMENT_3D('',#3886,#3137,#3138);
#2757=AXIS2_PLACEMENT_3D('',#3892,#3142,#3143);
#2758=AXIS2_PLACEMENT_3D('',#3896,#3146,#3147);
#2759=AXIS2_PLACEMENT_3D('',#3900,#3150,#3151);
#2760=AXIS2_PLACEMENT_3D('',#3902,#3153,#3154);
#2761=AXIS2_PLACEMENT_3D('',#3908,#3158,#3159);
#2762=AXIS2_PLACEMENT_3D('',#3912,#3162,#3163);
#2763=AXIS2_PLACEMENT_3D('',#3916,#3166,#3167);
#2764=AXIS2_PLACEMENT_3D('',#3918,#3169,#3170);
#2765=AXIS2_PLACEMENT_3D('',#3921,#3173,#3174);
#2766=AXIS2_PLACEMENT_3D('',#3923,#3176,#3177);
#2767=AXIS2_PLACEMENT_3D('',#3925,#3179,#3180);
#2768=AXIS2_PLACEMENT_3D('',#3926,#3181,#3182);
#2769=AXIS2_PLACEMENT_3D('',#3932,#3186,#3187);
#2770=AXIS2_PLACEMENT_3D('',#3936,#3190,#3191);
#2771=AXIS2_PLACEMENT_3D('',#3940,#3194,#3195);
#2772=AXIS2_PLACEMENT_3D('',#3942,#3197,#3198);
#2773=AXIS2_PLACEMENT_3D('',#3948,#3202,#3203);
#2774=AXIS2_PLACEMENT_3D('',#3952,#3206,#3207);
#2775=AXIS2_PLACEMENT_3D('',#3956,#3210,#3211);
#2776=AXIS2_PLACEMENT_3D('',#3958,#3213,#3214);
#2777=AXIS2_PLACEMENT_3D('',#3959,#3215,#3216);
#2778=AXIS2_PLACEMENT_3D('',#3965,#3220,#3221);
#2779=AXIS2_PLACEMENT_3D('',#3969,#3224,#3225);
#2780=AXIS2_PLACEMENT_3D('',#3971,#3227,#3228);
#2781=AXIS2_PLACEMENT_3D('',#3980,#3233,#3234);
#2782=AXIS2_PLACEMENT_3D('',#3986,#3238,#3239);
#2783=AXIS2_PLACEMENT_3D('',#3990,#3242,#3243);
#2784=AXIS2_PLACEMENT_3D('',#3994,#3246,#3247);
#2785=AXIS2_PLACEMENT_3D('',#3996,#3249,#3250);
#2786=AXIS2_PLACEMENT_3D('',#4002,#3254,#3255);
#2787=AXIS2_PLACEMENT_3D('',#4006,#3258,#3259);
#2788=AXIS2_PLACEMENT_3D('',#4010,#3262,#3263);
#2789=AXIS2_PLACEMENT_3D('',#4016,#3267,#3268);
#2790=AXIS2_PLACEMENT_3D('',#4027,#3275,#3276);
#2791=AXIS2_PLACEMENT_3D('',#4032,#3280,#3281);
#2792=AXIS2_PLACEMENT_3D('',#4036,#3284,#3285);
#2793=AXIS2_PLACEMENT_3D('',#4040,#3288,#3289);
#2794=AXIS2_PLACEMENT_3D('',#4046,#3293,#3294);
#2795=AXIS2_PLACEMENT_3D('',#4050,#3297,#3298);
#2796=AXIS2_PLACEMENT_3D('',#4054,#3301,#3302);
#2797=AXIS2_PLACEMENT_3D('',#4061,#3307,#3308);
#2798=AXIS2_PLACEMENT_3D('',#4065,#3311,#3312);
#2799=AXIS2_PLACEMENT_3D('',#4069,#3315,#3316);
#2800=AXIS2_PLACEMENT_3D('',#4073,#3319,#3320);
#2801=AXIS2_PLACEMENT_3D('',#4076,#3323,#3324);
#2802=AXIS2_PLACEMENT_3D('',#4078,#3326,#3327);
#2803=AXIS2_PLACEMENT_3D('',#4080,#3329,#3330);
#2804=AXIS2_PLACEMENT_3D('',#4089,#3335,#3336);
#2805=AXIS2_PLACEMENT_3D('',#4095,#3340,#3341);
#2806=AXIS2_PLACEMENT_3D('',#4101,#3345,#3346);
#2807=AXIS2_PLACEMENT_3D('',#4104,#3349,#3350);
#2808=AXIS2_PLACEMENT_3D('',#4113,#3355,#3356);
#2809=AXIS2_PLACEMENT_3D('',#4116,#3359,#3360);
#2810=AXIS2_PLACEMENT_3D('',#4124,#3366,#3367);
#2811=AXIS2_PLACEMENT_3D('',#4128,#3370,#3371);
#2812=AXIS2_PLACEMENT_3D('',#4134,#3376,#3377);
#2813=AXIS2_PLACEMENT_3D('',#4140,#3381,#3382);
#2814=AXIS2_PLACEMENT_3D('',#4142,#3384,#3385);
#2815=AXIS2_PLACEMENT_3D('',#4144,#3387,#3388);
#2816=AXIS2_PLACEMENT_3D('',#4149,#3392,#3393);
#2817=AXIS2_PLACEMENT_3D('',#4152,#3396,#3397);
#2818=AXIS2_PLACEMENT_3D('',#4155,#3400,#3401);
#2819=AXIS2_PLACEMENT_3D('',#4156,#3402,#3403);
#2820=AXIS2_PLACEMENT_3D('',#4157,#3404,#3405);
#2821=AXIS2_PLACEMENT_3D('',#4159,#3407,#3408);
#2822=AXIS2_PLACEMENT_3D('',#4163,#3411,#3412);
#2823=AXIS2_PLACEMENT_3D('',#4165,#3414,#3415);
#2824=AXIS2_PLACEMENT_3D('',#4174,#3420,#3421);
#2825=AXIS2_PLACEMENT_3D('',#4177,#3424,#3425);
#2826=AXIS2_PLACEMENT_3D('',#4179,#3427,#3428);
#2827=AXIS2_PLACEMENT_3D('',#4181,#3430,#3431);
#2828=AXIS2_PLACEMENT_3D('',#4182,#3432,#3433);
#2829=AXIS2_PLACEMENT_3D('',#4188,#3437,#3438);
#2830=AXIS2_PLACEMENT_3D('',#4192,#3441,#3442);
#2831=AXIS2_PLACEMENT_3D('',#4196,#3445,#3446);
#2832=AXIS2_PLACEMENT_3D('',#4200,#3449,#3450);
#2833=AXIS2_PLACEMENT_3D('',#4204,#3453,#3454);
#2834=AXIS2_PLACEMENT_3D('',#4208,#3457,#3458);
#2835=AXIS2_PLACEMENT_3D('',#4212,#3461,#3462);
#2836=AXIS2_PLACEMENT_3D('',#4214,#3464,#3465);
#2837=AXIS2_PLACEMENT_3D('',#4215,#3466,#3467);
#2838=AXIS2_PLACEMENT_3D('',#4222,#3472,#3473);
#2839=AXIS2_PLACEMENT_3D('',#4226,#3476,#3477);
#2840=AXIS2_PLACEMENT_3D('',#4230,#3480,#3481);
#2841=AXIS2_PLACEMENT_3D('',#4232,#3483,#3484);
#2842=AXIS2_PLACEMENT_3D('',#4233,#3485,#3486);
#2843=AXIS2_PLACEMENT_3D('',#4236,#3489,#3490);
#2844=AXIS2_PLACEMENT_3D('',#4237,#3491,#3492);
#2845=DIRECTION('',(0.,0.,1.));
#2846=DIRECTION('',(1.,0.,0.));
#2847=DIRECTION('',(-1.,0.,0.));
#2848=DIRECTION('',(0.,0.,1.));
#2849=DIRECTION('',(0.,0.,-1.));
#2850=DIRECTION('',(0.,1.,0.));
#2851=DIRECTION('',(0.,0.707106781186548,-0.707106781186547));
#2852=DIRECTION('',(0.,1.,0.));
#2853=DIRECTION('',(-1.,0.,0.));
#2854=DIRECTION('',(0.,0.,1.));
#2855=DIRECTION('',(0.,-1.,0.));
#2856=DIRECTION('',(0.,0.,-1.));
#2857=DIRECTION('',(0.,-1.,0.));
#2858=DIRECTION('',(0.,0.,1.));
#2859=DIRECTION('',(0.,-1.,0.));
#2860=DIRECTION('',(0.,0.,1.));
#2861=DIRECTION('',(0.,-1.,0.));
#2862=DIRECTION('',(0.,0.,1.));
#2863=DIRECTION('',(0.,0.,1.));
#2864=DIRECTION('',(1.,0.,0.));
#2865=DIRECTION('',(-1.,0.,0.));
#2866=DIRECTION('',(0.,-1.,0.));
#2867=DIRECTION('',(1.,0.,0.));
#2868=DIRECTION('',(-1.,0.,0.));
#2869=DIRECTION('',(0.,0.,1.));
#2870=DIRECTION('',(0.,0.,-1.));
#2871=DIRECTION('',(0.,-1.,0.));
#2872=DIRECTION('',(0.,0.,1.));
#2873=DIRECTION('',(0.,-1.,0.));
#2874=DIRECTION('',(0.,0.,1.));
#2875=DIRECTION('',(0.,-1.,0.));
#2876=DIRECTION('',(0.,0.,1.));
#2877=DIRECTION('',(1.,0.,0.));
#2878=DIRECTION('',(0.,0.,-1.));
#2879=DIRECTION('',(0.,0.,-1.));
#2880=DIRECTION('',(0.,1.,0.));
#2881=DIRECTION('',(0.,0.,-1.));
#2882=DIRECTION('',(0.,-1.,0.));
#2883=DIRECTION('',(0.,-1.,0.));
#2884=DIRECTION('',(0.,0.,-1.));
#2885=DIRECTION('',(1.,0.,0.));
#2886=DIRECTION('',(0.,0.,1.));
#2887=DIRECTION('',(-1.,0.,0.));
#2888=DIRECTION('',(0.,-1.,0.));
#2889=DIRECTION('',(0.,0.,-1.));
#2890=DIRECTION('',(1.,0.,0.));
#2891=DIRECTION('',(0.,0.,-1.));
#2892=DIRECTION('',(1.,0.,0.));
#2893=DIRECTION('',(0.,0.,-1.));
#2894=DIRECTION('',(1.,0.,0.));
#2895=DIRECTION('',(0.,0.,-1.));
#2896=DIRECTION('',(-1.,0.,0.));
#2897=DIRECTION('',(0.,0.,1.));
#2898=DIRECTION('',(0.,-1.,0.));
#2899=DIRECTION('',(0.,0.,-1.));
#2900=DIRECTION('',(1.,0.,0.));
#2901=DIRECTION('',(-1.,0.,0.));
#2902=DIRECTION('',(0.,-1.,0.));
#2903=DIRECTION('',(0.,0.,-1.));
#2904=DIRECTION('',(0.,0.,-1.));
#2905=DIRECTION('',(1.,0.,0.));
#2906=DIRECTION('',(-1.,0.,0.));
#2907=DIRECTION('',(0.,0.,-1.));
#2908=DIRECTION('',(1.,0.,0.));
#2909=DIRECTION('',(0.,0.,-1.));
#2910=DIRECTION('',(1.,0.,0.));
#2911=DIRECTION('',(-1.,0.,1.23908819712629E-16));
#2912=DIRECTION('',(1.23908819712629E-16,0.,1.));
#2913=DIRECTION('',(-2.86596717914767E-32,-1.,-2.31296463463574E-16));
#2914=DIRECTION('',(1.23908819712629E-16,0.,1.));
#2915=DIRECTION('',(-1.43298358957384E-32,-1.,-1.15648231731787E-16));
#2916=DIRECTION('',(1.23908819712629E-16,0.,1.));
#2917=DIRECTION('',(-1.23908819712629E-16,0.,-1.));
#2918=DIRECTION('',(0.,-1.,0.));
#2919=DIRECTION('',(-1.23908819712629E-16,0.,-1.));
#2920=DIRECTION('',(0.,-1.,0.));
#2921=DIRECTION('',(-1.23908819712629E-16,0.,-1.));
#2922=DIRECTION('',(0.,1.,0.));
#2923=DIRECTION('',(1.23908819712629E-16,0.,1.));
#2924=DIRECTION('',(0.,1.,0.));
#2925=DIRECTION('',(2.3521674250533E-16,0.,1.));
#2926=DIRECTION('',(1.,0.,-2.3521674250533E-16));
#2927=DIRECTION('',(1.,3.08395284618099E-16,-2.3521674250533E-16));
#2928=DIRECTION('',(1.12522603847144E-16,-1.,-2.64672003351429E-32));
#2929=DIRECTION('',(1.,3.08395284618099E-16,-2.3521674250533E-16));
#2930=DIRECTION('',(1.12522603847144E-16,-1.,-2.64672003351429E-32));
#2931=DIRECTION('',(-1.,0.,2.3521674250533E-16));
#2932=DIRECTION('',(0.,1.,0.));
#2933=DIRECTION('',(1.,0.,-2.3521674250533E-16));
#2934=DIRECTION('',(-1.,0.,1.23908819712629E-16));
#2935=DIRECTION('',(1.23908819712629E-16,0.,1.));
#2936=DIRECTION('',(0.,-1.,0.));
#2937=DIRECTION('',(-1.23908819712629E-16,0.,-1.));
#2938=DIRECTION('',(0.,-1.,0.));
#2939=DIRECTION('',(-1.23908819712629E-16,0.,-1.));
#2940=DIRECTION('',(1.23908819712629E-16,0.,1.));
#2941=DIRECTION('',(-2.86596717914767E-32,-1.,-2.31296463463574E-16));
#2942=DIRECTION('',(1.23908819712629E-16,0.,1.));
#2943=DIRECTION('',(-1.43298358957384E-32,-1.,-1.15648231731787E-16));
#2944=DIRECTION('',(-1.23908819712629E-16,0.,-1.));
#2945=DIRECTION('',(0.,1.,0.));
#2946=DIRECTION('',(1.23908819712629E-16,0.,1.));
#2947=DIRECTION('',(1.17608371252665E-16,0.,1.));
#2948=DIRECTION('',(1.,0.,-1.17608371252665E-16));
#2949=DIRECTION('',(-1.,0.,1.17608371252665E-16));
#2950=DIRECTION('',(1.,0.,-1.17608371252665E-16));
#2951=DIRECTION('',(0.,-1.,0.));
#2952=DIRECTION('',(0.,0.,-1.));
#2953=DIRECTION('',(1.,0.,0.));
#2954=DIRECTION('',(0.,0.,1.));
#2955=DIRECTION('',(1.,0.,0.));
#2956=DIRECTION('',(0.,0.,1.));
#2957=DIRECTION('',(-1.96759980330538E-16,0.,1.));
#2958=DIRECTION('',(-1.,0.,0.));
#2959=DIRECTION('',(0.,0.,1.));
#2960=DIRECTION('',(-1.,0.,0.));
#2961=DIRECTION('',(0.,0.,1.));
#2962=DIRECTION('',(-1.,0.,0.));
#2963=DIRECTION('',(0.,0.,1.));
#2964=DIRECTION('',(-1.,0.,0.));
#2965=DIRECTION('',(1.08845394571094E-16,0.,-1.));
#2966=DIRECTION('',(-1.,0.,0.));
#2967=DIRECTION('',(-2.17690789142187E-16,0.,-1.));
#2968=DIRECTION('',(-1.,0.,0.));
#2969=DIRECTION('',(0.,0.,1.));
#2970=DIRECTION('',(1.,0.,0.));
#2971=DIRECTION('',(0.,1.,0.));
#2972=DIRECTION('',(1.,0.,0.));
#2973=DIRECTION('',(-1.,0.,0.));
#2974=DIRECTION('',(3.41607084500048E-16,1.,0.));
#2975=DIRECTION('',(1.,0.,0.));
#2976=DIRECTION('',(0.,1.,0.));
#2977=DIRECTION('',(1.,-2.15577286334982E-16,0.));
#2978=DIRECTION('',(-1.,0.,0.));
#2979=DIRECTION('',(0.,0.,1.));
#2980=DIRECTION('',(0.,-1.,0.));
#2981=DIRECTION('',(0.,-1.,0.));
#2982=DIRECTION('',(0.,0.707106781186548,-0.707106781186547));
#2983=DIRECTION('',(-1.,0.,0.));
#2984=DIRECTION('',(0.,0.,1.));
#2985=DIRECTION('',(0.,-1.,0.));
#2986=DIRECTION('',(0.,-0.707106781186548,-0.707106781186547));
#2987=DIRECTION('',(0.,-1.,0.));
#2988=DIRECTION('',(0.,0.,1.));
#2989=DIRECTION('',(1.,0.,0.));
#2990=DIRECTION('',(0.,0.,-1.));
#2991=DIRECTION('',(-1.,0.,0.));
#2992=DIRECTION('',(0.,0.,-1.));
#2993=DIRECTION('',(-1.,0.,0.));
#2994=DIRECTION('',(0.,0.,1.));
#2995=DIRECTION('',(1.,0.,0.));
#2996=DIRECTION('',(0.,0.,-1.));
#2997=DIRECTION('',(-1.,0.,0.));
#2998=DIRECTION('',(0.,0.,-1.));
#2999=DIRECTION('',(-1.,0.,0.));
#3000=DIRECTION('',(0.,0.,1.));
#3001=DIRECTION('',(1.,0.,0.));
#3002=DIRECTION('',(0.,0.,-1.));
#3003=DIRECTION('',(-1.,0.,0.));
#3004=DIRECTION('',(0.,0.,-1.));
#3005=DIRECTION('',(-1.,0.,0.));
#3006=DIRECTION('',(0.,0.,1.));
#3007=DIRECTION('',(1.,0.,0.));
#3008=DIRECTION('',(0.,0.,-1.));
#3009=DIRECTION('',(-1.,0.,0.));
#3010=DIRECTION('',(0.,0.,-1.));
#3011=DIRECTION('',(-1.,0.,0.));
#3012=DIRECTION('',(0.,0.,1.));
#3013=DIRECTION('',(1.,0.,0.));
#3014=DIRECTION('',(0.,0.,-1.));
#3015=DIRECTION('',(-1.,0.,0.));
#3016=DIRECTION('',(0.,0.,-1.));
#3017=DIRECTION('',(-1.,0.,0.));
#3018=DIRECTION('',(0.,0.,1.));
#3019=DIRECTION('',(1.,0.,0.));
#3020=DIRECTION('',(0.,0.,-1.));
#3021=DIRECTION('',(-1.,0.,0.));
#3022=DIRECTION('',(0.,0.,-1.));
#3023=DIRECTION('',(-1.,0.,0.));
#3024=DIRECTION('',(0.,0.,1.));
#3025=DIRECTION('',(1.,0.,0.));
#3026=DIRECTION('',(0.,-1.,0.));
#3027=DIRECTION('',(-1.,0.,0.));
#3028=DIRECTION('',(0.,-1.,0.));
#3029=DIRECTION('',(-1.,0.,0.));
#3030=DIRECTION('',(2.1350442781253E-16,0.,-1.));
#3031=DIRECTION('',(-1.,0.,-2.1350442781253E-16));
#3032=DIRECTION('',(-1.,0.,-2.1350442781253E-16));
#3033=DIRECTION('',(0.,1.,0.));
#3034=DIRECTION('',(-1.,0.,-2.1350442781253E-16));
#3035=DIRECTION('',(0.,1.,0.));
#3036=DIRECTION('',(1.,3.08395284618099E-16,2.1350442781253E-16));
#3037=DIRECTION('',(1.12522603847144E-16,-1.,2.40240741503605E-32));
#3038=DIRECTION('',(1.,3.08395284618099E-16,2.1350442781253E-16));
#3039=DIRECTION('',(1.12522603847144E-16,-1.,2.40240741503605E-32));
#3040=DIRECTION('',(0.,0.,1.));
#3041=DIRECTION('',(1.,0.,0.));
#3042=DIRECTION('',(0.,0.,1.));
#3043=DIRECTION('',(1.,0.,0.));
#3044=DIRECTION('',(0.707106781186546,0.707106781186549,0.));
#3045=DIRECTION('',(0.,1.,0.));
#3046=DIRECTION('',(1.,0.,0.));
#3047=DIRECTION('',(0.,1.,0.));
#3048=DIRECTION('',(0.707106781186546,0.707106781186549,0.));
#3049=DIRECTION('',(-0.707106781186549,0.707106781186546,0.));
#3050=DIRECTION('',(1.,0.,0.));
#3051=DIRECTION('',(0.,1.,0.));
#3052=DIRECTION('',(0.707106781186546,0.707106781186549,0.));
#3053=DIRECTION('',(1.,0.,0.));
#3054=DIRECTION('',(-0.707106781186549,0.707106781186546,0.));
#3055=DIRECTION('',(0.,0.,1.));
#3056=DIRECTION('',(1.,0.,0.));
#3057=DIRECTION('',(0.,0.,-1.));
#3058=DIRECTION('',(1.,0.,0.));
#3059=DIRECTION('',(0.,0.,1.));
#3060=DIRECTION('',(1.,0.,0.));
#3061=DIRECTION('',(0.707106781186546,0.707106781186549,0.));
#3062=DIRECTION('',(-0.707106781186549,0.707106781186546,0.));
#3063=DIRECTION('',(0.,0.,-1.));
#3064=DIRECTION('',(-0.707106781186549,0.707106781186546,0.));
#3065=DIRECTION('',(0.,0.,-1.));
#3066=DIRECTION('',(-0.707106781186549,0.707106781186546,0.));
#3067=DIRECTION('',(-0.707106781186549,0.707106781186546,0.));
#3068=DIRECTION('',(-0.707106781186546,-0.707106781186549,0.));
#3069=DIRECTION('',(-0.707106781186546,-0.707106781186549,0.));
#3070=DIRECTION('',(0.,0.,1.));
#3071=DIRECTION('',(-0.707106781186546,-0.707106781186549,0.));
#3072=DIRECTION('',(0.,0.,-1.));
#3073=DIRECTION('',(0.707106781186546,0.707106781186549,0.));
#3074=DIRECTION('',(-0.707106781186549,0.707106781186546,0.));
#3075=DIRECTION('',(-0.707106781186549,0.707106781186546,0.));
#3076=DIRECTION('',(0.,0.,-1.));
#3077=DIRECTION('',(-0.707106781186549,0.707106781186546,0.));
#3078=DIRECTION('',(1.,0.,0.));
#3079=DIRECTION('',(0.,0.,-1.));
#3080=DIRECTION('',(0.,0.,-1.));
#3081=DIRECTION('',(0.,1.,0.));
#3082=DIRECTION('',(0.,1.,0.));
#3083=DIRECTION('',(0.,-1.,0.));
#3084=DIRECTION('',(0.,0.,-1.));
#3085=DIRECTION('',(1.,0.,0.));
#3086=DIRECTION('',(0.,0.,-1.));
#3087=DIRECTION('',(1.,0.,0.));
#3088=DIRECTION('',(1.,0.,0.));
#3089=DIRECTION('',(0.,0.,-1.));
#3090=DIRECTION('',(0.,1.,0.));
#3091=DIRECTION('',(0.,1.,0.));
#3092=DIRECTION('',(-0.707106781186549,0.707106781186546,0.));
#3093=DIRECTION('',(-0.707106781186546,-0.707106781186549,0.));
#3094=DIRECTION('',(0.,0.,1.));
#3095=DIRECTION('',(-0.707106781186546,-0.707106781186549,0.));
#3096=DIRECTION('',(-0.707106781186546,-0.707106781186549,0.));
#3097=DIRECTION('',(0.,0.,1.));
#3098=DIRECTION('',(1.,0.,0.));
#3099=DIRECTION('',(0.,-1.,0.));
#3100=DIRECTION('',(1.,0.,0.));
#3101=DIRECTION('',(-0.707106781186549,0.707106781186546,0.));
#3102=DIRECTION('',(0.,-1.,0.));
#3103=DIRECTION('',(1.,0.,0.));
#3104=DIRECTION('',(0.707106781186546,0.707106781186549,0.));
#3105=DIRECTION('',(-0.707106781186549,0.707106781186546,0.));
#3106=DIRECTION('',(0.,0.,-1.));
#3107=DIRECTION('',(-0.707106781186549,0.707106781186546,0.));
#3108=DIRECTION('',(0.,0.,-1.));
#3109=DIRECTION('',(0.707106781186549,-0.707106781186546,0.));
#3110=DIRECTION('',(0.707106781186546,0.707106781186549,0.));
#3111=DIRECTION('',(0.,0.,1.));
#3112=DIRECTION('',(0.707106781186546,0.707106781186549,0.));
#3113=DIRECTION('',(1.,0.,0.));
#3114=DIRECTION('',(0.,0.,-1.));
#3115=DIRECTION('',(0.,1.,0.));
#3116=DIRECTION('',(0.,0.,-1.));
#3117=DIRECTION('',(0.,-1.,0.));
#3118=DIRECTION('',(0.,0.,-1.));
#3119=DIRECTION('',(0.,0.,-1.));
#3120=DIRECTION('',(1.,0.,0.));
#3121=DIRECTION('',(1.,0.,0.));
#3122=DIRECTION('',(0.,0.,-1.));
#3123=DIRECTION('',(0.,0.,1.));
#3124=DIRECTION('',(0.,1.,0.));
#3125=DIRECTION('',(0.707106781186549,-0.707106781186546,0.));
#3126=DIRECTION('',(0.707106781186546,0.707106781186549,0.));
#3127=DIRECTION('',(0.707106781186546,0.707106781186549,0.));
#3128=DIRECTION('',(0.,0.,-1.));
#3129=DIRECTION('',(0.707106781186546,0.707106781186549,0.));
#3130=DIRECTION('',(-0.707106781186549,0.707106781186546,0.));
#3131=DIRECTION('',(-0.707106781186549,0.707106781186546,0.));
#3132=DIRECTION('',(0.,0.,-1.));
#3133=DIRECTION('',(0.,0.,1.));
#3134=DIRECTION('',(1.,0.,0.));
#3135=DIRECTION('',(0.,0.,1.));
#3136=DIRECTION('',(1.,0.,0.));
#3137=DIRECTION('',(0.,-1.,0.));
#3138=DIRECTION('',(0.,0.,-1.));
#3139=DIRECTION('',(0.,0.,1.));
#3140=DIRECTION('',(1.,0.,0.));
#3141=DIRECTION('',(1.,0.,0.));
#3142=DIRECTION('',(0.,1.15648231731787E-16,-1.));
#3143=DIRECTION('',(0.,1.,1.15648231731787E-16));
#3144=DIRECTION('',(0.,-1.,-1.15648231731787E-16));
#3145=DIRECTION('',(1.,0.,0.));
#3146=DIRECTION('',(0.,-1.,0.));
#3147=DIRECTION('',(0.,0.,-1.));
#3148=DIRECTION('',(1.,0.,0.));
#3149=DIRECTION('',(0.,0.,1.));
#3150=DIRECTION('',(0.,2.31296463463574E-16,-1.));
#3151=DIRECTION('',(0.,1.,2.31296463463574E-16));
#3152=DIRECTION('',(0.,-1.,-2.31296463463574E-16));
#3153=DIRECTION('',(0.,0.,-1.));
#3154=DIRECTION('',(-1.,0.,0.));
#3155=DIRECTION('',(0.,-1.,0.));
#3156=DIRECTION('',(1.,0.,0.));
#3157=DIRECTION('',(1.,0.,0.));
#3158=DIRECTION('',(0.,1.,0.));
#3159=DIRECTION('',(0.,0.,1.));
#3160=DIRECTION('',(0.,0.,-1.));
#3161=DIRECTION('',(1.,0.,0.));
#3162=DIRECTION('',(0.,0.,-1.));
#3163=DIRECTION('',(-1.,0.,0.));
#3164=DIRECTION('',(1.,0.,0.));
#3165=DIRECTION('',(0.,-1.,0.));
#3166=DIRECTION('',(0.,1.,0.));
#3167=DIRECTION('',(0.,0.,1.));
#3168=DIRECTION('',(0.,0.,-1.));
#3169=DIRECTION('',(-1.,-1.12522603847144E-16,-2.1350442781253E-16));
#3170=DIRECTION('',(-2.1350442781253E-16,0.,1.));
#3171=DIRECTION('',(-2.1350442781253E-16,0.,1.));
#3172=DIRECTION('',(-2.1350442781253E-16,0.,1.));
#3173=DIRECTION('',(3.08395284618099E-16,-1.,6.58437587824696E-32));
#3174=DIRECTION('',(1.,3.08395284618099E-16,0.));
#3175=DIRECTION('',(-2.1350442781253E-16,0.,1.));
#3176=DIRECTION('',(-1.,-1.12522603847144E-16,-2.1350442781253E-16));
#3177=DIRECTION('',(-2.1350442781253E-16,0.,1.));
#3178=DIRECTION('',(-2.1350442781253E-16,0.,1.));
#3179=DIRECTION('',(3.08395284618099E-16,-1.,6.58437587824696E-32));
#3180=DIRECTION('',(1.,3.08395284618099E-16,0.));
#3181=DIRECTION('',(0.,1.15648231731787E-16,-1.));
#3182=DIRECTION('',(0.,1.,1.15648231731787E-16));
#3183=DIRECTION('',(1.,0.,0.));
#3184=DIRECTION('',(0.,1.,1.15648231731787E-16));
#3185=DIRECTION('',(1.,0.,0.));
#3186=DIRECTION('',(0.,-1.,0.));
#3187=DIRECTION('',(0.,0.,-1.));
#3188=DIRECTION('',(1.,0.,0.));
#3189=DIRECTION('',(0.,0.,-1.));
#3190=DIRECTION('',(0.,2.31296463463574E-16,-1.));
#3191=DIRECTION('',(0.,1.,2.31296463463574E-16));
#3192=DIRECTION('',(1.,0.,0.));
#3193=DIRECTION('',(0.,1.,2.31296463463574E-16));
#3194=DIRECTION('',(0.,-1.,0.));
#3195=DIRECTION('',(0.,0.,-1.));
#3196=DIRECTION('',(0.,0.,-1.));
#3197=DIRECTION('',(0.,1.,0.));
#3198=DIRECTION('',(0.,0.,1.));
#3199=DIRECTION('',(1.,0.,0.));
#3200=DIRECTION('',(0.,0.,1.));
#3201=DIRECTION('',(1.,0.,0.));
#3202=DIRECTION('',(0.,0.,-1.));
#3203=DIRECTION('',(-1.,0.,0.));
#3204=DIRECTION('',(1.,0.,0.));
#3205=DIRECTION('',(0.,1.,0.));
#3206=DIRECTION('',(0.,1.,0.));
#3207=DIRECTION('',(0.,0.,1.));
#3208=DIRECTION('',(1.,0.,0.));
#3209=DIRECTION('',(0.,0.,1.));
#3210=DIRECTION('',(0.,0.,-1.));
#3211=DIRECTION('',(-1.,0.,0.));
#3212=DIRECTION('',(0.,1.,0.));
#3213=DIRECTION('',(0.,1.,0.));
#3214=DIRECTION('',(-1.,0.,0.));
#3215=DIRECTION('',(0.707106781186547,-2.4155268595135E-16,0.707106781186548));
#3216=DIRECTION('',(-3.41607084500048E-16,-1.,0.));
#3217=DIRECTION('',(0.707106781186548,0.,-0.707106781186547));
#3218=DIRECTION('',(-0.707106781186548,-1.75842199336084E-15,0.707106781186547));
#3219=DIRECTION('',(-3.41607084500048E-16,-1.,0.));
#3220=DIRECTION('',(-0.577350269189625,-0.577350269189626,-0.577350269189627));
#3221=DIRECTION('',(0.,0.707106781186548,-0.707106781186547));
#3222=DIRECTION('',(1.64540693022728E-16,-0.707106781186548,0.707106781186547));
#3223=DIRECTION('',(-0.707106781186549,0.707106781186547,1.19609907444043E-16));
#3224=DIRECTION('',(0.,-1.,0.));
#3225=DIRECTION('',(0.,0.,-1.));
#3226=DIRECTION('',(1.,0.,0.));
#3227=DIRECTION('',(0.,-1.,0.));
#3228=DIRECTION('',(0.,0.,-1.));
#3229=DIRECTION('',(1.,0.,0.));
#3230=DIRECTION('',(0.,0.,1.));
#3231=DIRECTION('',(1.,0.,0.));
#3232=DIRECTION('',(0.,0.,1.));
#3233=DIRECTION('',(-1.,0.,0.));
#3234=DIRECTION('',(0.,0.,1.));
#3235=DIRECTION('',(0.,-1.,0.));
#3236=DIRECTION('',(0.,0.,1.));
#3237=DIRECTION('',(0.,0.,1.));
#3238=DIRECTION('',(0.,1.,0.));
#3239=DIRECTION('',(0.,0.,1.));
#3240=DIRECTION('',(-1.,0.,0.));
#3241=DIRECTION('',(0.,0.,1.));
#3242=DIRECTION('',(-1.,0.,0.));
#3243=DIRECTION('',(0.,0.,1.));
#3244=DIRECTION('',(0.,-1.,0.));
#3245=DIRECTION('',(0.,0.,1.));
#3246=DIRECTION('',(0.,1.,0.));
#3247=DIRECTION('',(0.,0.,1.));
#3248=DIRECTION('',(-1.,0.,0.));
#3249=DIRECTION('',(0.,1.,0.));
#3250=DIRECTION('',(0.,0.,1.));
#3251=DIRECTION('',(0.,0.,-1.));
#3252=DIRECTION('',(0.,0.,-1.));
#3253=DIRECTION('',(1.,0.,0.));
#3254=DIRECTION('',(0.707106781186546,0.707106781186549,0.));
#3255=DIRECTION('',(-0.707106781186549,0.707106781186546,0.));
#3256=DIRECTION('',(0.707106781186549,-0.707106781186546,0.));
#3257=DIRECTION('',(0.,0.,-1.));
#3258=DIRECTION('',(1.,0.,0.));
#3259=DIRECTION('',(0.,0.,-1.));
#3260=DIRECTION('',(0.,0.,-1.));
#3261=DIRECTION('',(0.,-1.,0.));
#3262=DIRECTION('',(0.,1.,0.));
#3263=DIRECTION('',(0.,0.,1.));
#3264=DIRECTION('',(1.,0.,0.));
#3265=DIRECTION('',(0.,0.,-1.));
#3266=DIRECTION('',(1.,0.,0.));
#3267=DIRECTION('',(1.,-3.41607084500048E-16,0.));
#3268=DIRECTION('',(3.41607084500048E-16,1.,0.));
#3269=DIRECTION('',(0.,0.,1.));
#3270=DIRECTION('',(-3.41607084500048E-16,-1.,0.));
#3271=DIRECTION('',(-3.41607084500048E-16,-1.,0.));
#3272=DIRECTION('',(0.,0.,-1.));
#3273=DIRECTION('',(-3.41607084500048E-16,-1.,0.));
#3274=DIRECTION('',(0.,0.,-1.));
#3275=DIRECTION('',(0.,1.,0.));
#3276=DIRECTION('',(0.,0.,1.));
#3277=DIRECTION('',(1.,0.,0.));
#3278=DIRECTION('',(1.,0.,0.));
#3279=DIRECTION('',(0.,0.,-1.));
#3280=DIRECTION('',(-1.,0.,0.));
#3281=DIRECTION('',(0.,0.,1.));
#3282=DIRECTION('',(0.,1.,0.));
#3283=DIRECTION('',(0.,0.,-1.));
#3284=DIRECTION('',(-0.707106781186549,0.707106781186546,0.));
#3285=DIRECTION('',(-0.707106781186546,-0.707106781186549,0.));
#3286=DIRECTION('',(0.707106781186546,0.707106781186549,0.));
#3287=DIRECTION('',(0.,0.,-1.));
#3288=DIRECTION('',(-1.,0.,0.));
#3289=DIRECTION('',(0.,0.,1.));
#3290=DIRECTION('',(0.,0.,1.));
#3291=DIRECTION('',(0.,1.,0.));
#3292=DIRECTION('',(0.,0.,1.));
#3293=DIRECTION('',(0.,-1.,0.));
#3294=DIRECTION('',(1.,0.,0.));
#3295=DIRECTION('',(1.,0.,0.));
#3296=DIRECTION('',(0.,0.,1.));
#3297=DIRECTION('',(-1.,0.,0.));
#3298=DIRECTION('',(0.,0.,1.));
#3299=DIRECTION('',(0.,0.,1.));
#3300=DIRECTION('',(0.,1.,0.));
#3301=DIRECTION('',(0.,1.,0.));
#3302=DIRECTION('',(0.,0.,1.));
#3303=DIRECTION('',(1.96759980330538E-16,0.,-1.));
#3304=DIRECTION('',(1.,0.,0.));
#3305=DIRECTION('',(1.,0.,0.));
#3306=DIRECTION('',(1.,0.,0.));
#3307=DIRECTION('',(-0.707106781186547,-0.707106781186549,0.));
#3308=DIRECTION('',(0.,0.,1.));
#3309=DIRECTION('',(0.,0.,-1.));
#3310=DIRECTION('',(0.707106781186549,-0.707106781186547,0.));
#3311=DIRECTION('',(0.,0.,1.));
#3312=DIRECTION('',(1.,0.,0.));
#3313=DIRECTION('',(-1.,0.,0.));
#3314=DIRECTION('',(0.,-1.,0.));
#3315=DIRECTION('',(1.,0.,0.));
#3316=DIRECTION('',(0.,0.,-1.));
#3317=DIRECTION('',(0.,0.,-1.));
#3318=DIRECTION('',(0.,-1.,0.));
#3319=DIRECTION('',(0.,0.,1.));
#3320=DIRECTION('',(1.,0.,0.));
#3321=DIRECTION('',(0.,1.,0.));
#3322=DIRECTION('',(0.707106781186548,0.707106781186548,0.));
#3323=DIRECTION('',(0.707106781186548,-0.707106781186548,0.));
#3324=DIRECTION('',(0.,0.,-1.));
#3325=DIRECTION('',(-0.707106781186548,-0.707106781186548,0.));
#3326=DIRECTION('',(-0.577350269189626,0.577350269189626,-0.577350269189626));
#3327=DIRECTION('',(-0.707106781186548,0.,0.707106781186547));
#3328=DIRECTION('',(0.,0.707106781186548,0.707106781186547));
#3329=DIRECTION('',(-1.,-2.04085114820801E-16,0.));
#3330=DIRECTION('',(2.04085114820801E-16,-1.,0.));
#3331=DIRECTION('',(0.,0.,1.));
#3332=DIRECTION('',(2.04085114820801E-16,-1.,0.));
#3333=DIRECTION('',(0.,0.,1.));
#3334=DIRECTION('',(2.04085114820801E-16,-1.,0.));
#3335=DIRECTION('',(0.,-1.,0.));
#3336=DIRECTION('',(0.,0.,-1.));
#3337=DIRECTION('',(1.,0.,0.));
#3338=DIRECTION('',(0.,0.,1.));
#3339=DIRECTION('',(1.,0.,0.));
#3340=DIRECTION('',(-1.,0.,0.));
#3341=DIRECTION('',(0.,0.,1.));
#3342=DIRECTION('',(0.,-1.,0.));
#3343=DIRECTION('',(0.,0.,1.));
#3344=DIRECTION('',(0.,-1.,0.));
#3345=DIRECTION('',(0.,-1.,0.));
#3346=DIRECTION('',(0.,0.,-1.));
#3347=DIRECTION('',(1.,0.,0.));
#3348=DIRECTION('',(1.,0.,0.));
#3349=DIRECTION('',(0.,1.,0.));
#3350=DIRECTION('',(0.,0.,1.));
#3351=DIRECTION('',(0.,0.,1.));
#3352=DIRECTION('',(-1.,0.,0.));
#3353=DIRECTION('',(0.,0.,1.));
#3354=DIRECTION('',(-1.,0.,0.));
#3355=DIRECTION('',(0.,-1.,0.));
#3356=DIRECTION('',(0.,0.,-1.));
#3357=DIRECTION('',(1.,0.,0.));
#3358=DIRECTION('',(1.,0.,0.));
#3359=DIRECTION('',(-1.,0.,0.));
#3360=DIRECTION('',(0.,0.,1.));
#3361=DIRECTION('',(0.,-1.,0.));
#3362=DIRECTION('',(0.,0.,-1.));
#3363=DIRECTION('',(0.,-1.,0.));
#3364=DIRECTION('',(0.,-1.,0.));
#3365=DIRECTION('',(0.,-1.,0.));
#3366=DIRECTION('',(0.,0.,1.));
#3367=DIRECTION('',(1.,0.,0.));
#3368=DIRECTION('',(-1.,2.15577286334982E-16,0.));
#3369=DIRECTION('',(0.,-1.,0.));
#3370=DIRECTION('',(-1.,0.,0.));
#3371=DIRECTION('',(0.,0.,1.));
#3372=DIRECTION('',(0.,0.,-1.));
#3373=DIRECTION('',(0.,-1.,0.));
#3374=DIRECTION('',(0.,-1.,0.));
#3375=DIRECTION('',(0.,-1.,0.));
#3376=DIRECTION('',(0.,-1.,0.));
#3377=DIRECTION('',(0.,0.,-1.));
#3378=DIRECTION('',(0.,0.,-1.));
#3379=DIRECTION('',(-1.,0.,0.));
#3380=DIRECTION('',(1.,0.,0.));
#3381=DIRECTION('',(0.,0.,1.));
#3382=DIRECTION('',(1.,0.,0.));
#3383=DIRECTION('',(0.,-1.,0.));
#3384=DIRECTION('',(0.,0.,-1.));
#3385=DIRECTION('',(1.,0.,0.));
#3386=DIRECTION('',(0.,1.,0.));
#3387=DIRECTION('',(0.,-0.707106781186547,0.707106781186548));
#3388=DIRECTION('',(-1.,0.,0.));
#3389=DIRECTION('',(0.,-0.707106781186548,-0.707106781186547));
#3390=DIRECTION('',(-1.,0.,0.));
#3391=DIRECTION('',(1.,0.,0.));
#3392=DIRECTION('',(1.,0.,1.96759980330538E-16));
#3393=DIRECTION('',(1.96759980330538E-16,0.,-1.));
#3394=DIRECTION('',(0.,-1.,0.));
#3395=DIRECTION('',(0.,-1.,0.));
#3396=DIRECTION('',(0.,-0.707106781186547,-0.707106781186548));
#3397=DIRECTION('',(1.,0.,0.));
#3398=DIRECTION('',(1.,0.,0.));
#3399=DIRECTION('',(1.,0.,0.));
#3400=DIRECTION('',(0.,0.,-1.));
#3401=DIRECTION('',(-1.,0.,0.));
#3402=DIRECTION('',(0.,0.,-1.));
#3403=DIRECTION('',(-1.,0.,0.));
#3404=DIRECTION('',(0.,0.,-1.));
#3405=DIRECTION('',(1.,0.,0.));
#3406=DIRECTION('',(0.,1.,0.));
#3407=DIRECTION('',(0.,0.,-1.));
#3408=DIRECTION('',(1.,0.,0.));
#3409=DIRECTION('',(0.,1.,0.));
#3410=DIRECTION('',(0.,1.,0.));
#3411=DIRECTION('',(-1.,0.,0.));
#3412=DIRECTION('',(0.,0.,1.));
#3413=DIRECTION('',(0.,0.,-1.));
#3414=DIRECTION('',(0.,1.,0.));
#3415=DIRECTION('',(-1.,0.,0.));
#3416=DIRECTION('',(1.,0.,0.));
#3417=DIRECTION('',(0.,0.,1.));
#3418=DIRECTION('',(1.,0.,0.));
#3419=DIRECTION('',(0.,0.,1.));
#3420=DIRECTION('',(0.,0.,1.));
#3421=DIRECTION('',(1.,0.,0.));
#3422=DIRECTION('',(0.,1.,0.));
#3423=DIRECTION('',(0.,1.,0.));
#3424=DIRECTION('',(-1.,0.,0.));
#3425=DIRECTION('',(0.,0.,1.));
#3426=DIRECTION('',(0.,1.,0.));
#3427=DIRECTION('',(0.,0.,1.));
#3428=DIRECTION('',(1.,0.,0.));
#3429=DIRECTION('',(0.,1.,0.));
#3430=DIRECTION('',(-1.,0.,0.));
#3431=DIRECTION('',(0.,0.,1.));
#3432=DIRECTION('',(-1.,0.,0.));
#3433=DIRECTION('',(0.,0.,1.));
#3434=DIRECTION('',(0.,1.,0.));
#3435=DIRECTION('',(0.,0.,1.));
#3436=DIRECTION('',(0.,1.,0.));
#3437=DIRECTION('',(0.,0.,-1.));
#3438=DIRECTION('',(-1.,0.,0.));
#3439=DIRECTION('',(0.,1.,0.));
#3440=DIRECTION('',(-1.,0.,0.));
#3441=DIRECTION('',(1.,0.,-2.17690789142187E-16));
#3442=DIRECTION('',(-2.17690789142187E-16,0.,-1.));
#3443=DIRECTION('',(0.,1.,0.));
#3444=DIRECTION('',(-2.17690789142187E-16,0.,-1.));
#3445=DIRECTION('',(0.,0.,-1.));
#3446=DIRECTION('',(-1.,0.,0.));
#3447=DIRECTION('',(0.,1.,0.));
#3448=DIRECTION('',(-1.,0.,0.));
#3449=DIRECTION('',(1.,0.,1.08845394571094E-16));
#3450=DIRECTION('',(1.08845394571094E-16,0.,-1.));
#3451=DIRECTION('',(0.,1.,0.));
#3452=DIRECTION('',(1.08845394571094E-16,0.,-1.));
#3453=DIRECTION('',(0.,0.,-1.));
#3454=DIRECTION('',(-1.,0.,0.));
#3455=DIRECTION('',(0.,1.,0.));
#3456=DIRECTION('',(-1.,0.,0.));
#3457=DIRECTION('',(-1.,0.,0.));
#3458=DIRECTION('',(0.,0.,1.));
#3459=DIRECTION('',(0.,1.,0.));
#3460=DIRECTION('',(0.,0.,1.));
#3461=DIRECTION('',(0.,0.,-1.));
#3462=DIRECTION('',(-1.,0.,0.));
#3463=DIRECTION('',(-1.,0.,0.));
#3464=DIRECTION('',(0.,1.,0.));
#3465=DIRECTION('',(-1.,0.,0.));
#3466=DIRECTION('',(2.15577286334982E-16,1.,0.));
#3467=DIRECTION('',(-1.,2.15577286334982E-16,0.));
#3468=DIRECTION('',(1.,-2.15577286334982E-16,0.));
#3469=DIRECTION('',(0.,0.,-1.));
#3470=DIRECTION('',(0.,0.,-1.));
#3471=DIRECTION('',(1.,-2.15577286334982E-16,0.));
#3472=DIRECTION('',(-1.,0.,0.));
#3473=DIRECTION('',(0.,0.,1.));
#3474=DIRECTION('',(0.,0.,-1.));
#3475=DIRECTION('',(0.,1.,0.));
#3476=DIRECTION('',(0.,0.,-1.));
#3477=DIRECTION('',(1.,0.,0.));
#3478=DIRECTION('',(1.,0.,0.));
#3479=DIRECTION('',(0.,1.,0.));
#3480=DIRECTION('',(0.,0.,-1.));
#3481=DIRECTION('',(1.,0.,0.));
#3482=DIRECTION('',(0.,1.,0.));
#3483=DIRECTION('',(-1.,0.,0.));
#3484=DIRECTION('',(0.,0.,1.));
#3485=DIRECTION('',(0.,1.,0.));
#3486=DIRECTION('',(0.,0.,1.));
#3487=DIRECTION('',(1.,0.,0.));
#3488=DIRECTION('',(0.,0.,-1.));
#3489=DIRECTION('',(-1.,0.,0.));
#3490=DIRECTION('',(0.,0.,1.));
#3491=DIRECTION('',(0.,0.,-1.));
#3492=DIRECTION('',(1.,0.,0.));
#3493=CARTESIAN_POINT('',(0.,0.,0.));
#3494=CARTESIAN_POINT('',(0.09,-2.77555756156289E-17,0.005));
#3495=CARTESIAN_POINT('',(0.09,-0.145,0.0125));
#3496=CARTESIAN_POINT('',(0.09,-0.145,0.005));
#3497=CARTESIAN_POINT('',(0.09,-0.145,0.));
#3498=CARTESIAN_POINT('',(0.09,-2.77555756156289E-17,0.005));
#3499=CARTESIAN_POINT('',(0.09,-0.1575,0.005));
#3500=CARTESIAN_POINT('',(0.09,-0.1525,0.));
#3501=CARTESIAN_POINT('',(0.09,-0.1525,-1.38777878078145E-17));
#3502=CARTESIAN_POINT('',(0.09,-2.77555756156289E-17,0.));
#3503=CARTESIAN_POINT('',(-0.1325,-0.1355,0.01));
#3504=CARTESIAN_POINT('',(-0.1325,-0.1355,0.0125));
#3505=CARTESIAN_POINT('',(-0.1325,-0.1325,0.0125));
#3506=CARTESIAN_POINT('',(-0.1325,-0.145,0.0125));
#3507=CARTESIAN_POINT('',(-0.1325,-0.145,0.01));
#3508=CARTESIAN_POINT('',(-0.1325,-0.145,0.01));
#3509=CARTESIAN_POINT('',(-0.1325,-0.1355,0.01));
#3510=CARTESIAN_POINT('',(-0.1325,-0.153,0.01));
#3511=CARTESIAN_POINT('',(-0.1325,-0.153,0.01));
#3512=CARTESIAN_POINT('',(-0.1325,-0.153,0.02));
#3513=CARTESIAN_POINT('',(-0.1325,-0.1355,0.02));
#3514=CARTESIAN_POINT('',(-0.1325,-0.118,0.02));
#3515=CARTESIAN_POINT('',(-0.1325,-0.118,0.01));
#3516=CARTESIAN_POINT('',(-0.1325,-0.118,0.015));
#3517=CARTESIAN_POINT('',(-0.1325,-0.1355,0.015));
#3518=CARTESIAN_POINT('',(-0.1325,-0.1325,0.015));
#3519=CARTESIAN_POINT('',(-0.1325,-0.1325,0.01));
#3520=CARTESIAN_POINT('',(0.,0.,0.01));
#3521=CARTESIAN_POINT('',(0.,-0.145,0.01));
#3522=CARTESIAN_POINT('',(-0.1475,-0.145,0.01));
#3523=CARTESIAN_POINT('',(-0.1475,-0.1355,0.01));
#3524=CARTESIAN_POINT('',(-0.1475,-0.153,0.01));
#3525=CARTESIAN_POINT('',(-0.14,-0.153,0.01));
#3526=CARTESIAN_POINT('',(-0.1475,-0.1355,0.01));
#3527=CARTESIAN_POINT('',(-0.1475,-0.145,0.01));
#3528=CARTESIAN_POINT('',(-0.1475,-0.145,0.0125));
#3529=CARTESIAN_POINT('',(-0.1475,-0.1355,0.0125));
#3530=CARTESIAN_POINT('',(-0.1475,-0.1325,0.0125));
#3531=CARTESIAN_POINT('',(-0.1475,-0.1325,0.01));
#3532=CARTESIAN_POINT('',(-0.1475,-0.1325,0.015));
#3533=CARTESIAN_POINT('',(-0.1475,-0.1355,0.015));
#3534=CARTESIAN_POINT('',(-0.1475,-0.118,0.015));
#3535=CARTESIAN_POINT('',(-0.1475,-0.118,0.01));
#3536=CARTESIAN_POINT('',(-0.1475,-0.118,0.02));
#3537=CARTESIAN_POINT('',(-0.1475,-0.1355,0.02));
#3538=CARTESIAN_POINT('',(-0.1475,-0.153,0.02));
#3539=CARTESIAN_POINT('',(-0.1475,-0.153,0.01));
#3540=CARTESIAN_POINT('',(-0.155,0.,0.015));
#3541=CARTESIAN_POINT('',(-0.155,-0.1325,0.015));
#3542=CARTESIAN_POINT('',(-0.155,-0.1325,0.015));
#3543=CARTESIAN_POINT('',(-0.155,-0.1325,0.0125));
#3544=CARTESIAN_POINT('',(-0.155,0.,0.0125));
#3545=CARTESIAN_POINT('',(-0.155,0.1325,0.0125));
#3546=CARTESIAN_POINT('',(-0.155,0.1325,0.015));
#3547=CARTESIAN_POINT('',(-0.155,0.1325,0.015));
#3548=CARTESIAN_POINT('',(-0.155,0.,0.015));
#3549=CARTESIAN_POINT('',(0.,0.1325,0.015));
#3550=CARTESIAN_POINT('',(0.,0.1325,0.0125));
#3551=CARTESIAN_POINT('',(-0.1475,0.1325,0.0125));
#3552=CARTESIAN_POINT('',(-0.1475,0.1325,0.01));
#3553=CARTESIAN_POINT('',(-0.1475,0.1325,0.015));
#3554=CARTESIAN_POINT('',(0.,0.1325,0.015));
#3555=CARTESIAN_POINT('',(0.,0.1325,0.015));
#3556=CARTESIAN_POINT('',(0.,0.1325,0.0125));
#3557=CARTESIAN_POINT('',(-0.1325,0.1325,0.0125));
#3558=CARTESIAN_POINT('',(0.09,0.1325,0.0125));
#3559=CARTESIAN_POINT('',(0.09,0.1325,0.015));
#3560=CARTESIAN_POINT('',(0.09,0.1325,0.005));
#3561=CARTESIAN_POINT('',(0.,0.1325,0.005));
#3562=CARTESIAN_POINT('',(0.105,0.1325,0.005));
#3563=CARTESIAN_POINT('',(0.105,0.1325,0.015));
#3564=CARTESIAN_POINT('',(0.105,0.1325,0.01));
#3565=CARTESIAN_POINT('',(0.,0.1325,0.01));
#3566=CARTESIAN_POINT('',(0.095,0.1325,0.01));
#3567=CARTESIAN_POINT('',(0.095,0.1325,0.015));
#3568=CARTESIAN_POINT('',(0.095,0.1325,0.015));
#3569=CARTESIAN_POINT('',(0.,0.1325,0.015));
#3570=CARTESIAN_POINT('',(-0.1325,0.1325,0.015));
#3571=CARTESIAN_POINT('',(-0.1325,0.1325,0.01));
#3572=CARTESIAN_POINT('',(0.,-0.1325,0.015));
#3573=CARTESIAN_POINT('',(0.,-0.1325,0.0125));
#3574=CARTESIAN_POINT('',(0.,-0.1325,0.015));
#3575=CARTESIAN_POINT('',(0.,-0.1325,0.015));
#3576=CARTESIAN_POINT('',(0.09,-0.1325,0.015));
#3577=CARTESIAN_POINT('',(0.09,-0.1325,0.0125));
#3578=CARTESIAN_POINT('',(0.09,-0.1325,0.005));
#3579=CARTESIAN_POINT('',(0.,-0.1325,0.0125));
#3580=CARTESIAN_POINT('',(0.,-0.1325,0.015));
#3581=CARTESIAN_POINT('',(0.095,-0.1325,0.015));
#3582=CARTESIAN_POINT('',(0.095,-0.1325,0.015));
#3583=CARTESIAN_POINT('',(0.095,-0.1325,0.01));
#3584=CARTESIAN_POINT('',(0.,-0.1325,0.01));
#3585=CARTESIAN_POINT('',(0.105,-0.1325,0.01));
#3586=CARTESIAN_POINT('',(0.105,-0.1325,0.015));
#3587=CARTESIAN_POINT('',(0.105,-0.1325,0.005));
#3588=CARTESIAN_POINT('',(0.,-0.1325,0.005));
#3589=CARTESIAN_POINT('',(-0.059,-0.1275,0.048));
#3590=CARTESIAN_POINT('',(-0.059,-0.1275,0.04));
#3591=CARTESIAN_POINT('',(-0.059,-0.0555,0.04));
#3592=CARTESIAN_POINT('',(-0.059,-0.0855,0.04));
#3593=CARTESIAN_POINT('',(-0.059,-0.0555,0.048));
#3594=CARTESIAN_POINT('',(-0.059,-0.0555,0.025));
#3595=CARTESIAN_POINT('',(-0.059,-0.1275,0.025));
#3596=CARTESIAN_POINT('',(-0.059,-0.0855,0.025));
#3597=CARTESIAN_POINT('',(-0.059,-0.0855,0.048));
#3598=CARTESIAN_POINT('',(-0.059,0.1195,0.048));
#3599=CARTESIAN_POINT('',(-0.059,0.1195,0.04));
#3600=CARTESIAN_POINT('',(-0.059,0.1195,0.025));
#3601=CARTESIAN_POINT('',(-0.059,-0.1275,0.04));
#3602=CARTESIAN_POINT('',(-0.059,0.1495,0.04));
#3603=CARTESIAN_POINT('',(-0.059,0.1495,0.048));
#3604=CARTESIAN_POINT('',(-0.059,0.1495,0.025));
#3605=CARTESIAN_POINT('',(-0.059,-0.1275,0.025));
#3606=CARTESIAN_POINT('',(-0.059,0.1595,0.048));
#3607=CARTESIAN_POINT('',(-0.059,0.1595,0.076));
#3608=CARTESIAN_POINT('',(-0.059,0.1595,0.02));
#3609=CARTESIAN_POINT('',(-0.059,-0.1275,0.076));
#3610=CARTESIAN_POINT('',(-0.059,-0.1275,0.076));
#3611=CARTESIAN_POINT('',(-0.059,-0.1275,0.048));
#3612=CARTESIAN_POINT('',(-0.059,-0.1275,0.02));
#3613=CARTESIAN_POINT('',(-0.059,-0.1275,0.02));
#3614=CARTESIAN_POINT('',(1.38777878078145E-17,-0.1275,0.076));
#3615=CARTESIAN_POINT('',(-4.78012691158053E-17,0.0725,0.076));
#3616=CARTESIAN_POINT('',(-0.045,0.0725,0.076));
#3617=CARTESIAN_POINT('',(0.045,0.0725,0.076));
#3618=CARTESIAN_POINT('',(-0.045,-0.1275,0.076));
#3619=CARTESIAN_POINT('',(-0.045,-0.1125,0.076));
#3620=CARTESIAN_POINT('',(9.25185853854298E-18,-0.1125,0.076));
#3621=CARTESIAN_POINT('',(0.045,-0.1125,0.076));
#3622=CARTESIAN_POINT('',(0.045,-0.1275,0.076));
#3623=CARTESIAN_POINT('',(1.38777878078145E-17,0.1595,0.076));
#3624=CARTESIAN_POINT('',(0.059,0.1595,0.076));
#3625=CARTESIAN_POINT('',(0.059,-0.1275,0.076));
#3626=CARTESIAN_POINT('',(0.059,-0.1275,0.076));
#3627=CARTESIAN_POINT('',(1.38777878078145E-17,-0.1275,0.076));
#3628=CARTESIAN_POINT('',(0.059,-0.1275,0.048));
#3629=CARTESIAN_POINT('',(0.059,-0.1275,0.04));
#3630=CARTESIAN_POINT('',(0.059,0.1495,0.04));
#3631=CARTESIAN_POINT('',(0.059,0.1195,0.04));
#3632=CARTESIAN_POINT('',(0.059,0.1195,0.048));
#3633=CARTESIAN_POINT('',(0.059,0.1195,0.025));
#3634=CARTESIAN_POINT('',(0.059,-0.1275,0.025));
#3635=CARTESIAN_POINT('',(0.059,0.1495,0.025));
#3636=CARTESIAN_POINT('',(0.059,0.1495,0.048));
#3637=CARTESIAN_POINT('',(0.059,-0.0555,0.048));
#3638=CARTESIAN_POINT('',(0.059,-0.0555,0.025));
#3639=CARTESIAN_POINT('',(0.059,-0.0555,0.04));
#3640=CARTESIAN_POINT('',(0.059,-0.1275,0.04));
#3641=CARTESIAN_POINT('',(0.059,-0.0855,0.04));
#3642=CARTESIAN_POINT('',(0.059,-0.0855,0.048));
#3643=CARTESIAN_POINT('',(0.059,-0.0855,0.025));
#3644=CARTESIAN_POINT('',(0.059,-0.1275,0.025));
#3645=CARTESIAN_POINT('',(0.059,0.1595,0.048));
#3646=CARTESIAN_POINT('',(0.059,0.1595,0.02));
#3647=CARTESIAN_POINT('',(0.059,-0.1275,0.02));
#3648=CARTESIAN_POINT('',(0.059,-0.1275,0.02));
#3649=CARTESIAN_POINT('',(0.059,-0.1275,0.048));
#3650=CARTESIAN_POINT('',(0.,-0.1275,0.02));
#3651=CARTESIAN_POINT('',(0.,0.1595,0.02));
#3652=CARTESIAN_POINT('',(0.,-0.1275,0.02));
#3653=CARTESIAN_POINT('',(5.55111512312578E-17,0.1625,0.02));
#3654=CARTESIAN_POINT('',(0.,0.1625,0.015));
#3655=CARTESIAN_POINT('',(-0.064,0.1625,0.015));
#3656=CARTESIAN_POINT('',(0.064,0.1625,0.015));
#3657=CARTESIAN_POINT('',(0.064,0.1625,0.048));
#3658=CARTESIAN_POINT('',(0.064,0.1625,0.081));
#3659=CARTESIAN_POINT('',(0.,0.1625,0.081));
#3660=CARTESIAN_POINT('',(-0.064,0.1625,0.081));
#3661=CARTESIAN_POINT('',(-0.064,0.1625,0.048));
#3662=CARTESIAN_POINT('',(0.095,0.1625,0.02));
#3663=CARTESIAN_POINT('',(0.095,0.1625,0.01));
#3664=CARTESIAN_POINT('',(0.095,0.1625,0.275));
#3665=CARTESIAN_POINT('',(5.55111512312578E-17,0.1625,0.01));
#3666=CARTESIAN_POINT('',(-0.175,0.1625,0.01));
#3667=CARTESIAN_POINT('',(-0.175,0.1625,0.02));
#3668=CARTESIAN_POINT('',(-0.175,0.1625,0.275));
#3669=CARTESIAN_POINT('',(5.55111512312578E-17,0.1625,0.275));
#3670=CARTESIAN_POINT('',(-0.069,0.1625,0.0505));
#3671=CARTESIAN_POINT('',(-0.069,0.1625,0.015));
#3672=CARTESIAN_POINT('',(-0.069,0.1625,0.086));
#3673=CARTESIAN_POINT('',(-1.38777878078145E-17,0.1625,0.086));
#3674=CARTESIAN_POINT('',(0.069,0.1625,0.086));
#3675=CARTESIAN_POINT('',(0.069,0.1625,0.0505));
#3676=CARTESIAN_POINT('',(0.069,0.1625,0.015));
#3677=CARTESIAN_POINT('',(0.0795,0.1625,0.015));
#3678=CARTESIAN_POINT('',(0.09,0.1625,0.015));
#3679=CARTESIAN_POINT('',(0.09,0.1625,0.1425));
#3680=CARTESIAN_POINT('',(0.09,0.1625,0.27));
#3681=CARTESIAN_POINT('',(-0.04,0.1625,0.27));
#3682=CARTESIAN_POINT('',(-0.17,0.1625,0.27));
#3683=CARTESIAN_POINT('',(-0.17,0.1625,0.1425));
#3684=CARTESIAN_POINT('',(-0.17,0.1625,0.015));
#3685=CARTESIAN_POINT('',(-0.1195,0.1625,0.015));
#3686=CARTESIAN_POINT('',(0.,0.,0.));
#3687=CARTESIAN_POINT('',(-0.1675,2.77555756156289E-17,0.));
#3688=CARTESIAN_POINT('',(-0.1675,-0.145,0.));
#3689=CARTESIAN_POINT('',(-0.1675,0.145,0.));
#3690=CARTESIAN_POINT('',(-0.03875,-0.145,0.));
#3691=CARTESIAN_POINT('',(-0.185,-0.1525,0.));
#3692=CARTESIAN_POINT('',(-0.175,-0.1525,0.));
#3693=CARTESIAN_POINT('',(-0.175,5.97812397875084E-17,0.));
#3694=CARTESIAN_POINT('',(-0.175,0.1525,0.));
#3695=CARTESIAN_POINT('',(0.,0.1525,0.));
#3696=CARTESIAN_POINT('',(0.09,0.1525,-1.47451495458029E-17));
#3697=CARTESIAN_POINT('',(0.09,-2.77555756156289E-17,0.));
#3698=CARTESIAN_POINT('',(0.09,0.145,0.));
#3699=CARTESIAN_POINT('',(-0.03875,0.145,0.));
#3700=CARTESIAN_POINT('',(0.105,0.8375,0.005));
#3701=CARTESIAN_POINT('',(0.105,0.8375,0.005));
#3702=CARTESIAN_POINT('',(0.105,-0.1575,0.005));
#3703=CARTESIAN_POINT('',(0.105,0.8375,0.01));
#3704=CARTESIAN_POINT('',(0.105,-0.1625,0.01));
#3705=CARTESIAN_POINT('',(0.105,-0.1525,0.));
#3706=CARTESIAN_POINT('',(0.105,0.8375,0.005));
#3707=CARTESIAN_POINT('',(0.105,0.8375,0.005));
#3708=CARTESIAN_POINT('',(0.105,0.1575,0.005));
#3709=CARTESIAN_POINT('',(0.105,0.1625,0.01));
#3710=CARTESIAN_POINT('',(0.105,0.1625,0.01));
#3711=CARTESIAN_POINT('',(0.105,0.8375,0.01));
#3712=CARTESIAN_POINT('',(0.1,0.1375,-0.005));
#3713=CARTESIAN_POINT('',(0.1,0.1375,0.01));
#3714=CARTESIAN_POINT('',(0.0975,0.1375,0.01));
#3715=CARTESIAN_POINT('',(0.1,0.1375,0.005));
#3716=CARTESIAN_POINT('',(0.0975,0.1375,0.005));
#3717=CARTESIAN_POINT('',(0.1,0.145,-0.005));
#3718=CARTESIAN_POINT('',(0.1,0.145,0.01));
#3719=CARTESIAN_POINT('',(0.0975,0.145,0.01));
#3720=CARTESIAN_POINT('',(0.1,0.145,0.005));
#3721=CARTESIAN_POINT('',(0.0975,0.145,0.005));
#3722=CARTESIAN_POINT('',(0.1,0.1525,-0.005));
#3723=CARTESIAN_POINT('',(0.1,0.1525,0.01));
#3724=CARTESIAN_POINT('',(0.0975,0.1525,0.01));
#3725=CARTESIAN_POINT('',(0.1,0.1525,0.005));
#3726=CARTESIAN_POINT('',(0.0975,0.1525,0.005));
#3727=CARTESIAN_POINT('',(0.1,-0.1375,-0.005));
#3728=CARTESIAN_POINT('',(0.1,-0.1375,0.01));
#3729=CARTESIAN_POINT('',(0.0975,-0.1375,0.01));
#3730=CARTESIAN_POINT('',(0.1,-0.1375,0.005));
#3731=CARTESIAN_POINT('',(0.0975,-0.1375,0.005));
#3732=CARTESIAN_POINT('',(0.1,-0.1525,-0.005));
#3733=CARTESIAN_POINT('',(0.1,-0.1525,0.01));
#3734=CARTESIAN_POINT('',(0.0975,-0.1525,0.01));
#3735=CARTESIAN_POINT('',(0.1,-0.1525,0.005));
#3736=CARTESIAN_POINT('',(0.0975,-0.1525,0.005));
#3737=CARTESIAN_POINT('',(0.1,-0.145,-0.005));
#3738=CARTESIAN_POINT('',(0.1,-0.145,0.01));
#3739=CARTESIAN_POINT('',(0.0975,-0.145,0.01));
#3740=CARTESIAN_POINT('',(0.1,-0.145,0.005));
#3741=CARTESIAN_POINT('',(0.0975,-0.145,0.005));
#3742=CARTESIAN_POINT('',(0.,0.,0.015));
#3743=CARTESIAN_POINT('',(-0.1745,0.,0.015));
#3744=CARTESIAN_POINT('',(-0.1745,0.145,0.015));
#3745=CARTESIAN_POINT('',(-0.1745,-0.145,0.015));
#3746=CARTESIAN_POINT('',(-0.1755,0.145,0.015));
#3747=CARTESIAN_POINT('',(-0.1765,0.145,0.015));
#3748=CARTESIAN_POINT('',(-0.1765,0.,0.015));
#3749=CARTESIAN_POINT('',(-0.1765,-0.145,0.015));
#3750=CARTESIAN_POINT('',(-0.1755,-0.145,0.015));
#3751=CARTESIAN_POINT('',(-2.77555756156289E-17,-0.1325,0.08));
#3752=CARTESIAN_POINT('',(-2.77555756156289E-17,0.1575,0.08));
#3753=CARTESIAN_POINT('',(0.065,0.1575,0.08));
#3754=CARTESIAN_POINT('',(-0.065,0.1575,0.08));
#3755=CARTESIAN_POINT('',(-0.065,-0.1325,0.08));
#3756=CARTESIAN_POINT('',(-0.065,-0.1325,0.08));
#3757=CARTESIAN_POINT('',(-2.77555756156289E-17,-0.1325,0.08));
#3758=CARTESIAN_POINT('',(0.065,-0.1325,0.08));
#3759=CARTESIAN_POINT('',(0.065,-0.1325,0.08));
#3760=CARTESIAN_POINT('',(-5.55111512312578E-17,0.0725,0.08));
#3761=CARTESIAN_POINT('',(-0.045,0.0725,0.08));
#3762=CARTESIAN_POINT('',(0.045,0.0725,0.08));
#3763=CARTESIAN_POINT('',(0.045,-0.02,0.08));
#3764=CARTESIAN_POINT('',(0.045,-0.1125,0.08));
#3765=CARTESIAN_POINT('',(-3.46944695195361E-17,-0.1125,0.08));
#3766=CARTESIAN_POINT('',(-0.045,-0.1125,0.08));
#3767=CARTESIAN_POINT('',(-0.045,-0.02,0.08));
#3768=CARTESIAN_POINT('',(-0.169393398282202,0.146893398282202,0.273));
#3769=CARTESIAN_POINT('',(-0.172928932188135,0.150428932188135,0.273));
#3770=CARTESIAN_POINT('',(-0.170428932188135,0.150428932188135,0.273));
#3771=CARTESIAN_POINT('',(-0.169393398282202,0.146893398282202,0.273));
#3772=CARTESIAN_POINT('',(-0.1745,0.141786796564404,0.273));
#3773=CARTESIAN_POINT('',(-0.16161522368915,0.154671572875254,0.273));
#3774=CARTESIAN_POINT('',(-0.1745,0.146893398282202,0.273));
#3775=CARTESIAN_POINT('',(-0.1745,0.145,0.273));
#3776=CARTESIAN_POINT('',(-0.169393398282202,0.145,0.273));
#3777=CARTESIAN_POINT('',(-0.1765,0.145,0.273));
#3778=CARTESIAN_POINT('',(-0.1765,0.146893398282202,0.273));
#3779=CARTESIAN_POINT('',(-0.1765,0.139786796564404,0.273));
#3780=CARTESIAN_POINT('',(-0.169393398282202,0.146893398282202,0.273));
#3781=CARTESIAN_POINT('',(-0.177171572875254,0.13911522368915,0.273));
#3782=CARTESIAN_POINT('',(-0.177171572875254,0.13911522368915,0.273));
#3783=CARTESIAN_POINT('',(-0.180556349186104,0.1425,0.273));
#3784=CARTESIAN_POINT('',(-0.1825,0.1425,0.273));
#3785=CARTESIAN_POINT('',(-0.18,0.1425,0.273));
#3786=CARTESIAN_POINT('',(-0.18,0.146464466094067,0.273));
#3787=CARTESIAN_POINT('',(-0.18,0.150428932188135,0.273));
#3788=CARTESIAN_POINT('',(-0.176464466094067,0.153964466094067,0.273));
#3789=CARTESIAN_POINT('',(-0.172928932188134,0.1575,0.273));
#3790=CARTESIAN_POINT('',(-0.168964466094068,0.1575,0.273));
#3791=CARTESIAN_POINT('',(-0.164443650813896,0.1575,0.273));
#3792=CARTESIAN_POINT('',(-0.16161522368915,0.154671572875254,0.273));
#3793=CARTESIAN_POINT('',(-0.172928932188134,-0.150428932188135,0.25));
#3794=CARTESIAN_POINT('',(-0.172928932188134,-0.150428932188135,0.275));
#3795=CARTESIAN_POINT('',(-0.170428932188134,-0.150428932188135,0.275));
#3796=CARTESIAN_POINT('',(-0.172928932188134,-0.150428932188135,0.273));
#3797=CARTESIAN_POINT('',(-0.170428932188134,-0.150428932188135,0.273));
#3798=CARTESIAN_POINT('',(-0.169393398282202,-0.146893398282202,0.1475));
#3799=CARTESIAN_POINT('',(-0.1745,-0.141786796564404,0.1475));
#3800=CARTESIAN_POINT('',(-0.1745,-0.141786796564404,0.275));
#3801=CARTESIAN_POINT('',(-0.1745,-0.141786796564404,0.273));
#3802=CARTESIAN_POINT('',(-0.169393398282202,-0.146893398282202,0.275));
#3803=CARTESIAN_POINT('',(-0.16161522368915,-0.154671572875254,0.275));
#3804=CARTESIAN_POINT('',(-0.16161522368915,-0.154671572875254,0.274));
#3805=CARTESIAN_POINT('',(-0.16161522368915,-0.154671572875254,0.273));
#3806=CARTESIAN_POINT('',(-0.169393398282202,-0.146893398282202,0.273));
#3807=CARTESIAN_POINT('',(-0.177171572875254,-0.13911522368915,0.274));
#3808=CARTESIAN_POINT('',(-0.177171572875254,-0.13911522368915,0.273));
#3809=CARTESIAN_POINT('',(-0.177171572875254,-0.13911522368915,0.273));
#3810=CARTESIAN_POINT('',(-0.180556349186104,-0.1425,0.273));
#3811=CARTESIAN_POINT('',(-0.180556349186104,-0.1425,0.275));
#3812=CARTESIAN_POINT('',(-0.180556349186104,-0.1425,0.275));
#3813=CARTESIAN_POINT('',(-0.177171572875254,-0.13911522368915,0.275));
#3814=CARTESIAN_POINT('',(-0.177171572875254,-0.13911522368915,0.275));
#3815=CARTESIAN_POINT('',(-0.177171572875254,-0.13911522368915,0.274));
#3816=CARTESIAN_POINT('',(-0.169393398282202,-0.146893398282202,0.1475));
#3817=CARTESIAN_POINT('',(-0.169393398282202,-0.146893398282202,0.275));
#3818=CARTESIAN_POINT('',(-0.1765,-0.139786796564404,0.275));
#3819=CARTESIAN_POINT('',(-0.1765,-0.139786796564404,0.1475));
#3820=CARTESIAN_POINT('',(-0.1765,-0.139786796564404,0.273));
#3821=CARTESIAN_POINT('',(-0.169393398282202,-0.146893398282202,0.273));
#3822=CARTESIAN_POINT('',(-0.1765,0.,0.492));
#3823=CARTESIAN_POINT('',(-0.1765,-0.145,0.492));
#3824=CARTESIAN_POINT('',(-0.1765,-0.145,0.275));
#3825=CARTESIAN_POINT('',(-0.1765,-0.145,0.273));
#3826=CARTESIAN_POINT('',(-0.1765,-0.146893398282202,0.273));
#3827=CARTESIAN_POINT('',(-0.1765,2.77555756156289E-17,0.275));
#3828=CARTESIAN_POINT('',(-0.1755,-0.145,0.492));
#3829=CARTESIAN_POINT('',(2.77555756156289E-17,-0.145,0.275));
#3830=CARTESIAN_POINT('',(-0.1745,-0.145,0.275));
#3831=CARTESIAN_POINT('',(-0.1745,-0.145,0.492));
#3832=CARTESIAN_POINT('',(-0.1745,-0.145,0.273));
#3833=CARTESIAN_POINT('',(-0.169393398282202,-0.145,0.273));
#3834=CARTESIAN_POINT('',(-0.1745,0.,0.492));
#3835=CARTESIAN_POINT('',(-0.1745,2.77555756156289E-17,0.275));
#3836=CARTESIAN_POINT('',(-0.1745,-0.146893398282202,0.273));
#3837=CARTESIAN_POINT('',(-0.16161522368915,-0.154671572875254,0.274));
#3838=CARTESIAN_POINT('',(-0.165,-0.158056349186104,0.275));
#3839=CARTESIAN_POINT('',(-0.165,-0.158056349186104,0.273));
#3840=CARTESIAN_POINT('',(-0.165,-0.158056349186104,0.275));
#3841=CARTESIAN_POINT('',(-0.16161522368915,-0.154671572875254,0.273));
#3842=CARTESIAN_POINT('',(-0.16161522368915,-0.154671572875254,0.275));
#3843=CARTESIAN_POINT('',(-0.169393398282202,-0.146893398282202,0.273));
#3844=CARTESIAN_POINT('',(-0.165,-0.16,0.273));
#3845=CARTESIAN_POINT('',(-0.165,-0.1575,0.273));
#3846=CARTESIAN_POINT('',(-0.168964466094068,-0.1575,0.273));
#3847=CARTESIAN_POINT('',(-0.172928932188134,-0.1575,0.273));
#3848=CARTESIAN_POINT('',(-0.176464466094067,-0.153964466094067,0.273));
#3849=CARTESIAN_POINT('',(-0.18,-0.150428932188134,0.273));
#3850=CARTESIAN_POINT('',(-0.18,-0.146464466094067,0.273));
#3851=CARTESIAN_POINT('',(-0.18,-0.1425,0.273));
#3852=CARTESIAN_POINT('',(-0.1825,-0.1425,0.273));
#3853=CARTESIAN_POINT('',(-0.16161522368915,0.154671572875254,0.274));
#3854=CARTESIAN_POINT('',(-0.164443650813896,0.1575,0.275));
#3855=CARTESIAN_POINT('',(-0.164443650813896,0.1575,0.275));
#3856=CARTESIAN_POINT('',(-0.16161522368915,0.154671572875254,0.275));
#3857=CARTESIAN_POINT('',(-0.16161522368915,0.154671572875254,0.275));
#3858=CARTESIAN_POINT('',(-0.16161522368915,0.154671572875254,0.274));
#3859=CARTESIAN_POINT('',(-0.169393398282202,0.146893398282202,0.1475));
#3860=CARTESIAN_POINT('',(-0.1745,0.141786796564404,0.1475));
#3861=CARTESIAN_POINT('',(-0.1745,0.141786796564404,0.275));
#3862=CARTESIAN_POINT('',(-0.169393398282202,0.146893398282202,0.275));
#3863=CARTESIAN_POINT('',(-0.1745,0.,0.492));
#3864=CARTESIAN_POINT('',(-0.1745,2.77555756156289E-17,0.275));
#3865=CARTESIAN_POINT('',(-0.1745,0.145,0.275));
#3866=CARTESIAN_POINT('',(-0.1745,0.145,0.492));
#3867=CARTESIAN_POINT('',(-0.1755,0.145,0.492));
#3868=CARTESIAN_POINT('',(-0.1765,0.145,0.492));
#3869=CARTESIAN_POINT('',(-0.1765,0.145,0.275));
#3870=CARTESIAN_POINT('',(2.77555756156289E-17,0.145,0.275));
#3871=CARTESIAN_POINT('',(-0.1765,0.,0.492));
#3872=CARTESIAN_POINT('',(-0.1765,0.139786796564404,0.1475));
#3873=CARTESIAN_POINT('',(-0.1765,0.139786796564404,0.275));
#3874=CARTESIAN_POINT('',(-0.1765,2.77555756156289E-17,0.275));
#3875=CARTESIAN_POINT('',(-0.169393398282202,0.146893398282202,0.1475));
#3876=CARTESIAN_POINT('',(-0.169393398282202,0.146893398282202,0.275));
#3877=CARTESIAN_POINT('',(-0.177171572875254,0.13911522368915,0.275));
#3878=CARTESIAN_POINT('',(-0.177171572875254,0.13911522368915,0.274));
#3879=CARTESIAN_POINT('',(-0.177171572875254,0.13911522368915,0.274));
#3880=CARTESIAN_POINT('',(-0.177171572875254,0.13911522368915,0.275));
#3881=CARTESIAN_POINT('',(-0.180556349186104,0.1425,0.275));
#3882=CARTESIAN_POINT('',(-0.180556349186104,0.1425,0.275));
#3883=CARTESIAN_POINT('',(-0.172928932188135,0.150428932188135,0.25));
#3884=CARTESIAN_POINT('',(-0.172928932188135,0.150428932188135,0.275));
#3885=CARTESIAN_POINT('',(-0.170428932188135,0.150428932188135,0.275));
#3886=CARTESIAN_POINT('',(-0.078,-0.0855,0.0325));
#3887=CARTESIAN_POINT('',(-0.065,-0.0855,0.05));
#3888=CARTESIAN_POINT('',(-0.065,-0.0855,0.025));
#3889=CARTESIAN_POINT('',(-0.065,-0.0855,0.04));
#3890=CARTESIAN_POINT('',(-0.078,-0.0855,0.04));
#3891=CARTESIAN_POINT('',(-0.078,-0.0855,0.025));
#3892=CARTESIAN_POINT('',(-0.078,-0.0705,0.025));
#3893=CARTESIAN_POINT('',(-0.065,-0.1325,0.025));
#3894=CARTESIAN_POINT('',(-0.065,-0.0555,0.025));
#3895=CARTESIAN_POINT('',(-0.078,-0.0555,0.025));
#3896=CARTESIAN_POINT('',(-0.078,-0.0555,0.0325));
#3897=CARTESIAN_POINT('',(-0.078,-0.0555,0.04));
#3898=CARTESIAN_POINT('',(-0.065,-0.0555,0.04));
#3899=CARTESIAN_POINT('',(-0.065,-0.0555,0.05));
#3900=CARTESIAN_POINT('',(-0.078,-0.0705,0.04));
#3901=CARTESIAN_POINT('',(-0.065,-0.1325,0.04));
#3902=CARTESIAN_POINT('',(-0.078,0.1345,0.025));
#3903=CARTESIAN_POINT('',(-0.065,-0.1325,0.025));
#3904=CARTESIAN_POINT('',(-0.065,0.1495,0.025));
#3905=CARTESIAN_POINT('',(-0.065,0.1195,0.025));
#3906=CARTESIAN_POINT('',(-0.078,0.1195,0.025));
#3907=CARTESIAN_POINT('',(-0.078,0.1495,0.025));
#3908=CARTESIAN_POINT('',(-0.078,0.1495,0.0325));
#3909=CARTESIAN_POINT('',(-0.065,0.1495,0.05));
#3910=CARTESIAN_POINT('',(-0.065,0.1495,0.04));
#3911=CARTESIAN_POINT('',(-0.078,0.1495,0.04));
#3912=CARTESIAN_POINT('',(-0.078,0.1345,0.04));
#3913=CARTESIAN_POINT('',(-0.078,0.1195,0.04));
#3914=CARTESIAN_POINT('',(-0.065,0.1195,0.04));
#3915=CARTESIAN_POINT('',(-0.065,-0.1325,0.04));
#3916=CARTESIAN_POINT('',(-0.078,0.1195,0.0325));
#3917=CARTESIAN_POINT('',(-0.065,0.1195,0.05));
#3918=CARTESIAN_POINT('',(0.045,-0.02,0.055));
#3919=CARTESIAN_POINT('',(0.045,-0.1125,0.055));
#3920=CARTESIAN_POINT('',(0.045,0.0725,0.055));
#3921=CARTESIAN_POINT('',(-2.93568588242229E-17,-0.1125,0.055));
#3922=CARTESIAN_POINT('',(-0.045,-0.1125,0.055));
#3923=CARTESIAN_POINT('',(-0.045,-0.02,0.055));
#3924=CARTESIAN_POINT('',(-0.045,0.0725,0.055));
#3925=CARTESIAN_POINT('',(-5.01735405359446E-17,0.0725,0.055));
#3926=CARTESIAN_POINT('',(-0.078,-0.0705,0.025));
#3927=CARTESIAN_POINT('',(-0.078,-0.0855,0.025));
#3928=CARTESIAN_POINT('',(0.065,-0.0855,0.025));
#3929=CARTESIAN_POINT('',(0.065,-0.0705,0.025));
#3930=CARTESIAN_POINT('',(0.065,-0.0555,0.025));
#3931=CARTESIAN_POINT('',(-0.078,-0.0555,0.025));
#3932=CARTESIAN_POINT('',(-0.078,-0.0855,0.0325));
#3933=CARTESIAN_POINT('',(-0.078,-0.0855,0.04));
#3934=CARTESIAN_POINT('',(0.065,-0.0855,0.04));
#3935=CARTESIAN_POINT('',(0.065,-0.0855,0.0325));
#3936=CARTESIAN_POINT('',(-0.078,-0.0705,0.04));
#3937=CARTESIAN_POINT('',(-0.078,-0.0555,0.04));
#3938=CARTESIAN_POINT('',(0.065,-0.0555,0.04));
#3939=CARTESIAN_POINT('',(0.065,-0.0705,0.04));
#3940=CARTESIAN_POINT('',(-0.078,-0.0555,0.0325));
#3941=CARTESIAN_POINT('',(0.065,-0.0555,0.0325));
#3942=CARTESIAN_POINT('',(-0.078,0.1495,0.0325));
#3943=CARTESIAN_POINT('',(-0.078,0.1495,0.025));
#3944=CARTESIAN_POINT('',(0.065,0.1495,0.025));
#3945=CARTESIAN_POINT('',(0.065,0.1495,0.0325));
#3946=CARTESIAN_POINT('',(0.065,0.1495,0.04));
#3947=CARTESIAN_POINT('',(-0.078,0.1495,0.04));
#3948=CARTESIAN_POINT('',(-0.078,0.1345,0.025));
#3949=CARTESIAN_POINT('',(-0.078,0.1195,0.025));
#3950=CARTESIAN_POINT('',(0.065,0.1195,0.025));
#3951=CARTESIAN_POINT('',(0.065,0.1345,0.025));
#3952=CARTESIAN_POINT('',(-0.078,0.1195,0.0325));
#3953=CARTESIAN_POINT('',(-0.078,0.1195,0.04));
#3954=CARTESIAN_POINT('',(0.065,0.1195,0.04));
#3955=CARTESIAN_POINT('',(0.065,0.1195,0.0325));
#3956=CARTESIAN_POINT('',(-0.078,0.1345,0.04));
#3957=CARTESIAN_POINT('',(0.065,0.1345,0.04));
#3958=CARTESIAN_POINT('',(5.55111512312578E-17,-0.1275,0.1425));
#3959=CARTESIAN_POINT('',(-0.185,0.,0.01));
#3960=CARTESIAN_POINT('',(-0.175,0.1525,-1.83995210002005E-18));
#3961=CARTESIAN_POINT('',(-0.185,0.1525,0.01));
#3962=CARTESIAN_POINT('',(-0.185,-0.1525,0.01));
#3963=CARTESIAN_POINT('',(-0.185,-0.1525,0.01));
#3964=CARTESIAN_POINT('',(-0.185,0.,0.01));
#3965=CARTESIAN_POINT('',(-0.185,-0.1525,0.01));
#3966=CARTESIAN_POINT('',(-0.175,-0.1575,0.005));
#3967=CARTESIAN_POINT('',(-0.175,-0.1625,0.01));
#3968=CARTESIAN_POINT('',(-0.185,-0.1525,0.01));
#3969=CARTESIAN_POINT('',(-0.14,-0.153,0.01));
#3970=CARTESIAN_POINT('',(-0.14,-0.153,0.02));
#3971=CARTESIAN_POINT('',(-0.14,0.151,0.01));
#3972=CARTESIAN_POINT('',(-0.14,0.151,0.02));
#3973=CARTESIAN_POINT('',(-0.1475,0.151,0.02));
#3974=CARTESIAN_POINT('',(-0.1325,0.151,0.02));
#3975=CARTESIAN_POINT('',(-0.1475,0.151,0.01));
#3976=CARTESIAN_POINT('',(-0.1475,0.151,0.01));
#3977=CARTESIAN_POINT('',(-0.14,0.151,0.01));
#3978=CARTESIAN_POINT('',(-0.1325,0.151,0.01));
#3979=CARTESIAN_POINT('',(-0.1325,0.151,0.01));
#3980=CARTESIAN_POINT('',(-0.1765,0.,0.015));
#3981=CARTESIAN_POINT('',(-0.1765,0.,0.02));
#3982=CARTESIAN_POINT('',(-0.1765,0.145,0.02));
#3983=CARTESIAN_POINT('',(-0.1765,-0.145,0.02));
#3984=CARTESIAN_POINT('',(-0.1765,-0.145,0.015));
#3985=CARTESIAN_POINT('',(-0.1765,0.145,0.015));
#3986=CARTESIAN_POINT('',(-0.1755,-0.145,0.015));
#3987=CARTESIAN_POINT('',(-0.1755,-0.145,0.02));
#3988=CARTESIAN_POINT('',(-0.1745,-0.145,0.02));
#3989=CARTESIAN_POINT('',(-0.1745,-0.145,0.015));
#3990=CARTESIAN_POINT('',(-0.1745,0.,0.015));
#3991=CARTESIAN_POINT('',(-0.1745,0.,0.02));
#3992=CARTESIAN_POINT('',(-0.1745,0.145,0.02));
#3993=CARTESIAN_POINT('',(-0.1745,0.145,0.015));
#3994=CARTESIAN_POINT('',(-0.1755,0.145,0.015));
#3995=CARTESIAN_POINT('',(-0.1755,0.145,0.02));
#3996=CARTESIAN_POINT('',(-0.168964466094068,-0.1575,0.275));
#3997=CARTESIAN_POINT('',(-0.172928932188134,-0.1575,0.275));
#3998=CARTESIAN_POINT('',(-0.172928932188134,-0.1575,0.02));
#3999=CARTESIAN_POINT('',(-0.165,-0.1575,0.275));
#4000=CARTESIAN_POINT('',(-0.165,-0.1575,0.02));
#4001=CARTESIAN_POINT('',(-0.168964466094068,-0.1575,0.02));
#4002=CARTESIAN_POINT('',(-0.176464466094067,-0.153964466094067,0.275));
#4003=CARTESIAN_POINT('',(-0.176464466094067,-0.153964466094067,0.02));
#4004=CARTESIAN_POINT('',(-0.18,-0.150428932188134,0.02));
#4005=CARTESIAN_POINT('',(-0.18,-0.150428932188134,0.275));
#4006=CARTESIAN_POINT('',(-0.18,-0.146464466094067,0.275));
#4007=CARTESIAN_POINT('',(-0.18,-0.1425,0.275));
#4008=CARTESIAN_POINT('',(-0.18,-0.1425,0.02));
#4009=CARTESIAN_POINT('',(-0.18,-0.146464466094067,0.02));
#4010=CARTESIAN_POINT('',(-0.1825,-0.1425,0.275));
#4011=CARTESIAN_POINT('',(-0.1825,-0.1425,0.02));
#4012=CARTESIAN_POINT('',(-0.185,-0.1425,0.02));
#4013=CARTESIAN_POINT('',(-0.185,-0.1425,0.275));
#4014=CARTESIAN_POINT('',(-0.185,-0.1425,0.275));
#4015=CARTESIAN_POINT('',(-0.1825,-0.1425,0.275));
#4016=CARTESIAN_POINT('',(-0.185,0.,0.02));
#4017=CARTESIAN_POINT('',(-0.185,-0.1525,0.02));
#4018=CARTESIAN_POINT('',(-0.185,-0.1525,0.275));
#4019=CARTESIAN_POINT('',(-0.185,0.,0.275));
#4020=CARTESIAN_POINT('',(-0.185,0.,0.02));
#4021=CARTESIAN_POINT('',(-0.185,0.1425,0.02));
#4022=CARTESIAN_POINT('',(-0.185,0.1425,0.275));
#4023=CARTESIAN_POINT('',(-0.185,0.1425,0.275));
#4024=CARTESIAN_POINT('',(-0.185,0.,0.275));
#4025=CARTESIAN_POINT('',(-0.185,0.1525,0.275));
#4026=CARTESIAN_POINT('',(-0.185,0.1525,0.02));
#4027=CARTESIAN_POINT('',(-0.1825,0.1425,0.275));
#4028=CARTESIAN_POINT('',(-0.1825,0.1425,0.275));
#4029=CARTESIAN_POINT('',(-0.1825,0.1425,0.02));
#4030=CARTESIAN_POINT('',(-0.18,0.1425,0.02));
#4031=CARTESIAN_POINT('',(-0.18,0.1425,0.275));
#4032=CARTESIAN_POINT('',(-0.18,0.146464466094067,0.275));
#4033=CARTESIAN_POINT('',(-0.18,0.146464466094067,0.02));
#4034=CARTESIAN_POINT('',(-0.18,0.150428932188135,0.02));
#4035=CARTESIAN_POINT('',(-0.18,0.150428932188135,0.275));
#4036=CARTESIAN_POINT('',(-0.176464466094067,0.153964466094067,0.275));
#4037=CARTESIAN_POINT('',(-0.176464466094067,0.153964466094067,0.02));
#4038=CARTESIAN_POINT('',(-0.172928932188134,0.1575,0.02));
#4039=CARTESIAN_POINT('',(-0.172928932188134,0.1575,0.275));
#4040=CARTESIAN_POINT('',(-0.065,-0.1325,0.05));
#4041=CARTESIAN_POINT('',(-0.065,0.1575,0.05));
#4042=CARTESIAN_POINT('',(-0.065,0.1575,0.02));
#4043=CARTESIAN_POINT('',(-0.065,-0.1325,0.02));
#4044=CARTESIAN_POINT('',(-0.065,-0.1325,0.02));
#4045=CARTESIAN_POINT('',(-0.065,-0.1325,0.05));
#4046=CARTESIAN_POINT('',(-2.77555756156289E-17,-0.1325,0.1475));
#4047=CARTESIAN_POINT('',(-0.168964466094068,-0.1325,0.02));
#4048=CARTESIAN_POINT('',(0.065,-0.1325,0.02));
#4049=CARTESIAN_POINT('',(0.065,-0.1325,0.05));
#4050=CARTESIAN_POINT('',(0.065,-0.1325,0.05));
#4051=CARTESIAN_POINT('',(0.065,0.1575,0.05));
#4052=CARTESIAN_POINT('',(0.065,0.1575,0.02));
#4053=CARTESIAN_POINT('',(0.065,-0.1325,0.02));
#4054=CARTESIAN_POINT('',(-0.168964466094068,0.1575,0.275));
#4055=CARTESIAN_POINT('',(0.095,0.1575,0.275));
#4056=CARTESIAN_POINT('',(0.095,0.1575,0.275));
#4057=CARTESIAN_POINT('',(0.095,0.1575,0.02));
#4058=CARTESIAN_POINT('',(-0.168964466094068,0.1575,0.275));
#4059=CARTESIAN_POINT('',(-0.168964466094068,0.1575,0.02));
#4060=CARTESIAN_POINT('',(-0.168964466094068,0.1575,0.02));
#4061=CARTESIAN_POINT('',(-0.175,-0.1625,0.02));
#4062=CARTESIAN_POINT('',(-0.175,-0.1625,0.));
#4063=CARTESIAN_POINT('',(-0.175,-0.1625,0.275));
#4064=CARTESIAN_POINT('',(-0.16875,-0.16875,0.275));
#4065=CARTESIAN_POINT('',(2.77555756156289E-17,2.77555756156289E-17,0.275));
#4066=CARTESIAN_POINT('',(-5.55111512312578E-17,-0.1625,0.275));
#4067=CARTESIAN_POINT('',(-0.165,-0.1625,0.275));
#4068=CARTESIAN_POINT('',(-0.165,-0.16,0.275));
#4069=CARTESIAN_POINT('',(-0.165,-0.16,0.275));
#4070=CARTESIAN_POINT('',(-0.165,-0.1625,0.275));
#4071=CARTESIAN_POINT('',(-0.165,-0.1625,0.02));
#4072=CARTESIAN_POINT('',(-0.165,-0.16,0.02));
#4073=CARTESIAN_POINT('',(2.77555756156289E-17,2.77555756156289E-17,0.275));
#4074=CARTESIAN_POINT('',(0.095,2.77555756156289E-17,0.275));
#4075=CARTESIAN_POINT('',(-0.16875,0.16875,0.275));
#4076=CARTESIAN_POINT('',(-0.185,0.1525,0.02));
#4077=CARTESIAN_POINT('',(-0.18,0.1575,0.01));
#4078=CARTESIAN_POINT('',(-0.175,0.1525,0.));
#4079=CARTESIAN_POINT('',(-0.175,0.1525,0.));
#4080=CARTESIAN_POINT('',(-0.1225,-0.028,0.01));
#4081=CARTESIAN_POINT('',(-0.1225,0.006,0.01));
#4082=CARTESIAN_POINT('',(-0.1225,0.006,0.015));
#4083=CARTESIAN_POINT('',(-0.1225,0.006,0.02));
#4084=CARTESIAN_POINT('',(-0.1225,-0.028,0.015));
#4085=CARTESIAN_POINT('',(-0.1225,-0.062,0.015));
#4086=CARTESIAN_POINT('',(-0.1225,-0.062,0.01));
#4087=CARTESIAN_POINT('',(-0.1225,-0.062,0.02));
#4088=CARTESIAN_POINT('',(-0.1225,-0.028,0.02));
#4089=CARTESIAN_POINT('',(-0.13,-0.062,0.01));
#4090=CARTESIAN_POINT('',(-0.13,-0.062,0.015));
#4091=CARTESIAN_POINT('',(-0.1375,-0.062,0.015));
#4092=CARTESIAN_POINT('',(-0.1375,-0.062,0.01));
#4093=CARTESIAN_POINT('',(-0.1375,-0.062,0.02));
#4094=CARTESIAN_POINT('',(-0.13,-0.062,0.02));
#4095=CARTESIAN_POINT('',(-0.1375,-0.028,0.01));
#4096=CARTESIAN_POINT('',(-0.1375,-0.028,0.015));
#4097=CARTESIAN_POINT('',(-0.1375,0.006,0.015));
#4098=CARTESIAN_POINT('',(-0.1375,0.006,0.01));
#4099=CARTESIAN_POINT('',(-0.1375,0.006,0.02));
#4100=CARTESIAN_POINT('',(-0.1375,-0.028,0.02));
#4101=CARTESIAN_POINT('',(-0.13,0.006,0.01));
#4102=CARTESIAN_POINT('',(-0.13,0.006,0.015));
#4103=CARTESIAN_POINT('',(-0.13,0.006,0.02));
#4104=CARTESIAN_POINT('',(-0.14,0.116,0.01));
#4105=CARTESIAN_POINT('',(-0.1325,0.116,0.01));
#4106=CARTESIAN_POINT('',(-0.1325,0.116,0.015));
#4107=CARTESIAN_POINT('',(-0.1325,0.116,0.02));
#4108=CARTESIAN_POINT('',(-0.14,0.116,0.015));
#4109=CARTESIAN_POINT('',(-0.1475,0.116,0.015));
#4110=CARTESIAN_POINT('',(-0.1475,0.116,0.01));
#4111=CARTESIAN_POINT('',(-0.1475,0.116,0.02));
#4112=CARTESIAN_POINT('',(-0.14,0.116,0.02));
#4113=CARTESIAN_POINT('',(-0.14,-0.118,0.01));
#4114=CARTESIAN_POINT('',(-0.14,-0.118,0.015));
#4115=CARTESIAN_POINT('',(-0.14,-0.118,0.02));
#4116=CARTESIAN_POINT('',(-0.1475,0.1335,0.01));
#4117=CARTESIAN_POINT('',(-0.1475,0.1335,0.0125));
#4118=CARTESIAN_POINT('',(-0.1475,0.145,0.0125));
#4119=CARTESIAN_POINT('',(-0.1475,0.145,0.01));
#4120=CARTESIAN_POINT('',(-0.1475,0.145,0.01));
#4121=CARTESIAN_POINT('',(-0.1475,0.1335,0.01));
#4122=CARTESIAN_POINT('',(-0.1475,0.1335,0.02));
#4123=CARTESIAN_POINT('',(-0.1475,0.1335,0.015));
#4124=CARTESIAN_POINT('',(0.,0.,0.01));
#4125=CARTESIAN_POINT('',(3.12587065185724E-17,0.145,0.01));
#4126=CARTESIAN_POINT('',(-0.1325,0.145,0.01));
#4127=CARTESIAN_POINT('',(-0.1325,0.1335,0.01));
#4128=CARTESIAN_POINT('',(-0.1325,0.1335,0.01));
#4129=CARTESIAN_POINT('',(-0.1325,0.145,0.01));
#4130=CARTESIAN_POINT('',(-0.1325,0.145,0.0125));
#4131=CARTESIAN_POINT('',(-0.1325,0.1335,0.0125));
#4132=CARTESIAN_POINT('',(-0.1325,0.1335,0.015));
#4133=CARTESIAN_POINT('',(-0.1325,0.1335,0.02));
#4134=CARTESIAN_POINT('',(-5.55111512312578E-17,-0.1625,0.02));
#4135=CARTESIAN_POINT('',(0.095,-0.1625,0.015));
#4136=CARTESIAN_POINT('',(0.095,-0.1625,0.02));
#4137=CARTESIAN_POINT('',(0.095,-0.1625,0.01));
#4138=CARTESIAN_POINT('',(-5.55111512312578E-17,-0.1625,0.02));
#4139=CARTESIAN_POINT('',(0.185,-0.1625,0.01));
#4140=CARTESIAN_POINT('',(0.,0.,0.02));
#4141=CARTESIAN_POINT('',(0.095,0.8375,0.02));
#4142=CARTESIAN_POINT('',(0.,2.77555756156289E-17,0.015));
#4143=CARTESIAN_POINT('',(0.095,2.77555756156289E-17,0.015));
#4144=CARTESIAN_POINT('',(5.55111512312578E-17,0.1625,0.01));
#4145=CARTESIAN_POINT('',(0.09,0.1625,0.01));
#4146=CARTESIAN_POINT('',(0.09,0.1575,0.005));
#4147=CARTESIAN_POINT('',(5.55111512312578E-17,0.1625,0.01));
#4148=CARTESIAN_POINT('',(5.55111512312578E-17,0.1575,0.005));
#4149=CARTESIAN_POINT('',(0.095,0.8375,0.161063114404679));
#4150=CARTESIAN_POINT('',(0.095,0.8375,0.01));
#4151=CARTESIAN_POINT('',(0.095,0.8375,0.01));
#4152=CARTESIAN_POINT('',(0.,-0.1525,0.));
#4153=CARTESIAN_POINT('',(0.,-0.1575,0.005));
#4154=CARTESIAN_POINT('',(0.185,-0.1625,0.01));
#4155=CARTESIAN_POINT('',(0.185,0.8375,0.01));
#4156=CARTESIAN_POINT('',(0.185,0.8375,0.01));
#4157=CARTESIAN_POINT('',(0.1325,2.77555756156289E-17,0.005));
#4158=CARTESIAN_POINT('',(0.09,-2.77555756156289E-17,0.005));
#4159=CARTESIAN_POINT('',(0.1325,2.77555756156289E-17,0.005));
#4160=CARTESIAN_POINT('',(0.09,-2.77555756156289E-17,0.005));
#4161=CARTESIAN_POINT('',(0.09,0.145,0.005));
#4162=CARTESIAN_POINT('',(0.09,-2.77555756156289E-17,0.005));
#4163=CARTESIAN_POINT('',(0.09,-2.77555756156289E-17,0.005));
#4164=CARTESIAN_POINT('',(0.09,0.145,0.0125));
#4165=CARTESIAN_POINT('',(-0.04,0.1595,0.1425));
#4166=CARTESIAN_POINT('',(0.,0.1595,0.015));
#4167=CARTESIAN_POINT('',(-0.064,0.1595,0.015));
#4168=CARTESIAN_POINT('',(0.064,0.1595,0.015));
#4169=CARTESIAN_POINT('',(-0.064,0.1595,0.048));
#4170=CARTESIAN_POINT('',(-0.064,0.1595,0.081));
#4171=CARTESIAN_POINT('',(0.,0.1595,0.081));
#4172=CARTESIAN_POINT('',(0.064,0.1595,0.081));
#4173=CARTESIAN_POINT('',(0.064,0.1595,0.048));
#4174=CARTESIAN_POINT('',(0.,0.1595,0.015));
#4175=CARTESIAN_POINT('',(-0.064,0.1595,0.015));
#4176=CARTESIAN_POINT('',(0.064,0.1595,0.015));
#4177=CARTESIAN_POINT('',(-0.064,0.1595,0.048));
#4178=CARTESIAN_POINT('',(-0.064,0.1595,0.081));
#4179=CARTESIAN_POINT('',(0.,0.1595,0.081));
#4180=CARTESIAN_POINT('',(0.064,0.1595,0.081));
#4181=CARTESIAN_POINT('',(0.064,0.1595,0.048));
#4182=CARTESIAN_POINT('',(-0.069,0.1595,0.0505));
#4183=CARTESIAN_POINT('',(-0.069,0.1595,0.015));
#4184=CARTESIAN_POINT('',(-0.069,0.1595,0.015));
#4185=CARTESIAN_POINT('',(-0.069,0.1595,0.0505));
#4186=CARTESIAN_POINT('',(-0.069,0.1595,0.086));
#4187=CARTESIAN_POINT('',(-0.069,0.1595,0.086));
#4188=CARTESIAN_POINT('',(-0.1195,0.1595,0.015));
#4189=CARTESIAN_POINT('',(-0.17,0.1595,0.015));
#4190=CARTESIAN_POINT('',(-0.17,0.1595,0.015));
#4191=CARTESIAN_POINT('',(-0.1195,0.1595,0.015));
#4192=CARTESIAN_POINT('',(-0.17,0.1595,0.1425));
#4193=CARTESIAN_POINT('',(-0.17,0.1595,0.27));
#4194=CARTESIAN_POINT('',(-0.17,0.1595,0.27));
#4195=CARTESIAN_POINT('',(-0.17,0.1595,0.1425));
#4196=CARTESIAN_POINT('',(-0.04,0.1595,0.27));
#4197=CARTESIAN_POINT('',(0.09,0.1595,0.27));
#4198=CARTESIAN_POINT('',(0.09,0.1595,0.27));
#4199=CARTESIAN_POINT('',(-0.04,0.1595,0.27));
#4200=CARTESIAN_POINT('',(0.09,0.1595,0.1425));
#4201=CARTESIAN_POINT('',(0.09,0.1595,0.015));
#4202=CARTESIAN_POINT('',(0.09,0.1595,0.015));
#4203=CARTESIAN_POINT('',(0.09,0.1595,0.1425));
#4204=CARTESIAN_POINT('',(0.0795,0.1595,0.015));
#4205=CARTESIAN_POINT('',(0.069,0.1595,0.015));
#4206=CARTESIAN_POINT('',(0.069,0.1595,0.015));
#4207=CARTESIAN_POINT('',(0.0795,0.1595,0.015));
#4208=CARTESIAN_POINT('',(0.069,0.1595,0.0505));
#4209=CARTESIAN_POINT('',(0.069,0.1595,0.086));
#4210=CARTESIAN_POINT('',(0.069,0.1595,0.086));
#4211=CARTESIAN_POINT('',(0.069,0.1595,0.0505));
#4212=CARTESIAN_POINT('',(-1.38777878078145E-17,0.1595,0.086));
#4213=CARTESIAN_POINT('',(-1.38777878078145E-17,0.1595,0.086));
#4214=CARTESIAN_POINT('',(-0.04,0.1595,0.1425));
#4215=CARTESIAN_POINT('',(-0.03875,0.145,0.0125));
#4216=CARTESIAN_POINT('',(-0.03875,0.145,0.0125));
#4217=CARTESIAN_POINT('',(-0.1675,0.145,0.0125));
#4218=CARTESIAN_POINT('',(-0.1675,0.145,0.0125));
#4219=CARTESIAN_POINT('',(0.09,0.145,0.0125));
#4220=CARTESIAN_POINT('',(0.09,0.145,0.0125));
#4221=CARTESIAN_POINT('',(-0.03875,0.145,0.0125));
#4222=CARTESIAN_POINT('',(0.09,0.,0.0125));
#4223=CARTESIAN_POINT('',(0.09,-0.145,0.0125));
#4224=CARTESIAN_POINT('',(0.09,-0.145,0.0125));
#4225=CARTESIAN_POINT('',(0.09,0.,0.0125));
#4226=CARTESIAN_POINT('',(-0.0425,2.77555756156289E-17,0.0125));
#4227=CARTESIAN_POINT('',(-0.03875,-0.145,0.0125));
#4228=CARTESIAN_POINT('',(-0.1675,-0.145,0.0125));
#4229=CARTESIAN_POINT('',(-0.1675,2.77555756156289E-17,0.0125));
#4230=CARTESIAN_POINT('',(-0.0425,2.77555756156289E-17,0.0125));
#4231=CARTESIAN_POINT('',(0.09,0.,0.0125));
#4232=CARTESIAN_POINT('',(0.09,0.,0.0125));
#4233=CARTESIAN_POINT('',(-0.03875,-0.145,0.0125));
#4234=CARTESIAN_POINT('',(-0.03875,-0.145,0.0125));
#4235=CARTESIAN_POINT('',(-0.1675,-0.145,0.0125));
#4236=CARTESIAN_POINT('',(-0.1675,2.77555756156289E-17,0.0125));
#4237=CARTESIAN_POINT('',(-0.0425,2.77555756156289E-17,0.0125));
#4238=MECHANICAL_DESIGN_GEOMETRIC_PRESENTATION_REPRESENTATION('',(#2685),
#4239);
#4239=(
GEOMETRIC_REPRESENTATION_CONTEXT(3)
GLOBAL_UNCERTAINTY_ASSIGNED_CONTEXT((#4240))
GLOBAL_UNIT_ASSIGNED_CONTEXT((#4243,#4242,#4241))
REPRESENTATION_CONTEXT('Part 1','TOP_LEVEL_ASSEMBLY_PART')
);
#4240=UNCERTAINTY_MEASURE_WITH_UNIT(LENGTH_MEASURE(1.E-8),#4243,
'DISTANCE_ACCURACY_VALUE','Maximum Tolerance applied to model');
#4241=(
NAMED_UNIT(*)
SI_UNIT($,.STERADIAN.)
SOLID_ANGLE_UNIT()
);
#4242=(
NAMED_UNIT(*)
PLANE_ANGLE_UNIT()
SI_UNIT($,.RADIAN.)
);
#4243=(
LENGTH_UNIT()
NAMED_UNIT(*)
SI_UNIT($,.METRE.)
);
#4244=PRODUCT_DEFINITION_SHAPE('','',#4245);
#4245=PRODUCT_DEFINITION('','',#4247,#4246);
#4246=PRODUCT_DEFINITION_CONTEXT('',#4253,'design');
#4247=PRODUCT_DEFINITION_FORMATION_WITH_SPECIFIED_SOURCE('','',#4249,
 .NOT_KNOWN.);
#4248=PRODUCT_RELATED_PRODUCT_CATEGORY('','',(#4249));
#4249=PRODUCT('Part 1','Part 1','Part 1',(#4251));
#4250=PRODUCT_CATEGORY('','');
#4251=PRODUCT_CONTEXT('',#4253,'mechanical');
#4252=APPLICATION_PROTOCOL_DEFINITION('international standard',
'ap242_managed_model_based_3d_engineering',2020,#4253);
#4253=APPLICATION_CONTEXT('managed model based 3d engineering');
ENDSEC;
END-ISO-10303-21;
