ISO-10303-21;
HEADER;
/* Generated by software containing ST-Developer
 * from STEP Tools, Inc. (www.steptools.com) 
 */
/* OPTION: using custom renumber hook */

FILE_DESCRIPTION(
/* description */ ('STEP AP242 Edition 2',
'CAx-IF Rec.Pracs.---Representation and Presentation of Product Manufa
cturing Information (PMI)---4.0---2014-10-13',
'CAx-IF Rec.Pracs.---3D Tessellated Geometry---0.4---2014-09-14','2;1',
'CAx-IF Rec.Pracs.---User Defined Attributes---1.5---2016-08-15'),
/* implementation_level */ '2;1');

FILE_NAME(
/* name */ 'New top plate',
/* time_stamp */ '2026-06-27T06:41:56Z',
/* author */ (''),
/* organization */ (''),
/* preprocessor_version */ 'ST-DEVELOPER v20',
/* originating_system */ 'ONSHAPE BY PTC INC, 1.217',
/* authorisation */ '  ');

FILE_SCHEMA (('AP242_MANAGED_MODEL_BASED_3D_ENGINEERING_MIM_LF { 1 0 10303 442 3 1 4 }'));
ENDSEC;

DATA;
#10=SHAPE_REPRESENTATION_RELATIONSHIP('','',#3340,#11);
#11=ADVANCED_BREP_SHAPE_REPRESENTATION('',(#3338),#5267);
#12=CYLINDRICAL_SURFACE('',#3402,0.0015);
#13=CYLINDRICAL_SURFACE('',#3403,0.0015);
#14=CYLINDRICAL_SURFACE('',#3404,0.0015);
#15=CYLINDRICAL_SURFACE('',#3405,0.0015);
#16=CYLINDRICAL_SURFACE('',#3406,0.0015);
#17=CYLINDRICAL_SURFACE('',#3423,0.0075);
#18=CYLINDRICAL_SURFACE('',#3424,0.01);
#19=CYLINDRICAL_SURFACE('',#3451,0.0015);
#20=CYLINDRICAL_SURFACE('',#3452,0.0015);
#21=CYLINDRICAL_SURFACE('',#3453,0.0015);
#22=CYLINDRICAL_SURFACE('',#3454,0.0015);
#23=CYLINDRICAL_SURFACE('',#3455,0.0015);
#24=CYLINDRICAL_SURFACE('',#3473,0.0075);
#25=CYLINDRICAL_SURFACE('',#3474,0.01);
#26=CYLINDRICAL_SURFACE('',#3476,0.0015);
#27=CYLINDRICAL_SURFACE('',#3477,0.0015);
#28=CYLINDRICAL_SURFACE('',#3478,0.0015);
#29=CYLINDRICAL_SURFACE('',#3479,0.0015);
#30=CYLINDRICAL_SURFACE('',#3480,0.004);
#31=CYLINDRICAL_SURFACE('',#3481,0.004);
#32=CYLINDRICAL_SURFACE('',#3486,0.004);
#33=CYLINDRICAL_SURFACE('',#3488,0.004);
#34=CYLINDRICAL_SURFACE('',#3494,0.0025);
#35=CYLINDRICAL_SURFACE('',#3499,0.006);
#36=CYLINDRICAL_SURFACE('',#3502,0.006);
#37=CYLINDRICAL_SURFACE('',#3505,0.0025);
#38=CYLINDRICAL_SURFACE('',#3525,0.0025);
#39=CYLINDRICAL_SURFACE('',#3526,0.0025);
#40=CYLINDRICAL_SURFACE('',#3527,0.0025);
#41=CIRCLE('',#3343,0.006);
#42=CIRCLE('',#3344,0.006);
#43=CIRCLE('',#3346,0.0025);
#44=CIRCLE('',#3347,0.0025);
#45=CIRCLE('',#3348,0.0025);
#46=CIRCLE('',#3349,0.0025);
#47=CIRCLE('',#3351,0.0025);
#48=CIRCLE('',#3352,0.0025);
#49=CIRCLE('',#3353,0.0025);
#50=CIRCLE('',#3354,0.0025);
#51=CIRCLE('',#3356,0.0025);
#52=CIRCLE('',#3358,0.004);
#53=CIRCLE('',#3359,0.004);
#54=CIRCLE('',#3361,0.004);
#55=CIRCLE('',#3362,0.004);
#56=CIRCLE('',#3363,0.0015);
#57=CIRCLE('',#3364,0.0015);
#58=CIRCLE('',#3365,0.0015);
#59=CIRCLE('',#3366,0.0015);
#60=CIRCLE('',#3368,0.0015);
#61=CIRCLE('',#3369,0.0015);
#62=CIRCLE('',#3370,0.004);
#63=CIRCLE('',#3371,0.004);
#64=CIRCLE('',#3372,0.0015);
#65=CIRCLE('',#3373,0.0015);
#66=CIRCLE('',#3375,0.0075);
#67=CIRCLE('',#3376,0.01);
#68=CIRCLE('',#3391,0.0015);
#69=CIRCLE('',#3392,0.0015);
#70=CIRCLE('',#3393,0.0015);
#71=CIRCLE('',#3394,0.0015);
#72=CIRCLE('',#3395,0.0015);
#73=CIRCLE('',#3397,0.0015);
#74=CIRCLE('',#3398,0.0015);
#75=CIRCLE('',#3399,0.0015);
#76=CIRCLE('',#3400,0.0015);
#77=CIRCLE('',#3401,0.0015);
#78=CIRCLE('',#3420,0.0075);
#79=CIRCLE('',#3421,0.01);
#80=CIRCLE('',#3426,0.0075);
#81=CIRCLE('',#3427,0.01);
#82=CIRCLE('',#3440,0.0015);
#83=CIRCLE('',#3441,0.0015);
#84=CIRCLE('',#3442,0.0015);
#85=CIRCLE('',#3443,0.0015);
#86=CIRCLE('',#3444,0.0015);
#87=CIRCLE('',#3446,0.0015);
#88=CIRCLE('',#3447,0.0015);
#89=CIRCLE('',#3448,0.0015);
#90=CIRCLE('',#3449,0.0015);
#91=CIRCLE('',#3450,0.0015);
#92=CIRCLE('',#3470,0.0075);
#93=CIRCLE('',#3471,0.01);
#94=CIRCLE('',#3487,0.004);
#95=CIRCLE('',#3489,0.004);
#96=CIRCLE('',#3495,0.0025);
#97=CIRCLE('',#3496,0.0025);
#98=CIRCLE('',#3500,0.006);
#99=CIRCLE('',#3503,0.006);
#100=ORIENTED_EDGE('',*,*,#1002,.F.);
#101=ORIENTED_EDGE('',*,*,#1003,.T.);
#102=ORIENTED_EDGE('',*,*,#1004,.T.);
#103=ORIENTED_EDGE('',*,*,#1005,.F.);
#104=ORIENTED_EDGE('',*,*,#1006,.F.);
#105=ORIENTED_EDGE('',*,*,#1007,.F.);
#106=ORIENTED_EDGE('',*,*,#1008,.F.);
#107=ORIENTED_EDGE('',*,*,#1009,.T.);
#108=ORIENTED_EDGE('',*,*,#1010,.F.);
#109=ORIENTED_EDGE('',*,*,#1011,.F.);
#110=ORIENTED_EDGE('',*,*,#1012,.T.);
#111=ORIENTED_EDGE('',*,*,#1013,.T.);
#112=ORIENTED_EDGE('',*,*,#1014,.T.);
#113=ORIENTED_EDGE('',*,*,#1015,.T.);
#114=ORIENTED_EDGE('',*,*,#1016,.F.);
#115=ORIENTED_EDGE('',*,*,#1017,.T.);
#116=ORIENTED_EDGE('',*,*,#1018,.F.);
#117=ORIENTED_EDGE('',*,*,#1009,.F.);
#118=ORIENTED_EDGE('',*,*,#1019,.F.);
#119=ORIENTED_EDGE('',*,*,#1013,.F.);
#120=ORIENTED_EDGE('',*,*,#1020,.T.);
#121=ORIENTED_EDGE('',*,*,#1021,.T.);
#122=ORIENTED_EDGE('',*,*,#1022,.T.);
#123=ORIENTED_EDGE('',*,*,#1023,.T.);
#124=ORIENTED_EDGE('',*,*,#1024,.F.);
#125=ORIENTED_EDGE('',*,*,#1025,.T.);
#126=ORIENTED_EDGE('',*,*,#1026,.T.);
#127=ORIENTED_EDGE('',*,*,#1027,.T.);
#128=ORIENTED_EDGE('',*,*,#1028,.F.);
#129=ORIENTED_EDGE('',*,*,#1029,.F.);
#130=ORIENTED_EDGE('',*,*,#1030,.F.);
#131=ORIENTED_EDGE('',*,*,#1031,.F.);
#132=ORIENTED_EDGE('',*,*,#1032,.F.);
#133=ORIENTED_EDGE('',*,*,#1033,.T.);
#134=ORIENTED_EDGE('',*,*,#1034,.T.);
#135=ORIENTED_EDGE('',*,*,#1035,.F.);
#136=ORIENTED_EDGE('',*,*,#1036,.F.);
#137=ORIENTED_EDGE('',*,*,#1037,.T.);
#138=ORIENTED_EDGE('',*,*,#1038,.T.);
#139=ORIENTED_EDGE('',*,*,#1039,.F.);
#140=ORIENTED_EDGE('',*,*,#1040,.T.);
#141=ORIENTED_EDGE('',*,*,#1041,.T.);
#142=ORIENTED_EDGE('',*,*,#1042,.F.);
#143=ORIENTED_EDGE('',*,*,#1043,.F.);
#144=ORIENTED_EDGE('',*,*,#1044,.T.);
#145=ORIENTED_EDGE('',*,*,#1045,.T.);
#146=ORIENTED_EDGE('',*,*,#1046,.F.);
#147=ORIENTED_EDGE('',*,*,#1047,.F.);
#148=ORIENTED_EDGE('',*,*,#1048,.T.);
#149=ORIENTED_EDGE('',*,*,#1049,.T.);
#150=ORIENTED_EDGE('',*,*,#1050,.F.);
#151=ORIENTED_EDGE('',*,*,#1051,.F.);
#152=ORIENTED_EDGE('',*,*,#1052,.T.);
#153=ORIENTED_EDGE('',*,*,#1053,.T.);
#154=ORIENTED_EDGE('',*,*,#1054,.F.);
#155=ORIENTED_EDGE('',*,*,#1055,.F.);
#156=ORIENTED_EDGE('',*,*,#1056,.T.);
#157=ORIENTED_EDGE('',*,*,#1057,.T.);
#158=ORIENTED_EDGE('',*,*,#1058,.F.);
#159=ORIENTED_EDGE('',*,*,#1059,.F.);
#160=ORIENTED_EDGE('',*,*,#1060,.T.);
#161=ORIENTED_EDGE('',*,*,#1061,.T.);
#162=ORIENTED_EDGE('',*,*,#1062,.T.);
#163=ORIENTED_EDGE('',*,*,#1063,.T.);
#164=ORIENTED_EDGE('',*,*,#1064,.T.);
#165=ORIENTED_EDGE('',*,*,#1065,.F.);
#166=ORIENTED_EDGE('',*,*,#1066,.T.);
#167=ORIENTED_EDGE('',*,*,#1067,.T.);
#168=ORIENTED_EDGE('',*,*,#1068,.T.);
#169=ORIENTED_EDGE('',*,*,#1069,.F.);
#170=ORIENTED_EDGE('',*,*,#1070,.T.);
#171=ORIENTED_EDGE('',*,*,#1071,.T.);
#172=ORIENTED_EDGE('',*,*,#1072,.T.);
#173=ORIENTED_EDGE('',*,*,#1073,.F.);
#174=ORIENTED_EDGE('',*,*,#1074,.T.);
#175=ORIENTED_EDGE('',*,*,#1075,.F.);
#176=ORIENTED_EDGE('',*,*,#1076,.T.);
#177=ORIENTED_EDGE('',*,*,#1077,.T.);
#178=ORIENTED_EDGE('',*,*,#1078,.F.);
#179=ORIENTED_EDGE('',*,*,#1079,.F.);
#180=ORIENTED_EDGE('',*,*,#1080,.T.);
#181=ORIENTED_EDGE('',*,*,#1081,.T.);
#182=ORIENTED_EDGE('',*,*,#1082,.F.);
#183=ORIENTED_EDGE('',*,*,#1083,.F.);
#184=ORIENTED_EDGE('',*,*,#1084,.F.);
#185=ORIENTED_EDGE('',*,*,#1085,.F.);
#186=ORIENTED_EDGE('',*,*,#1086,.F.);
#187=ORIENTED_EDGE('',*,*,#1087,.T.);
#188=ORIENTED_EDGE('',*,*,#1088,.T.);
#189=ORIENTED_EDGE('',*,*,#1089,.F.);
#190=ORIENTED_EDGE('',*,*,#1090,.F.);
#191=ORIENTED_EDGE('',*,*,#1091,.F.);
#192=ORIENTED_EDGE('',*,*,#1092,.T.);
#193=ORIENTED_EDGE('',*,*,#1093,.T.);
#194=ORIENTED_EDGE('',*,*,#1094,.F.);
#195=ORIENTED_EDGE('',*,*,#1095,.F.);
#196=ORIENTED_EDGE('',*,*,#1096,.F.);
#197=ORIENTED_EDGE('',*,*,#1097,.F.);
#198=ORIENTED_EDGE('',*,*,#1098,.T.);
#199=ORIENTED_EDGE('',*,*,#1099,.T.);
#200=ORIENTED_EDGE('',*,*,#1100,.F.);
#201=ORIENTED_EDGE('',*,*,#1101,.F.);
#202=ORIENTED_EDGE('',*,*,#1102,.T.);
#203=ORIENTED_EDGE('',*,*,#1103,.T.);
#204=ORIENTED_EDGE('',*,*,#1104,.T.);
#205=ORIENTED_EDGE('',*,*,#1105,.T.);
#206=ORIENTED_EDGE('',*,*,#1106,.F.);
#207=ORIENTED_EDGE('',*,*,#1107,.F.);
#208=ORIENTED_EDGE('',*,*,#1108,.F.);
#209=ORIENTED_EDGE('',*,*,#1109,.F.);
#210=ORIENTED_EDGE('',*,*,#1110,.T.);
#211=ORIENTED_EDGE('',*,*,#1111,.F.);
#212=ORIENTED_EDGE('',*,*,#1112,.F.);
#213=ORIENTED_EDGE('',*,*,#1113,.F.);
#214=ORIENTED_EDGE('',*,*,#1114,.F.);
#215=ORIENTED_EDGE('',*,*,#1074,.F.);
#216=ORIENTED_EDGE('',*,*,#1115,.F.);
#217=ORIENTED_EDGE('',*,*,#1116,.T.);
#218=ORIENTED_EDGE('',*,*,#1117,.T.);
#219=ORIENTED_EDGE('',*,*,#1062,.F.);
#220=ORIENTED_EDGE('',*,*,#1118,.T.);
#221=ORIENTED_EDGE('',*,*,#1119,.F.);
#222=ORIENTED_EDGE('',*,*,#1120,.F.);
#223=ORIENTED_EDGE('',*,*,#1121,.F.);
#224=ORIENTED_EDGE('',*,*,#1111,.T.);
#225=ORIENTED_EDGE('',*,*,#1122,.T.);
#226=ORIENTED_EDGE('',*,*,#1123,.F.);
#227=ORIENTED_EDGE('',*,*,#1124,.F.);
#228=ORIENTED_EDGE('',*,*,#1125,.F.);
#229=ORIENTED_EDGE('',*,*,#1126,.T.);
#230=ORIENTED_EDGE('',*,*,#1127,.T.);
#231=ORIENTED_EDGE('',*,*,#1128,.F.);
#232=ORIENTED_EDGE('',*,*,#1129,.F.);
#233=ORIENTED_EDGE('',*,*,#1130,.T.);
#234=ORIENTED_EDGE('',*,*,#1131,.T.);
#235=ORIENTED_EDGE('',*,*,#1132,.F.);
#236=ORIENTED_EDGE('',*,*,#1133,.F.);
#237=ORIENTED_EDGE('',*,*,#1134,.T.);
#238=ORIENTED_EDGE('',*,*,#1135,.T.);
#239=ORIENTED_EDGE('',*,*,#1136,.F.);
#240=ORIENTED_EDGE('',*,*,#1137,.F.);
#241=ORIENTED_EDGE('',*,*,#1138,.T.);
#242=ORIENTED_EDGE('',*,*,#1139,.T.);
#243=ORIENTED_EDGE('',*,*,#1140,.F.);
#244=ORIENTED_EDGE('',*,*,#1141,.F.);
#245=ORIENTED_EDGE('',*,*,#1142,.T.);
#246=ORIENTED_EDGE('',*,*,#1143,.T.);
#247=ORIENTED_EDGE('',*,*,#1144,.F.);
#248=ORIENTED_EDGE('',*,*,#1145,.F.);
#249=ORIENTED_EDGE('',*,*,#1146,.F.);
#250=ORIENTED_EDGE('',*,*,#1147,.F.);
#251=ORIENTED_EDGE('',*,*,#1148,.F.);
#252=ORIENTED_EDGE('',*,*,#1149,.F.);
#253=ORIENTED_EDGE('',*,*,#1150,.F.);
#254=ORIENTED_EDGE('',*,*,#1151,.F.);
#255=ORIENTED_EDGE('',*,*,#1152,.T.);
#256=ORIENTED_EDGE('',*,*,#1153,.T.);
#257=ORIENTED_EDGE('',*,*,#1154,.F.);
#258=ORIENTED_EDGE('',*,*,#1155,.T.);
#259=ORIENTED_EDGE('',*,*,#1156,.T.);
#260=ORIENTED_EDGE('',*,*,#1157,.F.);
#261=ORIENTED_EDGE('',*,*,#1158,.F.);
#262=ORIENTED_EDGE('',*,*,#1159,.T.);
#263=ORIENTED_EDGE('',*,*,#1160,.T.);
#264=ORIENTED_EDGE('',*,*,#1161,.F.);
#265=ORIENTED_EDGE('',*,*,#1162,.F.);
#266=ORIENTED_EDGE('',*,*,#1163,.T.);
#267=ORIENTED_EDGE('',*,*,#1164,.T.);
#268=ORIENTED_EDGE('',*,*,#1165,.F.);
#269=ORIENTED_EDGE('',*,*,#1166,.F.);
#270=ORIENTED_EDGE('',*,*,#1167,.T.);
#271=ORIENTED_EDGE('',*,*,#1168,.T.);
#272=ORIENTED_EDGE('',*,*,#1169,.F.);
#273=ORIENTED_EDGE('',*,*,#1170,.F.);
#274=ORIENTED_EDGE('',*,*,#1171,.T.);
#275=ORIENTED_EDGE('',*,*,#1172,.T.);
#276=ORIENTED_EDGE('',*,*,#1173,.F.);
#277=ORIENTED_EDGE('',*,*,#1174,.F.);
#278=ORIENTED_EDGE('',*,*,#1175,.T.);
#279=ORIENTED_EDGE('',*,*,#1176,.T.);
#280=ORIENTED_EDGE('',*,*,#1177,.F.);
#281=ORIENTED_EDGE('',*,*,#1178,.F.);
#282=ORIENTED_EDGE('',*,*,#1068,.F.);
#283=ORIENTED_EDGE('',*,*,#1179,.F.);
#284=ORIENTED_EDGE('',*,*,#1025,.F.);
#285=ORIENTED_EDGE('',*,*,#1180,.T.);
#286=ORIENTED_EDGE('',*,*,#1181,.T.);
#287=ORIENTED_EDGE('',*,*,#1182,.T.);
#288=ORIENTED_EDGE('',*,*,#1017,.F.);
#289=ORIENTED_EDGE('',*,*,#1183,.T.);
#290=ORIENTED_EDGE('',*,*,#1064,.F.);
#291=ORIENTED_EDGE('',*,*,#1184,.F.);
#292=ORIENTED_EDGE('',*,*,#1185,.T.);
#293=ORIENTED_EDGE('',*,*,#1186,.T.);
#294=ORIENTED_EDGE('',*,*,#1072,.F.);
#295=ORIENTED_EDGE('',*,*,#1187,.F.);
#296=ORIENTED_EDGE('',*,*,#1021,.F.);
#297=ORIENTED_EDGE('',*,*,#1188,.F.);
#298=ORIENTED_EDGE('',*,*,#1189,.T.);
#299=ORIENTED_EDGE('',*,*,#1190,.T.);
#300=ORIENTED_EDGE('',*,*,#1191,.T.);
#301=ORIENTED_EDGE('',*,*,#1192,.T.);
#302=ORIENTED_EDGE('',*,*,#1193,.F.);
#303=ORIENTED_EDGE('',*,*,#1194,.F.);
#304=ORIENTED_EDGE('',*,*,#1195,.T.);
#305=ORIENTED_EDGE('',*,*,#1196,.T.);
#306=ORIENTED_EDGE('',*,*,#1197,.T.);
#307=ORIENTED_EDGE('',*,*,#1198,.T.);
#308=ORIENTED_EDGE('',*,*,#1199,.F.);
#309=ORIENTED_EDGE('',*,*,#1110,.F.);
#310=ORIENTED_EDGE('',*,*,#1200,.T.);
#311=ORIENTED_EDGE('',*,*,#1201,.T.);
#312=ORIENTED_EDGE('',*,*,#1122,.F.);
#313=ORIENTED_EDGE('',*,*,#1202,.T.);
#314=ORIENTED_EDGE('',*,*,#1127,.F.);
#315=ORIENTED_EDGE('',*,*,#1203,.F.);
#316=ORIENTED_EDGE('',*,*,#1204,.T.);
#317=ORIENTED_EDGE('',*,*,#1205,.F.);
#318=ORIENTED_EDGE('',*,*,#1206,.T.);
#319=ORIENTED_EDGE('',*,*,#1207,.T.);
#320=ORIENTED_EDGE('',*,*,#1208,.F.);
#321=ORIENTED_EDGE('',*,*,#1139,.F.);
#322=ORIENTED_EDGE('',*,*,#1209,.F.);
#323=ORIENTED_EDGE('',*,*,#1210,.T.);
#324=ORIENTED_EDGE('',*,*,#1211,.T.);
#325=ORIENTED_EDGE('',*,*,#1212,.T.);
#326=ORIENTED_EDGE('',*,*,#1213,.T.);
#327=ORIENTED_EDGE('',*,*,#1214,.F.);
#328=ORIENTED_EDGE('',*,*,#1215,.F.);
#329=ORIENTED_EDGE('',*,*,#1216,.F.);
#330=ORIENTED_EDGE('',*,*,#1217,.T.);
#331=ORIENTED_EDGE('',*,*,#1218,.T.);
#332=ORIENTED_EDGE('',*,*,#1219,.F.);
#333=ORIENTED_EDGE('',*,*,#1220,.F.);
#334=ORIENTED_EDGE('',*,*,#1221,.T.);
#335=ORIENTED_EDGE('',*,*,#1125,.T.);
#336=ORIENTED_EDGE('',*,*,#1222,.F.);
#337=ORIENTED_EDGE('',*,*,#1223,.T.);
#338=ORIENTED_EDGE('',*,*,#1224,.T.);
#339=ORIENTED_EDGE('',*,*,#1225,.F.);
#340=ORIENTED_EDGE('',*,*,#1226,.T.);
#341=ORIENTED_EDGE('',*,*,#1129,.T.);
#342=ORIENTED_EDGE('',*,*,#1227,.F.);
#343=ORIENTED_EDGE('',*,*,#1228,.F.);
#344=ORIENTED_EDGE('',*,*,#1229,.F.);
#345=ORIENTED_EDGE('',*,*,#1230,.F.);
#346=ORIENTED_EDGE('',*,*,#1231,.F.);
#347=ORIENTED_EDGE('',*,*,#1232,.T.);
#348=ORIENTED_EDGE('',*,*,#1233,.T.);
#349=ORIENTED_EDGE('',*,*,#1234,.T.);
#350=ORIENTED_EDGE('',*,*,#1131,.F.);
#351=ORIENTED_EDGE('',*,*,#1235,.F.);
#352=ORIENTED_EDGE('',*,*,#1236,.T.);
#353=ORIENTED_EDGE('',*,*,#1237,.F.);
#354=ORIENTED_EDGE('',*,*,#1238,.F.);
#355=ORIENTED_EDGE('',*,*,#1239,.T.);
#356=ORIENTED_EDGE('',*,*,#1240,.T.);
#357=ORIENTED_EDGE('',*,*,#1241,.T.);
#358=ORIENTED_EDGE('',*,*,#1134,.F.);
#359=ORIENTED_EDGE('',*,*,#1242,.F.);
#360=ORIENTED_EDGE('',*,*,#1243,.T.);
#361=ORIENTED_EDGE('',*,*,#1244,.T.);
#362=ORIENTED_EDGE('',*,*,#1245,.T.);
#363=ORIENTED_EDGE('',*,*,#1246,.F.);
#364=ORIENTED_EDGE('',*,*,#1247,.T.);
#365=ORIENTED_EDGE('',*,*,#1136,.T.);
#366=ORIENTED_EDGE('',*,*,#1248,.F.);
#367=ORIENTED_EDGE('',*,*,#1249,.F.);
#368=ORIENTED_EDGE('',*,*,#1250,.F.);
#369=ORIENTED_EDGE('',*,*,#1251,.T.);
#370=ORIENTED_EDGE('',*,*,#1252,.T.);
#371=ORIENTED_EDGE('',*,*,#1253,.F.);
#372=ORIENTED_EDGE('',*,*,#1254,.T.);
#373=ORIENTED_EDGE('',*,*,#1137,.T.);
#374=ORIENTED_EDGE('',*,*,#1255,.F.);
#375=ORIENTED_EDGE('',*,*,#1256,.F.);
#376=ORIENTED_EDGE('',*,*,#1257,.F.);
#377=ORIENTED_EDGE('',*,*,#1073,.T.);
#378=ORIENTED_EDGE('',*,*,#1186,.F.);
#379=ORIENTED_EDGE('',*,*,#1258,.T.);
#380=ORIENTED_EDGE('',*,*,#1155,.F.);
#381=ORIENTED_EDGE('',*,*,#1259,.T.);
#382=ORIENTED_EDGE('',*,*,#1188,.T.);
#383=ORIENTED_EDGE('',*,*,#1020,.F.);
#384=ORIENTED_EDGE('',*,*,#1012,.F.);
#385=ORIENTED_EDGE('',*,*,#1260,.F.);
#386=ORIENTED_EDGE('',*,*,#1115,.T.);
#387=ORIENTED_EDGE('',*,*,#1063,.F.);
#388=ORIENTED_EDGE('',*,*,#1117,.F.);
#389=ORIENTED_EDGE('',*,*,#1261,.T.);
#390=ORIENTED_EDGE('',*,*,#1010,.T.);
#391=ORIENTED_EDGE('',*,*,#1018,.T.);
#392=ORIENTED_EDGE('',*,*,#1190,.F.);
#393=ORIENTED_EDGE('',*,*,#1262,.F.);
#394=ORIENTED_EDGE('',*,*,#1157,.T.);
#395=ORIENTED_EDGE('',*,*,#1263,.F.);
#396=ORIENTED_EDGE('',*,*,#1184,.T.);
#397=ORIENTED_EDGE('',*,*,#1260,.T.);
#398=ORIENTED_EDGE('',*,*,#1011,.T.);
#399=ORIENTED_EDGE('',*,*,#1261,.F.);
#400=ORIENTED_EDGE('',*,*,#1116,.F.);
#401=ORIENTED_EDGE('',*,*,#1254,.F.);
#402=ORIENTED_EDGE('',*,*,#1264,.T.);
#403=ORIENTED_EDGE('',*,*,#1242,.T.);
#404=ORIENTED_EDGE('',*,*,#1133,.T.);
#405=ORIENTED_EDGE('',*,*,#1247,.F.);
#406=ORIENTED_EDGE('',*,*,#1265,.T.);
#407=ORIENTED_EDGE('',*,*,#1235,.T.);
#408=ORIENTED_EDGE('',*,*,#1130,.F.);
#409=ORIENTED_EDGE('',*,*,#1226,.F.);
#410=ORIENTED_EDGE('',*,*,#1266,.T.);
#411=ORIENTED_EDGE('',*,*,#1222,.T.);
#412=ORIENTED_EDGE('',*,*,#1128,.T.);
#413=ORIENTED_EDGE('',*,*,#1202,.F.);
#414=ORIENTED_EDGE('',*,*,#1267,.T.);
#415=ORIENTED_EDGE('',*,*,#1209,.T.);
#416=ORIENTED_EDGE('',*,*,#1138,.F.);
#417=ORIENTED_EDGE('',*,*,#1140,.T.);
#418=ORIENTED_EDGE('',*,*,#1211,.F.);
#419=ORIENTED_EDGE('',*,*,#1268,.F.);
#420=ORIENTED_EDGE('',*,*,#1203,.T.);
#421=ORIENTED_EDGE('',*,*,#1126,.F.);
#422=ORIENTED_EDGE('',*,*,#1221,.F.);
#423=ORIENTED_EDGE('',*,*,#1269,.F.);
#424=ORIENTED_EDGE('',*,*,#1227,.T.);
#425=ORIENTED_EDGE('',*,*,#1132,.T.);
#426=ORIENTED_EDGE('',*,*,#1234,.F.);
#427=ORIENTED_EDGE('',*,*,#1270,.F.);
#428=ORIENTED_EDGE('',*,*,#1248,.T.);
#429=ORIENTED_EDGE('',*,*,#1135,.F.);
#430=ORIENTED_EDGE('',*,*,#1241,.F.);
#431=ORIENTED_EDGE('',*,*,#1271,.F.);
#432=ORIENTED_EDGE('',*,*,#1255,.T.);
#433=ORIENTED_EDGE('',*,*,#1272,.F.);
#434=ORIENTED_EDGE('',*,*,#1273,.F.);
#435=ORIENTED_EDGE('',*,*,#1274,.F.);
#436=ORIENTED_EDGE('',*,*,#1275,.F.);
#437=ORIENTED_EDGE('',*,*,#1276,.F.);
#438=ORIENTED_EDGE('',*,*,#1267,.F.);
#439=ORIENTED_EDGE('',*,*,#1204,.F.);
#440=ORIENTED_EDGE('',*,*,#1268,.T.);
#441=ORIENTED_EDGE('',*,*,#1210,.F.);
#442=ORIENTED_EDGE('',*,*,#1225,.T.);
#443=ORIENTED_EDGE('',*,*,#1277,.F.);
#444=ORIENTED_EDGE('',*,*,#1236,.F.);
#445=ORIENTED_EDGE('',*,*,#1265,.F.);
#446=ORIENTED_EDGE('',*,*,#1246,.T.);
#447=ORIENTED_EDGE('',*,*,#1278,.F.);
#448=ORIENTED_EDGE('',*,*,#1243,.F.);
#449=ORIENTED_EDGE('',*,*,#1264,.F.);
#450=ORIENTED_EDGE('',*,*,#1253,.T.);
#451=ORIENTED_EDGE('',*,*,#1279,.F.);
#452=ORIENTED_EDGE('',*,*,#1213,.F.);
#453=ORIENTED_EDGE('',*,*,#1280,.T.);
#454=ORIENTED_EDGE('',*,*,#1256,.T.);
#455=ORIENTED_EDGE('',*,*,#1271,.T.);
#456=ORIENTED_EDGE('',*,*,#1240,.F.);
#457=ORIENTED_EDGE('',*,*,#1281,.T.);
#458=ORIENTED_EDGE('',*,*,#1249,.T.);
#459=ORIENTED_EDGE('',*,*,#1270,.T.);
#460=ORIENTED_EDGE('',*,*,#1233,.F.);
#461=ORIENTED_EDGE('',*,*,#1282,.T.);
#462=ORIENTED_EDGE('',*,*,#1228,.T.);
#463=ORIENTED_EDGE('',*,*,#1269,.T.);
#464=ORIENTED_EDGE('',*,*,#1220,.T.);
#465=ORIENTED_EDGE('',*,*,#1283,.T.);
#466=ORIENTED_EDGE('',*,*,#1206,.F.);
#467=ORIENTED_EDGE('',*,*,#1284,.F.);
#468=ORIENTED_EDGE('',*,*,#1216,.T.);
#469=ORIENTED_EDGE('',*,*,#1266,.F.);
#470=ORIENTED_EDGE('',*,*,#1285,.T.);
#471=ORIENTED_EDGE('',*,*,#1286,.T.);
#472=ORIENTED_EDGE('',*,*,#1287,.T.);
#473=ORIENTED_EDGE('',*,*,#1288,.T.);
#474=ORIENTED_EDGE('',*,*,#1289,.T.);
#475=ORIENTED_EDGE('',*,*,#1273,.T.);
#476=ORIENTED_EDGE('',*,*,#1285,.F.);
#477=ORIENTED_EDGE('',*,*,#1272,.T.);
#478=ORIENTED_EDGE('',*,*,#1286,.F.);
#479=ORIENTED_EDGE('',*,*,#1274,.T.);
#480=ORIENTED_EDGE('',*,*,#1287,.F.);
#481=ORIENTED_EDGE('',*,*,#1276,.T.);
#482=ORIENTED_EDGE('',*,*,#1288,.F.);
#483=ORIENTED_EDGE('',*,*,#1275,.T.);
#484=ORIENTED_EDGE('',*,*,#1289,.F.);
#485=ORIENTED_EDGE('',*,*,#1257,.T.);
#486=ORIENTED_EDGE('',*,*,#1280,.F.);
#487=ORIENTED_EDGE('',*,*,#1212,.F.);
#488=ORIENTED_EDGE('',*,*,#1290,.T.);
#489=ORIENTED_EDGE('',*,*,#1290,.F.);
#490=ORIENTED_EDGE('',*,*,#1215,.T.);
#491=ORIENTED_EDGE('',*,*,#1291,.T.);
#492=ORIENTED_EDGE('',*,*,#1251,.F.);
#493=ORIENTED_EDGE('',*,*,#1291,.F.);
#494=ORIENTED_EDGE('',*,*,#1214,.T.);
#495=ORIENTED_EDGE('',*,*,#1279,.T.);
#496=ORIENTED_EDGE('',*,*,#1252,.F.);
#497=ORIENTED_EDGE('',*,*,#1219,.T.);
#498=ORIENTED_EDGE('',*,*,#1292,.T.);
#499=ORIENTED_EDGE('',*,*,#1207,.F.);
#500=ORIENTED_EDGE('',*,*,#1283,.F.);
#501=ORIENTED_EDGE('',*,*,#1293,.T.);
#502=ORIENTED_EDGE('',*,*,#1208,.T.);
#503=ORIENTED_EDGE('',*,*,#1292,.F.);
#504=ORIENTED_EDGE('',*,*,#1218,.F.);
#505=ORIENTED_EDGE('',*,*,#1284,.T.);
#506=ORIENTED_EDGE('',*,*,#1205,.T.);
#507=ORIENTED_EDGE('',*,*,#1293,.F.);
#508=ORIENTED_EDGE('',*,*,#1217,.F.);
#509=ORIENTED_EDGE('',*,*,#1294,.T.);
#510=ORIENTED_EDGE('',*,*,#1250,.T.);
#511=ORIENTED_EDGE('',*,*,#1281,.F.);
#512=ORIENTED_EDGE('',*,*,#1239,.F.);
#513=ORIENTED_EDGE('',*,*,#1238,.T.);
#514=ORIENTED_EDGE('',*,*,#1295,.T.);
#515=ORIENTED_EDGE('',*,*,#1244,.F.);
#516=ORIENTED_EDGE('',*,*,#1294,.F.);
#517=ORIENTED_EDGE('',*,*,#1237,.T.);
#518=ORIENTED_EDGE('',*,*,#1278,.T.);
#519=ORIENTED_EDGE('',*,*,#1245,.F.);
#520=ORIENTED_EDGE('',*,*,#1295,.F.);
#521=ORIENTED_EDGE('',*,*,#1296,.F.);
#522=ORIENTED_EDGE('',*,*,#1230,.T.);
#523=ORIENTED_EDGE('',*,*,#1277,.T.);
#524=ORIENTED_EDGE('',*,*,#1224,.F.);
#525=ORIENTED_EDGE('',*,*,#1297,.F.);
#526=ORIENTED_EDGE('',*,*,#1231,.T.);
#527=ORIENTED_EDGE('',*,*,#1296,.T.);
#528=ORIENTED_EDGE('',*,*,#1223,.F.);
#529=ORIENTED_EDGE('',*,*,#1229,.T.);
#530=ORIENTED_EDGE('',*,*,#1282,.F.);
#531=ORIENTED_EDGE('',*,*,#1232,.F.);
#532=ORIENTED_EDGE('',*,*,#1297,.T.);
#533=ORIENTED_EDGE('',*,*,#1298,.F.);
#534=ORIENTED_EDGE('',*,*,#1299,.T.);
#535=ORIENTED_EDGE('',*,*,#1112,.T.);
#536=ORIENTED_EDGE('',*,*,#1124,.T.);
#537=ORIENTED_EDGE('',*,*,#1300,.F.);
#538=ORIENTED_EDGE('',*,*,#1201,.F.);
#539=ORIENTED_EDGE('',*,*,#1301,.T.);
#540=ORIENTED_EDGE('',*,*,#1300,.T.);
#541=ORIENTED_EDGE('',*,*,#1123,.T.);
#542=ORIENTED_EDGE('',*,*,#1199,.T.);
#543=ORIENTED_EDGE('',*,*,#1298,.T.);
#544=ORIENTED_EDGE('',*,*,#1200,.F.);
#545=ORIENTED_EDGE('',*,*,#1109,.T.);
#546=ORIENTED_EDGE('',*,*,#1302,.T.);
#547=ORIENTED_EDGE('',*,*,#1113,.T.);
#548=ORIENTED_EDGE('',*,*,#1299,.F.);
#549=ORIENTED_EDGE('',*,*,#1301,.F.);
#550=ORIENTED_EDGE('',*,*,#1303,.T.);
#551=ORIENTED_EDGE('',*,*,#1304,.T.);
#552=ORIENTED_EDGE('',*,*,#1154,.T.);
#553=ORIENTED_EDGE('',*,*,#1305,.F.);
#554=ORIENTED_EDGE('',*,*,#1306,.F.);
#555=ORIENTED_EDGE('',*,*,#1307,.F.);
#556=ORIENTED_EDGE('',*,*,#1308,.F.);
#557=ORIENTED_EDGE('',*,*,#1309,.T.);
#558=ORIENTED_EDGE('',*,*,#1161,.T.);
#559=ORIENTED_EDGE('',*,*,#1310,.T.);
#560=ORIENTED_EDGE('',*,*,#1311,.T.);
#561=ORIENTED_EDGE('',*,*,#1312,.F.);
#562=ORIENTED_EDGE('',*,*,#1313,.F.);
#563=ORIENTED_EDGE('',*,*,#1173,.T.);
#564=ORIENTED_EDGE('',*,*,#1314,.F.);
#565=ORIENTED_EDGE('',*,*,#1315,.F.);
#566=ORIENTED_EDGE('',*,*,#1316,.T.);
#567=ORIENTED_EDGE('',*,*,#1317,.F.);
#568=ORIENTED_EDGE('',*,*,#1318,.T.);
#569=ORIENTED_EDGE('',*,*,#1319,.T.);
#570=ORIENTED_EDGE('',*,*,#1320,.F.);
#571=ORIENTED_EDGE('',*,*,#1321,.T.);
#572=ORIENTED_EDGE('',*,*,#1322,.T.);
#573=ORIENTED_EDGE('',*,*,#1159,.F.);
#574=ORIENTED_EDGE('',*,*,#1323,.F.);
#575=ORIENTED_EDGE('',*,*,#1324,.T.);
#576=ORIENTED_EDGE('',*,*,#1325,.T.);
#577=ORIENTED_EDGE('',*,*,#1326,.F.);
#578=ORIENTED_EDGE('',*,*,#1327,.F.);
#579=ORIENTED_EDGE('',*,*,#1328,.F.);
#580=ORIENTED_EDGE('',*,*,#1329,.T.);
#581=ORIENTED_EDGE('',*,*,#1330,.T.);
#582=ORIENTED_EDGE('',*,*,#1331,.T.);
#583=ORIENTED_EDGE('',*,*,#1163,.F.);
#584=ORIENTED_EDGE('',*,*,#1332,.F.);
#585=ORIENTED_EDGE('',*,*,#1333,.T.);
#586=ORIENTED_EDGE('',*,*,#1334,.F.);
#587=ORIENTED_EDGE('',*,*,#1335,.T.);
#588=ORIENTED_EDGE('',*,*,#1336,.F.);
#589=ORIENTED_EDGE('',*,*,#1337,.T.);
#590=ORIENTED_EDGE('',*,*,#1165,.T.);
#591=ORIENTED_EDGE('',*,*,#1338,.F.);
#592=ORIENTED_EDGE('',*,*,#1339,.F.);
#593=ORIENTED_EDGE('',*,*,#1340,.F.);
#594=ORIENTED_EDGE('',*,*,#1341,.T.);
#595=ORIENTED_EDGE('',*,*,#1342,.T.);
#596=ORIENTED_EDGE('',*,*,#1343,.F.);
#597=ORIENTED_EDGE('',*,*,#1344,.T.);
#598=ORIENTED_EDGE('',*,*,#1170,.T.);
#599=ORIENTED_EDGE('',*,*,#1345,.F.);
#600=ORIENTED_EDGE('',*,*,#1346,.F.);
#601=ORIENTED_EDGE('',*,*,#1347,.F.);
#602=ORIENTED_EDGE('',*,*,#1348,.T.);
#603=ORIENTED_EDGE('',*,*,#1349,.F.);
#604=ORIENTED_EDGE('',*,*,#1350,.T.);
#605=ORIENTED_EDGE('',*,*,#1351,.T.);
#606=ORIENTED_EDGE('',*,*,#1352,.T.);
#607=ORIENTED_EDGE('',*,*,#1168,.F.);
#608=ORIENTED_EDGE('',*,*,#1353,.F.);
#609=ORIENTED_EDGE('',*,*,#1354,.T.);
#610=ORIENTED_EDGE('',*,*,#1355,.F.);
#611=ORIENTED_EDGE('',*,*,#1356,.F.);
#612=ORIENTED_EDGE('',*,*,#1357,.T.);
#613=ORIENTED_EDGE('',*,*,#1358,.T.);
#614=ORIENTED_EDGE('',*,*,#1359,.T.);
#615=ORIENTED_EDGE('',*,*,#1171,.F.);
#616=ORIENTED_EDGE('',*,*,#1360,.F.);
#617=ORIENTED_EDGE('',*,*,#1361,.T.);
#618=ORIENTED_EDGE('',*,*,#1362,.F.);
#619=ORIENTED_EDGE('',*,*,#1259,.F.);
#620=ORIENTED_EDGE('',*,*,#1158,.T.);
#621=ORIENTED_EDGE('',*,*,#1262,.T.);
#622=ORIENTED_EDGE('',*,*,#1189,.F.);
#623=ORIENTED_EDGE('',*,*,#1360,.T.);
#624=ORIENTED_EDGE('',*,*,#1174,.T.);
#625=ORIENTED_EDGE('',*,*,#1316,.F.);
#626=ORIENTED_EDGE('',*,*,#1363,.F.);
#627=ORIENTED_EDGE('',*,*,#1307,.T.);
#628=ORIENTED_EDGE('',*,*,#1160,.F.);
#629=ORIENTED_EDGE('',*,*,#1322,.F.);
#630=ORIENTED_EDGE('',*,*,#1364,.F.);
#631=ORIENTED_EDGE('',*,*,#1332,.T.);
#632=ORIENTED_EDGE('',*,*,#1166,.T.);
#633=ORIENTED_EDGE('',*,*,#1337,.F.);
#634=ORIENTED_EDGE('',*,*,#1365,.F.);
#635=ORIENTED_EDGE('',*,*,#1353,.T.);
#636=ORIENTED_EDGE('',*,*,#1167,.F.);
#637=ORIENTED_EDGE('',*,*,#1344,.F.);
#638=ORIENTED_EDGE('',*,*,#1366,.F.);
#639=ORIENTED_EDGE('',*,*,#1172,.F.);
#640=ORIENTED_EDGE('',*,*,#1359,.F.);
#641=ORIENTED_EDGE('',*,*,#1367,.T.);
#642=ORIENTED_EDGE('',*,*,#1345,.T.);
#643=ORIENTED_EDGE('',*,*,#1169,.T.);
#644=ORIENTED_EDGE('',*,*,#1352,.F.);
#645=ORIENTED_EDGE('',*,*,#1368,.T.);
#646=ORIENTED_EDGE('',*,*,#1338,.T.);
#647=ORIENTED_EDGE('',*,*,#1164,.F.);
#648=ORIENTED_EDGE('',*,*,#1331,.F.);
#649=ORIENTED_EDGE('',*,*,#1369,.T.);
#650=ORIENTED_EDGE('',*,*,#1323,.T.);
#651=ORIENTED_EDGE('',*,*,#1162,.T.);
#652=ORIENTED_EDGE('',*,*,#1309,.F.);
#653=ORIENTED_EDGE('',*,*,#1370,.T.);
#654=ORIENTED_EDGE('',*,*,#1314,.T.);
#655=ORIENTED_EDGE('',*,*,#1371,.T.);
#656=ORIENTED_EDGE('',*,*,#1372,.T.);
#657=ORIENTED_EDGE('',*,*,#1373,.T.);
#658=ORIENTED_EDGE('',*,*,#1374,.T.);
#659=ORIENTED_EDGE('',*,*,#1375,.T.);
#660=ORIENTED_EDGE('',*,*,#1363,.T.);
#661=ORIENTED_EDGE('',*,*,#1315,.T.);
#662=ORIENTED_EDGE('',*,*,#1370,.F.);
#663=ORIENTED_EDGE('',*,*,#1308,.T.);
#664=ORIENTED_EDGE('',*,*,#1333,.F.);
#665=ORIENTED_EDGE('',*,*,#1364,.T.);
#666=ORIENTED_EDGE('',*,*,#1321,.F.);
#667=ORIENTED_EDGE('',*,*,#1376,.T.);
#668=ORIENTED_EDGE('',*,*,#1313,.T.);
#669=ORIENTED_EDGE('',*,*,#1377,.F.);
#670=ORIENTED_EDGE('',*,*,#1324,.F.);
#671=ORIENTED_EDGE('',*,*,#1369,.F.);
#672=ORIENTED_EDGE('',*,*,#1330,.F.);
#673=ORIENTED_EDGE('',*,*,#1378,.F.);
#674=ORIENTED_EDGE('',*,*,#1339,.T.);
#675=ORIENTED_EDGE('',*,*,#1368,.F.);
#676=ORIENTED_EDGE('',*,*,#1351,.F.);
#677=ORIENTED_EDGE('',*,*,#1379,.F.);
#678=ORIENTED_EDGE('',*,*,#1346,.T.);
#679=ORIENTED_EDGE('',*,*,#1367,.F.);
#680=ORIENTED_EDGE('',*,*,#1358,.F.);
#681=ORIENTED_EDGE('',*,*,#1380,.F.);
#682=ORIENTED_EDGE('',*,*,#1320,.T.);
#683=ORIENTED_EDGE('',*,*,#1381,.T.);
#684=ORIENTED_EDGE('',*,*,#1361,.F.);
#685=ORIENTED_EDGE('',*,*,#1366,.T.);
#686=ORIENTED_EDGE('',*,*,#1343,.T.);
#687=ORIENTED_EDGE('',*,*,#1382,.T.);
#688=ORIENTED_EDGE('',*,*,#1354,.F.);
#689=ORIENTED_EDGE('',*,*,#1365,.T.);
#690=ORIENTED_EDGE('',*,*,#1336,.T.);
#691=ORIENTED_EDGE('',*,*,#1383,.T.);
#692=ORIENTED_EDGE('',*,*,#1384,.F.);
#693=ORIENTED_EDGE('',*,*,#1385,.F.);
#694=ORIENTED_EDGE('',*,*,#1386,.F.);
#695=ORIENTED_EDGE('',*,*,#1387,.F.);
#696=ORIENTED_EDGE('',*,*,#1388,.F.);
#697=ORIENTED_EDGE('',*,*,#1372,.F.);
#698=ORIENTED_EDGE('',*,*,#1384,.T.);
#699=ORIENTED_EDGE('',*,*,#1371,.F.);
#700=ORIENTED_EDGE('',*,*,#1385,.T.);
#701=ORIENTED_EDGE('',*,*,#1373,.F.);
#702=ORIENTED_EDGE('',*,*,#1386,.T.);
#703=ORIENTED_EDGE('',*,*,#1375,.F.);
#704=ORIENTED_EDGE('',*,*,#1387,.T.);
#705=ORIENTED_EDGE('',*,*,#1374,.F.);
#706=ORIENTED_EDGE('',*,*,#1388,.T.);
#707=ORIENTED_EDGE('',*,*,#1357,.F.);
#708=ORIENTED_EDGE('',*,*,#1389,.F.);
#709=ORIENTED_EDGE('',*,*,#1317,.T.);
#710=ORIENTED_EDGE('',*,*,#1380,.T.);
#711=ORIENTED_EDGE('',*,*,#1389,.T.);
#712=ORIENTED_EDGE('',*,*,#1356,.T.);
#713=ORIENTED_EDGE('',*,*,#1390,.F.);
#714=ORIENTED_EDGE('',*,*,#1318,.F.);
#715=ORIENTED_EDGE('',*,*,#1390,.T.);
#716=ORIENTED_EDGE('',*,*,#1362,.T.);
#717=ORIENTED_EDGE('',*,*,#1381,.F.);
#718=ORIENTED_EDGE('',*,*,#1319,.F.);
#719=ORIENTED_EDGE('',*,*,#1325,.F.);
#720=ORIENTED_EDGE('',*,*,#1377,.T.);
#721=ORIENTED_EDGE('',*,*,#1312,.T.);
#722=ORIENTED_EDGE('',*,*,#1391,.F.);
#723=ORIENTED_EDGE('',*,*,#1392,.F.);
#724=ORIENTED_EDGE('',*,*,#1326,.T.);
#725=ORIENTED_EDGE('',*,*,#1391,.T.);
#726=ORIENTED_EDGE('',*,*,#1311,.F.);
#727=ORIENTED_EDGE('',*,*,#1376,.F.);
#728=ORIENTED_EDGE('',*,*,#1327,.T.);
#729=ORIENTED_EDGE('',*,*,#1392,.T.);
#730=ORIENTED_EDGE('',*,*,#1310,.F.);
#731=ORIENTED_EDGE('',*,*,#1393,.F.);
#732=ORIENTED_EDGE('',*,*,#1347,.T.);
#733=ORIENTED_EDGE('',*,*,#1379,.T.);
#734=ORIENTED_EDGE('',*,*,#1350,.F.);
#735=ORIENTED_EDGE('',*,*,#1348,.F.);
#736=ORIENTED_EDGE('',*,*,#1393,.T.);
#737=ORIENTED_EDGE('',*,*,#1349,.T.);
#738=ORIENTED_EDGE('',*,*,#1394,.F.);
#739=ORIENTED_EDGE('',*,*,#1342,.F.);
#740=ORIENTED_EDGE('',*,*,#1394,.T.);
#741=ORIENTED_EDGE('',*,*,#1355,.T.);
#742=ORIENTED_EDGE('',*,*,#1382,.F.);
#743=ORIENTED_EDGE('',*,*,#1395,.T.);
#744=ORIENTED_EDGE('',*,*,#1334,.T.);
#745=ORIENTED_EDGE('',*,*,#1383,.F.);
#746=ORIENTED_EDGE('',*,*,#1335,.F.);
#747=ORIENTED_EDGE('',*,*,#1396,.T.);
#748=ORIENTED_EDGE('',*,*,#1328,.T.);
#749=ORIENTED_EDGE('',*,*,#1395,.F.);
#750=ORIENTED_EDGE('',*,*,#1341,.F.);
#751=ORIENTED_EDGE('',*,*,#1329,.F.);
#752=ORIENTED_EDGE('',*,*,#1396,.F.);
#753=ORIENTED_EDGE('',*,*,#1340,.T.);
#754=ORIENTED_EDGE('',*,*,#1378,.T.);
#755=ORIENTED_EDGE('',*,*,#1397,.T.);
#756=ORIENTED_EDGE('',*,*,#1398,.T.);
#757=ORIENTED_EDGE('',*,*,#1151,.T.);
#758=ORIENTED_EDGE('',*,*,#1304,.F.);
#759=ORIENTED_EDGE('',*,*,#1399,.T.);
#760=ORIENTED_EDGE('',*,*,#1400,.F.);
#761=ORIENTED_EDGE('',*,*,#1401,.T.);
#762=ORIENTED_EDGE('',*,*,#1152,.F.);
#763=ORIENTED_EDGE('',*,*,#1398,.F.);
#764=ORIENTED_EDGE('',*,*,#1305,.T.);
#765=ORIENTED_EDGE('',*,*,#1153,.F.);
#766=ORIENTED_EDGE('',*,*,#1401,.F.);
#767=ORIENTED_EDGE('',*,*,#1402,.F.);
#768=ORIENTED_EDGE('',*,*,#1303,.F.);
#769=ORIENTED_EDGE('',*,*,#1399,.F.);
#770=ORIENTED_EDGE('',*,*,#1306,.T.);
#771=ORIENTED_EDGE('',*,*,#1402,.T.);
#772=ORIENTED_EDGE('',*,*,#1400,.T.);
#773=ORIENTED_EDGE('',*,*,#1397,.F.);
#774=ORIENTED_EDGE('',*,*,#1185,.F.);
#775=ORIENTED_EDGE('',*,*,#1263,.T.);
#776=ORIENTED_EDGE('',*,*,#1156,.F.);
#777=ORIENTED_EDGE('',*,*,#1258,.F.);
#778=ORIENTED_EDGE('',*,*,#1198,.F.);
#779=ORIENTED_EDGE('',*,*,#1148,.T.);
#780=ORIENTED_EDGE('',*,*,#1197,.F.);
#781=ORIENTED_EDGE('',*,*,#1147,.T.);
#782=ORIENTED_EDGE('',*,*,#1182,.F.);
#783=ORIENTED_EDGE('',*,*,#1150,.T.);
#784=ORIENTED_EDGE('',*,*,#1181,.F.);
#785=ORIENTED_EDGE('',*,*,#1149,.T.);
#786=ORIENTED_EDGE('',*,*,#1146,.T.);
#787=ORIENTED_EDGE('',*,*,#1191,.F.);
#788=ORIENTED_EDGE('',*,*,#1145,.T.);
#789=ORIENTED_EDGE('',*,*,#1192,.F.);
#790=ORIENTED_EDGE('',*,*,#1403,.T.);
#791=ORIENTED_EDGE('',*,*,#1194,.T.);
#792=ORIENTED_EDGE('',*,*,#1404,.F.);
#793=ORIENTED_EDGE('',*,*,#1175,.F.);
#794=ORIENTED_EDGE('',*,*,#1178,.T.);
#795=ORIENTED_EDGE('',*,*,#1405,.T.);
#796=ORIENTED_EDGE('',*,*,#1195,.F.);
#797=ORIENTED_EDGE('',*,*,#1403,.F.);
#798=ORIENTED_EDGE('',*,*,#1177,.T.);
#799=ORIENTED_EDGE('',*,*,#1406,.T.);
#800=ORIENTED_EDGE('',*,*,#1196,.F.);
#801=ORIENTED_EDGE('',*,*,#1405,.F.);
#802=ORIENTED_EDGE('',*,*,#1404,.T.);
#803=ORIENTED_EDGE('',*,*,#1193,.T.);
#804=ORIENTED_EDGE('',*,*,#1406,.F.);
#805=ORIENTED_EDGE('',*,*,#1176,.F.);
#806=ORIENTED_EDGE('',*,*,#1121,.T.);
#807=ORIENTED_EDGE('',*,*,#1407,.F.);
#808=ORIENTED_EDGE('',*,*,#1120,.T.);
#809=ORIENTED_EDGE('',*,*,#1408,.F.);
#810=ORIENTED_EDGE('',*,*,#1002,.T.);
#811=ORIENTED_EDGE('',*,*,#1409,.T.);
#812=ORIENTED_EDGE('',*,*,#1142,.F.);
#813=ORIENTED_EDGE('',*,*,#1410,.F.);
#814=ORIENTED_EDGE('',*,*,#1410,.T.);
#815=ORIENTED_EDGE('',*,*,#1141,.T.);
#816=ORIENTED_EDGE('',*,*,#1411,.F.);
#817=ORIENTED_EDGE('',*,*,#1003,.F.);
#818=ORIENTED_EDGE('',*,*,#1411,.T.);
#819=ORIENTED_EDGE('',*,*,#1144,.T.);
#820=ORIENTED_EDGE('',*,*,#1412,.F.);
#821=ORIENTED_EDGE('',*,*,#1004,.F.);
#822=ORIENTED_EDGE('',*,*,#1005,.T.);
#823=ORIENTED_EDGE('',*,*,#1412,.T.);
#824=ORIENTED_EDGE('',*,*,#1143,.F.);
#825=ORIENTED_EDGE('',*,*,#1409,.F.);
#826=ORIENTED_EDGE('',*,*,#1413,.F.);
#827=ORIENTED_EDGE('',*,*,#1414,.T.);
#828=ORIENTED_EDGE('',*,*,#1108,.T.);
#829=ORIENTED_EDGE('',*,*,#1413,.T.);
#830=ORIENTED_EDGE('',*,*,#1302,.F.);
#831=ORIENTED_EDGE('',*,*,#1414,.F.);
#832=ORIENTED_EDGE('',*,*,#1415,.F.);
#833=ORIENTED_EDGE('',*,*,#1007,.T.);
#834=ORIENTED_EDGE('',*,*,#1408,.T.);
#835=ORIENTED_EDGE('',*,*,#1415,.T.);
#836=ORIENTED_EDGE('',*,*,#1416,.F.);
#837=ORIENTED_EDGE('',*,*,#1006,.T.);
#838=ORIENTED_EDGE('',*,*,#1407,.T.);
#839=ORIENTED_EDGE('',*,*,#1416,.T.);
#840=ORIENTED_EDGE('',*,*,#1039,.T.);
#841=ORIENTED_EDGE('',*,*,#1091,.T.);
#842=ORIENTED_EDGE('',*,*,#1417,.T.);
#843=ORIENTED_EDGE('',*,*,#1092,.F.);
#844=ORIENTED_EDGE('',*,*,#1418,.F.);
#845=ORIENTED_EDGE('',*,*,#1041,.F.);
#846=ORIENTED_EDGE('',*,*,#1042,.T.);
#847=ORIENTED_EDGE('',*,*,#1418,.T.);
#848=ORIENTED_EDGE('',*,*,#1095,.T.);
#849=ORIENTED_EDGE('',*,*,#1419,.F.);
#850=ORIENTED_EDGE('',*,*,#1043,.T.);
#851=ORIENTED_EDGE('',*,*,#1419,.T.);
#852=ORIENTED_EDGE('',*,*,#1094,.T.);
#853=ORIENTED_EDGE('',*,*,#1420,.F.);
#854=ORIENTED_EDGE('',*,*,#1420,.T.);
#855=ORIENTED_EDGE('',*,*,#1093,.F.);
#856=ORIENTED_EDGE('',*,*,#1417,.F.);
#857=ORIENTED_EDGE('',*,*,#1040,.F.);
#858=ORIENTED_EDGE('',*,*,#1421,.T.);
#859=ORIENTED_EDGE('',*,*,#1087,.F.);
#860=ORIENTED_EDGE('',*,*,#1422,.F.);
#861=ORIENTED_EDGE('',*,*,#1045,.F.);
#862=ORIENTED_EDGE('',*,*,#1046,.T.);
#863=ORIENTED_EDGE('',*,*,#1422,.T.);
#864=ORIENTED_EDGE('',*,*,#1090,.T.);
#865=ORIENTED_EDGE('',*,*,#1423,.F.);
#866=ORIENTED_EDGE('',*,*,#1047,.T.);
#867=ORIENTED_EDGE('',*,*,#1423,.T.);
#868=ORIENTED_EDGE('',*,*,#1089,.T.);
#869=ORIENTED_EDGE('',*,*,#1424,.F.);
#870=ORIENTED_EDGE('',*,*,#1424,.T.);
#871=ORIENTED_EDGE('',*,*,#1088,.F.);
#872=ORIENTED_EDGE('',*,*,#1421,.F.);
#873=ORIENTED_EDGE('',*,*,#1044,.F.);
#874=ORIENTED_EDGE('',*,*,#1035,.T.);
#875=ORIENTED_EDGE('',*,*,#1425,.T.);
#876=ORIENTED_EDGE('',*,*,#1097,.T.);
#877=ORIENTED_EDGE('',*,*,#1426,.F.);
#878=ORIENTED_EDGE('',*,*,#1036,.T.);
#879=ORIENTED_EDGE('',*,*,#1426,.T.);
#880=ORIENTED_EDGE('',*,*,#1096,.T.);
#881=ORIENTED_EDGE('',*,*,#1427,.F.);
#882=ORIENTED_EDGE('',*,*,#1427,.T.);
#883=ORIENTED_EDGE('',*,*,#1099,.F.);
#884=ORIENTED_EDGE('',*,*,#1428,.F.);
#885=ORIENTED_EDGE('',*,*,#1037,.F.);
#886=ORIENTED_EDGE('',*,*,#1428,.T.);
#887=ORIENTED_EDGE('',*,*,#1098,.F.);
#888=ORIENTED_EDGE('',*,*,#1425,.F.);
#889=ORIENTED_EDGE('',*,*,#1038,.F.);
#890=ORIENTED_EDGE('',*,*,#1031,.T.);
#891=ORIENTED_EDGE('',*,*,#1429,.T.);
#892=ORIENTED_EDGE('',*,*,#1101,.T.);
#893=ORIENTED_EDGE('',*,*,#1430,.F.);
#894=ORIENTED_EDGE('',*,*,#1032,.T.);
#895=ORIENTED_EDGE('',*,*,#1430,.T.);
#896=ORIENTED_EDGE('',*,*,#1100,.T.);
#897=ORIENTED_EDGE('',*,*,#1431,.F.);
#898=ORIENTED_EDGE('',*,*,#1431,.T.);
#899=ORIENTED_EDGE('',*,*,#1103,.F.);
#900=ORIENTED_EDGE('',*,*,#1432,.F.);
#901=ORIENTED_EDGE('',*,*,#1033,.F.);
#902=ORIENTED_EDGE('',*,*,#1432,.T.);
#903=ORIENTED_EDGE('',*,*,#1102,.F.);
#904=ORIENTED_EDGE('',*,*,#1429,.F.);
#905=ORIENTED_EDGE('',*,*,#1034,.F.);
#906=ORIENTED_EDGE('',*,*,#1433,.T.);
#907=ORIENTED_EDGE('',*,*,#1070,.F.);
#908=ORIENTED_EDGE('',*,*,#1434,.F.);
#909=ORIENTED_EDGE('',*,*,#1023,.F.);
#910=ORIENTED_EDGE('',*,*,#1024,.T.);
#911=ORIENTED_EDGE('',*,*,#1434,.T.);
#912=ORIENTED_EDGE('',*,*,#1069,.T.);
#913=ORIENTED_EDGE('',*,*,#1180,.F.);
#914=ORIENTED_EDGE('',*,*,#1187,.T.);
#915=ORIENTED_EDGE('',*,*,#1071,.F.);
#916=ORIENTED_EDGE('',*,*,#1433,.F.);
#917=ORIENTED_EDGE('',*,*,#1022,.F.);
#918=ORIENTED_EDGE('',*,*,#1030,.T.);
#919=ORIENTED_EDGE('',*,*,#1086,.T.);
#920=ORIENTED_EDGE('',*,*,#1029,.T.);
#921=ORIENTED_EDGE('',*,*,#1085,.T.);
#922=ORIENTED_EDGE('',*,*,#1028,.T.);
#923=ORIENTED_EDGE('',*,*,#1084,.T.);
#924=ORIENTED_EDGE('',*,*,#1435,.T.);
#925=ORIENTED_EDGE('',*,*,#1080,.F.);
#926=ORIENTED_EDGE('',*,*,#1436,.F.);
#927=ORIENTED_EDGE('',*,*,#1049,.F.);
#928=ORIENTED_EDGE('',*,*,#1050,.T.);
#929=ORIENTED_EDGE('',*,*,#1436,.T.);
#930=ORIENTED_EDGE('',*,*,#1083,.T.);
#931=ORIENTED_EDGE('',*,*,#1437,.F.);
#932=ORIENTED_EDGE('',*,*,#1051,.T.);
#933=ORIENTED_EDGE('',*,*,#1437,.T.);
#934=ORIENTED_EDGE('',*,*,#1082,.T.);
#935=ORIENTED_EDGE('',*,*,#1438,.F.);
#936=ORIENTED_EDGE('',*,*,#1438,.T.);
#937=ORIENTED_EDGE('',*,*,#1081,.F.);
#938=ORIENTED_EDGE('',*,*,#1435,.F.);
#939=ORIENTED_EDGE('',*,*,#1048,.F.);
#940=ORIENTED_EDGE('',*,*,#1439,.T.);
#941=ORIENTED_EDGE('',*,*,#1104,.F.);
#942=ORIENTED_EDGE('',*,*,#1440,.F.);
#943=ORIENTED_EDGE('',*,*,#1053,.F.);
#944=ORIENTED_EDGE('',*,*,#1054,.T.);
#945=ORIENTED_EDGE('',*,*,#1440,.T.);
#946=ORIENTED_EDGE('',*,*,#1107,.T.);
#947=ORIENTED_EDGE('',*,*,#1441,.F.);
#948=ORIENTED_EDGE('',*,*,#1055,.T.);
#949=ORIENTED_EDGE('',*,*,#1441,.T.);
#950=ORIENTED_EDGE('',*,*,#1106,.T.);
#951=ORIENTED_EDGE('',*,*,#1442,.F.);
#952=ORIENTED_EDGE('',*,*,#1442,.T.);
#953=ORIENTED_EDGE('',*,*,#1105,.F.);
#954=ORIENTED_EDGE('',*,*,#1439,.F.);
#955=ORIENTED_EDGE('',*,*,#1052,.F.);
#956=ORIENTED_EDGE('',*,*,#1443,.T.);
#957=ORIENTED_EDGE('',*,*,#1076,.F.);
#958=ORIENTED_EDGE('',*,*,#1444,.F.);
#959=ORIENTED_EDGE('',*,*,#1057,.F.);
#960=ORIENTED_EDGE('',*,*,#1058,.T.);
#961=ORIENTED_EDGE('',*,*,#1444,.T.);
#962=ORIENTED_EDGE('',*,*,#1079,.T.);
#963=ORIENTED_EDGE('',*,*,#1445,.F.);
#964=ORIENTED_EDGE('',*,*,#1059,.T.);
#965=ORIENTED_EDGE('',*,*,#1445,.T.);
#966=ORIENTED_EDGE('',*,*,#1078,.T.);
#967=ORIENTED_EDGE('',*,*,#1446,.F.);
#968=ORIENTED_EDGE('',*,*,#1446,.T.);
#969=ORIENTED_EDGE('',*,*,#1077,.F.);
#970=ORIENTED_EDGE('',*,*,#1443,.F.);
#971=ORIENTED_EDGE('',*,*,#1056,.F.);
#972=ORIENTED_EDGE('',*,*,#1447,.T.);
#973=ORIENTED_EDGE('',*,*,#1066,.F.);
#974=ORIENTED_EDGE('',*,*,#1448,.F.);
#975=ORIENTED_EDGE('',*,*,#1027,.F.);
#976=ORIENTED_EDGE('',*,*,#1016,.T.);
#977=ORIENTED_EDGE('',*,*,#1448,.T.);
#978=ORIENTED_EDGE('',*,*,#1065,.T.);
#979=ORIENTED_EDGE('',*,*,#1183,.F.);
#980=ORIENTED_EDGE('',*,*,#1179,.T.);
#981=ORIENTED_EDGE('',*,*,#1067,.F.);
#982=ORIENTED_EDGE('',*,*,#1447,.F.);
#983=ORIENTED_EDGE('',*,*,#1026,.F.);
#984=ORIENTED_EDGE('',*,*,#1019,.T.);
#985=ORIENTED_EDGE('',*,*,#1449,.F.);
#986=ORIENTED_EDGE('',*,*,#1060,.F.);
#987=ORIENTED_EDGE('',*,*,#1450,.T.);
#988=ORIENTED_EDGE('',*,*,#1114,.T.);
#989=ORIENTED_EDGE('',*,*,#1451,.F.);
#990=ORIENTED_EDGE('',*,*,#1014,.F.);
#991=ORIENTED_EDGE('',*,*,#1450,.F.);
#992=ORIENTED_EDGE('',*,*,#1075,.T.);
#993=ORIENTED_EDGE('',*,*,#1119,.T.);
#994=ORIENTED_EDGE('',*,*,#1452,.F.);
#995=ORIENTED_EDGE('',*,*,#1015,.F.);
#996=ORIENTED_EDGE('',*,*,#1451,.T.);
#997=ORIENTED_EDGE('',*,*,#1118,.F.);
#998=ORIENTED_EDGE('',*,*,#1061,.F.);
#999=ORIENTED_EDGE('',*,*,#1449,.T.);
#1000=ORIENTED_EDGE('',*,*,#1008,.T.);
#1001=ORIENTED_EDGE('',*,*,#1452,.T.);
#1002=EDGE_CURVE('',#1453,#1454,#1770,.T.);
#1003=EDGE_CURVE('',#1453,#1455,#1771,.T.);
#1004=EDGE_CURVE('',#1455,#1456,#1772,.T.);
#1005=EDGE_CURVE('',#1454,#1456,#1773,.T.);
#1006=EDGE_CURVE('',#1457,#1457,#41,.F.);
#1007=EDGE_CURVE('',#1458,#1458,#42,.F.);
#1008=EDGE_CURVE('',#1459,#1460,#1774,.T.);
#1009=EDGE_CURVE('',#1459,#1461,#1775,.T.);
#1010=EDGE_CURVE('',#1462,#1461,#1776,.T.);
#1011=EDGE_CURVE('',#1463,#1462,#1777,.T.);
#1012=EDGE_CURVE('',#1463,#1464,#1778,.T.);
#1013=EDGE_CURVE('',#1464,#1465,#1779,.T.);
#1014=EDGE_CURVE('',#1465,#1466,#1780,.T.);
#1015=EDGE_CURVE('',#1466,#1460,#1781,.T.);
#1016=EDGE_CURVE('',#1467,#1468,#1782,.T.);
#1017=EDGE_CURVE('',#1467,#1469,#1783,.T.);
#1018=EDGE_CURVE('',#1461,#1469,#1784,.T.);
#1019=EDGE_CURVE('',#1465,#1459,#1785,.T.);
#1020=EDGE_CURVE('',#1464,#1470,#1786,.T.);
#1021=EDGE_CURVE('',#1470,#1471,#1787,.T.);
#1022=EDGE_CURVE('',#1471,#1472,#1788,.T.);
#1023=EDGE_CURVE('',#1472,#1473,#1789,.T.);
#1024=EDGE_CURVE('',#1474,#1473,#1790,.T.);
#1025=EDGE_CURVE('',#1474,#1475,#1791,.T.);
#1026=EDGE_CURVE('',#1475,#1476,#1792,.T.);
#1027=EDGE_CURVE('',#1476,#1468,#1793,.T.);
#1028=EDGE_CURVE('',#1477,#1477,#43,.T.);
#1029=EDGE_CURVE('',#1478,#1478,#44,.T.);
#1030=EDGE_CURVE('',#1479,#1479,#45,.T.);
#1031=EDGE_CURVE('',#1480,#1481,#1794,.T.);
#1032=EDGE_CURVE('',#1482,#1480,#1795,.T.);
#1033=EDGE_CURVE('',#1482,#1483,#1796,.T.);
#1034=EDGE_CURVE('',#1483,#1481,#1797,.T.);
#1035=EDGE_CURVE('',#1484,#1485,#1798,.T.);
#1036=EDGE_CURVE('',#1486,#1484,#1799,.T.);
#1037=EDGE_CURVE('',#1486,#1487,#1800,.T.);
#1038=EDGE_CURVE('',#1487,#1485,#1801,.T.);
#1039=EDGE_CURVE('',#1488,#1488,#46,.T.);
#1040=EDGE_CURVE('',#1489,#1490,#1802,.T.);
#1041=EDGE_CURVE('',#1490,#1491,#1803,.T.);
#1042=EDGE_CURVE('',#1492,#1491,#1804,.T.);
#1043=EDGE_CURVE('',#1489,#1492,#1805,.T.);
#1044=EDGE_CURVE('',#1493,#1494,#1806,.T.);
#1045=EDGE_CURVE('',#1494,#1495,#1807,.T.);
#1046=EDGE_CURVE('',#1496,#1495,#1808,.T.);
#1047=EDGE_CURVE('',#1493,#1496,#1809,.T.);
#1048=EDGE_CURVE('',#1497,#1498,#1810,.T.);
#1049=EDGE_CURVE('',#1498,#1499,#1811,.T.);
#1050=EDGE_CURVE('',#1500,#1499,#1812,.T.);
#1051=EDGE_CURVE('',#1497,#1500,#1813,.T.);
#1052=EDGE_CURVE('',#1501,#1502,#1814,.T.);
#1053=EDGE_CURVE('',#1502,#1503,#1815,.T.);
#1054=EDGE_CURVE('',#1504,#1503,#1816,.T.);
#1055=EDGE_CURVE('',#1501,#1504,#1817,.T.);
#1056=EDGE_CURVE('',#1505,#1506,#1818,.T.);
#1057=EDGE_CURVE('',#1506,#1507,#1819,.T.);
#1058=EDGE_CURVE('',#1508,#1507,#1820,.T.);
#1059=EDGE_CURVE('',#1505,#1508,#1821,.T.);
#1060=EDGE_CURVE('',#1509,#1510,#1822,.T.);
#1061=EDGE_CURVE('',#1510,#1511,#1823,.T.);
#1062=EDGE_CURVE('',#1511,#1512,#1824,.T.);
#1063=EDGE_CURVE('',#1512,#1513,#1825,.T.);
#1064=EDGE_CURVE('',#1513,#1514,#1826,.T.);
#1065=EDGE_CURVE('',#1515,#1514,#1827,.T.);
#1066=EDGE_CURVE('',#1515,#1516,#1828,.T.);
#1067=EDGE_CURVE('',#1516,#1517,#1829,.T.);
#1068=EDGE_CURVE('',#1517,#1518,#1830,.T.);
#1069=EDGE_CURVE('',#1519,#1518,#1831,.T.);
#1070=EDGE_CURVE('',#1519,#1520,#1832,.T.);
#1071=EDGE_CURVE('',#1520,#1521,#1833,.T.);
#1072=EDGE_CURVE('',#1521,#1522,#1834,.T.);
#1073=EDGE_CURVE('',#1523,#1522,#1835,.T.);
#1074=EDGE_CURVE('',#1523,#1524,#1836,.T.);
#1075=EDGE_CURVE('',#1509,#1524,#1837,.T.);
#1076=EDGE_CURVE('',#1525,#1526,#1838,.T.);
#1077=EDGE_CURVE('',#1526,#1527,#1839,.T.);
#1078=EDGE_CURVE('',#1528,#1527,#1840,.T.);
#1079=EDGE_CURVE('',#1525,#1528,#1841,.T.);
#1080=EDGE_CURVE('',#1529,#1530,#1842,.T.);
#1081=EDGE_CURVE('',#1530,#1531,#1843,.T.);
#1082=EDGE_CURVE('',#1532,#1531,#1844,.T.);
#1083=EDGE_CURVE('',#1529,#1532,#1845,.T.);
#1084=EDGE_CURVE('',#1533,#1533,#47,.T.);
#1085=EDGE_CURVE('',#1534,#1534,#48,.T.);
#1086=EDGE_CURVE('',#1535,#1535,#49,.T.);
#1087=EDGE_CURVE('',#1536,#1537,#1846,.T.);
#1088=EDGE_CURVE('',#1537,#1538,#1847,.T.);
#1089=EDGE_CURVE('',#1539,#1538,#1848,.T.);
#1090=EDGE_CURVE('',#1536,#1539,#1849,.T.);
#1091=EDGE_CURVE('',#1540,#1540,#50,.T.);
#1092=EDGE_CURVE('',#1541,#1542,#1850,.T.);
#1093=EDGE_CURVE('',#1542,#1543,#1851,.T.);
#1094=EDGE_CURVE('',#1544,#1543,#1852,.T.);
#1095=EDGE_CURVE('',#1541,#1544,#1853,.T.);
#1096=EDGE_CURVE('',#1545,#1546,#1854,.T.);
#1097=EDGE_CURVE('',#1547,#1545,#1855,.T.);
#1098=EDGE_CURVE('',#1547,#1548,#1856,.T.);
#1099=EDGE_CURVE('',#1548,#1546,#1857,.T.);
#1100=EDGE_CURVE('',#1549,#1550,#1858,.T.);
#1101=EDGE_CURVE('',#1551,#1549,#1859,.T.);
#1102=EDGE_CURVE('',#1551,#1552,#1860,.T.);
#1103=EDGE_CURVE('',#1552,#1550,#1861,.T.);
#1104=EDGE_CURVE('',#1553,#1554,#1862,.T.);
#1105=EDGE_CURVE('',#1554,#1555,#1863,.T.);
#1106=EDGE_CURVE('',#1556,#1555,#1864,.T.);
#1107=EDGE_CURVE('',#1553,#1556,#1865,.T.);
#1108=EDGE_CURVE('',#1557,#1558,#51,.T.);
#1109=EDGE_CURVE('',#1559,#1557,#1866,.T.);
#1110=EDGE_CURVE('',#1559,#1560,#1867,.T.);
#1111=EDGE_CURVE('',#1561,#1560,#1868,.T.);
#1112=EDGE_CURVE('',#1562,#1561,#1869,.T.);
#1113=EDGE_CURVE('',#1558,#1562,#1870,.T.);
#1114=EDGE_CURVE('',#1524,#1563,#1871,.T.);
#1115=EDGE_CURVE('',#1564,#1523,#1872,.T.);
#1116=EDGE_CURVE('',#1564,#1565,#1873,.T.);
#1117=EDGE_CURVE('',#1565,#1512,#1874,.T.);
#1118=EDGE_CURVE('',#1511,#1566,#1875,.T.);
#1119=EDGE_CURVE('',#1563,#1566,#1876,.T.);
#1120=EDGE_CURVE('',#1567,#1567,#52,.T.);
#1121=EDGE_CURVE('',#1568,#1568,#53,.T.);
#1122=EDGE_CURVE('',#1560,#1569,#1877,.T.);
#1123=EDGE_CURVE('',#1570,#1569,#1878,.T.);
#1124=EDGE_CURVE('',#1561,#1570,#1879,.T.);
#1125=EDGE_CURVE('',#1571,#1572,#1880,.T.);
#1126=EDGE_CURVE('',#1571,#1573,#1881,.T.);
#1127=EDGE_CURVE('',#1573,#1574,#1882,.T.);
#1128=EDGE_CURVE('',#1572,#1574,#1883,.T.);
#1129=EDGE_CURVE('',#1575,#1576,#1884,.T.);
#1130=EDGE_CURVE('',#1575,#1577,#1885,.T.);
#1131=EDGE_CURVE('',#1577,#1578,#1886,.T.);
#1132=EDGE_CURVE('',#1576,#1578,#1887,.T.);
#1133=EDGE_CURVE('',#1579,#1580,#1888,.T.);
#1134=EDGE_CURVE('',#1579,#1581,#1889,.T.);
#1135=EDGE_CURVE('',#1581,#1582,#1890,.T.);
#1136=EDGE_CURVE('',#1580,#1582,#1891,.T.);
#1137=EDGE_CURVE('',#1583,#1584,#1892,.T.);
#1138=EDGE_CURVE('',#1583,#1585,#1893,.T.);
#1139=EDGE_CURVE('',#1585,#1586,#1894,.T.);
#1140=EDGE_CURVE('',#1584,#1586,#1895,.T.);
#1141=EDGE_CURVE('',#1587,#1588,#1896,.T.);
#1142=EDGE_CURVE('',#1587,#1589,#1897,.T.);
#1143=EDGE_CURVE('',#1589,#1590,#1898,.T.);
#1144=EDGE_CURVE('',#1588,#1590,#1899,.T.);
#1145=EDGE_CURVE('',#1591,#1591,#54,.T.);
#1146=EDGE_CURVE('',#1592,#1592,#55,.T.);
#1147=EDGE_CURVE('',#1593,#1593,#56,.T.);
#1148=EDGE_CURVE('',#1594,#1594,#57,.T.);
#1149=EDGE_CURVE('',#1595,#1595,#58,.T.);
#1150=EDGE_CURVE('',#1596,#1596,#59,.T.);
#1151=EDGE_CURVE('',#1597,#1598,#1900,.T.);
#1152=EDGE_CURVE('',#1597,#1599,#1901,.T.);
#1153=EDGE_CURVE('',#1599,#1600,#1902,.T.);
#1154=EDGE_CURVE('',#1598,#1600,#1903,.T.);
#1155=EDGE_CURVE('',#1601,#1602,#1904,.T.);
#1156=EDGE_CURVE('',#1602,#1603,#1905,.T.);
#1157=EDGE_CURVE('',#1604,#1603,#1906,.T.);
#1158=EDGE_CURVE('',#1601,#1604,#1907,.T.);
#1159=EDGE_CURVE('',#1605,#1606,#1908,.T.);
#1160=EDGE_CURVE('',#1606,#1607,#1909,.T.);
#1161=EDGE_CURVE('',#1608,#1607,#1910,.T.);
#1162=EDGE_CURVE('',#1605,#1608,#1911,.T.);
#1163=EDGE_CURVE('',#1609,#1610,#1912,.T.);
#1164=EDGE_CURVE('',#1610,#1611,#1913,.T.);
#1165=EDGE_CURVE('',#1612,#1611,#1914,.T.);
#1166=EDGE_CURVE('',#1609,#1612,#1915,.T.);
#1167=EDGE_CURVE('',#1613,#1614,#1916,.T.);
#1168=EDGE_CURVE('',#1614,#1615,#1917,.T.);
#1169=EDGE_CURVE('',#1616,#1615,#1918,.T.);
#1170=EDGE_CURVE('',#1613,#1616,#1919,.T.);
#1171=EDGE_CURVE('',#1617,#1618,#1920,.T.);
#1172=EDGE_CURVE('',#1618,#1619,#1921,.T.);
#1173=EDGE_CURVE('',#1620,#1619,#1922,.T.);
#1174=EDGE_CURVE('',#1617,#1620,#1923,.T.);
#1175=EDGE_CURVE('',#1621,#1622,#1924,.T.);
#1176=EDGE_CURVE('',#1622,#1623,#1925,.T.);
#1177=EDGE_CURVE('',#1624,#1623,#1926,.T.);
#1178=EDGE_CURVE('',#1621,#1624,#1927,.T.);
#1179=EDGE_CURVE('',#1475,#1517,#1928,.T.);
#1180=EDGE_CURVE('',#1474,#1518,#1929,.T.);
#1181=EDGE_CURVE('',#1625,#1625,#60,.T.);
#1182=EDGE_CURVE('',#1626,#1626,#61,.T.);
#1183=EDGE_CURVE('',#1467,#1514,#1930,.T.);
#1184=EDGE_CURVE('',#1627,#1513,#1931,.T.);
#1185=EDGE_CURVE('',#1627,#1628,#1932,.T.);
#1186=EDGE_CURVE('',#1628,#1522,#1933,.T.);
#1187=EDGE_CURVE('',#1471,#1521,#1934,.T.);
#1188=EDGE_CURVE('',#1629,#1470,#1935,.T.);
#1189=EDGE_CURVE('',#1629,#1630,#1936,.T.);
#1190=EDGE_CURVE('',#1630,#1469,#1937,.T.);
#1191=EDGE_CURVE('',#1631,#1631,#62,.T.);
#1192=EDGE_CURVE('',#1632,#1632,#63,.T.);
#1193=EDGE_CURVE('',#1633,#1634,#1938,.T.);
#1194=EDGE_CURVE('',#1635,#1633,#1939,.T.);
#1195=EDGE_CURVE('',#1635,#1636,#1940,.T.);
#1196=EDGE_CURVE('',#1636,#1634,#1941,.T.);
#1197=EDGE_CURVE('',#1637,#1637,#64,.T.);
#1198=EDGE_CURVE('',#1638,#1638,#65,.T.);
#1199=EDGE_CURVE('',#1639,#1639,#66,.T.);
#1200=EDGE_CURVE('',#1559,#1640,#67,.T.);
#1201=EDGE_CURVE('',#1640,#1569,#1942,.T.);
#1202=EDGE_CURVE('',#1641,#1574,#1943,.T.);
#1203=EDGE_CURVE('',#1642,#1573,#1944,.T.);
#1204=EDGE_CURVE('',#1642,#1641,#1945,.T.);
#1205=EDGE_CURVE('',#1643,#1644,#1946,.T.);
#1206=EDGE_CURVE('',#1643,#1645,#1947,.T.);
#1207=EDGE_CURVE('',#1645,#1646,#1948,.T.);
#1208=EDGE_CURVE('',#1644,#1646,#1949,.T.);
#1209=EDGE_CURVE('',#1647,#1585,#1950,.T.);
#1210=EDGE_CURVE('',#1647,#1648,#1951,.T.);
#1211=EDGE_CURVE('',#1648,#1586,#1952,.T.);
#1212=EDGE_CURVE('',#1649,#1650,#1953,.T.);
#1213=EDGE_CURVE('',#1650,#1651,#1954,.T.);
#1214=EDGE_CURVE('',#1652,#1651,#1955,.T.);
#1215=EDGE_CURVE('',#1649,#1652,#1956,.T.);
#1216=EDGE_CURVE('',#1653,#1654,#1957,.T.);
#1217=EDGE_CURVE('',#1653,#1655,#1958,.T.);
#1218=EDGE_CURVE('',#1655,#1656,#1959,.T.);
#1219=EDGE_CURVE('',#1657,#1656,#1960,.T.);
#1220=EDGE_CURVE('',#1658,#1657,#1961,.T.);
#1221=EDGE_CURVE('',#1658,#1571,#1962,.T.);
#1222=EDGE_CURVE('',#1654,#1572,#1963,.T.);
#1223=EDGE_CURVE('',#1659,#1660,#1964,.T.);
#1224=EDGE_CURVE('',#1660,#1661,#1965,.T.);
#1225=EDGE_CURVE('',#1662,#1661,#1966,.T.);
#1226=EDGE_CURVE('',#1662,#1575,#1967,.T.);
#1227=EDGE_CURVE('',#1663,#1576,#1968,.T.);
#1228=EDGE_CURVE('',#1664,#1663,#1969,.T.);
#1229=EDGE_CURVE('',#1659,#1664,#1970,.T.);
#1230=EDGE_CURVE('',#1665,#1666,#1971,.T.);
#1231=EDGE_CURVE('',#1667,#1665,#1972,.T.);
#1232=EDGE_CURVE('',#1667,#1668,#1973,.T.);
#1233=EDGE_CURVE('',#1668,#1669,#1974,.T.);
#1234=EDGE_CURVE('',#1669,#1578,#1975,.T.);
#1235=EDGE_CURVE('',#1670,#1577,#1976,.T.);
#1236=EDGE_CURVE('',#1670,#1666,#1977,.T.);
#1237=EDGE_CURVE('',#1671,#1672,#1978,.T.);
#1238=EDGE_CURVE('',#1673,#1671,#1979,.T.);
#1239=EDGE_CURVE('',#1673,#1674,#1980,.T.);
#1240=EDGE_CURVE('',#1674,#1675,#1981,.T.);
#1241=EDGE_CURVE('',#1675,#1581,#1982,.T.);
#1242=EDGE_CURVE('',#1676,#1579,#1983,.T.);
#1243=EDGE_CURVE('',#1676,#1672,#1984,.T.);
#1244=EDGE_CURVE('',#1677,#1678,#1985,.T.);
#1245=EDGE_CURVE('',#1678,#1679,#1986,.T.);
#1246=EDGE_CURVE('',#1680,#1679,#1987,.T.);
#1247=EDGE_CURVE('',#1680,#1580,#1988,.T.);
#1248=EDGE_CURVE('',#1681,#1582,#1989,.T.);
#1249=EDGE_CURVE('',#1682,#1681,#1990,.T.);
#1250=EDGE_CURVE('',#1677,#1682,#1991,.T.);
#1251=EDGE_CURVE('',#1683,#1684,#1992,.T.);
#1252=EDGE_CURVE('',#1684,#1685,#1993,.T.);
#1253=EDGE_CURVE('',#1686,#1685,#1994,.T.);
#1254=EDGE_CURVE('',#1686,#1583,#1995,.T.);
#1255=EDGE_CURVE('',#1687,#1584,#1996,.T.);
#1256=EDGE_CURVE('',#1688,#1687,#1997,.T.);
#1257=EDGE_CURVE('',#1683,#1688,#1998,.T.);
#1258=EDGE_CURVE('',#1628,#1602,#1999,.T.);
#1259=EDGE_CURVE('',#1601,#1629,#2000,.T.);
#1260=EDGE_CURVE('',#1564,#1463,#2001,.T.);
#1261=EDGE_CURVE('',#1565,#1462,#2002,.T.);
#1262=EDGE_CURVE('',#1604,#1630,#2003,.T.);
#1263=EDGE_CURVE('',#1627,#1603,#2004,.T.);
#1264=EDGE_CURVE('',#1686,#1676,#2005,.T.);
#1265=EDGE_CURVE('',#1680,#1670,#2006,.T.);
#1266=EDGE_CURVE('',#1662,#1654,#2007,.T.);
#1267=EDGE_CURVE('',#1641,#1647,#2008,.T.);
#1268=EDGE_CURVE('',#1642,#1648,#2009,.T.);
#1269=EDGE_CURVE('',#1663,#1658,#2010,.T.);
#1270=EDGE_CURVE('',#1681,#1669,#2011,.T.);
#1271=EDGE_CURVE('',#1687,#1675,#2012,.T.);
#1272=EDGE_CURVE('',#1689,#1689,#68,.T.);
#1273=EDGE_CURVE('',#1690,#1690,#69,.T.);
#1274=EDGE_CURVE('',#1691,#1691,#70,.T.);
#1275=EDGE_CURVE('',#1692,#1692,#71,.T.);
#1276=EDGE_CURVE('',#1693,#1693,#72,.T.);
#1277=EDGE_CURVE('',#1666,#1661,#2013,.T.);
#1278=EDGE_CURVE('',#1672,#1679,#2014,.T.);
#1279=EDGE_CURVE('',#1651,#1685,#2015,.T.);
#1280=EDGE_CURVE('',#1650,#1688,#2016,.T.);
#1281=EDGE_CURVE('',#1674,#1682,#2017,.T.);
#1282=EDGE_CURVE('',#1668,#1664,#2018,.T.);
#1283=EDGE_CURVE('',#1657,#1645,#2019,.T.);
#1284=EDGE_CURVE('',#1653,#1643,#2020,.T.);
#1285=EDGE_CURVE('',#1694,#1694,#73,.T.);
#1286=EDGE_CURVE('',#1695,#1695,#74,.T.);
#1287=EDGE_CURVE('',#1696,#1696,#75,.T.);
#1288=EDGE_CURVE('',#1697,#1697,#76,.T.);
#1289=EDGE_CURVE('',#1698,#1698,#77,.T.);
#1290=EDGE_CURVE('',#1649,#1683,#2021,.T.);
#1291=EDGE_CURVE('',#1652,#1684,#2022,.T.);
#1292=EDGE_CURVE('',#1656,#1646,#2023,.T.);
#1293=EDGE_CURVE('',#1655,#1644,#2024,.T.);
#1294=EDGE_CURVE('',#1673,#1677,#2025,.T.);
#1295=EDGE_CURVE('',#1671,#1678,#2026,.T.);
#1296=EDGE_CURVE('',#1665,#1660,#2027,.T.);
#1297=EDGE_CURVE('',#1667,#1659,#2028,.T.);
#1298=EDGE_CURVE('',#1699,#1699,#78,.T.);
#1299=EDGE_CURVE('',#1700,#1562,#79,.T.);
#1300=EDGE_CURVE('',#1700,#1570,#2029,.T.);
#1301=EDGE_CURVE('',#1640,#1700,#2030,.T.);
#1302=EDGE_CURVE('',#1557,#1558,#2031,.T.);
#1303=EDGE_CURVE('',#1701,#1701,#80,.T.);
#1304=EDGE_CURVE('',#1702,#1598,#2032,.T.);
#1305=EDGE_CURVE('',#1703,#1600,#2033,.T.);
#1306=EDGE_CURVE('',#1702,#1703,#81,.T.);
#1307=EDGE_CURVE('',#1704,#1607,#2034,.T.);
#1308=EDGE_CURVE('',#1705,#1704,#2035,.T.);
#1309=EDGE_CURVE('',#1705,#1608,#2036,.T.);
#1310=EDGE_CURVE('',#1706,#1707,#2037,.T.);
#1311=EDGE_CURVE('',#1707,#1708,#2038,.T.);
#1312=EDGE_CURVE('',#1709,#1708,#2039,.T.);
#1313=EDGE_CURVE('',#1706,#1709,#2040,.T.);
#1314=EDGE_CURVE('',#1710,#1619,#2041,.T.);
#1315=EDGE_CURVE('',#1711,#1710,#2042,.T.);
#1316=EDGE_CURVE('',#1711,#1620,#2043,.T.);
#1317=EDGE_CURVE('',#1712,#1713,#2044,.T.);
#1318=EDGE_CURVE('',#1712,#1714,#2045,.T.);
#1319=EDGE_CURVE('',#1714,#1715,#2046,.T.);
#1320=EDGE_CURVE('',#1713,#1715,#2047,.T.);
#1321=EDGE_CURVE('',#1716,#1717,#2048,.T.);
#1322=EDGE_CURVE('',#1717,#1606,#2049,.T.);
#1323=EDGE_CURVE('',#1718,#1605,#2050,.T.);
#1324=EDGE_CURVE('',#1718,#1719,#2051,.T.);
#1325=EDGE_CURVE('',#1719,#1720,#2052,.T.);
#1326=EDGE_CURVE('',#1721,#1720,#2053,.T.);
#1327=EDGE_CURVE('',#1716,#1721,#2054,.T.);
#1328=EDGE_CURVE('',#1722,#1723,#2055,.T.);
#1329=EDGE_CURVE('',#1722,#1724,#2056,.T.);
#1330=EDGE_CURVE('',#1724,#1725,#2057,.T.);
#1331=EDGE_CURVE('',#1725,#1610,#2058,.T.);
#1332=EDGE_CURVE('',#1726,#1609,#2059,.T.);
#1333=EDGE_CURVE('',#1726,#1727,#2060,.T.);
#1334=EDGE_CURVE('',#1723,#1727,#2061,.T.);
#1335=EDGE_CURVE('',#1728,#1729,#2062,.T.);
#1336=EDGE_CURVE('',#1730,#1729,#2063,.T.);
#1337=EDGE_CURVE('',#1730,#1612,#2064,.T.);
#1338=EDGE_CURVE('',#1731,#1611,#2065,.T.);
#1339=EDGE_CURVE('',#1732,#1731,#2066,.T.);
#1340=EDGE_CURVE('',#1733,#1732,#2067,.T.);
#1341=EDGE_CURVE('',#1733,#1728,#2068,.T.);
#1342=EDGE_CURVE('',#1734,#1735,#2069,.T.);
#1343=EDGE_CURVE('',#1736,#1735,#2070,.T.);
#1344=EDGE_CURVE('',#1736,#1613,#2071,.T.);
#1345=EDGE_CURVE('',#1737,#1616,#2072,.T.);
#1346=EDGE_CURVE('',#1738,#1737,#2073,.T.);
#1347=EDGE_CURVE('',#1739,#1738,#2074,.T.);
#1348=EDGE_CURVE('',#1739,#1734,#2075,.T.);
#1349=EDGE_CURVE('',#1740,#1741,#2076,.T.);
#1350=EDGE_CURVE('',#1740,#1742,#2077,.T.);
#1351=EDGE_CURVE('',#1742,#1743,#2078,.T.);
#1352=EDGE_CURVE('',#1743,#1615,#2079,.T.);
#1353=EDGE_CURVE('',#1744,#1614,#2080,.T.);
#1354=EDGE_CURVE('',#1744,#1745,#2081,.T.);
#1355=EDGE_CURVE('',#1741,#1745,#2082,.T.);
#1356=EDGE_CURVE('',#1746,#1747,#2083,.T.);
#1357=EDGE_CURVE('',#1746,#1748,#2084,.T.);
#1358=EDGE_CURVE('',#1748,#1749,#2085,.T.);
#1359=EDGE_CURVE('',#1749,#1618,#2086,.T.);
#1360=EDGE_CURVE('',#1750,#1617,#2087,.T.);
#1361=EDGE_CURVE('',#1750,#1751,#2088,.T.);
#1362=EDGE_CURVE('',#1747,#1751,#2089,.T.);
#1363=EDGE_CURVE('',#1704,#1711,#2090,.T.);
#1364=EDGE_CURVE('',#1726,#1717,#2091,.T.);
#1365=EDGE_CURVE('',#1744,#1730,#2092,.T.);
#1366=EDGE_CURVE('',#1750,#1736,#2093,.T.);
#1367=EDGE_CURVE('',#1749,#1737,#2094,.T.);
#1368=EDGE_CURVE('',#1743,#1731,#2095,.T.);
#1369=EDGE_CURVE('',#1725,#1718,#2096,.T.);
#1370=EDGE_CURVE('',#1705,#1710,#2097,.T.);
#1371=EDGE_CURVE('',#1752,#1752,#82,.T.);
#1372=EDGE_CURVE('',#1753,#1753,#83,.T.);
#1373=EDGE_CURVE('',#1754,#1754,#84,.T.);
#1374=EDGE_CURVE('',#1755,#1755,#85,.T.);
#1375=EDGE_CURVE('',#1756,#1756,#86,.T.);
#1376=EDGE_CURVE('',#1716,#1706,#2098,.T.);
#1377=EDGE_CURVE('',#1719,#1709,#2099,.T.);
#1378=EDGE_CURVE('',#1732,#1724,#2100,.T.);
#1379=EDGE_CURVE('',#1738,#1742,#2101,.T.);
#1380=EDGE_CURVE('',#1713,#1748,#2102,.T.);
#1381=EDGE_CURVE('',#1715,#1751,#2103,.T.);
#1382=EDGE_CURVE('',#1735,#1745,#2104,.T.);
#1383=EDGE_CURVE('',#1729,#1727,#2105,.T.);
#1384=EDGE_CURVE('',#1757,#1757,#87,.T.);
#1385=EDGE_CURVE('',#1758,#1758,#88,.T.);
#1386=EDGE_CURVE('',#1759,#1759,#89,.T.);
#1387=EDGE_CURVE('',#1760,#1760,#90,.T.);
#1388=EDGE_CURVE('',#1761,#1761,#91,.T.);
#1389=EDGE_CURVE('',#1712,#1746,#2106,.T.);
#1390=EDGE_CURVE('',#1714,#1747,#2107,.T.);
#1391=EDGE_CURVE('',#1720,#1708,#2108,.T.);
#1392=EDGE_CURVE('',#1721,#1707,#2109,.T.);
#1393=EDGE_CURVE('',#1739,#1740,#2110,.T.);
#1394=EDGE_CURVE('',#1734,#1741,#2111,.T.);
#1395=EDGE_CURVE('',#1728,#1723,#2112,.T.);
#1396=EDGE_CURVE('',#1733,#1722,#2113,.T.);
#1397=EDGE_CURVE('',#1702,#1762,#2114,.T.);
#1398=EDGE_CURVE('',#1762,#1597,#2115,.T.);
#1399=EDGE_CURVE('',#1763,#1763,#92,.T.);
#1400=EDGE_CURVE('',#1764,#1762,#93,.T.);
#1401=EDGE_CURVE('',#1764,#1599,#2116,.T.);
#1402=EDGE_CURVE('',#1703,#1764,#2117,.T.);
#1403=EDGE_CURVE('',#1621,#1635,#2118,.T.);
#1404=EDGE_CURVE('',#1622,#1633,#2119,.T.);
#1405=EDGE_CURVE('',#1624,#1636,#2120,.T.);
#1406=EDGE_CURVE('',#1623,#1634,#2121,.T.);
#1407=EDGE_CURVE('',#1765,#1765,#94,.T.);
#1408=EDGE_CURVE('',#1766,#1766,#95,.T.);
#1409=EDGE_CURVE('',#1454,#1589,#2122,.T.);
#1410=EDGE_CURVE('',#1453,#1587,#2123,.T.);
#1411=EDGE_CURVE('',#1455,#1588,#2124,.T.);
#1412=EDGE_CURVE('',#1456,#1590,#2125,.T.);
#1413=EDGE_CURVE('',#1767,#1767,#96,.T.);
#1414=EDGE_CURVE('',#1558,#1557,#97,.T.);
#1415=EDGE_CURVE('',#1768,#1768,#98,.T.);
#1416=EDGE_CURVE('',#1769,#1769,#99,.T.);
#1417=EDGE_CURVE('',#1490,#1542,#2126,.T.);
#1418=EDGE_CURVE('',#1491,#1541,#2127,.T.);
#1419=EDGE_CURVE('',#1492,#1544,#2128,.T.);
#1420=EDGE_CURVE('',#1489,#1543,#2129,.T.);
#1421=EDGE_CURVE('',#1494,#1537,#2130,.T.);
#1422=EDGE_CURVE('',#1495,#1536,#2131,.T.);
#1423=EDGE_CURVE('',#1496,#1539,#2132,.T.);
#1424=EDGE_CURVE('',#1493,#1538,#2133,.T.);
#1425=EDGE_CURVE('',#1485,#1547,#2134,.T.);
#1426=EDGE_CURVE('',#1484,#1545,#2135,.T.);
#1427=EDGE_CURVE('',#1486,#1546,#2136,.T.);
#1428=EDGE_CURVE('',#1487,#1548,#2137,.T.);
#1429=EDGE_CURVE('',#1481,#1551,#2138,.T.);
#1430=EDGE_CURVE('',#1480,#1549,#2139,.T.);
#1431=EDGE_CURVE('',#1482,#1550,#2140,.T.);
#1432=EDGE_CURVE('',#1483,#1552,#2141,.T.);
#1433=EDGE_CURVE('',#1472,#1520,#2142,.T.);
#1434=EDGE_CURVE('',#1473,#1519,#2143,.T.);
#1435=EDGE_CURVE('',#1498,#1530,#2144,.T.);
#1436=EDGE_CURVE('',#1499,#1529,#2145,.T.);
#1437=EDGE_CURVE('',#1500,#1532,#2146,.T.);
#1438=EDGE_CURVE('',#1497,#1531,#2147,.T.);
#1439=EDGE_CURVE('',#1502,#1554,#2148,.T.);
#1440=EDGE_CURVE('',#1503,#1553,#2149,.T.);
#1441=EDGE_CURVE('',#1504,#1556,#2150,.T.);
#1442=EDGE_CURVE('',#1501,#1555,#2151,.T.);
#1443=EDGE_CURVE('',#1506,#1526,#2152,.T.);
#1444=EDGE_CURVE('',#1507,#1525,#2153,.T.);
#1445=EDGE_CURVE('',#1508,#1528,#2154,.T.);
#1446=EDGE_CURVE('',#1505,#1527,#2155,.T.);
#1447=EDGE_CURVE('',#1476,#1516,#2156,.T.);
#1448=EDGE_CURVE('',#1468,#1515,#2157,.T.);
#1449=EDGE_CURVE('',#1510,#1459,#2158,.T.);
#1450=EDGE_CURVE('',#1509,#1465,#2159,.T.);
#1451=EDGE_CURVE('',#1466,#1563,#2160,.T.);
#1452=EDGE_CURVE('',#1460,#1566,#2161,.T.);
#1453=VERTEX_POINT('',#4354);
#1454=VERTEX_POINT('',#4355);
#1455=VERTEX_POINT('',#4357);
#1456=VERTEX_POINT('',#4359);
#1457=VERTEX_POINT('',#4362);
#1458=VERTEX_POINT('',#4364);
#1459=VERTEX_POINT('',#4366);
#1460=VERTEX_POINT('',#4367);
#1461=VERTEX_POINT('',#4369);
#1462=VERTEX_POINT('',#4371);
#1463=VERTEX_POINT('',#4373);
#1464=VERTEX_POINT('',#4375);
#1465=VERTEX_POINT('',#4377);
#1466=VERTEX_POINT('',#4379);
#1467=VERTEX_POINT('',#4383);
#1468=VERTEX_POINT('',#4384);
#1469=VERTEX_POINT('',#4386);
#1470=VERTEX_POINT('',#4390);
#1471=VERTEX_POINT('',#4392);
#1472=VERTEX_POINT('',#4394);
#1473=VERTEX_POINT('',#4396);
#1474=VERTEX_POINT('',#4398);
#1475=VERTEX_POINT('',#4400);
#1476=VERTEX_POINT('',#4402);
#1477=VERTEX_POINT('',#4405);
#1478=VERTEX_POINT('',#4407);
#1479=VERTEX_POINT('',#4409);
#1480=VERTEX_POINT('',#4411);
#1481=VERTEX_POINT('',#4412);
#1482=VERTEX_POINT('',#4414);
#1483=VERTEX_POINT('',#4416);
#1484=VERTEX_POINT('',#4419);
#1485=VERTEX_POINT('',#4420);
#1486=VERTEX_POINT('',#4422);
#1487=VERTEX_POINT('',#4424);
#1488=VERTEX_POINT('',#4427);
#1489=VERTEX_POINT('',#4429);
#1490=VERTEX_POINT('',#4430);
#1491=VERTEX_POINT('',#4432);
#1492=VERTEX_POINT('',#4434);
#1493=VERTEX_POINT('',#4437);
#1494=VERTEX_POINT('',#4438);
#1495=VERTEX_POINT('',#4440);
#1496=VERTEX_POINT('',#4442);
#1497=VERTEX_POINT('',#4445);
#1498=VERTEX_POINT('',#4446);
#1499=VERTEX_POINT('',#4448);
#1500=VERTEX_POINT('',#4450);
#1501=VERTEX_POINT('',#4453);
#1502=VERTEX_POINT('',#4454);
#1503=VERTEX_POINT('',#4456);
#1504=VERTEX_POINT('',#4458);
#1505=VERTEX_POINT('',#4461);
#1506=VERTEX_POINT('',#4462);
#1507=VERTEX_POINT('',#4464);
#1508=VERTEX_POINT('',#4466);
#1509=VERTEX_POINT('',#4470);
#1510=VERTEX_POINT('',#4471);
#1511=VERTEX_POINT('',#4473);
#1512=VERTEX_POINT('',#4475);
#1513=VERTEX_POINT('',#4477);
#1514=VERTEX_POINT('',#4479);
#1515=VERTEX_POINT('',#4481);
#1516=VERTEX_POINT('',#4483);
#1517=VERTEX_POINT('',#4485);
#1518=VERTEX_POINT('',#4487);
#1519=VERTEX_POINT('',#4489);
#1520=VERTEX_POINT('',#4491);
#1521=VERTEX_POINT('',#4493);
#1522=VERTEX_POINT('',#4495);
#1523=VERTEX_POINT('',#4497);
#1524=VERTEX_POINT('',#4499);
#1525=VERTEX_POINT('',#4502);
#1526=VERTEX_POINT('',#4503);
#1527=VERTEX_POINT('',#4505);
#1528=VERTEX_POINT('',#4507);
#1529=VERTEX_POINT('',#4510);
#1530=VERTEX_POINT('',#4511);
#1531=VERTEX_POINT('',#4513);
#1532=VERTEX_POINT('',#4515);
#1533=VERTEX_POINT('',#4518);
#1534=VERTEX_POINT('',#4520);
#1535=VERTEX_POINT('',#4522);
#1536=VERTEX_POINT('',#4524);
#1537=VERTEX_POINT('',#4525);
#1538=VERTEX_POINT('',#4527);
#1539=VERTEX_POINT('',#4529);
#1540=VERTEX_POINT('',#4532);
#1541=VERTEX_POINT('',#4534);
#1542=VERTEX_POINT('',#4535);
#1543=VERTEX_POINT('',#4537);
#1544=VERTEX_POINT('',#4539);
#1545=VERTEX_POINT('',#4542);
#1546=VERTEX_POINT('',#4543);
#1547=VERTEX_POINT('',#4545);
#1548=VERTEX_POINT('',#4547);
#1549=VERTEX_POINT('',#4550);
#1550=VERTEX_POINT('',#4551);
#1551=VERTEX_POINT('',#4553);
#1552=VERTEX_POINT('',#4555);
#1553=VERTEX_POINT('',#4558);
#1554=VERTEX_POINT('',#4559);
#1555=VERTEX_POINT('',#4561);
#1556=VERTEX_POINT('',#4563);
#1557=VERTEX_POINT('',#4567);
#1558=VERTEX_POINT('',#4568);
#1559=VERTEX_POINT('',#4570);
#1560=VERTEX_POINT('',#4572);
#1561=VERTEX_POINT('',#4574);
#1562=VERTEX_POINT('',#4576);
#1563=VERTEX_POINT('',#4580);
#1564=VERTEX_POINT('',#4582);
#1565=VERTEX_POINT('',#4584);
#1566=VERTEX_POINT('',#4587);
#1567=VERTEX_POINT('',#4590);
#1568=VERTEX_POINT('',#4592);
#1569=VERTEX_POINT('',#4594);
#1570=VERTEX_POINT('',#4596);
#1571=VERTEX_POINT('',#4599);
#1572=VERTEX_POINT('',#4600);
#1573=VERTEX_POINT('',#4602);
#1574=VERTEX_POINT('',#4604);
#1575=VERTEX_POINT('',#4607);
#1576=VERTEX_POINT('',#4608);
#1577=VERTEX_POINT('',#4610);
#1578=VERTEX_POINT('',#4612);
#1579=VERTEX_POINT('',#4615);
#1580=VERTEX_POINT('',#4616);
#1581=VERTEX_POINT('',#4618);
#1582=VERTEX_POINT('',#4620);
#1583=VERTEX_POINT('',#4623);
#1584=VERTEX_POINT('',#4624);
#1585=VERTEX_POINT('',#4626);
#1586=VERTEX_POINT('',#4628);
#1587=VERTEX_POINT('',#4631);
#1588=VERTEX_POINT('',#4632);
#1589=VERTEX_POINT('',#4634);
#1590=VERTEX_POINT('',#4636);
#1591=VERTEX_POINT('',#4640);
#1592=VERTEX_POINT('',#4642);
#1593=VERTEX_POINT('',#4644);
#1594=VERTEX_POINT('',#4646);
#1595=VERTEX_POINT('',#4648);
#1596=VERTEX_POINT('',#4650);
#1597=VERTEX_POINT('',#4652);
#1598=VERTEX_POINT('',#4653);
#1599=VERTEX_POINT('',#4655);
#1600=VERTEX_POINT('',#4657);
#1601=VERTEX_POINT('',#4660);
#1602=VERTEX_POINT('',#4661);
#1603=VERTEX_POINT('',#4663);
#1604=VERTEX_POINT('',#4665);
#1605=VERTEX_POINT('',#4668);
#1606=VERTEX_POINT('',#4669);
#1607=VERTEX_POINT('',#4671);
#1608=VERTEX_POINT('',#4673);
#1609=VERTEX_POINT('',#4676);
#1610=VERTEX_POINT('',#4677);
#1611=VERTEX_POINT('',#4679);
#1612=VERTEX_POINT('',#4681);
#1613=VERTEX_POINT('',#4684);
#1614=VERTEX_POINT('',#4685);
#1615=VERTEX_POINT('',#4687);
#1616=VERTEX_POINT('',#4689);
#1617=VERTEX_POINT('',#4692);
#1618=VERTEX_POINT('',#4693);
#1619=VERTEX_POINT('',#4695);
#1620=VERTEX_POINT('',#4697);
#1621=VERTEX_POINT('',#4700);
#1622=VERTEX_POINT('',#4701);
#1623=VERTEX_POINT('',#4703);
#1624=VERTEX_POINT('',#4705);
#1625=VERTEX_POINT('',#4711);
#1626=VERTEX_POINT('',#4713);
#1627=VERTEX_POINT('',#4716);
#1628=VERTEX_POINT('',#4718);
#1629=VERTEX_POINT('',#4722);
#1630=VERTEX_POINT('',#4724);
#1631=VERTEX_POINT('',#4727);
#1632=VERTEX_POINT('',#4729);
#1633=VERTEX_POINT('',#4731);
#1634=VERTEX_POINT('',#4732);
#1635=VERTEX_POINT('',#4734);
#1636=VERTEX_POINT('',#4736);
#1637=VERTEX_POINT('',#4739);
#1638=VERTEX_POINT('',#4741);
#1639=VERTEX_POINT('',#4744);
#1640=VERTEX_POINT('',#4746);
#1641=VERTEX_POINT('',#4750);
#1642=VERTEX_POINT('',#4752);
#1643=VERTEX_POINT('',#4755);
#1644=VERTEX_POINT('',#4756);
#1645=VERTEX_POINT('',#4758);
#1646=VERTEX_POINT('',#4760);
#1647=VERTEX_POINT('',#4764);
#1648=VERTEX_POINT('',#4766);
#1649=VERTEX_POINT('',#4769);
#1650=VERTEX_POINT('',#4770);
#1651=VERTEX_POINT('',#4772);
#1652=VERTEX_POINT('',#4774);
#1653=VERTEX_POINT('',#4778);
#1654=VERTEX_POINT('',#4779);
#1655=VERTEX_POINT('',#4781);
#1656=VERTEX_POINT('',#4783);
#1657=VERTEX_POINT('',#4785);
#1658=VERTEX_POINT('',#4787);
#1659=VERTEX_POINT('',#4792);
#1660=VERTEX_POINT('',#4793);
#1661=VERTEX_POINT('',#4795);
#1662=VERTEX_POINT('',#4797);
#1663=VERTEX_POINT('',#4800);
#1664=VERTEX_POINT('',#4802);
#1665=VERTEX_POINT('',#4806);
#1666=VERTEX_POINT('',#4807);
#1667=VERTEX_POINT('',#4809);
#1668=VERTEX_POINT('',#4811);
#1669=VERTEX_POINT('',#4813);
#1670=VERTEX_POINT('',#4816);
#1671=VERTEX_POINT('',#4820);
#1672=VERTEX_POINT('',#4821);
#1673=VERTEX_POINT('',#4823);
#1674=VERTEX_POINT('',#4825);
#1675=VERTEX_POINT('',#4827);
#1676=VERTEX_POINT('',#4830);
#1677=VERTEX_POINT('',#4834);
#1678=VERTEX_POINT('',#4835);
#1679=VERTEX_POINT('',#4837);
#1680=VERTEX_POINT('',#4839);
#1681=VERTEX_POINT('',#4842);
#1682=VERTEX_POINT('',#4844);
#1683=VERTEX_POINT('',#4848);
#1684=VERTEX_POINT('',#4849);
#1685=VERTEX_POINT('',#4851);
#1686=VERTEX_POINT('',#4853);
#1687=VERTEX_POINT('',#4856);
#1688=VERTEX_POINT('',#4858);
#1689=VERTEX_POINT('',#4881);
#1690=VERTEX_POINT('',#4883);
#1691=VERTEX_POINT('',#4885);
#1692=VERTEX_POINT('',#4887);
#1693=VERTEX_POINT('',#4889);
#1694=VERTEX_POINT('',#4900);
#1695=VERTEX_POINT('',#4902);
#1696=VERTEX_POINT('',#4904);
#1697=VERTEX_POINT('',#4906);
#1698=VERTEX_POINT('',#4908);
#1699=VERTEX_POINT('',#4936);
#1700=VERTEX_POINT('',#4938);
#1701=VERTEX_POINT('',#4947);
#1702=VERTEX_POINT('',#4949);
#1703=VERTEX_POINT('',#4951);
#1704=VERTEX_POINT('',#4955);
#1705=VERTEX_POINT('',#4957);
#1706=VERTEX_POINT('',#4960);
#1707=VERTEX_POINT('',#4961);
#1708=VERTEX_POINT('',#4963);
#1709=VERTEX_POINT('',#4965);
#1710=VERTEX_POINT('',#4969);
#1711=VERTEX_POINT('',#4971);
#1712=VERTEX_POINT('',#4974);
#1713=VERTEX_POINT('',#4975);
#1714=VERTEX_POINT('',#4977);
#1715=VERTEX_POINT('',#4979);
#1716=VERTEX_POINT('',#4983);
#1717=VERTEX_POINT('',#4984);
#1718=VERTEX_POINT('',#4987);
#1719=VERTEX_POINT('',#4989);
#1720=VERTEX_POINT('',#4991);
#1721=VERTEX_POINT('',#4993);
#1722=VERTEX_POINT('',#4997);
#1723=VERTEX_POINT('',#4998);
#1724=VERTEX_POINT('',#5000);
#1725=VERTEX_POINT('',#5002);
#1726=VERTEX_POINT('',#5005);
#1727=VERTEX_POINT('',#5007);
#1728=VERTEX_POINT('',#5011);
#1729=VERTEX_POINT('',#5012);
#1730=VERTEX_POINT('',#5014);
#1731=VERTEX_POINT('',#5017);
#1732=VERTEX_POINT('',#5019);
#1733=VERTEX_POINT('',#5021);
#1734=VERTEX_POINT('',#5025);
#1735=VERTEX_POINT('',#5026);
#1736=VERTEX_POINT('',#5028);
#1737=VERTEX_POINT('',#5031);
#1738=VERTEX_POINT('',#5033);
#1739=VERTEX_POINT('',#5035);
#1740=VERTEX_POINT('',#5039);
#1741=VERTEX_POINT('',#5040);
#1742=VERTEX_POINT('',#5042);
#1743=VERTEX_POINT('',#5044);
#1744=VERTEX_POINT('',#5047);
#1745=VERTEX_POINT('',#5049);
#1746=VERTEX_POINT('',#5053);
#1747=VERTEX_POINT('',#5054);
#1748=VERTEX_POINT('',#5056);
#1749=VERTEX_POINT('',#5058);
#1750=VERTEX_POINT('',#5061);
#1751=VERTEX_POINT('',#5063);
#1752=VERTEX_POINT('',#5078);
#1753=VERTEX_POINT('',#5080);
#1754=VERTEX_POINT('',#5082);
#1755=VERTEX_POINT('',#5084);
#1756=VERTEX_POINT('',#5086);
#1757=VERTEX_POINT('',#5097);
#1758=VERTEX_POINT('',#5099);
#1759=VERTEX_POINT('',#5101);
#1760=VERTEX_POINT('',#5103);
#1761=VERTEX_POINT('',#5105);
#1762=VERTEX_POINT('',#5133);
#1763=VERTEX_POINT('',#5137);
#1764=VERTEX_POINT('',#5139);
#1765=VERTEX_POINT('',#5162);
#1766=VERTEX_POINT('',#5165);
#1767=VERTEX_POINT('',#5176);
#1768=VERTEX_POINT('',#5182);
#1769=VERTEX_POINT('',#5186);
#1770=LINE('',#4353,#2162);
#1771=LINE('',#4356,#2163);
#1772=LINE('',#4358,#2164);
#1773=LINE('',#4360,#2165);
#1774=LINE('',#4365,#2166);
#1775=LINE('',#4368,#2167);
#1776=LINE('',#4370,#2168);
#1777=LINE('',#4372,#2169);
#1778=LINE('',#4374,#2170);
#1779=LINE('',#4376,#2171);
#1780=LINE('',#4378,#2172);
#1781=LINE('',#4380,#2173);
#1782=LINE('',#4382,#2174);
#1783=LINE('',#4385,#2175);
#1784=LINE('',#4387,#2176);
#1785=LINE('',#4388,#2177);
#1786=LINE('',#4389,#2178);
#1787=LINE('',#4391,#2179);
#1788=LINE('',#4393,#2180);
#1789=LINE('',#4395,#2181);
#1790=LINE('',#4397,#2182);
#1791=LINE('',#4399,#2183);
#1792=LINE('',#4401,#2184);
#1793=LINE('',#4403,#2185);
#1794=LINE('',#4410,#2186);
#1795=LINE('',#4413,#2187);
#1796=LINE('',#4415,#2188);
#1797=LINE('',#4417,#2189);
#1798=LINE('',#4418,#2190);
#1799=LINE('',#4421,#2191);
#1800=LINE('',#4423,#2192);
#1801=LINE('',#4425,#2193);
#1802=LINE('',#4428,#2194);
#1803=LINE('',#4431,#2195);
#1804=LINE('',#4433,#2196);
#1805=LINE('',#4435,#2197);
#1806=LINE('',#4436,#2198);
#1807=LINE('',#4439,#2199);
#1808=LINE('',#4441,#2200);
#1809=LINE('',#4443,#2201);
#1810=LINE('',#4444,#2202);
#1811=LINE('',#4447,#2203);
#1812=LINE('',#4449,#2204);
#1813=LINE('',#4451,#2205);
#1814=LINE('',#4452,#2206);
#1815=LINE('',#4455,#2207);
#1816=LINE('',#4457,#2208);
#1817=LINE('',#4459,#2209);
#1818=LINE('',#4460,#2210);
#1819=LINE('',#4463,#2211);
#1820=LINE('',#4465,#2212);
#1821=LINE('',#4467,#2213);
#1822=LINE('',#4469,#2214);
#1823=LINE('',#4472,#2215);
#1824=LINE('',#4474,#2216);
#1825=LINE('',#4476,#2217);
#1826=LINE('',#4478,#2218);
#1827=LINE('',#4480,#2219);
#1828=LINE('',#4482,#2220);
#1829=LINE('',#4484,#2221);
#1830=LINE('',#4486,#2222);
#1831=LINE('',#4488,#2223);
#1832=LINE('',#4490,#2224);
#1833=LINE('',#4492,#2225);
#1834=LINE('',#4494,#2226);
#1835=LINE('',#4496,#2227);
#1836=LINE('',#4498,#2228);
#1837=LINE('',#4500,#2229);
#1838=LINE('',#4501,#2230);
#1839=LINE('',#4504,#2231);
#1840=LINE('',#4506,#2232);
#1841=LINE('',#4508,#2233);
#1842=LINE('',#4509,#2234);
#1843=LINE('',#4512,#2235);
#1844=LINE('',#4514,#2236);
#1845=LINE('',#4516,#2237);
#1846=LINE('',#4523,#2238);
#1847=LINE('',#4526,#2239);
#1848=LINE('',#4528,#2240);
#1849=LINE('',#4530,#2241);
#1850=LINE('',#4533,#2242);
#1851=LINE('',#4536,#2243);
#1852=LINE('',#4538,#2244);
#1853=LINE('',#4540,#2245);
#1854=LINE('',#4541,#2246);
#1855=LINE('',#4544,#2247);
#1856=LINE('',#4546,#2248);
#1857=LINE('',#4548,#2249);
#1858=LINE('',#4549,#2250);
#1859=LINE('',#4552,#2251);
#1860=LINE('',#4554,#2252);
#1861=LINE('',#4556,#2253);
#1862=LINE('',#4557,#2254);
#1863=LINE('',#4560,#2255);
#1864=LINE('',#4562,#2256);
#1865=LINE('',#4564,#2257);
#1866=LINE('',#4569,#2258);
#1867=LINE('',#4571,#2259);
#1868=LINE('',#4573,#2260);
#1869=LINE('',#4575,#2261);
#1870=LINE('',#4577,#2262);
#1871=LINE('',#4579,#2263);
#1872=LINE('',#4581,#2264);
#1873=LINE('',#4583,#2265);
#1874=LINE('',#4585,#2266);
#1875=LINE('',#4586,#2267);
#1876=LINE('',#4588,#2268);
#1877=LINE('',#4593,#2269);
#1878=LINE('',#4595,#2270);
#1879=LINE('',#4597,#2271);
#1880=LINE('',#4598,#2272);
#1881=LINE('',#4601,#2273);
#1882=LINE('',#4603,#2274);
#1883=LINE('',#4605,#2275);
#1884=LINE('',#4606,#2276);
#1885=LINE('',#4609,#2277);
#1886=LINE('',#4611,#2278);
#1887=LINE('',#4613,#2279);
#1888=LINE('',#4614,#2280);
#1889=LINE('',#4617,#2281);
#1890=LINE('',#4619,#2282);
#1891=LINE('',#4621,#2283);
#1892=LINE('',#4622,#2284);
#1893=LINE('',#4625,#2285);
#1894=LINE('',#4627,#2286);
#1895=LINE('',#4629,#2287);
#1896=LINE('',#4630,#2288);
#1897=LINE('',#4633,#2289);
#1898=LINE('',#4635,#2290);
#1899=LINE('',#4637,#2291);
#1900=LINE('',#4651,#2292);
#1901=LINE('',#4654,#2293);
#1902=LINE('',#4656,#2294);
#1903=LINE('',#4658,#2295);
#1904=LINE('',#4659,#2296);
#1905=LINE('',#4662,#2297);
#1906=LINE('',#4664,#2298);
#1907=LINE('',#4666,#2299);
#1908=LINE('',#4667,#2300);
#1909=LINE('',#4670,#2301);
#1910=LINE('',#4672,#2302);
#1911=LINE('',#4674,#2303);
#1912=LINE('',#4675,#2304);
#1913=LINE('',#4678,#2305);
#1914=LINE('',#4680,#2306);
#1915=LINE('',#4682,#2307);
#1916=LINE('',#4683,#2308);
#1917=LINE('',#4686,#2309);
#1918=LINE('',#4688,#2310);
#1919=LINE('',#4690,#2311);
#1920=LINE('',#4691,#2312);
#1921=LINE('',#4694,#2313);
#1922=LINE('',#4696,#2314);
#1923=LINE('',#4698,#2315);
#1924=LINE('',#4699,#2316);
#1925=LINE('',#4702,#2317);
#1926=LINE('',#4704,#2318);
#1927=LINE('',#4706,#2319);
#1928=LINE('',#4708,#2320);
#1929=LINE('',#4709,#2321);
#1930=LINE('',#4714,#2322);
#1931=LINE('',#4715,#2323);
#1932=LINE('',#4717,#2324);
#1933=LINE('',#4719,#2325);
#1934=LINE('',#4720,#2326);
#1935=LINE('',#4721,#2327);
#1936=LINE('',#4723,#2328);
#1937=LINE('',#4725,#2329);
#1938=LINE('',#4730,#2330);
#1939=LINE('',#4733,#2331);
#1940=LINE('',#4735,#2332);
#1941=LINE('',#4737,#2333);
#1942=LINE('',#4747,#2334);
#1943=LINE('',#4749,#2335);
#1944=LINE('',#4751,#2336);
#1945=LINE('',#4753,#2337);
#1946=LINE('',#4754,#2338);
#1947=LINE('',#4757,#2339);
#1948=LINE('',#4759,#2340);
#1949=LINE('',#4761,#2341);
#1950=LINE('',#4763,#2342);
#1951=LINE('',#4765,#2343);
#1952=LINE('',#4767,#2344);
#1953=LINE('',#4768,#2345);
#1954=LINE('',#4771,#2346);
#1955=LINE('',#4773,#2347);
#1956=LINE('',#4775,#2348);
#1957=LINE('',#4777,#2349);
#1958=LINE('',#4780,#2350);
#1959=LINE('',#4782,#2351);
#1960=LINE('',#4784,#2352);
#1961=LINE('',#4786,#2353);
#1962=LINE('',#4788,#2354);
#1963=LINE('',#4789,#2355);
#1964=LINE('',#4791,#2356);
#1965=LINE('',#4794,#2357);
#1966=LINE('',#4796,#2358);
#1967=LINE('',#4798,#2359);
#1968=LINE('',#4799,#2360);
#1969=LINE('',#4801,#2361);
#1970=LINE('',#4803,#2362);
#1971=LINE('',#4805,#2363);
#1972=LINE('',#4808,#2364);
#1973=LINE('',#4810,#2365);
#1974=LINE('',#4812,#2366);
#1975=LINE('',#4814,#2367);
#1976=LINE('',#4815,#2368);
#1977=LINE('',#4817,#2369);
#1978=LINE('',#4819,#2370);
#1979=LINE('',#4822,#2371);
#1980=LINE('',#4824,#2372);
#1981=LINE('',#4826,#2373);
#1982=LINE('',#4828,#2374);
#1983=LINE('',#4829,#2375);
#1984=LINE('',#4831,#2376);
#1985=LINE('',#4833,#2377);
#1986=LINE('',#4836,#2378);
#1987=LINE('',#4838,#2379);
#1988=LINE('',#4840,#2380);
#1989=LINE('',#4841,#2381);
#1990=LINE('',#4843,#2382);
#1991=LINE('',#4845,#2383);
#1992=LINE('',#4847,#2384);
#1993=LINE('',#4850,#2385);
#1994=LINE('',#4852,#2386);
#1995=LINE('',#4854,#2387);
#1996=LINE('',#4855,#2388);
#1997=LINE('',#4857,#2389);
#1998=LINE('',#4859,#2390);
#1999=LINE('',#4861,#2391);
#2000=LINE('',#4862,#2392);
#2001=LINE('',#4863,#2393);
#2002=LINE('',#4865,#2394);
#2003=LINE('',#4866,#2395);
#2004=LINE('',#4867,#2396);
#2005=LINE('',#4870,#2397);
#2006=LINE('',#4871,#2398);
#2007=LINE('',#4872,#2399);
#2008=LINE('',#4873,#2400);
#2009=LINE('',#4875,#2401);
#2010=LINE('',#4876,#2402);
#2011=LINE('',#4877,#2403);
#2012=LINE('',#4878,#2404);
#2013=LINE('',#4891,#2405);
#2014=LINE('',#4892,#2406);
#2015=LINE('',#4893,#2407);
#2016=LINE('',#4894,#2408);
#2017=LINE('',#4895,#2409);
#2018=LINE('',#4896,#2410);
#2019=LINE('',#4897,#2411);
#2020=LINE('',#4898,#2412);
#2021=LINE('',#4915,#2413);
#2022=LINE('',#4917,#2414);
#2023=LINE('',#4920,#2415);
#2024=LINE('',#4922,#2416);
#2025=LINE('',#4925,#2417);
#2026=LINE('',#4927,#2418);
#2027=LINE('',#4930,#2419);
#2028=LINE('',#4932,#2420);
#2029=LINE('',#4939,#2421);
#2030=LINE('',#4941,#2422);
#2031=LINE('',#4944,#2423);
#2032=LINE('',#4948,#2424);
#2033=LINE('',#4950,#2425);
#2034=LINE('',#4954,#2426);
#2035=LINE('',#4956,#2427);
#2036=LINE('',#4958,#2428);
#2037=LINE('',#4959,#2429);
#2038=LINE('',#4962,#2430);
#2039=LINE('',#4964,#2431);
#2040=LINE('',#4966,#2432);
#2041=LINE('',#4968,#2433);
#2042=LINE('',#4970,#2434);
#2043=LINE('',#4972,#2435);
#2044=LINE('',#4973,#2436);
#2045=LINE('',#4976,#2437);
#2046=LINE('',#4978,#2438);
#2047=LINE('',#4980,#2439);
#2048=LINE('',#4982,#2440);
#2049=LINE('',#4985,#2441);
#2050=LINE('',#4986,#2442);
#2051=LINE('',#4988,#2443);
#2052=LINE('',#4990,#2444);
#2053=LINE('',#4992,#2445);
#2054=LINE('',#4994,#2446);
#2055=LINE('',#4996,#2447);
#2056=LINE('',#4999,#2448);
#2057=LINE('',#5001,#2449);
#2058=LINE('',#5003,#2450);
#2059=LINE('',#5004,#2451);
#2060=LINE('',#5006,#2452);
#2061=LINE('',#5008,#2453);
#2062=LINE('',#5010,#2454);
#2063=LINE('',#5013,#2455);
#2064=LINE('',#5015,#2456);
#2065=LINE('',#5016,#2457);
#2066=LINE('',#5018,#2458);
#2067=LINE('',#5020,#2459);
#2068=LINE('',#5022,#2460);
#2069=LINE('',#5024,#2461);
#2070=LINE('',#5027,#2462);
#2071=LINE('',#5029,#2463);
#2072=LINE('',#5030,#2464);
#2073=LINE('',#5032,#2465);
#2074=LINE('',#5034,#2466);
#2075=LINE('',#5036,#2467);
#2076=LINE('',#5038,#2468);
#2077=LINE('',#5041,#2469);
#2078=LINE('',#5043,#2470);
#2079=LINE('',#5045,#2471);
#2080=LINE('',#5046,#2472);
#2081=LINE('',#5048,#2473);
#2082=LINE('',#5050,#2474);
#2083=LINE('',#5052,#2475);
#2084=LINE('',#5055,#2476);
#2085=LINE('',#5057,#2477);
#2086=LINE('',#5059,#2478);
#2087=LINE('',#5060,#2479);
#2088=LINE('',#5062,#2480);
#2089=LINE('',#5064,#2481);
#2090=LINE('',#5067,#2482);
#2091=LINE('',#5068,#2483);
#2092=LINE('',#5069,#2484);
#2093=LINE('',#5070,#2485);
#2094=LINE('',#5072,#2486);
#2095=LINE('',#5073,#2487);
#2096=LINE('',#5074,#2488);
#2097=LINE('',#5075,#2489);
#2098=LINE('',#5088,#2490);
#2099=LINE('',#5089,#2491);
#2100=LINE('',#5090,#2492);
#2101=LINE('',#5091,#2493);
#2102=LINE('',#5092,#2494);
#2103=LINE('',#5093,#2495);
#2104=LINE('',#5094,#2496);
#2105=LINE('',#5095,#2497);
#2106=LINE('',#5112,#2498);
#2107=LINE('',#5114,#2499);
#2108=LINE('',#5117,#2500);
#2109=LINE('',#5119,#2501);
#2110=LINE('',#5122,#2502);
#2111=LINE('',#5124,#2503);
#2112=LINE('',#5127,#2504);
#2113=LINE('',#5129,#2505);
#2114=LINE('',#5132,#2506);
#2115=LINE('',#5134,#2507);
#2116=LINE('',#5140,#2508);
#2117=LINE('',#5142,#2509);
#2118=LINE('',#5153,#2510);
#2119=LINE('',#5154,#2511);
#2120=LINE('',#5156,#2512);
#2121=LINE('',#5158,#2513);
#2122=LINE('',#5167,#2514);
#2123=LINE('',#5168,#2515);
#2124=LINE('',#5170,#2516);
#2125=LINE('',#5172,#2517);
#2126=LINE('',#5190,#2518);
#2127=LINE('',#5191,#2519);
#2128=LINE('',#5193,#2520);
#2129=LINE('',#5195,#2521);
#2130=LINE('',#5198,#2522);
#2131=LINE('',#5199,#2523);
#2132=LINE('',#5201,#2524);
#2133=LINE('',#5203,#2525);
#2134=LINE('',#5206,#2526);
#2135=LINE('',#5207,#2527);
#2136=LINE('',#5209,#2528);
#2137=LINE('',#5211,#2529);
#2138=LINE('',#5214,#2530);
#2139=LINE('',#5215,#2531);
#2140=LINE('',#5217,#2532);
#2141=LINE('',#5219,#2533);
#2142=LINE('',#5222,#2534);
#2143=LINE('',#5223,#2535);
#2144=LINE('',#5230,#2536);
#2145=LINE('',#5231,#2537);
#2146=LINE('',#5233,#2538);
#2147=LINE('',#5235,#2539);
#2148=LINE('',#5238,#2540);
#2149=LINE('',#5239,#2541);
#2150=LINE('',#5241,#2542);
#2151=LINE('',#5243,#2543);
#2152=LINE('',#5246,#2544);
#2153=LINE('',#5247,#2545);
#2154=LINE('',#5249,#2546);
#2155=LINE('',#5251,#2547);
#2156=LINE('',#5254,#2548);
#2157=LINE('',#5255,#2549);
#2158=LINE('',#5259,#2550);
#2159=LINE('',#5260,#2551);
#2160=LINE('',#5262,#2552);
#2161=LINE('',#5264,#2553);
#2162=VECTOR('',#3551,1.);
#2163=VECTOR('',#3552,1.);
#2164=VECTOR('',#3553,1.);
#2165=VECTOR('',#3554,1.);
#2166=VECTOR('',#3559,1.);
#2167=VECTOR('',#3560,1.);
#2168=VECTOR('',#3561,1.);
#2169=VECTOR('',#3562,1.);
#2170=VECTOR('',#3563,1.);
#2171=VECTOR('',#3564,1.);
#2172=VECTOR('',#3565,1.);
#2173=VECTOR('',#3566,1.);
#2174=VECTOR('',#3569,1.);
#2175=VECTOR('',#3570,1.);
#2176=VECTOR('',#3571,1.);
#2177=VECTOR('',#3572,1.);
#2178=VECTOR('',#3573,1.);
#2179=VECTOR('',#3574,1.);
#2180=VECTOR('',#3575,1.);
#2181=VECTOR('',#3576,1.);
#2182=VECTOR('',#3577,1.);
#2183=VECTOR('',#3578,1.);
#2184=VECTOR('',#3579,1.);
#2185=VECTOR('',#3580,1.);
#2186=VECTOR('',#3587,1.);
#2187=VECTOR('',#3588,1.);
#2188=VECTOR('',#3589,1.);
#2189=VECTOR('',#3590,1.);
#2190=VECTOR('',#3591,1.);
#2191=VECTOR('',#3592,1.);
#2192=VECTOR('',#3593,1.);
#2193=VECTOR('',#3594,1.);
#2194=VECTOR('',#3597,1.);
#2195=VECTOR('',#3598,1.);
#2196=VECTOR('',#3599,1.);
#2197=VECTOR('',#3600,1.);
#2198=VECTOR('',#3601,1.);
#2199=VECTOR('',#3602,1.);
#2200=VECTOR('',#3603,1.);
#2201=VECTOR('',#3604,1.);
#2202=VECTOR('',#3605,1.);
#2203=VECTOR('',#3606,1.);
#2204=VECTOR('',#3607,1.);
#2205=VECTOR('',#3608,1.);
#2206=VECTOR('',#3609,1.);
#2207=VECTOR('',#3610,1.);
#2208=VECTOR('',#3611,1.);
#2209=VECTOR('',#3612,1.);
#2210=VECTOR('',#3613,1.);
#2211=VECTOR('',#3614,1.);
#2212=VECTOR('',#3615,1.);
#2213=VECTOR('',#3616,1.);
#2214=VECTOR('',#3619,1.);
#2215=VECTOR('',#3620,1.);
#2216=VECTOR('',#3621,1.);
#2217=VECTOR('',#3622,1.);
#2218=VECTOR('',#3623,1.);
#2219=VECTOR('',#3624,1.);
#2220=VECTOR('',#3625,1.);
#2221=VECTOR('',#3626,1.);
#2222=VECTOR('',#3627,1.);
#2223=VECTOR('',#3628,1.);
#2224=VECTOR('',#3629,1.);
#2225=VECTOR('',#3630,1.);
#2226=VECTOR('',#3631,1.);
#2227=VECTOR('',#3632,1.);
#2228=VECTOR('',#3633,1.);
#2229=VECTOR('',#3634,1.);
#2230=VECTOR('',#3635,1.);
#2231=VECTOR('',#3636,1.);
#2232=VECTOR('',#3637,1.);
#2233=VECTOR('',#3638,1.);
#2234=VECTOR('',#3639,1.);
#2235=VECTOR('',#3640,1.);
#2236=VECTOR('',#3641,1.);
#2237=VECTOR('',#3642,1.);
#2238=VECTOR('',#3649,1.);
#2239=VECTOR('',#3650,1.);
#2240=VECTOR('',#3651,1.);
#2241=VECTOR('',#3652,1.);
#2242=VECTOR('',#3655,1.);
#2243=VECTOR('',#3656,1.);
#2244=VECTOR('',#3657,1.);
#2245=VECTOR('',#3658,1.);
#2246=VECTOR('',#3659,1.);
#2247=VECTOR('',#3660,1.);
#2248=VECTOR('',#3661,1.);
#2249=VECTOR('',#3662,1.);
#2250=VECTOR('',#3663,1.);
#2251=VECTOR('',#3664,1.);
#2252=VECTOR('',#3665,1.);
#2253=VECTOR('',#3666,1.);
#2254=VECTOR('',#3667,1.);
#2255=VECTOR('',#3668,1.);
#2256=VECTOR('',#3669,1.);
#2257=VECTOR('',#3670,1.);
#2258=VECTOR('',#3675,1.);
#2259=VECTOR('',#3676,1.);
#2260=VECTOR('',#3677,1.);
#2261=VECTOR('',#3678,1.);
#2262=VECTOR('',#3679,1.);
#2263=VECTOR('',#3682,1.);
#2264=VECTOR('',#3683,1.);
#2265=VECTOR('',#3684,1.);
#2266=VECTOR('',#3685,1.);
#2267=VECTOR('',#3686,1.);
#2268=VECTOR('',#3687,1.);
#2269=VECTOR('',#3692,1.);
#2270=VECTOR('',#3693,1.);
#2271=VECTOR('',#3694,1.);
#2272=VECTOR('',#3695,1.);
#2273=VECTOR('',#3696,1.);
#2274=VECTOR('',#3697,1.);
#2275=VECTOR('',#3698,1.);
#2276=VECTOR('',#3699,1.);
#2277=VECTOR('',#3700,1.);
#2278=VECTOR('',#3701,1.);
#2279=VECTOR('',#3702,1.);
#2280=VECTOR('',#3703,1.);
#2281=VECTOR('',#3704,1.);
#2282=VECTOR('',#3705,1.);
#2283=VECTOR('',#3706,1.);
#2284=VECTOR('',#3707,1.);
#2285=VECTOR('',#3708,1.);
#2286=VECTOR('',#3709,1.);
#2287=VECTOR('',#3710,1.);
#2288=VECTOR('',#3711,1.);
#2289=VECTOR('',#3712,1.);
#2290=VECTOR('',#3713,1.);
#2291=VECTOR('',#3714,1.);
#2292=VECTOR('',#3729,1.);
#2293=VECTOR('',#3730,1.);
#2294=VECTOR('',#3731,1.);
#2295=VECTOR('',#3732,1.);
#2296=VECTOR('',#3733,1.);
#2297=VECTOR('',#3734,1.);
#2298=VECTOR('',#3735,1.);
#2299=VECTOR('',#3736,1.);
#2300=VECTOR('',#3737,1.);
#2301=VECTOR('',#3738,1.);
#2302=VECTOR('',#3739,1.);
#2303=VECTOR('',#3740,1.);
#2304=VECTOR('',#3741,1.);
#2305=VECTOR('',#3742,1.);
#2306=VECTOR('',#3743,1.);
#2307=VECTOR('',#3744,1.);
#2308=VECTOR('',#3745,1.);
#2309=VECTOR('',#3746,1.);
#2310=VECTOR('',#3747,1.);
#2311=VECTOR('',#3748,1.);
#2312=VECTOR('',#3749,1.);
#2313=VECTOR('',#3750,1.);
#2314=VECTOR('',#3751,1.);
#2315=VECTOR('',#3752,1.);
#2316=VECTOR('',#3753,1.);
#2317=VECTOR('',#3754,1.);
#2318=VECTOR('',#3755,1.);
#2319=VECTOR('',#3756,1.);
#2320=VECTOR('',#3759,1.);
#2321=VECTOR('',#3760,1.);
#2322=VECTOR('',#3765,1.);
#2323=VECTOR('',#3766,1.);
#2324=VECTOR('',#3767,1.);
#2325=VECTOR('',#3768,1.);
#2326=VECTOR('',#3769,1.);
#2327=VECTOR('',#3770,1.);
#2328=VECTOR('',#3771,1.);
#2329=VECTOR('',#3772,1.);
#2330=VECTOR('',#3777,1.);
#2331=VECTOR('',#3778,1.);
#2332=VECTOR('',#3779,1.);
#2333=VECTOR('',#3780,1.);
#2334=VECTOR('',#3791,1.);
#2335=VECTOR('',#3794,1.);
#2336=VECTOR('',#3795,1.);
#2337=VECTOR('',#3796,1.);
#2338=VECTOR('',#3797,1.);
#2339=VECTOR('',#3798,1.);
#2340=VECTOR('',#3799,1.);
#2341=VECTOR('',#3800,1.);
#2342=VECTOR('',#3803,1.);
#2343=VECTOR('',#3804,1.);
#2344=VECTOR('',#3805,1.);
#2345=VECTOR('',#3806,1.);
#2346=VECTOR('',#3807,1.);
#2347=VECTOR('',#3808,1.);
#2348=VECTOR('',#3809,1.);
#2349=VECTOR('',#3812,1.);
#2350=VECTOR('',#3813,1.);
#2351=VECTOR('',#3814,1.);
#2352=VECTOR('',#3815,1.);
#2353=VECTOR('',#3816,1.);
#2354=VECTOR('',#3817,1.);
#2355=VECTOR('',#3818,1.);
#2356=VECTOR('',#3821,1.);
#2357=VECTOR('',#3822,1.);
#2358=VECTOR('',#3823,1.);
#2359=VECTOR('',#3824,1.);
#2360=VECTOR('',#3825,1.);
#2361=VECTOR('',#3826,1.);
#2362=VECTOR('',#3827,1.);
#2363=VECTOR('',#3830,1.);
#2364=VECTOR('',#3831,1.);
#2365=VECTOR('',#3832,1.);
#2366=VECTOR('',#3833,1.);
#2367=VECTOR('',#3834,1.);
#2368=VECTOR('',#3835,1.);
#2369=VECTOR('',#3836,1.);
#2370=VECTOR('',#3839,1.);
#2371=VECTOR('',#3840,1.);
#2372=VECTOR('',#3841,1.);
#2373=VECTOR('',#3842,1.);
#2374=VECTOR('',#3843,1.);
#2375=VECTOR('',#3844,1.);
#2376=VECTOR('',#3845,1.);
#2377=VECTOR('',#3848,1.);
#2378=VECTOR('',#3849,1.);
#2379=VECTOR('',#3850,1.);
#2380=VECTOR('',#3851,1.);
#2381=VECTOR('',#3852,1.);
#2382=VECTOR('',#3853,1.);
#2383=VECTOR('',#3854,1.);
#2384=VECTOR('',#3857,1.);
#2385=VECTOR('',#3858,1.);
#2386=VECTOR('',#3859,1.);
#2387=VECTOR('',#3860,1.);
#2388=VECTOR('',#3861,1.);
#2389=VECTOR('',#3862,1.);
#2390=VECTOR('',#3863,1.);
#2391=VECTOR('',#3866,1.);
#2392=VECTOR('',#3867,1.);
#2393=VECTOR('',#3868,1.);
#2394=VECTOR('',#3871,1.);
#2395=VECTOR('',#3872,1.);
#2396=VECTOR('',#3873,1.);
#2397=VECTOR('',#3878,1.);
#2398=VECTOR('',#3879,1.);
#2399=VECTOR('',#3880,1.);
#2400=VECTOR('',#3881,1.);
#2401=VECTOR('',#3884,1.);
#2402=VECTOR('',#3885,1.);
#2403=VECTOR('',#3886,1.);
#2404=VECTOR('',#3887,1.);
#2405=VECTOR('',#3902,1.);
#2406=VECTOR('',#3903,1.);
#2407=VECTOR('',#3904,1.);
#2408=VECTOR('',#3905,1.);
#2409=VECTOR('',#3906,1.);
#2410=VECTOR('',#3907,1.);
#2411=VECTOR('',#3908,1.);
#2412=VECTOR('',#3909,1.);
#2413=VECTOR('',#3932,1.);
#2414=VECTOR('',#3935,1.);
#2415=VECTOR('',#3940,1.);
#2416=VECTOR('',#3943,1.);
#2417=VECTOR('',#3948,1.);
#2418=VECTOR('',#3951,1.);
#2419=VECTOR('',#3956,1.);
#2420=VECTOR('',#3959,1.);
#2421=VECTOR('',#3968,1.);
#2422=VECTOR('',#3971,1.);
#2423=VECTOR('',#3976,1.);
#2424=VECTOR('',#3981,1.);
#2425=VECTOR('',#3982,1.);
#2426=VECTOR('',#3987,1.);
#2427=VECTOR('',#3988,1.);
#2428=VECTOR('',#3989,1.);
#2429=VECTOR('',#3990,1.);
#2430=VECTOR('',#3991,1.);
#2431=VECTOR('',#3992,1.);
#2432=VECTOR('',#3993,1.);
#2433=VECTOR('',#3996,1.);
#2434=VECTOR('',#3997,1.);
#2435=VECTOR('',#3998,1.);
#2436=VECTOR('',#3999,1.);
#2437=VECTOR('',#4000,1.);
#2438=VECTOR('',#4001,1.);
#2439=VECTOR('',#4002,1.);
#2440=VECTOR('',#4005,1.);
#2441=VECTOR('',#4006,1.);
#2442=VECTOR('',#4007,1.);
#2443=VECTOR('',#4008,1.);
#2444=VECTOR('',#4009,1.);
#2445=VECTOR('',#4010,1.);
#2446=VECTOR('',#4011,1.);
#2447=VECTOR('',#4014,1.);
#2448=VECTOR('',#4015,1.);
#2449=VECTOR('',#4016,1.);
#2450=VECTOR('',#4017,1.);
#2451=VECTOR('',#4018,1.);
#2452=VECTOR('',#4019,1.);
#2453=VECTOR('',#4020,1.);
#2454=VECTOR('',#4023,1.);
#2455=VECTOR('',#4024,1.);
#2456=VECTOR('',#4025,1.);
#2457=VECTOR('',#4026,1.);
#2458=VECTOR('',#4027,1.);
#2459=VECTOR('',#4028,1.);
#2460=VECTOR('',#4029,1.);
#2461=VECTOR('',#4032,1.);
#2462=VECTOR('',#4033,1.);
#2463=VECTOR('',#4034,1.);
#2464=VECTOR('',#4035,1.);
#2465=VECTOR('',#4036,1.);
#2466=VECTOR('',#4037,1.);
#2467=VECTOR('',#4038,1.);
#2468=VECTOR('',#4041,1.);
#2469=VECTOR('',#4042,1.);
#2470=VECTOR('',#4043,1.);
#2471=VECTOR('',#4044,1.);
#2472=VECTOR('',#4045,1.);
#2473=VECTOR('',#4046,1.);
#2474=VECTOR('',#4047,1.);
#2475=VECTOR('',#4050,1.);
#2476=VECTOR('',#4051,1.);
#2477=VECTOR('',#4052,1.);
#2478=VECTOR('',#4053,1.);
#2479=VECTOR('',#4054,1.);
#2480=VECTOR('',#4055,1.);
#2481=VECTOR('',#4056,1.);
#2482=VECTOR('',#4061,1.);
#2483=VECTOR('',#4062,1.);
#2484=VECTOR('',#4063,1.);
#2485=VECTOR('',#4064,1.);
#2486=VECTOR('',#4067,1.);
#2487=VECTOR('',#4068,1.);
#2488=VECTOR('',#4069,1.);
#2489=VECTOR('',#4070,1.);
#2490=VECTOR('',#4085,1.);
#2491=VECTOR('',#4086,1.);
#2492=VECTOR('',#4087,1.);
#2493=VECTOR('',#4088,1.);
#2494=VECTOR('',#4089,1.);
#2495=VECTOR('',#4090,1.);
#2496=VECTOR('',#4091,1.);
#2497=VECTOR('',#4092,1.);
#2498=VECTOR('',#4115,1.);
#2499=VECTOR('',#4118,1.);
#2500=VECTOR('',#4123,1.);
#2501=VECTOR('',#4126,1.);
#2502=VECTOR('',#4131,1.);
#2503=VECTOR('',#4134,1.);
#2504=VECTOR('',#4139,1.);
#2505=VECTOR('',#4142,1.);
#2506=VECTOR('',#4147,1.);
#2507=VECTOR('',#4148,1.);
#2508=VECTOR('',#4155,1.);
#2509=VECTOR('',#4158,1.);
#2510=VECTOR('',#4179,1.);
#2511=VECTOR('',#4180,1.);
#2512=VECTOR('',#4183,1.);
#2513=VECTOR('',#4186,1.);
#2514=VECTOR('',#4199,1.);
#2515=VECTOR('',#4200,1.);
#2516=VECTOR('',#4203,1.);
#2517=VECTOR('',#4206,1.);
#2518=VECTOR('',#4235,1.);
#2519=VECTOR('',#4236,1.);
#2520=VECTOR('',#4239,1.);
#2521=VECTOR('',#4242,1.);
#2522=VECTOR('',#4247,1.);
#2523=VECTOR('',#4248,1.);
#2524=VECTOR('',#4251,1.);
#2525=VECTOR('',#4254,1.);
#2526=VECTOR('',#4259,1.);
#2527=VECTOR('',#4260,1.);
#2528=VECTOR('',#4263,1.);
#2529=VECTOR('',#4266,1.);
#2530=VECTOR('',#4271,1.);
#2531=VECTOR('',#4272,1.);
#2532=VECTOR('',#4275,1.);
#2533=VECTOR('',#4278,1.);
#2534=VECTOR('',#4283,1.);
#2535=VECTOR('',#4284,1.);
#2536=VECTOR('',#4297,1.);
#2537=VECTOR('',#4298,1.);
#2538=VECTOR('',#4301,1.);
#2539=VECTOR('',#4304,1.);
#2540=VECTOR('',#4309,1.);
#2541=VECTOR('',#4310,1.);
#2542=VECTOR('',#4313,1.);
#2543=VECTOR('',#4316,1.);
#2544=VECTOR('',#4321,1.);
#2545=VECTOR('',#4322,1.);
#2546=VECTOR('',#4325,1.);
#2547=VECTOR('',#4328,1.);
#2548=VECTOR('',#4333,1.);
#2549=VECTOR('',#4334,1.);
#2550=VECTOR('',#4341,1.);
#2551=VECTOR('',#4342,1.);
#2552=VECTOR('',#4345,1.);
#2553=VECTOR('',#4348,1.);
#2554=EDGE_LOOP('',(#100,#101,#102,#103));
#2555=EDGE_LOOP('',(#104));
#2556=EDGE_LOOP('',(#105));
#2557=EDGE_LOOP('',(#106,#107,#108,#109,#110,#111,#112,#113));
#2558=EDGE_LOOP('',(#114,#115,#116,#117,#118,#119,#120,#121,#122,#123,#124,
#125,#126,#127));
#2559=EDGE_LOOP('',(#128));
#2560=EDGE_LOOP('',(#129));
#2561=EDGE_LOOP('',(#130));
#2562=EDGE_LOOP('',(#131,#132,#133,#134));
#2563=EDGE_LOOP('',(#135,#136,#137,#138));
#2564=EDGE_LOOP('',(#139));
#2565=EDGE_LOOP('',(#140,#141,#142,#143));
#2566=EDGE_LOOP('',(#144,#145,#146,#147));
#2567=EDGE_LOOP('',(#148,#149,#150,#151));
#2568=EDGE_LOOP('',(#152,#153,#154,#155));
#2569=EDGE_LOOP('',(#156,#157,#158,#159));
#2570=EDGE_LOOP('',(#160,#161,#162,#163,#164,#165,#166,#167,#168,#169,#170,
#171,#172,#173,#174,#175));
#2571=EDGE_LOOP('',(#176,#177,#178,#179));
#2572=EDGE_LOOP('',(#180,#181,#182,#183));
#2573=EDGE_LOOP('',(#184));
#2574=EDGE_LOOP('',(#185));
#2575=EDGE_LOOP('',(#186));
#2576=EDGE_LOOP('',(#187,#188,#189,#190));
#2577=EDGE_LOOP('',(#191));
#2578=EDGE_LOOP('',(#192,#193,#194,#195));
#2579=EDGE_LOOP('',(#196,#197,#198,#199));
#2580=EDGE_LOOP('',(#200,#201,#202,#203));
#2581=EDGE_LOOP('',(#204,#205,#206,#207));
#2582=EDGE_LOOP('',(#208,#209,#210,#211,#212,#213));
#2583=EDGE_LOOP('',(#214,#215,#216,#217,#218,#219,#220,#221));
#2584=EDGE_LOOP('',(#222));
#2585=EDGE_LOOP('',(#223));
#2586=EDGE_LOOP('',(#224,#225,#226,#227));
#2587=EDGE_LOOP('',(#228,#229,#230,#231));
#2588=EDGE_LOOP('',(#232,#233,#234,#235));
#2589=EDGE_LOOP('',(#236,#237,#238,#239));
#2590=EDGE_LOOP('',(#240,#241,#242,#243));
#2591=EDGE_LOOP('',(#244,#245,#246,#247));
#2592=EDGE_LOOP('',(#248));
#2593=EDGE_LOOP('',(#249));
#2594=EDGE_LOOP('',(#250));
#2595=EDGE_LOOP('',(#251));
#2596=EDGE_LOOP('',(#252));
#2597=EDGE_LOOP('',(#253));
#2598=EDGE_LOOP('',(#254,#255,#256,#257));
#2599=EDGE_LOOP('',(#258,#259,#260,#261));
#2600=EDGE_LOOP('',(#262,#263,#264,#265));
#2601=EDGE_LOOP('',(#266,#267,#268,#269));
#2602=EDGE_LOOP('',(#270,#271,#272,#273));
#2603=EDGE_LOOP('',(#274,#275,#276,#277));
#2604=EDGE_LOOP('',(#278,#279,#280,#281));
#2605=EDGE_LOOP('',(#282,#283,#284,#285));
#2606=EDGE_LOOP('',(#286));
#2607=EDGE_LOOP('',(#287));
#2608=EDGE_LOOP('',(#288,#289,#290,#291,#292,#293,#294,#295,#296,#297,#298,
#299));
#2609=EDGE_LOOP('',(#300));
#2610=EDGE_LOOP('',(#301));
#2611=EDGE_LOOP('',(#302,#303,#304,#305));
#2612=EDGE_LOOP('',(#306));
#2613=EDGE_LOOP('',(#307));
#2614=EDGE_LOOP('',(#308));
#2615=EDGE_LOOP('',(#309,#310,#311,#312));
#2616=EDGE_LOOP('',(#313,#314,#315,#316));
#2617=EDGE_LOOP('',(#317,#318,#319,#320));
#2618=EDGE_LOOP('',(#321,#322,#323,#324));
#2619=EDGE_LOOP('',(#325,#326,#327,#328));
#2620=EDGE_LOOP('',(#329,#330,#331,#332,#333,#334,#335,#336));
#2621=EDGE_LOOP('',(#337,#338,#339,#340,#341,#342,#343,#344));
#2622=EDGE_LOOP('',(#345,#346,#347,#348,#349,#350,#351,#352));
#2623=EDGE_LOOP('',(#353,#354,#355,#356,#357,#358,#359,#360));
#2624=EDGE_LOOP('',(#361,#362,#363,#364,#365,#366,#367,#368));
#2625=EDGE_LOOP('',(#369,#370,#371,#372,#373,#374,#375,#376));
#2626=EDGE_LOOP('',(#377,#378,#379,#380,#381,#382,#383,#384,#385,#386));
#2627=EDGE_LOOP('',(#387,#388,#389,#390,#391,#392,#393,#394,#395,#396));
#2628=EDGE_LOOP('',(#397,#398,#399,#400));
#2629=EDGE_LOOP('',(#401,#402,#403,#404,#405,#406,#407,#408,#409,#410,#411,
#412,#413,#414,#415,#416));
#2630=EDGE_LOOP('',(#417,#418,#419,#420,#421,#422,#423,#424,#425,#426,#427,
#428,#429,#430,#431,#432));
#2631=EDGE_LOOP('',(#433));
#2632=EDGE_LOOP('',(#434));
#2633=EDGE_LOOP('',(#435));
#2634=EDGE_LOOP('',(#436));
#2635=EDGE_LOOP('',(#437));
#2636=EDGE_LOOP('',(#438,#439,#440,#441));
#2637=EDGE_LOOP('',(#442,#443,#444,#445,#446,#447,#448,#449,#450,#451,#452,
#453,#454,#455,#456,#457,#458,#459,#460,#461,#462,#463,#464,#465,#466,#467,
#468,#469));
#2638=EDGE_LOOP('',(#470));
#2639=EDGE_LOOP('',(#471));
#2640=EDGE_LOOP('',(#472));
#2641=EDGE_LOOP('',(#473));
#2642=EDGE_LOOP('',(#474));
#2643=EDGE_LOOP('',(#475));
#2644=EDGE_LOOP('',(#476));
#2645=EDGE_LOOP('',(#477));
#2646=EDGE_LOOP('',(#478));
#2647=EDGE_LOOP('',(#479));
#2648=EDGE_LOOP('',(#480));
#2649=EDGE_LOOP('',(#481));
#2650=EDGE_LOOP('',(#482));
#2651=EDGE_LOOP('',(#483));
#2652=EDGE_LOOP('',(#484));
#2653=EDGE_LOOP('',(#485,#486,#487,#488));
#2654=EDGE_LOOP('',(#489,#490,#491,#492));
#2655=EDGE_LOOP('',(#493,#494,#495,#496));
#2656=EDGE_LOOP('',(#497,#498,#499,#500));
#2657=EDGE_LOOP('',(#501,#502,#503,#504));
#2658=EDGE_LOOP('',(#505,#506,#507,#508));
#2659=EDGE_LOOP('',(#509,#510,#511,#512));
#2660=EDGE_LOOP('',(#513,#514,#515,#516));
#2661=EDGE_LOOP('',(#517,#518,#519,#520));
#2662=EDGE_LOOP('',(#521,#522,#523,#524));
#2663=EDGE_LOOP('',(#525,#526,#527,#528));
#2664=EDGE_LOOP('',(#529,#530,#531,#532));
#2665=EDGE_LOOP('',(#533));
#2666=EDGE_LOOP('',(#534,#535,#536,#537));
#2667=EDGE_LOOP('',(#538,#539,#540,#541));
#2668=EDGE_LOOP('',(#542));
#2669=EDGE_LOOP('',(#543));
#2670=EDGE_LOOP('',(#544,#545,#546,#547,#548,#549));
#2671=EDGE_LOOP('',(#550));
#2672=EDGE_LOOP('',(#551,#552,#553,#554));
#2673=EDGE_LOOP('',(#555,#556,#557,#558));
#2674=EDGE_LOOP('',(#559,#560,#561,#562));
#2675=EDGE_LOOP('',(#563,#564,#565,#566));
#2676=EDGE_LOOP('',(#567,#568,#569,#570));
#2677=EDGE_LOOP('',(#571,#572,#573,#574,#575,#576,#577,#578));
#2678=EDGE_LOOP('',(#579,#580,#581,#582,#583,#584,#585,#586));
#2679=EDGE_LOOP('',(#587,#588,#589,#590,#591,#592,#593,#594));
#2680=EDGE_LOOP('',(#595,#596,#597,#598,#599,#600,#601,#602));
#2681=EDGE_LOOP('',(#603,#604,#605,#606,#607,#608,#609,#610));
#2682=EDGE_LOOP('',(#611,#612,#613,#614,#615,#616,#617,#618));
#2683=EDGE_LOOP('',(#619,#620,#621,#622));
#2684=EDGE_LOOP('',(#623,#624,#625,#626,#627,#628,#629,#630,#631,#632,#633,
#634,#635,#636,#637,#638));
#2685=EDGE_LOOP('',(#639,#640,#641,#642,#643,#644,#645,#646,#647,#648,#649,
#650,#651,#652,#653,#654));
#2686=EDGE_LOOP('',(#655));
#2687=EDGE_LOOP('',(#656));
#2688=EDGE_LOOP('',(#657));
#2689=EDGE_LOOP('',(#658));
#2690=EDGE_LOOP('',(#659));
#2691=EDGE_LOOP('',(#660,#661,#662,#663));
#2692=EDGE_LOOP('',(#664,#665,#666,#667,#668,#669,#670,#671,#672,#673,#674,
#675,#676,#677,#678,#679,#680,#681,#682,#683,#684,#685,#686,#687,#688,#689,
#690,#691));
#2693=EDGE_LOOP('',(#692));
#2694=EDGE_LOOP('',(#693));
#2695=EDGE_LOOP('',(#694));
#2696=EDGE_LOOP('',(#695));
#2697=EDGE_LOOP('',(#696));
#2698=EDGE_LOOP('',(#697));
#2699=EDGE_LOOP('',(#698));
#2700=EDGE_LOOP('',(#699));
#2701=EDGE_LOOP('',(#700));
#2702=EDGE_LOOP('',(#701));
#2703=EDGE_LOOP('',(#702));
#2704=EDGE_LOOP('',(#703));
#2705=EDGE_LOOP('',(#704));
#2706=EDGE_LOOP('',(#705));
#2707=EDGE_LOOP('',(#706));
#2708=EDGE_LOOP('',(#707,#708,#709,#710));
#2709=EDGE_LOOP('',(#711,#712,#713,#714));
#2710=EDGE_LOOP('',(#715,#716,#717,#718));
#2711=EDGE_LOOP('',(#719,#720,#721,#722));
#2712=EDGE_LOOP('',(#723,#724,#725,#726));
#2713=EDGE_LOOP('',(#727,#728,#729,#730));
#2714=EDGE_LOOP('',(#731,#732,#733,#734));
#2715=EDGE_LOOP('',(#735,#736,#737,#738));
#2716=EDGE_LOOP('',(#739,#740,#741,#742));
#2717=EDGE_LOOP('',(#743,#744,#745,#746));
#2718=EDGE_LOOP('',(#747,#748,#749,#750));
#2719=EDGE_LOOP('',(#751,#752,#753,#754));
#2720=EDGE_LOOP('',(#755,#756,#757,#758));
#2721=EDGE_LOOP('',(#759));
#2722=EDGE_LOOP('',(#760,#761,#762,#763));
#2723=EDGE_LOOP('',(#764,#765,#766,#767));
#2724=EDGE_LOOP('',(#768));
#2725=EDGE_LOOP('',(#769));
#2726=EDGE_LOOP('',(#770,#771,#772,#773));
#2727=EDGE_LOOP('',(#774,#775,#776,#777));
#2728=EDGE_LOOP('',(#778));
#2729=EDGE_LOOP('',(#779));
#2730=EDGE_LOOP('',(#780));
#2731=EDGE_LOOP('',(#781));
#2732=EDGE_LOOP('',(#782));
#2733=EDGE_LOOP('',(#783));
#2734=EDGE_LOOP('',(#784));
#2735=EDGE_LOOP('',(#785));
#2736=EDGE_LOOP('',(#786));
#2737=EDGE_LOOP('',(#787));
#2738=EDGE_LOOP('',(#788));
#2739=EDGE_LOOP('',(#789));
#2740=EDGE_LOOP('',(#790,#791,#792,#793));
#2741=EDGE_LOOP('',(#794,#795,#796,#797));
#2742=EDGE_LOOP('',(#798,#799,#800,#801));
#2743=EDGE_LOOP('',(#802,#803,#804,#805));
#2744=EDGE_LOOP('',(#806));
#2745=EDGE_LOOP('',(#807));
#2746=EDGE_LOOP('',(#808));
#2747=EDGE_LOOP('',(#809));
#2748=EDGE_LOOP('',(#810,#811,#812,#813));
#2749=EDGE_LOOP('',(#814,#815,#816,#817));
#2750=EDGE_LOOP('',(#818,#819,#820,#821));
#2751=EDGE_LOOP('',(#822,#823,#824,#825));
#2752=EDGE_LOOP('',(#826));
#2753=EDGE_LOOP('',(#827,#828));
#2754=EDGE_LOOP('',(#829));
#2755=EDGE_LOOP('',(#830,#831));
#2756=EDGE_LOOP('',(#832));
#2757=EDGE_LOOP('',(#833));
#2758=EDGE_LOOP('',(#834));
#2759=EDGE_LOOP('',(#835));
#2760=EDGE_LOOP('',(#836));
#2761=EDGE_LOOP('',(#837));
#2762=EDGE_LOOP('',(#838));
#2763=EDGE_LOOP('',(#839));
#2764=EDGE_LOOP('',(#840));
#2765=EDGE_LOOP('',(#841));
#2766=EDGE_LOOP('',(#842,#843,#844,#845));
#2767=EDGE_LOOP('',(#846,#847,#848,#849));
#2768=EDGE_LOOP('',(#850,#851,#852,#853));
#2769=EDGE_LOOP('',(#854,#855,#856,#857));
#2770=EDGE_LOOP('',(#858,#859,#860,#861));
#2771=EDGE_LOOP('',(#862,#863,#864,#865));
#2772=EDGE_LOOP('',(#866,#867,#868,#869));
#2773=EDGE_LOOP('',(#870,#871,#872,#873));
#2774=EDGE_LOOP('',(#874,#875,#876,#877));
#2775=EDGE_LOOP('',(#878,#879,#880,#881));
#2776=EDGE_LOOP('',(#882,#883,#884,#885));
#2777=EDGE_LOOP('',(#886,#887,#888,#889));
#2778=EDGE_LOOP('',(#890,#891,#892,#893));
#2779=EDGE_LOOP('',(#894,#895,#896,#897));
#2780=EDGE_LOOP('',(#898,#899,#900,#901));
#2781=EDGE_LOOP('',(#902,#903,#904,#905));
#2782=EDGE_LOOP('',(#906,#907,#908,#909));
#2783=EDGE_LOOP('',(#910,#911,#912,#913));
#2784=EDGE_LOOP('',(#914,#915,#916,#917));
#2785=EDGE_LOOP('',(#918));
#2786=EDGE_LOOP('',(#919));
#2787=EDGE_LOOP('',(#920));
#2788=EDGE_LOOP('',(#921));
#2789=EDGE_LOOP('',(#922));
#2790=EDGE_LOOP('',(#923));
#2791=EDGE_LOOP('',(#924,#925,#926,#927));
#2792=EDGE_LOOP('',(#928,#929,#930,#931));
#2793=EDGE_LOOP('',(#932,#933,#934,#935));
#2794=EDGE_LOOP('',(#936,#937,#938,#939));
#2795=EDGE_LOOP('',(#940,#941,#942,#943));
#2796=EDGE_LOOP('',(#944,#945,#946,#947));
#2797=EDGE_LOOP('',(#948,#949,#950,#951));
#2798=EDGE_LOOP('',(#952,#953,#954,#955));
#2799=EDGE_LOOP('',(#956,#957,#958,#959));
#2800=EDGE_LOOP('',(#960,#961,#962,#963));
#2801=EDGE_LOOP('',(#964,#965,#966,#967));
#2802=EDGE_LOOP('',(#968,#969,#970,#971));
#2803=EDGE_LOOP('',(#972,#973,#974,#975));
#2804=EDGE_LOOP('',(#976,#977,#978,#979));
#2805=EDGE_LOOP('',(#980,#981,#982,#983));
#2806=EDGE_LOOP('',(#984,#985,#986,#987));
#2807=EDGE_LOOP('',(#988,#989,#990,#991,#992));
#2808=EDGE_LOOP('',(#993,#994,#995,#996));
#2809=EDGE_LOOP('',(#997,#998,#999,#1000,#1001));
#2810=FACE_BOUND('',#2554,.T.);
#2811=FACE_BOUND('',#2555,.T.);
#2812=FACE_BOUND('',#2556,.T.);
#2813=FACE_BOUND('',#2557,.T.);
#2814=FACE_BOUND('',#2558,.T.);
#2815=FACE_BOUND('',#2559,.T.);
#2816=FACE_BOUND('',#2560,.T.);
#2817=FACE_BOUND('',#2561,.T.);
#2818=FACE_BOUND('',#2562,.T.);
#2819=FACE_BOUND('',#2563,.T.);
#2820=FACE_BOUND('',#2564,.T.);
#2821=FACE_BOUND('',#2565,.T.);
#2822=FACE_BOUND('',#2566,.T.);
#2823=FACE_BOUND('',#2567,.T.);
#2824=FACE_BOUND('',#2568,.T.);
#2825=FACE_BOUND('',#2569,.T.);
#2826=FACE_BOUND('',#2570,.T.);
#2827=FACE_BOUND('',#2571,.T.);
#2828=FACE_BOUND('',#2572,.T.);
#2829=FACE_BOUND('',#2573,.T.);
#2830=FACE_BOUND('',#2574,.T.);
#2831=FACE_BOUND('',#2575,.T.);
#2832=FACE_BOUND('',#2576,.T.);
#2833=FACE_BOUND('',#2577,.T.);
#2834=FACE_BOUND('',#2578,.T.);
#2835=FACE_BOUND('',#2579,.T.);
#2836=FACE_BOUND('',#2580,.T.);
#2837=FACE_BOUND('',#2581,.T.);
#2838=FACE_BOUND('',#2582,.T.);
#2839=FACE_BOUND('',#2583,.T.);
#2840=FACE_BOUND('',#2584,.T.);
#2841=FACE_BOUND('',#2585,.T.);
#2842=FACE_BOUND('',#2586,.T.);
#2843=FACE_BOUND('',#2587,.T.);
#2844=FACE_BOUND('',#2588,.T.);
#2845=FACE_BOUND('',#2589,.T.);
#2846=FACE_BOUND('',#2590,.T.);
#2847=FACE_BOUND('',#2591,.T.);
#2848=FACE_BOUND('',#2592,.T.);
#2849=FACE_BOUND('',#2593,.T.);
#2850=FACE_BOUND('',#2594,.T.);
#2851=FACE_BOUND('',#2595,.T.);
#2852=FACE_BOUND('',#2596,.T.);
#2853=FACE_BOUND('',#2597,.T.);
#2854=FACE_BOUND('',#2598,.T.);
#2855=FACE_BOUND('',#2599,.T.);
#2856=FACE_BOUND('',#2600,.T.);
#2857=FACE_BOUND('',#2601,.T.);
#2858=FACE_BOUND('',#2602,.T.);
#2859=FACE_BOUND('',#2603,.T.);
#2860=FACE_BOUND('',#2604,.T.);
#2861=FACE_BOUND('',#2605,.T.);
#2862=FACE_BOUND('',#2606,.T.);
#2863=FACE_BOUND('',#2607,.T.);
#2864=FACE_BOUND('',#2608,.T.);
#2865=FACE_BOUND('',#2609,.T.);
#2866=FACE_BOUND('',#2610,.T.);
#2867=FACE_BOUND('',#2611,.T.);
#2868=FACE_BOUND('',#2612,.T.);
#2869=FACE_BOUND('',#2613,.T.);
#2870=FACE_BOUND('',#2614,.T.);
#2871=FACE_BOUND('',#2615,.T.);
#2872=FACE_BOUND('',#2616,.T.);
#2873=FACE_BOUND('',#2617,.T.);
#2874=FACE_BOUND('',#2618,.T.);
#2875=FACE_BOUND('',#2619,.T.);
#2876=FACE_BOUND('',#2620,.T.);
#2877=FACE_BOUND('',#2621,.T.);
#2878=FACE_BOUND('',#2622,.T.);
#2879=FACE_BOUND('',#2623,.T.);
#2880=FACE_BOUND('',#2624,.T.);
#2881=FACE_BOUND('',#2625,.T.);
#2882=FACE_BOUND('',#2626,.T.);
#2883=FACE_BOUND('',#2627,.T.);
#2884=FACE_BOUND('',#2628,.T.);
#2885=FACE_BOUND('',#2629,.T.);
#2886=FACE_BOUND('',#2630,.T.);
#2887=FACE_BOUND('',#2631,.T.);
#2888=FACE_BOUND('',#2632,.T.);
#2889=FACE_BOUND('',#2633,.T.);
#2890=FACE_BOUND('',#2634,.T.);
#2891=FACE_BOUND('',#2635,.T.);
#2892=FACE_BOUND('',#2636,.T.);
#2893=FACE_BOUND('',#2637,.T.);
#2894=FACE_BOUND('',#2638,.T.);
#2895=FACE_BOUND('',#2639,.T.);
#2896=FACE_BOUND('',#2640,.T.);
#2897=FACE_BOUND('',#2641,.T.);
#2898=FACE_BOUND('',#2642,.T.);
#2899=FACE_BOUND('',#2643,.T.);
#2900=FACE_BOUND('',#2644,.T.);
#2901=FACE_BOUND('',#2645,.T.);
#2902=FACE_BOUND('',#2646,.T.);
#2903=FACE_BOUND('',#2647,.T.);
#2904=FACE_BOUND('',#2648,.T.);
#2905=FACE_BOUND('',#2649,.T.);
#2906=FACE_BOUND('',#2650,.T.);
#2907=FACE_BOUND('',#2651,.T.);
#2908=FACE_BOUND('',#2652,.T.);
#2909=FACE_BOUND('',#2653,.T.);
#2910=FACE_BOUND('',#2654,.T.);
#2911=FACE_BOUND('',#2655,.T.);
#2912=FACE_BOUND('',#2656,.T.);
#2913=FACE_BOUND('',#2657,.T.);
#2914=FACE_BOUND('',#2658,.T.);
#2915=FACE_BOUND('',#2659,.T.);
#2916=FACE_BOUND('',#2660,.T.);
#2917=FACE_BOUND('',#2661,.T.);
#2918=FACE_BOUND('',#2662,.T.);
#2919=FACE_BOUND('',#2663,.T.);
#2920=FACE_BOUND('',#2664,.T.);
#2921=FACE_BOUND('',#2665,.T.);
#2922=FACE_BOUND('',#2666,.T.);
#2923=FACE_BOUND('',#2667,.T.);
#2924=FACE_BOUND('',#2668,.T.);
#2925=FACE_BOUND('',#2669,.T.);
#2926=FACE_BOUND('',#2670,.T.);
#2927=FACE_BOUND('',#2671,.T.);
#2928=FACE_BOUND('',#2672,.T.);
#2929=FACE_BOUND('',#2673,.T.);
#2930=FACE_BOUND('',#2674,.T.);
#2931=FACE_BOUND('',#2675,.T.);
#2932=FACE_BOUND('',#2676,.T.);
#2933=FACE_BOUND('',#2677,.T.);
#2934=FACE_BOUND('',#2678,.T.);
#2935=FACE_BOUND('',#2679,.T.);
#2936=FACE_BOUND('',#2680,.T.);
#2937=FACE_BOUND('',#2681,.T.);
#2938=FACE_BOUND('',#2682,.T.);
#2939=FACE_BOUND('',#2683,.T.);
#2940=FACE_BOUND('',#2684,.T.);
#2941=FACE_BOUND('',#2685,.T.);
#2942=FACE_BOUND('',#2686,.T.);
#2943=FACE_BOUND('',#2687,.T.);
#2944=FACE_BOUND('',#2688,.T.);
#2945=FACE_BOUND('',#2689,.T.);
#2946=FACE_BOUND('',#2690,.T.);
#2947=FACE_BOUND('',#2691,.T.);
#2948=FACE_BOUND('',#2692,.T.);
#2949=FACE_BOUND('',#2693,.T.);
#2950=FACE_BOUND('',#2694,.T.);
#2951=FACE_BOUND('',#2695,.T.);
#2952=FACE_BOUND('',#2696,.T.);
#2953=FACE_BOUND('',#2697,.T.);
#2954=FACE_BOUND('',#2698,.T.);
#2955=FACE_BOUND('',#2699,.T.);
#2956=FACE_BOUND('',#2700,.T.);
#2957=FACE_BOUND('',#2701,.T.);
#2958=FACE_BOUND('',#2702,.T.);
#2959=FACE_BOUND('',#2703,.T.);
#2960=FACE_BOUND('',#2704,.T.);
#2961=FACE_BOUND('',#2705,.T.);
#2962=FACE_BOUND('',#2706,.T.);
#2963=FACE_BOUND('',#2707,.T.);
#2964=FACE_BOUND('',#2708,.T.);
#2965=FACE_BOUND('',#2709,.T.);
#2966=FACE_BOUND('',#2710,.T.);
#2967=FACE_BOUND('',#2711,.T.);
#2968=FACE_BOUND('',#2712,.T.);
#2969=FACE_BOUND('',#2713,.T.);
#2970=FACE_BOUND('',#2714,.T.);
#2971=FACE_BOUND('',#2715,.T.);
#2972=FACE_BOUND('',#2716,.T.);
#2973=FACE_BOUND('',#2717,.T.);
#2974=FACE_BOUND('',#2718,.T.);
#2975=FACE_BOUND('',#2719,.T.);
#2976=FACE_BOUND('',#2720,.T.);
#2977=FACE_BOUND('',#2721,.T.);
#2978=FACE_BOUND('',#2722,.T.);
#2979=FACE_BOUND('',#2723,.T.);
#2980=FACE_BOUND('',#2724,.T.);
#2981=FACE_BOUND('',#2725,.T.);
#2982=FACE_BOUND('',#2726,.T.);
#2983=FACE_BOUND('',#2727,.T.);
#2984=FACE_BOUND('',#2728,.T.);
#2985=FACE_BOUND('',#2729,.T.);
#2986=FACE_BOUND('',#2730,.T.);
#2987=FACE_BOUND('',#2731,.T.);
#2988=FACE_BOUND('',#2732,.T.);
#2989=FACE_BOUND('',#2733,.T.);
#2990=FACE_BOUND('',#2734,.T.);
#2991=FACE_BOUND('',#2735,.T.);
#2992=FACE_BOUND('',#2736,.T.);
#2993=FACE_BOUND('',#2737,.T.);
#2994=FACE_BOUND('',#2738,.T.);
#2995=FACE_BOUND('',#2739,.T.);
#2996=FACE_BOUND('',#2740,.T.);
#2997=FACE_BOUND('',#2741,.T.);
#2998=FACE_BOUND('',#2742,.T.);
#2999=FACE_BOUND('',#2743,.T.);
#3000=FACE_BOUND('',#2744,.T.);
#3001=FACE_BOUND('',#2745,.T.);
#3002=FACE_BOUND('',#2746,.T.);
#3003=FACE_BOUND('',#2747,.T.);
#3004=FACE_BOUND('',#2748,.T.);
#3005=FACE_BOUND('',#2749,.T.);
#3006=FACE_BOUND('',#2750,.T.);
#3007=FACE_BOUND('',#2751,.T.);
#3008=FACE_BOUND('',#2752,.T.);
#3009=FACE_BOUND('',#2753,.T.);
#3010=FACE_BOUND('',#2754,.T.);
#3011=FACE_BOUND('',#2755,.T.);
#3012=FACE_BOUND('',#2756,.T.);
#3013=FACE_BOUND('',#2757,.T.);
#3014=FACE_BOUND('',#2758,.T.);
#3015=FACE_BOUND('',#2759,.T.);
#3016=FACE_BOUND('',#2760,.T.);
#3017=FACE_BOUND('',#2761,.T.);
#3018=FACE_BOUND('',#2762,.T.);
#3019=FACE_BOUND('',#2763,.T.);
#3020=FACE_BOUND('',#2764,.T.);
#3021=FACE_BOUND('',#2765,.T.);
#3022=FACE_BOUND('',#2766,.T.);
#3023=FACE_BOUND('',#2767,.T.);
#3024=FACE_BOUND('',#2768,.T.);
#3025=FACE_BOUND('',#2769,.T.);
#3026=FACE_BOUND('',#2770,.T.);
#3027=FACE_BOUND('',#2771,.T.);
#3028=FACE_BOUND('',#2772,.T.);
#3029=FACE_BOUND('',#2773,.T.);
#3030=FACE_BOUND('',#2774,.T.);
#3031=FACE_BOUND('',#2775,.T.);
#3032=FACE_BOUND('',#2776,.T.);
#3033=FACE_BOUND('',#2777,.T.);
#3034=FACE_BOUND('',#2778,.T.);
#3035=FACE_BOUND('',#2779,.T.);
#3036=FACE_BOUND('',#2780,.T.);
#3037=FACE_BOUND('',#2781,.T.);
#3038=FACE_BOUND('',#2782,.T.);
#3039=FACE_BOUND('',#2783,.T.);
#3040=FACE_BOUND('',#2784,.T.);
#3041=FACE_BOUND('',#2785,.T.);
#3042=FACE_BOUND('',#2786,.T.);
#3043=FACE_BOUND('',#2787,.T.);
#3044=FACE_BOUND('',#2788,.T.);
#3045=FACE_BOUND('',#2789,.T.);
#3046=FACE_BOUND('',#2790,.T.);
#3047=FACE_BOUND('',#2791,.T.);
#3048=FACE_BOUND('',#2792,.T.);
#3049=FACE_BOUND('',#2793,.T.);
#3050=FACE_BOUND('',#2794,.T.);
#3051=FACE_BOUND('',#2795,.T.);
#3052=FACE_BOUND('',#2796,.T.);
#3053=FACE_BOUND('',#2797,.T.);
#3054=FACE_BOUND('',#2798,.T.);
#3055=FACE_BOUND('',#2799,.T.);
#3056=FACE_BOUND('',#2800,.T.);
#3057=FACE_BOUND('',#2801,.T.);
#3058=FACE_BOUND('',#2802,.T.);
#3059=FACE_BOUND('',#2803,.T.);
#3060=FACE_BOUND('',#2804,.T.);
#3061=FACE_BOUND('',#2805,.T.);
#3062=FACE_BOUND('',#2806,.T.);
#3063=FACE_BOUND('',#2807,.T.);
#3064=FACE_BOUND('',#2808,.T.);
#3065=FACE_BOUND('',#2809,.T.);
#3066=PLANE('',#3342);
#3067=PLANE('',#3345);
#3068=PLANE('',#3350);
#3069=PLANE('',#3355);
#3070=PLANE('',#3357);
#3071=PLANE('',#3360);
#3072=PLANE('',#3367);
#3073=PLANE('',#3374);
#3074=PLANE('',#3377);
#3075=PLANE('',#3378);
#3076=PLANE('',#3379);
#3077=PLANE('',#3380);
#3078=PLANE('',#3381);
#3079=PLANE('',#3382);
#3080=PLANE('',#3383);
#3081=PLANE('',#3384);
#3082=PLANE('',#3385);
#3083=PLANE('',#3386);
#3084=PLANE('',#3387);
#3085=PLANE('',#3388);
#3086=PLANE('',#3389);
#3087=PLANE('',#3390);
#3088=PLANE('',#3396);
#3089=PLANE('',#3407);
#3090=PLANE('',#3408);
#3091=PLANE('',#3409);
#3092=PLANE('',#3410);
#3093=PLANE('',#3411);
#3094=PLANE('',#3412);
#3095=PLANE('',#3413);
#3096=PLANE('',#3414);
#3097=PLANE('',#3415);
#3098=PLANE('',#3416);
#3099=PLANE('',#3417);
#3100=PLANE('',#3418);
#3101=PLANE('',#3419);
#3102=PLANE('',#3422);
#3103=PLANE('',#3425);
#3104=PLANE('',#3428);
#3105=PLANE('',#3429);
#3106=PLANE('',#3430);
#3107=PLANE('',#3431);
#3108=PLANE('',#3432);
#3109=PLANE('',#3433);
#3110=PLANE('',#3434);
#3111=PLANE('',#3435);
#3112=PLANE('',#3436);
#3113=PLANE('',#3437);
#3114=PLANE('',#3438);
#3115=PLANE('',#3439);
#3116=PLANE('',#3445);
#3117=PLANE('',#3456);
#3118=PLANE('',#3457);
#3119=PLANE('',#3458);
#3120=PLANE('',#3459);
#3121=PLANE('',#3460);
#3122=PLANE('',#3461);
#3123=PLANE('',#3462);
#3124=PLANE('',#3463);
#3125=PLANE('',#3464);
#3126=PLANE('',#3465);
#3127=PLANE('',#3466);
#3128=PLANE('',#3467);
#3129=PLANE('',#3468);
#3130=PLANE('',#3469);
#3131=PLANE('',#3472);
#3132=PLANE('',#3475);
#3133=PLANE('',#3482);
#3134=PLANE('',#3483);
#3135=PLANE('',#3484);
#3136=PLANE('',#3485);
#3137=PLANE('',#3490);
#3138=PLANE('',#3491);
#3139=PLANE('',#3492);
#3140=PLANE('',#3493);
#3141=PLANE('',#3497);
#3142=PLANE('',#3498);
#3143=PLANE('',#3501);
#3144=PLANE('',#3504);
#3145=PLANE('',#3506);
#3146=PLANE('',#3507);
#3147=PLANE('',#3508);
#3148=PLANE('',#3509);
#3149=PLANE('',#3510);
#3150=PLANE('',#3511);
#3151=PLANE('',#3512);
#3152=PLANE('',#3513);
#3153=PLANE('',#3514);
#3154=PLANE('',#3515);
#3155=PLANE('',#3516);
#3156=PLANE('',#3517);
#3157=PLANE('',#3518);
#3158=PLANE('',#3519);
#3159=PLANE('',#3520);
#3160=PLANE('',#3521);
#3161=PLANE('',#3522);
#3162=PLANE('',#3523);
#3163=PLANE('',#3524);
#3164=PLANE('',#3528);
#3165=PLANE('',#3529);
#3166=PLANE('',#3530);
#3167=PLANE('',#3531);
#3168=PLANE('',#3532);
#3169=PLANE('',#3533);
#3170=PLANE('',#3534);
#3171=PLANE('',#3535);
#3172=PLANE('',#3536);
#3173=PLANE('',#3537);
#3174=PLANE('',#3538);
#3175=PLANE('',#3539);
#3176=PLANE('',#3540);
#3177=PLANE('',#3541);
#3178=PLANE('',#3542);
#3179=PLANE('',#3543);
#3180=PLANE('',#3544);
#3181=PLANE('',#3545);
#3182=PLANE('',#3546);
#3183=ADVANCED_FACE('',(#2810,#2811,#2812,#2813),#3066,.F.);
#3184=ADVANCED_FACE('',(#2814,#2815,#2816,#2817,#2818,#2819,#2820,#2821,
#2822,#2823,#2824,#2825),#3067,.T.);
#3185=ADVANCED_FACE('',(#2826,#2827,#2828,#2829,#2830,#2831,#2832,#2833,
#2834,#2835,#2836,#2837),#3068,.F.);
#3186=ADVANCED_FACE('',(#2838),#3069,.T.);
#3187=ADVANCED_FACE('',(#2839,#2840,#2841,#2842,#2843,#2844,#2845,#2846,
#2847),#3070,.T.);
#3188=ADVANCED_FACE('',(#2848,#2849,#2850,#2851,#2852,#2853,#2854,#2855,
#2856,#2857,#2858,#2859,#2860),#3071,.T.);
#3189=ADVANCED_FACE('',(#2861,#2862,#2863,#2864,#2865,#2866,#2867,#2868,
#2869),#3072,.F.);
#3190=ADVANCED_FACE('',(#2870,#2871),#3073,.T.);
#3191=ADVANCED_FACE('',(#2872,#2873),#3074,.T.);
#3192=ADVANCED_FACE('',(#2874,#2875),#3075,.T.);
#3193=ADVANCED_FACE('',(#2876),#3076,.F.);
#3194=ADVANCED_FACE('',(#2877),#3077,.F.);
#3195=ADVANCED_FACE('',(#2878),#3078,.T.);
#3196=ADVANCED_FACE('',(#2879),#3079,.T.);
#3197=ADVANCED_FACE('',(#2880),#3080,.F.);
#3198=ADVANCED_FACE('',(#2881),#3081,.F.);
#3199=ADVANCED_FACE('',(#2882),#3082,.F.);
#3200=ADVANCED_FACE('',(#2883),#3083,.T.);
#3201=ADVANCED_FACE('',(#2884),#3084,.T.);
#3202=ADVANCED_FACE('',(#2885),#3085,.T.);
#3203=ADVANCED_FACE('',(#2886),#3086,.F.);
#3204=ADVANCED_FACE('',(#2887,#2888,#2889,#2890,#2891,#2892),#3087,.T.);
#3205=ADVANCED_FACE('',(#2893,#2894,#2895,#2896,#2897,#2898),#3088,.F.);
#3206=ADVANCED_FACE('',(#2899,#2900),#12,.F.);
#3207=ADVANCED_FACE('',(#2901,#2902),#13,.F.);
#3208=ADVANCED_FACE('',(#2903,#2904),#14,.F.);
#3209=ADVANCED_FACE('',(#2905,#2906),#15,.F.);
#3210=ADVANCED_FACE('',(#2907,#2908),#16,.F.);
#3211=ADVANCED_FACE('',(#2909),#3089,.T.);
#3212=ADVANCED_FACE('',(#2910),#3090,.F.);
#3213=ADVANCED_FACE('',(#2911),#3091,.F.);
#3214=ADVANCED_FACE('',(#2912),#3092,.T.);
#3215=ADVANCED_FACE('',(#2913),#3093,.F.);
#3216=ADVANCED_FACE('',(#2914),#3094,.F.);
#3217=ADVANCED_FACE('',(#2915),#3095,.T.);
#3218=ADVANCED_FACE('',(#2916),#3096,.F.);
#3219=ADVANCED_FACE('',(#2917),#3097,.F.);
#3220=ADVANCED_FACE('',(#2918),#3098,.F.);
#3221=ADVANCED_FACE('',(#2919),#3099,.F.);
#3222=ADVANCED_FACE('',(#2920),#3100,.T.);
#3223=ADVANCED_FACE('',(#2921,#2922),#3101,.F.);
#3224=ADVANCED_FACE('',(#2923),#3102,.F.);
#3225=ADVANCED_FACE('',(#2924,#2925),#17,.F.);
#3226=ADVANCED_FACE('',(#2926),#18,.T.);
#3227=ADVANCED_FACE('',(#2927,#2928),#3103,.T.);
#3228=ADVANCED_FACE('',(#2929,#2930),#3104,.T.);
#3229=ADVANCED_FACE('',(#2931,#2932),#3105,.T.);
#3230=ADVANCED_FACE('',(#2933),#3106,.F.);
#3231=ADVANCED_FACE('',(#2934),#3107,.F.);
#3232=ADVANCED_FACE('',(#2935),#3108,.T.);
#3233=ADVANCED_FACE('',(#2936),#3109,.T.);
#3234=ADVANCED_FACE('',(#2937),#3110,.F.);
#3235=ADVANCED_FACE('',(#2938),#3111,.F.);
#3236=ADVANCED_FACE('',(#2939),#3112,.T.);
#3237=ADVANCED_FACE('',(#2940),#3113,.T.);
#3238=ADVANCED_FACE('',(#2941),#3114,.F.);
#3239=ADVANCED_FACE('',(#2942,#2943,#2944,#2945,#2946,#2947),#3115,.T.);
#3240=ADVANCED_FACE('',(#2948,#2949,#2950,#2951,#2952,#2953),#3116,.F.);
#3241=ADVANCED_FACE('',(#2954,#2955),#19,.F.);
#3242=ADVANCED_FACE('',(#2956,#2957),#20,.F.);
#3243=ADVANCED_FACE('',(#2958,#2959),#21,.F.);
#3244=ADVANCED_FACE('',(#2960,#2961),#22,.F.);
#3245=ADVANCED_FACE('',(#2962,#2963),#23,.F.);
#3246=ADVANCED_FACE('',(#2964),#3117,.T.);
#3247=ADVANCED_FACE('',(#2965),#3118,.F.);
#3248=ADVANCED_FACE('',(#2966),#3119,.F.);
#3249=ADVANCED_FACE('',(#2967),#3120,.T.);
#3250=ADVANCED_FACE('',(#2968),#3121,.F.);
#3251=ADVANCED_FACE('',(#2969),#3122,.F.);
#3252=ADVANCED_FACE('',(#2970),#3123,.T.);
#3253=ADVANCED_FACE('',(#2971),#3124,.F.);
#3254=ADVANCED_FACE('',(#2972),#3125,.F.);
#3255=ADVANCED_FACE('',(#2973),#3126,.F.);
#3256=ADVANCED_FACE('',(#2974),#3127,.F.);
#3257=ADVANCED_FACE('',(#2975),#3128,.T.);
#3258=ADVANCED_FACE('',(#2976),#3129,.T.);
#3259=ADVANCED_FACE('',(#2977,#2978),#3130,.F.);
#3260=ADVANCED_FACE('',(#2979),#3131,.F.);
#3261=ADVANCED_FACE('',(#2980,#2981),#24,.F.);
#3262=ADVANCED_FACE('',(#2982),#25,.T.);
#3263=ADVANCED_FACE('',(#2983),#3132,.T.);
#3264=ADVANCED_FACE('',(#2984,#2985),#26,.F.);
#3265=ADVANCED_FACE('',(#2986,#2987),#27,.F.);
#3266=ADVANCED_FACE('',(#2988,#2989),#28,.F.);
#3267=ADVANCED_FACE('',(#2990,#2991),#29,.F.);
#3268=ADVANCED_FACE('',(#2992,#2993),#30,.F.);
#3269=ADVANCED_FACE('',(#2994,#2995),#31,.F.);
#3270=ADVANCED_FACE('',(#2996),#3133,.T.);
#3271=ADVANCED_FACE('',(#2997),#3134,.F.);
#3272=ADVANCED_FACE('',(#2998),#3135,.F.);
#3273=ADVANCED_FACE('',(#2999),#3136,.T.);
#3274=ADVANCED_FACE('',(#3000,#3001),#32,.F.);
#3275=ADVANCED_FACE('',(#3002,#3003),#33,.F.);
#3276=ADVANCED_FACE('',(#3004),#3137,.T.);
#3277=ADVANCED_FACE('',(#3005),#3138,.F.);
#3278=ADVANCED_FACE('',(#3006),#3139,.F.);
#3279=ADVANCED_FACE('',(#3007),#3140,.T.);
#3280=ADVANCED_FACE('',(#3008,#3009),#34,.T.);
#3281=ADVANCED_FACE('',(#3010),#3141,.T.);
#3282=ADVANCED_FACE('',(#3011),#3142,.F.);
#3283=ADVANCED_FACE('',(#3012,#3013),#35,.T.);
#3284=ADVANCED_FACE('',(#3014,#3015),#3143,.T.);
#3285=ADVANCED_FACE('',(#3016,#3017),#36,.T.);
#3286=ADVANCED_FACE('',(#3018,#3019),#3144,.T.);
#3287=ADVANCED_FACE('',(#3020,#3021),#37,.F.);
#3288=ADVANCED_FACE('',(#3022),#3145,.T.);
#3289=ADVANCED_FACE('',(#3023),#3146,.F.);
#3290=ADVANCED_FACE('',(#3024),#3147,.F.);
#3291=ADVANCED_FACE('',(#3025),#3148,.T.);
#3292=ADVANCED_FACE('',(#3026),#3149,.T.);
#3293=ADVANCED_FACE('',(#3027),#3150,.F.);
#3294=ADVANCED_FACE('',(#3028),#3151,.F.);
#3295=ADVANCED_FACE('',(#3029),#3152,.T.);
#3296=ADVANCED_FACE('',(#3030),#3153,.F.);
#3297=ADVANCED_FACE('',(#3031),#3154,.F.);
#3298=ADVANCED_FACE('',(#3032),#3155,.T.);
#3299=ADVANCED_FACE('',(#3033),#3156,.T.);
#3300=ADVANCED_FACE('',(#3034),#3157,.F.);
#3301=ADVANCED_FACE('',(#3035),#3158,.F.);
#3302=ADVANCED_FACE('',(#3036),#3159,.T.);
#3303=ADVANCED_FACE('',(#3037),#3160,.T.);
#3304=ADVANCED_FACE('',(#3038),#3161,.T.);
#3305=ADVANCED_FACE('',(#3039),#3162,.F.);
#3306=ADVANCED_FACE('',(#3040),#3163,.T.);
#3307=ADVANCED_FACE('',(#3041,#3042),#38,.F.);
#3308=ADVANCED_FACE('',(#3043,#3044),#39,.F.);
#3309=ADVANCED_FACE('',(#3045,#3046),#40,.F.);
#3310=ADVANCED_FACE('',(#3047),#3164,.T.);
#3311=ADVANCED_FACE('',(#3048),#3165,.F.);
#3312=ADVANCED_FACE('',(#3049),#3166,.F.);
#3313=ADVANCED_FACE('',(#3050),#3167,.T.);
#3314=ADVANCED_FACE('',(#3051),#3168,.T.);
#3315=ADVANCED_FACE('',(#3052),#3169,.F.);
#3316=ADVANCED_FACE('',(#3053),#3170,.F.);
#3317=ADVANCED_FACE('',(#3054),#3171,.T.);
#3318=ADVANCED_FACE('',(#3055),#3172,.T.);
#3319=ADVANCED_FACE('',(#3056),#3173,.F.);
#3320=ADVANCED_FACE('',(#3057),#3174,.F.);
#3321=ADVANCED_FACE('',(#3058),#3175,.T.);
#3322=ADVANCED_FACE('',(#3059),#3176,.T.);
#3323=ADVANCED_FACE('',(#3060),#3177,.F.);
#3324=ADVANCED_FACE('',(#3061),#3178,.T.);
#3325=ADVANCED_FACE('',(#3062),#3179,.T.);
#3326=ADVANCED_FACE('',(#3063),#3180,.F.);
#3327=ADVANCED_FACE('',(#3064),#3181,.F.);
#3328=ADVANCED_FACE('',(#3065),#3182,.T.);
#3329=CLOSED_SHELL('',(#3183,#3184,#3185,#3186,#3187,#3188,#3189,#3190,
#3191,#3192,#3193,#3194,#3195,#3196,#3197,#3198,#3199,#3200,#3201,#3202,
#3203,#3204,#3205,#3206,#3207,#3208,#3209,#3210,#3211,#3212,#3213,#3214,
#3215,#3216,#3217,#3218,#3219,#3220,#3221,#3222,#3223,#3224,#3225,#3226,
#3227,#3228,#3229,#3230,#3231,#3232,#3233,#3234,#3235,#3236,#3237,#3238,
#3239,#3240,#3241,#3242,#3243,#3244,#3245,#3246,#3247,#3248,#3249,#3250,
#3251,#3252,#3253,#3254,#3255,#3256,#3257,#3258,#3259,#3260,#3261,#3262,
#3263,#3264,#3265,#3266,#3267,#3268,#3269,#3270,#3271,#3272,#3273,#3274,
#3275,#3276,#3277,#3278,#3279,#3280,#3281,#3282,#3283,#3284,#3285,#3286,
#3287,#3288,#3289,#3290,#3291,#3292,#3293,#3294,#3295,#3296,#3297,#3298,
#3299,#3300,#3301,#3302,#3303,#3304,#3305,#3306,#3307,#3308,#3309,#3310,
#3311,#3312,#3313,#3314,#3315,#3316,#3317,#3318,#3319,#3320,#3321,#3322,
#3323,#3324,#3325,#3326,#3327,#3328));
#3330=STYLED_ITEM('',(#3331),#3338);
#3331=PRESENTATION_STYLE_ASSIGNMENT((#3332));
#3332=SURFACE_STYLE_USAGE(.BOTH.,#3333);
#3333=SURFACE_SIDE_STYLE('',(#3334));
#3334=SURFACE_STYLE_FILL_AREA(#3335);
#3335=FILL_AREA_STYLE('',(#3336));
#3336=FILL_AREA_STYLE_COLOUR('',#3337);
#3337=COLOUR_RGB('',0.43921568627451,0.474509803921569,0.501960784313726);
#3338=MANIFOLD_SOLID_BREP('Part 1',#3329);
#3339=SHAPE_DEFINITION_REPRESENTATION(#5272,#3340);
#3340=SHAPE_REPRESENTATION('Part 1',(#3341),#5267);
#3341=AXIS2_PLACEMENT_3D('',#4351,#3547,#3548);
#3342=AXIS2_PLACEMENT_3D('',#4352,#3549,#3550);
#3343=AXIS2_PLACEMENT_3D('',#4361,#3555,#3556);
#3344=AXIS2_PLACEMENT_3D('',#4363,#3557,#3558);
#3345=AXIS2_PLACEMENT_3D('',#4381,#3567,#3568);
#3346=AXIS2_PLACEMENT_3D('',#4404,#3581,#3582);
#3347=AXIS2_PLACEMENT_3D('',#4406,#3583,#3584);
#3348=AXIS2_PLACEMENT_3D('',#4408,#3585,#3586);
#3349=AXIS2_PLACEMENT_3D('',#4426,#3595,#3596);
#3350=AXIS2_PLACEMENT_3D('',#4468,#3617,#3618);
#3351=AXIS2_PLACEMENT_3D('',#4517,#3643,#3644);
#3352=AXIS2_PLACEMENT_3D('',#4519,#3645,#3646);
#3353=AXIS2_PLACEMENT_3D('',#4521,#3647,#3648);
#3354=AXIS2_PLACEMENT_3D('',#4531,#3653,#3654);
#3355=AXIS2_PLACEMENT_3D('',#4565,#3671,#3672);
#3356=AXIS2_PLACEMENT_3D('',#4566,#3673,#3674);
#3357=AXIS2_PLACEMENT_3D('',#4578,#3680,#3681);
#3358=AXIS2_PLACEMENT_3D('',#4589,#3688,#3689);
#3359=AXIS2_PLACEMENT_3D('',#4591,#3690,#3691);
#3360=AXIS2_PLACEMENT_3D('',#4638,#3715,#3716);
#3361=AXIS2_PLACEMENT_3D('',#4639,#3717,#3718);
#3362=AXIS2_PLACEMENT_3D('',#4641,#3719,#3720);
#3363=AXIS2_PLACEMENT_3D('',#4643,#3721,#3722);
#3364=AXIS2_PLACEMENT_3D('',#4645,#3723,#3724);
#3365=AXIS2_PLACEMENT_3D('',#4647,#3725,#3726);
#3366=AXIS2_PLACEMENT_3D('',#4649,#3727,#3728);
#3367=AXIS2_PLACEMENT_3D('',#4707,#3757,#3758);
#3368=AXIS2_PLACEMENT_3D('',#4710,#3761,#3762);
#3369=AXIS2_PLACEMENT_3D('',#4712,#3763,#3764);
#3370=AXIS2_PLACEMENT_3D('',#4726,#3773,#3774);
#3371=AXIS2_PLACEMENT_3D('',#4728,#3775,#3776);
#3372=AXIS2_PLACEMENT_3D('',#4738,#3781,#3782);
#3373=AXIS2_PLACEMENT_3D('',#4740,#3783,#3784);
#3374=AXIS2_PLACEMENT_3D('',#4742,#3785,#3786);
#3375=AXIS2_PLACEMENT_3D('',#4743,#3787,#3788);
#3376=AXIS2_PLACEMENT_3D('',#4745,#3789,#3790);
#3377=AXIS2_PLACEMENT_3D('',#4748,#3792,#3793);
#3378=AXIS2_PLACEMENT_3D('',#4762,#3801,#3802);
#3379=AXIS2_PLACEMENT_3D('',#4776,#3810,#3811);
#3380=AXIS2_PLACEMENT_3D('',#4790,#3819,#3820);
#3381=AXIS2_PLACEMENT_3D('',#4804,#3828,#3829);
#3382=AXIS2_PLACEMENT_3D('',#4818,#3837,#3838);
#3383=AXIS2_PLACEMENT_3D('',#4832,#3846,#3847);
#3384=AXIS2_PLACEMENT_3D('',#4846,#3855,#3856);
#3385=AXIS2_PLACEMENT_3D('',#4860,#3864,#3865);
#3386=AXIS2_PLACEMENT_3D('',#4864,#3869,#3870);
#3387=AXIS2_PLACEMENT_3D('',#4868,#3874,#3875);
#3388=AXIS2_PLACEMENT_3D('',#4869,#3876,#3877);
#3389=AXIS2_PLACEMENT_3D('',#4874,#3882,#3883);
#3390=AXIS2_PLACEMENT_3D('',#4879,#3888,#3889);
#3391=AXIS2_PLACEMENT_3D('',#4880,#3890,#3891);
#3392=AXIS2_PLACEMENT_3D('',#4882,#3892,#3893);
#3393=AXIS2_PLACEMENT_3D('',#4884,#3894,#3895);
#3394=AXIS2_PLACEMENT_3D('',#4886,#3896,#3897);
#3395=AXIS2_PLACEMENT_3D('',#4888,#3898,#3899);
#3396=AXIS2_PLACEMENT_3D('',#4890,#3900,#3901);
#3397=AXIS2_PLACEMENT_3D('',#4899,#3910,#3911);
#3398=AXIS2_PLACEMENT_3D('',#4901,#3912,#3913);
#3399=AXIS2_PLACEMENT_3D('',#4903,#3914,#3915);
#3400=AXIS2_PLACEMENT_3D('',#4905,#3916,#3917);
#3401=AXIS2_PLACEMENT_3D('',#4907,#3918,#3919);
#3402=AXIS2_PLACEMENT_3D('',#4909,#3920,#3921);
#3403=AXIS2_PLACEMENT_3D('',#4910,#3922,#3923);
#3404=AXIS2_PLACEMENT_3D('',#4911,#3924,#3925);
#3405=AXIS2_PLACEMENT_3D('',#4912,#3926,#3927);
#3406=AXIS2_PLACEMENT_3D('',#4913,#3928,#3929);
#3407=AXIS2_PLACEMENT_3D('',#4914,#3930,#3931);
#3408=AXIS2_PLACEMENT_3D('',#4916,#3933,#3934);
#3409=AXIS2_PLACEMENT_3D('',#4918,#3936,#3937);
#3410=AXIS2_PLACEMENT_3D('',#4919,#3938,#3939);
#3411=AXIS2_PLACEMENT_3D('',#4921,#3941,#3942);
#3412=AXIS2_PLACEMENT_3D('',#4923,#3944,#3945);
#3413=AXIS2_PLACEMENT_3D('',#4924,#3946,#3947);
#3414=AXIS2_PLACEMENT_3D('',#4926,#3949,#3950);
#3415=AXIS2_PLACEMENT_3D('',#4928,#3952,#3953);
#3416=AXIS2_PLACEMENT_3D('',#4929,#3954,#3955);
#3417=AXIS2_PLACEMENT_3D('',#4931,#3957,#3958);
#3418=AXIS2_PLACEMENT_3D('',#4933,#3960,#3961);
#3419=AXIS2_PLACEMENT_3D('',#4934,#3962,#3963);
#3420=AXIS2_PLACEMENT_3D('',#4935,#3964,#3965);
#3421=AXIS2_PLACEMENT_3D('',#4937,#3966,#3967);
#3422=AXIS2_PLACEMENT_3D('',#4940,#3969,#3970);
#3423=AXIS2_PLACEMENT_3D('',#4942,#3972,#3973);
#3424=AXIS2_PLACEMENT_3D('',#4943,#3974,#3975);
#3425=AXIS2_PLACEMENT_3D('',#4945,#3977,#3978);
#3426=AXIS2_PLACEMENT_3D('',#4946,#3979,#3980);
#3427=AXIS2_PLACEMENT_3D('',#4952,#3983,#3984);
#3428=AXIS2_PLACEMENT_3D('',#4953,#3985,#3986);
#3429=AXIS2_PLACEMENT_3D('',#4967,#3994,#3995);
#3430=AXIS2_PLACEMENT_3D('',#4981,#4003,#4004);
#3431=AXIS2_PLACEMENT_3D('',#4995,#4012,#4013);
#3432=AXIS2_PLACEMENT_3D('',#5009,#4021,#4022);
#3433=AXIS2_PLACEMENT_3D('',#5023,#4030,#4031);
#3434=AXIS2_PLACEMENT_3D('',#5037,#4039,#4040);
#3435=AXIS2_PLACEMENT_3D('',#5051,#4048,#4049);
#3436=AXIS2_PLACEMENT_3D('',#5065,#4057,#4058);
#3437=AXIS2_PLACEMENT_3D('',#5066,#4059,#4060);
#3438=AXIS2_PLACEMENT_3D('',#5071,#4065,#4066);
#3439=AXIS2_PLACEMENT_3D('',#5076,#4071,#4072);
#3440=AXIS2_PLACEMENT_3D('',#5077,#4073,#4074);
#3441=AXIS2_PLACEMENT_3D('',#5079,#4075,#4076);
#3442=AXIS2_PLACEMENT_3D('',#5081,#4077,#4078);
#3443=AXIS2_PLACEMENT_3D('',#5083,#4079,#4080);
#3444=AXIS2_PLACEMENT_3D('',#5085,#4081,#4082);
#3445=AXIS2_PLACEMENT_3D('',#5087,#4083,#4084);
#3446=AXIS2_PLACEMENT_3D('',#5096,#4093,#4094);
#3447=AXIS2_PLACEMENT_3D('',#5098,#4095,#4096);
#3448=AXIS2_PLACEMENT_3D('',#5100,#4097,#4098);
#3449=AXIS2_PLACEMENT_3D('',#5102,#4099,#4100);
#3450=AXIS2_PLACEMENT_3D('',#5104,#4101,#4102);
#3451=AXIS2_PLACEMENT_3D('',#5106,#4103,#4104);
#3452=AXIS2_PLACEMENT_3D('',#5107,#4105,#4106);
#3453=AXIS2_PLACEMENT_3D('',#5108,#4107,#4108);
#3454=AXIS2_PLACEMENT_3D('',#5109,#4109,#4110);
#3455=AXIS2_PLACEMENT_3D('',#5110,#4111,#4112);
#3456=AXIS2_PLACEMENT_3D('',#5111,#4113,#4114);
#3457=AXIS2_PLACEMENT_3D('',#5113,#4116,#4117);
#3458=AXIS2_PLACEMENT_3D('',#5115,#4119,#4120);
#3459=AXIS2_PLACEMENT_3D('',#5116,#4121,#4122);
#3460=AXIS2_PLACEMENT_3D('',#5118,#4124,#4125);
#3461=AXIS2_PLACEMENT_3D('',#5120,#4127,#4128);
#3462=AXIS2_PLACEMENT_3D('',#5121,#4129,#4130);
#3463=AXIS2_PLACEMENT_3D('',#5123,#4132,#4133);
#3464=AXIS2_PLACEMENT_3D('',#5125,#4135,#4136);
#3465=AXIS2_PLACEMENT_3D('',#5126,#4137,#4138);
#3466=AXIS2_PLACEMENT_3D('',#5128,#4140,#4141);
#3467=AXIS2_PLACEMENT_3D('',#5130,#4143,#4144);
#3468=AXIS2_PLACEMENT_3D('',#5131,#4145,#4146);
#3469=AXIS2_PLACEMENT_3D('',#5135,#4149,#4150);
#3470=AXIS2_PLACEMENT_3D('',#5136,#4151,#4152);
#3471=AXIS2_PLACEMENT_3D('',#5138,#4153,#4154);
#3472=AXIS2_PLACEMENT_3D('',#5141,#4156,#4157);
#3473=AXIS2_PLACEMENT_3D('',#5143,#4159,#4160);
#3474=AXIS2_PLACEMENT_3D('',#5144,#4161,#4162);
#3475=AXIS2_PLACEMENT_3D('',#5145,#4163,#4164);
#3476=AXIS2_PLACEMENT_3D('',#5146,#4165,#4166);
#3477=AXIS2_PLACEMENT_3D('',#5147,#4167,#4168);
#3478=AXIS2_PLACEMENT_3D('',#5148,#4169,#4170);
#3479=AXIS2_PLACEMENT_3D('',#5149,#4171,#4172);
#3480=AXIS2_PLACEMENT_3D('',#5150,#4173,#4174);
#3481=AXIS2_PLACEMENT_3D('',#5151,#4175,#4176);
#3482=AXIS2_PLACEMENT_3D('',#5152,#4177,#4178);
#3483=AXIS2_PLACEMENT_3D('',#5155,#4181,#4182);
#3484=AXIS2_PLACEMENT_3D('',#5157,#4184,#4185);
#3485=AXIS2_PLACEMENT_3D('',#5159,#4187,#4188);
#3486=AXIS2_PLACEMENT_3D('',#5160,#4189,#4190);
#3487=AXIS2_PLACEMENT_3D('',#5161,#4191,#4192);
#3488=AXIS2_PLACEMENT_3D('',#5163,#4193,#4194);
#3489=AXIS2_PLACEMENT_3D('',#5164,#4195,#4196);
#3490=AXIS2_PLACEMENT_3D('',#5166,#4197,#4198);
#3491=AXIS2_PLACEMENT_3D('',#5169,#4201,#4202);
#3492=AXIS2_PLACEMENT_3D('',#5171,#4204,#4205);
#3493=AXIS2_PLACEMENT_3D('',#5173,#4207,#4208);
#3494=AXIS2_PLACEMENT_3D('',#5174,#4209,#4210);
#3495=AXIS2_PLACEMENT_3D('',#5175,#4211,#4212);
#3496=AXIS2_PLACEMENT_3D('',#5177,#4213,#4214);
#3497=AXIS2_PLACEMENT_3D('',#5178,#4215,#4216);
#3498=AXIS2_PLACEMENT_3D('',#5179,#4217,#4218);
#3499=AXIS2_PLACEMENT_3D('',#5180,#4219,#4220);
#3500=AXIS2_PLACEMENT_3D('',#5181,#4221,#4222);
#3501=AXIS2_PLACEMENT_3D('',#5183,#4223,#4224);
#3502=AXIS2_PLACEMENT_3D('',#5184,#4225,#4226);
#3503=AXIS2_PLACEMENT_3D('',#5185,#4227,#4228);
#3504=AXIS2_PLACEMENT_3D('',#5187,#4229,#4230);
#3505=AXIS2_PLACEMENT_3D('',#5188,#4231,#4232);
#3506=AXIS2_PLACEMENT_3D('',#5189,#4233,#4234);
#3507=AXIS2_PLACEMENT_3D('',#5192,#4237,#4238);
#3508=AXIS2_PLACEMENT_3D('',#5194,#4240,#4241);
#3509=AXIS2_PLACEMENT_3D('',#5196,#4243,#4244);
#3510=AXIS2_PLACEMENT_3D('',#5197,#4245,#4246);
#3511=AXIS2_PLACEMENT_3D('',#5200,#4249,#4250);
#3512=AXIS2_PLACEMENT_3D('',#5202,#4252,#4253);
#3513=AXIS2_PLACEMENT_3D('',#5204,#4255,#4256);
#3514=AXIS2_PLACEMENT_3D('',#5205,#4257,#4258);
#3515=AXIS2_PLACEMENT_3D('',#5208,#4261,#4262);
#3516=AXIS2_PLACEMENT_3D('',#5210,#4264,#4265);
#3517=AXIS2_PLACEMENT_3D('',#5212,#4267,#4268);
#3518=AXIS2_PLACEMENT_3D('',#5213,#4269,#4270);
#3519=AXIS2_PLACEMENT_3D('',#5216,#4273,#4274);
#3520=AXIS2_PLACEMENT_3D('',#5218,#4276,#4277);
#3521=AXIS2_PLACEMENT_3D('',#5220,#4279,#4280);
#3522=AXIS2_PLACEMENT_3D('',#5221,#4281,#4282);
#3523=AXIS2_PLACEMENT_3D('',#5224,#4285,#4286);
#3524=AXIS2_PLACEMENT_3D('',#5225,#4287,#4288);
#3525=AXIS2_PLACEMENT_3D('',#5226,#4289,#4290);
#3526=AXIS2_PLACEMENT_3D('',#5227,#4291,#4292);
#3527=AXIS2_PLACEMENT_3D('',#5228,#4293,#4294);
#3528=AXIS2_PLACEMENT_3D('',#5229,#4295,#4296);
#3529=AXIS2_PLACEMENT_3D('',#5232,#4299,#4300);
#3530=AXIS2_PLACEMENT_3D('',#5234,#4302,#4303);
#3531=AXIS2_PLACEMENT_3D('',#5236,#4305,#4306);
#3532=AXIS2_PLACEMENT_3D('',#5237,#4307,#4308);
#3533=AXIS2_PLACEMENT_3D('',#5240,#4311,#4312);
#3534=AXIS2_PLACEMENT_3D('',#5242,#4314,#4315);
#3535=AXIS2_PLACEMENT_3D('',#5244,#4317,#4318);
#3536=AXIS2_PLACEMENT_3D('',#5245,#4319,#4320);
#3537=AXIS2_PLACEMENT_3D('',#5248,#4323,#4324);
#3538=AXIS2_PLACEMENT_3D('',#5250,#4326,#4327);
#3539=AXIS2_PLACEMENT_3D('',#5252,#4329,#4330);
#3540=AXIS2_PLACEMENT_3D('',#5253,#4331,#4332);
#3541=AXIS2_PLACEMENT_3D('',#5256,#4335,#4336);
#3542=AXIS2_PLACEMENT_3D('',#5257,#4337,#4338);
#3543=AXIS2_PLACEMENT_3D('',#5258,#4339,#4340);
#3544=AXIS2_PLACEMENT_3D('',#5261,#4343,#4344);
#3545=AXIS2_PLACEMENT_3D('',#5263,#4346,#4347);
#3546=AXIS2_PLACEMENT_3D('',#5265,#4349,#4350);
#3547=DIRECTION('',(0.,0.,1.));
#3548=DIRECTION('',(1.,0.,0.));
#3549=DIRECTION('',(1.,3.08395284618099E-16,0.));
#3550=DIRECTION('',(-3.08395284618099E-16,1.,0.));
#3551=DIRECTION('',(3.08395284618099E-16,-1.,0.));
#3552=DIRECTION('',(0.,0.,1.));
#3553=DIRECTION('',(3.08395284618099E-16,-1.,0.));
#3554=DIRECTION('',(0.,0.,1.));
#3555=DIRECTION('',(1.,3.08395284618099E-16,0.));
#3556=DIRECTION('',(-3.08395284618099E-16,1.,0.));
#3557=DIRECTION('',(1.,3.08395284618099E-16,0.));
#3558=DIRECTION('',(-3.08395284618099E-16,1.,0.));
#3559=DIRECTION('',(0.,0.,1.));
#3560=DIRECTION('',(3.08395284618099E-16,-1.,0.));
#3561=DIRECTION('',(0.,0.,-1.));
#3562=DIRECTION('',(3.08395284618099E-16,-1.,0.));
#3563=DIRECTION('',(0.,0.,-1.));
#3564=DIRECTION('',(3.08395284618099E-16,-1.,0.));
#3565=DIRECTION('',(0.,0.,1.));
#3566=DIRECTION('',(3.03576608295942E-16,-1.,0.));
#3567=DIRECTION('',(0.,0.,1.));
#3568=DIRECTION('',(1.,0.,0.));
#3569=DIRECTION('',(1.,0.,0.));
#3570=DIRECTION('',(-3.08395284618099E-16,-1.,0.));
#3571=DIRECTION('',(-1.,0.,0.));
#3572=DIRECTION('',(3.08395284618099E-16,-1.,0.));
#3573=DIRECTION('',(-1.,0.,0.));
#3574=DIRECTION('',(-3.08395284618099E-16,-1.,0.));
#3575=DIRECTION('',(1.,-1.7347234759768E-16,0.));
#3576=DIRECTION('',(0.,-1.,0.));
#3577=DIRECTION('',(1.,-1.7347234759768E-16,0.));
#3578=DIRECTION('',(-3.08395284618099E-16,-1.,0.));
#3579=DIRECTION('',(1.,-1.7347234759768E-16,0.));
#3580=DIRECTION('',(0.,-1.,0.));
#3581=DIRECTION('',(0.,0.,1.));
#3582=DIRECTION('',(1.,0.,0.));
#3583=DIRECTION('',(0.,0.,1.));
#3584=DIRECTION('',(1.,0.,0.));
#3585=DIRECTION('',(0.,0.,1.));
#3586=DIRECTION('',(1.,0.,0.));
#3587=DIRECTION('',(0.,-1.,0.));
#3588=DIRECTION('',(-1.,-6.19544098563145E-16,0.));
#3589=DIRECTION('',(0.,-1.,0.));
#3590=DIRECTION('',(-1.,-6.19544098563145E-16,0.));
#3591=DIRECTION('',(-1.,-6.19544098563145E-16,0.));
#3592=DIRECTION('',(0.,1.,0.));
#3593=DIRECTION('',(-1.,-6.44325862505671E-16,0.));
#3594=DIRECTION('',(0.,1.,0.));
#3595=DIRECTION('',(0.,0.,1.));
#3596=DIRECTION('',(1.,0.,0.));
#3597=DIRECTION('',(1.,1.73472347597681E-16,0.));
#3598=DIRECTION('',(0.,-1.,0.));
#3599=DIRECTION('',(1.,1.73472347597681E-16,0.));
#3600=DIRECTION('',(0.,-1.,0.));
#3601=DIRECTION('',(0.,-1.,0.));
#3602=DIRECTION('',(-1.,-6.19544098563146E-16,0.));
#3603=DIRECTION('',(0.,-1.,0.));
#3604=DIRECTION('',(-1.,-6.44325862505671E-16,0.));
#3605=DIRECTION('',(0.,1.,0.));
#3606=DIRECTION('',(1.,0.,0.));
#3607=DIRECTION('',(0.,1.,0.));
#3608=DIRECTION('',(1.,0.,0.));
#3609=DIRECTION('',(1.,0.,0.));
#3610=DIRECTION('',(0.,-1.,0.));
#3611=DIRECTION('',(1.,0.,0.));
#3612=DIRECTION('',(0.,-1.,0.));
#3613=DIRECTION('',(1.,0.,0.));
#3614=DIRECTION('',(0.,-1.,0.));
#3615=DIRECTION('',(1.,0.,0.));
#3616=DIRECTION('',(0.,-1.,0.));
#3617=DIRECTION('',(0.,0.,1.));
#3618=DIRECTION('',(1.,0.,0.));
#3619=DIRECTION('',(3.03576608295942E-16,-1.,0.));
#3620=DIRECTION('',(1.,3.03576608295942E-16,0.));
#3621=DIRECTION('',(3.03576608295942E-16,-1.,0.));
#3622=DIRECTION('',(-1.,0.,0.));
#3623=DIRECTION('',(0.,1.,0.));
#3624=DIRECTION('',(-1.,0.,0.));
#3625=DIRECTION('',(0.,1.,0.));
#3626=DIRECTION('',(-1.,1.7347234759768E-16,0.));
#3627=DIRECTION('',(0.,1.,0.));
#3628=DIRECTION('',(-1.,1.7347234759768E-16,0.));
#3629=DIRECTION('',(0.,1.,0.));
#3630=DIRECTION('',(-1.,1.7347234759768E-16,0.));
#3631=DIRECTION('',(0.,1.,0.));
#3632=DIRECTION('',(-1.,0.,0.));
#3633=DIRECTION('',(3.03576608295942E-16,-1.,0.));
#3634=DIRECTION('',(1.,3.03576608295942E-16,0.));
#3635=DIRECTION('',(0.,1.,0.));
#3636=DIRECTION('',(-1.,0.,0.));
#3637=DIRECTION('',(0.,1.,0.));
#3638=DIRECTION('',(-1.,0.,0.));
#3639=DIRECTION('',(-1.,0.,0.));
#3640=DIRECTION('',(0.,-1.,0.));
#3641=DIRECTION('',(-1.,0.,0.));
#3642=DIRECTION('',(0.,-1.,0.));
#3643=DIRECTION('',(0.,0.,-1.));
#3644=DIRECTION('',(-1.,0.,0.));
#3645=DIRECTION('',(0.,0.,-1.));
#3646=DIRECTION('',(-1.,0.,0.));
#3647=DIRECTION('',(0.,0.,-1.));
#3648=DIRECTION('',(-1.,0.,0.));
#3649=DIRECTION('',(1.,6.19544098563146E-16,0.));
#3650=DIRECTION('',(0.,1.,0.));
#3651=DIRECTION('',(1.,6.44325862505671E-16,0.));
#3652=DIRECTION('',(0.,1.,0.));
#3653=DIRECTION('',(0.,0.,-1.));
#3654=DIRECTION('',(-1.,0.,0.));
#3655=DIRECTION('',(0.,1.,0.));
#3656=DIRECTION('',(-1.,-1.73472347597681E-16,0.));
#3657=DIRECTION('',(0.,1.,0.));
#3658=DIRECTION('',(-1.,-1.73472347597681E-16,0.));
#3659=DIRECTION('',(0.,-1.,0.));
#3660=DIRECTION('',(1.,6.19544098563145E-16,0.));
#3661=DIRECTION('',(0.,-1.,0.));
#3662=DIRECTION('',(1.,6.44325862505671E-16,0.));
#3663=DIRECTION('',(1.,6.19544098563145E-16,0.));
#3664=DIRECTION('',(0.,1.,0.));
#3665=DIRECTION('',(1.,6.19544098563145E-16,0.));
#3666=DIRECTION('',(0.,1.,0.));
#3667=DIRECTION('',(0.,1.,0.));
#3668=DIRECTION('',(-1.,0.,0.));
#3669=DIRECTION('',(0.,1.,0.));
#3670=DIRECTION('',(-1.,0.,0.));
#3671=DIRECTION('',(0.,0.,-1.));
#3672=DIRECTION('',(-1.,0.,0.));
#3673=DIRECTION('',(0.,0.,-1.));
#3674=DIRECTION('',(-1.,0.,0.));
#3675=DIRECTION('',(-3.03576608295942E-16,1.,0.));
#3676=DIRECTION('',(-1.,-3.03576608295942E-16,0.));
#3677=DIRECTION('',(3.03576608295942E-16,-1.,0.));
#3678=DIRECTION('',(-1.,-3.03576608295942E-16,0.));
#3679=DIRECTION('',(-3.03576608295942E-16,1.,0.));
#3680=DIRECTION('',(1.,3.03576608295942E-16,0.));
#3681=DIRECTION('',(-3.03576608295942E-16,1.,0.));
#3682=DIRECTION('',(0.,0.,1.));
#3683=DIRECTION('',(0.,0.,-1.));
#3684=DIRECTION('',(3.03576608295942E-16,-1.,0.));
#3685=DIRECTION('',(0.,0.,-1.));
#3686=DIRECTION('',(0.,0.,1.));
#3687=DIRECTION('',(3.03576608295942E-16,-1.,0.));
#3688=DIRECTION('',(1.,3.03576608295942E-16,0.));
#3689=DIRECTION('',(-3.03576608295942E-16,1.,0.));
#3690=DIRECTION('',(1.,3.03576608295942E-16,0.));
#3691=DIRECTION('',(-3.03576608295942E-16,1.,0.));
#3692=DIRECTION('',(0.,0.,1.));
#3693=DIRECTION('',(3.03576608295942E-16,-1.,0.));
#3694=DIRECTION('',(0.,0.,1.));
#3695=DIRECTION('',(0.,0.,1.));
#3696=DIRECTION('',(3.03576608295942E-16,-1.,0.));
#3697=DIRECTION('',(0.,0.,1.));
#3698=DIRECTION('',(3.03576608295942E-16,-1.,0.));
#3699=DIRECTION('',(4.78746790153079E-32,-1.5770213417971E-16,-1.));
#3700=DIRECTION('',(-3.03576608295942E-16,1.,0.));
#3701=DIRECTION('',(3.59060092614809E-32,-1.18276600634783E-16,-1.));
#3702=DIRECTION('',(-3.03576608295942E-16,1.,0.));
#3703=DIRECTION('',(3.03576608295942E-16,-1.,0.));
#3704=DIRECTION('',(4.7874679015308E-32,-1.5770213417971E-16,-1.));
#3705=DIRECTION('',(3.03576608295942E-16,-1.,0.));
#3706=DIRECTION('',(3.59060092614811E-32,-1.18276600634783E-16,-1.));
#3707=DIRECTION('',(0.,0.,-1.));
#3708=DIRECTION('',(-3.03576608295942E-16,1.,0.));
#3709=DIRECTION('',(0.,0.,-1.));
#3710=DIRECTION('',(-3.03576608295942E-16,1.,0.));
#3711=DIRECTION('',(0.,0.,1.));
#3712=DIRECTION('',(3.03576608295942E-16,-1.,0.));
#3713=DIRECTION('',(0.,0.,1.));
#3714=DIRECTION('',(3.03576608295942E-16,-1.,0.));
#3715=DIRECTION('',(-1.,3.03576608295942E-16,0.));
#3716=DIRECTION('',(3.03576608295942E-16,1.,0.));
#3717=DIRECTION('',(-1.,3.03576608295942E-16,0.));
#3718=DIRECTION('',(-3.03576608295942E-16,-1.,0.));
#3719=DIRECTION('',(-1.,3.03576608295942E-16,0.));
#3720=DIRECTION('',(-3.03576608295942E-16,-1.,0.));
#3721=DIRECTION('',(-1.,3.03576608295942E-16,0.));
#3722=DIRECTION('',(-3.03576608295942E-16,-1.,0.));
#3723=DIRECTION('',(-1.,3.03576608295942E-16,0.));
#3724=DIRECTION('',(-3.03576608295942E-16,-1.,0.));
#3725=DIRECTION('',(-1.,3.03576608295942E-16,0.));
#3726=DIRECTION('',(-3.03576608295942E-16,-1.,0.));
#3727=DIRECTION('',(-1.,3.03576608295942E-16,0.));
#3728=DIRECTION('',(-3.03576608295942E-16,-1.,0.));
#3729=DIRECTION('',(-3.03576608295942E-16,-1.,0.));
#3730=DIRECTION('',(0.,0.,1.));
#3731=DIRECTION('',(-3.03576608295942E-16,-1.,0.));
#3732=DIRECTION('',(0.,0.,1.));
#3733=DIRECTION('',(0.,0.,-1.));
#3734=DIRECTION('',(-3.03576608295942E-16,-1.,0.));
#3735=DIRECTION('',(0.,0.,-1.));
#3736=DIRECTION('',(-3.03576608295942E-16,-1.,0.));
#3737=DIRECTION('',(0.,0.,1.));
#3738=DIRECTION('',(-3.03576608295942E-16,-1.,0.));
#3739=DIRECTION('',(0.,0.,1.));
#3740=DIRECTION('',(-3.03576608295942E-16,-1.,0.));
#3741=DIRECTION('',(-4.78746790153079E-32,-1.5770213417971E-16,-1.));
#3742=DIRECTION('',(3.03576608295942E-16,1.,0.));
#3743=DIRECTION('',(-3.59060092614809E-32,-1.18276600634783E-16,-1.));
#3744=DIRECTION('',(3.03576608295942E-16,1.,0.));
#3745=DIRECTION('',(-3.03576608295942E-16,-1.,0.));
#3746=DIRECTION('',(-3.59060092614811E-32,-1.18276600634783E-16,-1.));
#3747=DIRECTION('',(-3.03576608295942E-16,-1.,0.));
#3748=DIRECTION('',(-4.7874679015308E-32,-1.5770213417971E-16,-1.));
#3749=DIRECTION('',(0.,0.,-1.));
#3750=DIRECTION('',(3.03576608295942E-16,1.,0.));
#3751=DIRECTION('',(0.,0.,-1.));
#3752=DIRECTION('',(3.03576608295942E-16,1.,0.));
#3753=DIRECTION('',(0.,0.,-1.));
#3754=DIRECTION('',(3.03576608295942E-16,1.,0.));
#3755=DIRECTION('',(0.,0.,-1.));
#3756=DIRECTION('',(3.03576608295942E-16,1.,0.));
#3757=DIRECTION('',(-1.,3.08395284618099E-16,0.));
#3758=DIRECTION('',(3.08395284618099E-16,1.,0.));
#3759=DIRECTION('',(0.,0.,-1.));
#3760=DIRECTION('',(0.,0.,-1.));
#3761=DIRECTION('',(-1.,3.03576608295942E-16,0.));
#3762=DIRECTION('',(-3.03576608295942E-16,-1.,0.));
#3763=DIRECTION('',(-1.,3.03576608295942E-16,0.));
#3764=DIRECTION('',(-3.03576608295942E-16,-1.,0.));
#3765=DIRECTION('',(0.,0.,-1.));
#3766=DIRECTION('',(0.,0.,1.));
#3767=DIRECTION('',(0.,1.,0.));
#3768=DIRECTION('',(0.,0.,1.));
#3769=DIRECTION('',(0.,0.,-1.));
#3770=DIRECTION('',(0.,0.,-1.));
#3771=DIRECTION('',(-3.08395284618099E-16,-1.,0.));
#3772=DIRECTION('',(0.,0.,-1.));
#3773=DIRECTION('',(-1.,3.08395284618099E-16,0.));
#3774=DIRECTION('',(-3.08395284618099E-16,-1.,0.));
#3775=DIRECTION('',(-1.,3.08395284618099E-16,0.));
#3776=DIRECTION('',(-3.08395284618099E-16,-1.,0.));
#3777=DIRECTION('',(3.08395284618099E-16,1.,0.));
#3778=DIRECTION('',(0.,0.,-1.));
#3779=DIRECTION('',(3.08395284618099E-16,1.,0.));
#3780=DIRECTION('',(0.,0.,-1.));
#3781=DIRECTION('',(-1.,3.03576608295942E-16,0.));
#3782=DIRECTION('',(-3.03576608295942E-16,-1.,0.));
#3783=DIRECTION('',(-1.,3.03576608295942E-16,0.));
#3784=DIRECTION('',(-3.03576608295942E-16,-1.,0.));
#3785=DIRECTION('',(3.03576608295942E-16,-1.,0.));
#3786=DIRECTION('',(1.,3.03576608295942E-16,0.));
#3787=DIRECTION('',(3.03576608295942E-16,-1.,0.));
#3788=DIRECTION('',(1.,3.03576608295942E-16,0.));
#3789=DIRECTION('',(3.03576608295942E-16,-1.,0.));
#3790=DIRECTION('',(1.,3.03576608295942E-16,0.));
#3791=DIRECTION('',(-1.,-3.03576608295942E-16,0.));
#3792=DIRECTION('',(3.03576608295942E-16,-1.,0.));
#3793=DIRECTION('',(1.,3.03576608295942E-16,0.));
#3794=DIRECTION('',(-1.,-3.03576608295942E-16,0.));
#3795=DIRECTION('',(-1.,-3.03576608295942E-16,0.));
#3796=DIRECTION('',(0.,0.,1.));
#3797=DIRECTION('',(-1.,-3.03576608295942E-16,0.));
#3798=DIRECTION('',(1.15648231731787E-16,3.51080979445591E-32,-1.));
#3799=DIRECTION('',(-1.,-3.03576608295942E-16,0.));
#3800=DIRECTION('',(1.15648231731787E-16,3.51080979445591E-32,-1.));
#3801=DIRECTION('',(-3.03576608295942E-16,1.,0.));
#3802=DIRECTION('',(-1.,-3.03576608295942E-16,0.));
#3803=DIRECTION('',(-1.,-3.03576608295942E-16,0.));
#3804=DIRECTION('',(0.,0.,-1.));
#3805=DIRECTION('',(-1.,-3.03576608295942E-16,0.));
#3806=DIRECTION('',(1.,3.03576608295942E-16,0.));
#3807=DIRECTION('',(-1.15648231731787E-16,-3.51080979445591E-32,1.));
#3808=DIRECTION('',(1.,3.03576608295942E-16,0.));
#3809=DIRECTION('',(-1.15648231731787E-16,-3.51080979445591E-32,1.));
#3810=DIRECTION('',(3.03576608295942E-16,-1.,0.));
#3811=DIRECTION('',(1.,3.03576608295942E-16,0.));
#3812=DIRECTION('',(-2.36553201269565E-16,-7.18120185229616E-32,1.));
#3813=DIRECTION('',(-1.,-3.03576608295942E-16,0.));
#3814=DIRECTION('',(1.15648231731787E-16,3.51080979445591E-32,-1.));
#3815=DIRECTION('',(-1.,-3.03576608295942E-16,0.));
#3816=DIRECTION('',(-2.36553201269565E-16,-7.18120185229616E-32,1.));
#3817=DIRECTION('',(-1.,-3.03576608295942E-16,0.));
#3818=DIRECTION('',(-1.,-3.03576608295942E-16,0.));
#3819=DIRECTION('',(-3.03576608295942E-16,1.,-1.5770213417971E-16));
#3820=DIRECTION('',(-1.,-3.03576608295942E-16,0.));
#3821=DIRECTION('',(-1.15648231731787E-16,1.5770213417971E-16,1.));
#3822=DIRECTION('',(1.,3.03576608295942E-16,0.));
#3823=DIRECTION('',(2.36553201269565E-16,-1.5770213417971E-16,-1.));
#3824=DIRECTION('',(-1.,-3.03576608295942E-16,0.));
#3825=DIRECTION('',(-1.,-3.03576608295942E-16,0.));
#3826=DIRECTION('',(2.36553201269565E-16,-1.5770213417971E-16,-1.));
#3827=DIRECTION('',(1.,3.03576608295942E-16,0.));
#3828=DIRECTION('',(-3.03576608295942E-16,1.,-1.18276600634783E-16));
#3829=DIRECTION('',(-1.,-3.03576608295942E-16,0.));
#3830=DIRECTION('',(1.,3.03576608295942E-16,0.));
#3831=DIRECTION('',(-1.15648231731787E-16,1.18276600634783E-16,1.));
#3832=DIRECTION('',(1.,3.03576608295942E-16,0.));
#3833=DIRECTION('',(2.36553201269565E-16,-1.18276600634783E-16,-1.));
#3834=DIRECTION('',(-1.,-3.03576608295942E-16,0.));
#3835=DIRECTION('',(-1.,-3.03576608295942E-16,0.));
#3836=DIRECTION('',(2.36553201269565E-16,-1.18276600634783E-16,-1.));
#3837=DIRECTION('',(-3.03576608295942E-16,1.,-1.5770213417971E-16));
#3838=DIRECTION('',(-1.,-3.03576608295942E-16,0.));
#3839=DIRECTION('',(1.,3.03576608295942E-16,0.));
#3840=DIRECTION('',(-1.15648231731787E-16,1.5770213417971E-16,1.));
#3841=DIRECTION('',(1.,3.03576608295942E-16,0.));
#3842=DIRECTION('',(2.36553201269565E-16,-1.5770213417971E-16,-1.));
#3843=DIRECTION('',(-1.,-3.03576608295942E-16,0.));
#3844=DIRECTION('',(-1.,-3.03576608295942E-16,0.));
#3845=DIRECTION('',(2.36553201269565E-16,-1.5770213417971E-16,-1.));
#3846=DIRECTION('',(-3.03576608295942E-16,1.,-1.18276600634783E-16));
#3847=DIRECTION('',(-1.,-3.03576608295942E-16,0.));
#3848=DIRECTION('',(-1.15648231731787E-16,1.18276600634783E-16,1.));
#3849=DIRECTION('',(1.,3.03576608295942E-16,0.));
#3850=DIRECTION('',(2.36553201269565E-16,-1.18276600634783E-16,-1.));
#3851=DIRECTION('',(-1.,-3.03576608295942E-16,0.));
#3852=DIRECTION('',(-1.,-3.03576608295942E-16,0.));
#3853=DIRECTION('',(2.36553201269565E-16,-1.18276600634783E-16,-1.));
#3854=DIRECTION('',(1.,3.03576608295942E-16,0.));
#3855=DIRECTION('',(-3.03576608295942E-16,1.,0.));
#3856=DIRECTION('',(-1.,-3.03576608295942E-16,0.));
#3857=DIRECTION('',(-1.15648231731787E-16,-3.51080979445591E-32,1.));
#3858=DIRECTION('',(1.,3.03576608295942E-16,0.));
#3859=DIRECTION('',(2.36553201269565E-16,7.18120185229616E-32,-1.));
#3860=DIRECTION('',(-1.,-3.03576608295942E-16,0.));
#3861=DIRECTION('',(-1.,-3.03576608295942E-16,0.));
#3862=DIRECTION('',(2.36553201269565E-16,7.18120185229616E-32,-1.));
#3863=DIRECTION('',(1.,3.03576608295942E-16,0.));
#3864=DIRECTION('',(0.,-1.,0.));
#3865=DIRECTION('',(0.,0.,-1.));
#3866=DIRECTION('',(-1.,0.,0.));
#3867=DIRECTION('',(1.,0.,0.));
#3868=DIRECTION('',(-1.,0.,0.));
#3869=DIRECTION('',(0.,-1.,0.));
#3870=DIRECTION('',(0.,0.,-1.));
#3871=DIRECTION('',(-1.,0.,0.));
#3872=DIRECTION('',(1.,0.,0.));
#3873=DIRECTION('',(-1.,0.,0.));
#3874=DIRECTION('',(0.,0.,1.));
#3875=DIRECTION('',(1.,0.,0.));
#3876=DIRECTION('',(0.,0.,1.));
#3877=DIRECTION('',(1.,0.,0.));
#3878=DIRECTION('',(3.03576608295942E-16,-1.,0.));
#3879=DIRECTION('',(3.03576608295942E-16,-1.,0.));
#3880=DIRECTION('',(3.03576608295942E-16,-1.,0.));
#3881=DIRECTION('',(-3.03576608295942E-16,1.,0.));
#3882=DIRECTION('',(0.,0.,1.));
#3883=DIRECTION('',(1.,0.,0.));
#3884=DIRECTION('',(-3.03576608295942E-16,1.,0.));
#3885=DIRECTION('',(3.03576608295942E-16,-1.,0.));
#3886=DIRECTION('',(3.03576608295942E-16,-1.,0.));
#3887=DIRECTION('',(3.03576608295942E-16,-1.,0.));
#3888=DIRECTION('',(1.,3.03576608295942E-16,0.));
#3889=DIRECTION('',(-3.03576608295942E-16,1.,0.));
#3890=DIRECTION('',(1.,3.03576608295942E-16,0.));
#3891=DIRECTION('',(-3.03576608295942E-16,1.,0.));
#3892=DIRECTION('',(1.,3.03576608295942E-16,0.));
#3893=DIRECTION('',(-3.03576608295942E-16,1.,0.));
#3894=DIRECTION('',(1.,3.03576608295942E-16,0.));
#3895=DIRECTION('',(-3.03576608295942E-16,1.,0.));
#3896=DIRECTION('',(1.,3.03576608295942E-16,0.));
#3897=DIRECTION('',(-3.03576608295942E-16,1.,0.));
#3898=DIRECTION('',(1.,3.03576608295942E-16,0.));
#3899=DIRECTION('',(-3.03576608295942E-16,1.,0.));
#3900=DIRECTION('',(1.,3.03576608295942E-16,2.36553201269565E-16));
#3901=DIRECTION('',(-3.03576608295942E-16,1.,0.));
#3902=DIRECTION('',(3.03576608295942E-16,-1.,0.));
#3903=DIRECTION('',(3.03576608295942E-16,-1.,0.));
#3904=DIRECTION('',(3.03576608295942E-16,-1.,0.));
#3905=DIRECTION('',(3.03576608295942E-16,-1.,0.));
#3906=DIRECTION('',(3.03576608295942E-16,-1.,0.));
#3907=DIRECTION('',(3.03576608295942E-16,-1.,0.));
#3908=DIRECTION('',(3.03576608295942E-16,-1.,0.));
#3909=DIRECTION('',(3.03576608295942E-16,-1.,0.));
#3910=DIRECTION('',(1.,3.03576608295942E-16,2.36553201269565E-16));
#3911=DIRECTION('',(-3.03576608295942E-16,1.,0.));
#3912=DIRECTION('',(1.,3.03576608295942E-16,2.36553201269565E-16));
#3913=DIRECTION('',(-3.03576608295942E-16,1.,0.));
#3914=DIRECTION('',(1.,3.03576608295942E-16,2.36553201269565E-16));
#3915=DIRECTION('',(-3.03576608295942E-16,1.,0.));
#3916=DIRECTION('',(1.,3.03576608295942E-16,2.36553201269565E-16));
#3917=DIRECTION('',(-3.03576608295942E-16,1.,0.));
#3918=DIRECTION('',(1.,3.03576608295942E-16,2.36553201269565E-16));
#3919=DIRECTION('',(-3.03576608295942E-16,1.,0.));
#3920=DIRECTION('',(1.,3.03576608295942E-16,0.));
#3921=DIRECTION('',(-3.03576608295942E-16,1.,0.));
#3922=DIRECTION('',(1.,3.03576608295942E-16,0.));
#3923=DIRECTION('',(-3.03576608295942E-16,1.,0.));
#3924=DIRECTION('',(1.,3.03576608295942E-16,0.));
#3925=DIRECTION('',(-3.03576608295942E-16,1.,0.));
#3926=DIRECTION('',(1.,3.03576608295942E-16,0.));
#3927=DIRECTION('',(-3.03576608295942E-16,1.,0.));
#3928=DIRECTION('',(1.,3.03576608295942E-16,0.));
#3929=DIRECTION('',(-3.03576608295942E-16,1.,0.));
#3930=DIRECTION('',(0.,0.,1.));
#3931=DIRECTION('',(1.,0.,0.));
#3932=DIRECTION('',(3.03576608295942E-16,-1.,0.));
#3933=DIRECTION('',(-1.,-3.03576608295942E-16,-1.15648231731787E-16));
#3934=DIRECTION('',(3.03576608295942E-16,-1.,0.));
#3935=DIRECTION('',(3.03576608295942E-16,-1.,0.));
#3936=DIRECTION('',(0.,0.,1.));
#3937=DIRECTION('',(1.,0.,0.));
#3938=DIRECTION('',(0.,0.,1.));
#3939=DIRECTION('',(1.,0.,0.));
#3940=DIRECTION('',(3.03576608295942E-16,-1.,0.));
#3941=DIRECTION('',(-1.,-3.03576608295942E-16,-1.15648231731787E-16));
#3942=DIRECTION('',(3.03576608295942E-16,-1.,0.));
#3943=DIRECTION('',(3.03576608295942E-16,-1.,0.));
#3944=DIRECTION('',(0.,0.,1.));
#3945=DIRECTION('',(1.,0.,0.));
#3946=DIRECTION('',(0.,0.,1.));
#3947=DIRECTION('',(1.,0.,0.));
#3948=DIRECTION('',(3.03576608295942E-16,-1.,0.));
#3949=DIRECTION('',(-1.,-3.03576608295942E-16,-1.15648231731787E-16));
#3950=DIRECTION('',(3.03576608295942E-16,-1.,0.));
#3951=DIRECTION('',(3.03576608295942E-16,-1.,0.));
#3952=DIRECTION('',(0.,0.,1.));
#3953=DIRECTION('',(1.,0.,0.));
#3954=DIRECTION('',(0.,0.,1.));
#3955=DIRECTION('',(1.,0.,0.));
#3956=DIRECTION('',(3.03576608295942E-16,-1.,0.));
#3957=DIRECTION('',(-1.,-3.03576608295942E-16,-1.15648231731787E-16));
#3958=DIRECTION('',(3.03576608295942E-16,-1.,0.));
#3959=DIRECTION('',(3.03576608295942E-16,-1.,0.));
#3960=DIRECTION('',(0.,0.,1.));
#3961=DIRECTION('',(1.,0.,0.));
#3962=DIRECTION('',(3.03576608295942E-16,-1.,0.));
#3963=DIRECTION('',(1.,3.03576608295942E-16,0.));
#3964=DIRECTION('',(-3.03576608295942E-16,1.,0.));
#3965=DIRECTION('',(-1.,-3.03576608295942E-16,0.));
#3966=DIRECTION('',(-3.03576608295942E-16,1.,0.));
#3967=DIRECTION('',(-1.,-3.03576608295942E-16,0.));
#3968=DIRECTION('',(-1.,-3.03576608295942E-16,0.));
#3969=DIRECTION('',(0.,0.,-1.));
#3970=DIRECTION('',(-1.,0.,0.));
#3971=DIRECTION('',(-3.03576608295942E-16,1.,0.));
#3972=DIRECTION('',(-3.03576608295942E-16,1.,0.));
#3973=DIRECTION('',(-1.,-3.03576608295942E-16,0.));
#3974=DIRECTION('',(-3.03576608295942E-16,1.,0.));
#3975=DIRECTION('',(-1.,-3.03576608295942E-16,0.));
#3976=DIRECTION('',(-3.03576608295942E-16,1.,0.));
#3977=DIRECTION('',(-3.03576608295942E-16,-1.,0.));
#3978=DIRECTION('',(-1.,3.03576608295942E-16,0.));
#3979=DIRECTION('',(3.03576608295942E-16,1.,0.));
#3980=DIRECTION('',(-1.,3.03576608295942E-16,0.));
#3981=DIRECTION('',(1.,-3.03576608295942E-16,0.));
#3982=DIRECTION('',(1.,-3.03576608295942E-16,0.));
#3983=DIRECTION('',(3.03576608295942E-16,1.,0.));
#3984=DIRECTION('',(-1.,3.03576608295942E-16,0.));
#3985=DIRECTION('',(-3.03576608295942E-16,-1.,0.));
#3986=DIRECTION('',(-1.,3.03576608295942E-16,0.));
#3987=DIRECTION('',(1.,-3.03576608295942E-16,0.));
#3988=DIRECTION('',(0.,0.,1.));
#3989=DIRECTION('',(1.,-3.03576608295942E-16,0.));
#3990=DIRECTION('',(1.,-3.03576608295942E-16,0.));
#3991=DIRECTION('',(-1.15648231731787E-16,3.51080979445591E-32,-1.));
#3992=DIRECTION('',(1.,-3.03576608295942E-16,0.));
#3993=DIRECTION('',(-1.15648231731787E-16,3.51080979445591E-32,-1.));
#3994=DIRECTION('',(3.03576608295942E-16,1.,0.));
#3995=DIRECTION('',(1.,-3.03576608295942E-16,0.));
#3996=DIRECTION('',(1.,-3.03576608295942E-16,0.));
#3997=DIRECTION('',(0.,0.,-1.));
#3998=DIRECTION('',(1.,-3.03576608295942E-16,0.));
#3999=DIRECTION('',(-1.,3.03576608295942E-16,0.));
#4000=DIRECTION('',(1.15648231731787E-16,-3.51080979445591E-32,1.));
#4001=DIRECTION('',(-1.,3.03576608295942E-16,0.));
#4002=DIRECTION('',(1.15648231731787E-16,-3.51080979445591E-32,1.));
#4003=DIRECTION('',(-3.03576608295942E-16,-1.,0.));
#4004=DIRECTION('',(-1.,3.03576608295942E-16,0.));
#4005=DIRECTION('',(2.36553201269565E-16,-7.18120185229616E-32,1.));
#4006=DIRECTION('',(1.,-3.03576608295942E-16,0.));
#4007=DIRECTION('',(1.,-3.03576608295942E-16,0.));
#4008=DIRECTION('',(2.36553201269565E-16,-7.18120185229616E-32,1.));
#4009=DIRECTION('',(1.,-3.03576608295942E-16,0.));
#4010=DIRECTION('',(-1.15648231731787E-16,3.51080979445591E-32,-1.));
#4011=DIRECTION('',(1.,-3.03576608295942E-16,0.));
#4012=DIRECTION('',(3.03576608295942E-16,1.,-1.5770213417971E-16));
#4013=DIRECTION('',(1.,-3.03576608295942E-16,0.));
#4014=DIRECTION('',(1.15648231731787E-16,1.5770213417971E-16,1.));
#4015=DIRECTION('',(-1.,3.03576608295942E-16,0.));
#4016=DIRECTION('',(-2.36553201269565E-16,-1.5770213417971E-16,-1.));
#4017=DIRECTION('',(1.,-3.03576608295942E-16,0.));
#4018=DIRECTION('',(1.,-3.03576608295942E-16,0.));
#4019=DIRECTION('',(-2.36553201269565E-16,-1.5770213417971E-16,-1.));
#4020=DIRECTION('',(-1.,3.03576608295942E-16,0.));
#4021=DIRECTION('',(3.03576608295942E-16,1.,-1.18276600634783E-16));
#4022=DIRECTION('',(1.,-3.03576608295942E-16,0.));
#4023=DIRECTION('',(-1.,3.03576608295942E-16,0.));
#4024=DIRECTION('',(-2.36553201269565E-16,-1.18276600634783E-16,-1.));
#4025=DIRECTION('',(1.,-3.03576608295942E-16,0.));
#4026=DIRECTION('',(1.,-3.03576608295942E-16,0.));
#4027=DIRECTION('',(-2.36553201269565E-16,-1.18276600634783E-16,-1.));
#4028=DIRECTION('',(-1.,3.03576608295942E-16,0.));
#4029=DIRECTION('',(1.15648231731787E-16,1.18276600634783E-16,1.));
#4030=DIRECTION('',(3.03576608295942E-16,1.,-1.5770213417971E-16));
#4031=DIRECTION('',(1.,-3.03576608295942E-16,0.));
#4032=DIRECTION('',(-1.,3.03576608295942E-16,0.));
#4033=DIRECTION('',(-2.36553201269565E-16,-1.5770213417971E-16,-1.));
#4034=DIRECTION('',(1.,-3.03576608295942E-16,0.));
#4035=DIRECTION('',(1.,-3.03576608295942E-16,0.));
#4036=DIRECTION('',(-2.36553201269565E-16,-1.5770213417971E-16,-1.));
#4037=DIRECTION('',(-1.,3.03576608295942E-16,0.));
#4038=DIRECTION('',(1.15648231731787E-16,1.5770213417971E-16,1.));
#4039=DIRECTION('',(3.03576608295942E-16,1.,-1.18276600634783E-16));
#4040=DIRECTION('',(1.,-3.03576608295942E-16,0.));
#4041=DIRECTION('',(1.15648231731787E-16,1.18276600634783E-16,1.));
#4042=DIRECTION('',(-1.,3.03576608295942E-16,0.));
#4043=DIRECTION('',(-2.36553201269565E-16,-1.18276600634783E-16,-1.));
#4044=DIRECTION('',(1.,-3.03576608295942E-16,0.));
#4045=DIRECTION('',(1.,-3.03576608295942E-16,0.));
#4046=DIRECTION('',(-2.36553201269565E-16,-1.18276600634783E-16,-1.));
#4047=DIRECTION('',(-1.,3.03576608295942E-16,0.));
#4048=DIRECTION('',(3.03576608295942E-16,1.,0.));
#4049=DIRECTION('',(1.,-3.03576608295942E-16,0.));
#4050=DIRECTION('',(1.15648231731787E-16,-3.51080979445591E-32,1.));
#4051=DIRECTION('',(-1.,3.03576608295942E-16,0.));
#4052=DIRECTION('',(-2.36553201269565E-16,7.18120185229616E-32,-1.));
#4053=DIRECTION('',(1.,-3.03576608295942E-16,0.));
#4054=DIRECTION('',(1.,-3.03576608295942E-16,0.));
#4055=DIRECTION('',(-2.36553201269565E-16,7.18120185229616E-32,-1.));
#4056=DIRECTION('',(-1.,3.03576608295942E-16,0.));
#4057=DIRECTION('',(0.,0.,1.));
#4058=DIRECTION('',(-1.,0.,0.));
#4059=DIRECTION('',(0.,0.,1.));
#4060=DIRECTION('',(-1.,0.,0.));
#4061=DIRECTION('',(3.03576608295942E-16,1.,0.));
#4062=DIRECTION('',(-3.03576608295942E-16,-1.,0.));
#4063=DIRECTION('',(-3.03576608295942E-16,-1.,0.));
#4064=DIRECTION('',(-3.03576608295942E-16,-1.,0.));
#4065=DIRECTION('',(0.,0.,1.));
#4066=DIRECTION('',(-1.,0.,0.));
#4067=DIRECTION('',(-3.03576608295942E-16,-1.,0.));
#4068=DIRECTION('',(-3.03576608295942E-16,-1.,0.));
#4069=DIRECTION('',(-3.03576608295942E-16,-1.,0.));
#4070=DIRECTION('',(3.03576608295942E-16,1.,0.));
#4071=DIRECTION('',(-1.,3.03576608295942E-16,0.));
#4072=DIRECTION('',(3.03576608295942E-16,1.,0.));
#4073=DIRECTION('',(1.,-3.03576608295942E-16,0.));
#4074=DIRECTION('',(3.03576608295942E-16,1.,0.));
#4075=DIRECTION('',(1.,-3.03576608295942E-16,0.));
#4076=DIRECTION('',(3.03576608295942E-16,1.,0.));
#4077=DIRECTION('',(1.,-3.03576608295942E-16,0.));
#4078=DIRECTION('',(3.03576608295942E-16,1.,0.));
#4079=DIRECTION('',(1.,-3.03576608295942E-16,0.));
#4080=DIRECTION('',(3.03576608295942E-16,1.,0.));
#4081=DIRECTION('',(1.,-3.03576608295942E-16,0.));
#4082=DIRECTION('',(3.03576608295942E-16,1.,0.));
#4083=DIRECTION('',(-1.,3.03576608295942E-16,2.36553201269565E-16));
#4084=DIRECTION('',(3.03576608295942E-16,1.,0.));
#4085=DIRECTION('',(-3.03576608295942E-16,-1.,0.));
#4086=DIRECTION('',(-3.03576608295942E-16,-1.,0.));
#4087=DIRECTION('',(-3.03576608295942E-16,-1.,0.));
#4088=DIRECTION('',(-3.03576608295942E-16,-1.,0.));
#4089=DIRECTION('',(-3.03576608295942E-16,-1.,0.));
#4090=DIRECTION('',(-3.03576608295942E-16,-1.,0.));
#4091=DIRECTION('',(-3.03576608295942E-16,-1.,0.));
#4092=DIRECTION('',(-3.03576608295942E-16,-1.,0.));
#4093=DIRECTION('',(1.,-3.03576608295942E-16,-2.36553201269565E-16));
#4094=DIRECTION('',(3.03576608295942E-16,1.,0.));
#4095=DIRECTION('',(1.,-3.03576608295942E-16,-2.36553201269565E-16));
#4096=DIRECTION('',(3.03576608295942E-16,1.,0.));
#4097=DIRECTION('',(1.,-3.03576608295942E-16,-2.36553201269565E-16));
#4098=DIRECTION('',(3.03576608295942E-16,1.,0.));
#4099=DIRECTION('',(1.,-3.03576608295942E-16,-2.36553201269565E-16));
#4100=DIRECTION('',(3.03576608295942E-16,1.,0.));
#4101=DIRECTION('',(1.,-3.03576608295942E-16,-2.36553201269565E-16));
#4102=DIRECTION('',(3.03576608295942E-16,1.,0.));
#4103=DIRECTION('',(-1.,3.03576608295942E-16,0.));
#4104=DIRECTION('',(3.03576608295942E-16,1.,0.));
#4105=DIRECTION('',(-1.,3.03576608295942E-16,0.));
#4106=DIRECTION('',(3.03576608295942E-16,1.,0.));
#4107=DIRECTION('',(-1.,3.03576608295942E-16,0.));
#4108=DIRECTION('',(3.03576608295942E-16,1.,0.));
#4109=DIRECTION('',(-1.,3.03576608295942E-16,0.));
#4110=DIRECTION('',(3.03576608295942E-16,1.,0.));
#4111=DIRECTION('',(-1.,3.03576608295942E-16,0.));
#4112=DIRECTION('',(3.03576608295942E-16,1.,0.));
#4113=DIRECTION('',(0.,0.,1.));
#4114=DIRECTION('',(-1.,0.,0.));
#4115=DIRECTION('',(-3.03576608295942E-16,-1.,0.));
#4116=DIRECTION('',(1.,-3.03576608295942E-16,-1.15648231731787E-16));
#4117=DIRECTION('',(-3.03576608295942E-16,-1.,0.));
#4118=DIRECTION('',(-3.03576608295942E-16,-1.,0.));
#4119=DIRECTION('',(0.,0.,1.));
#4120=DIRECTION('',(-1.,0.,0.));
#4121=DIRECTION('',(0.,0.,1.));
#4122=DIRECTION('',(-1.,0.,0.));
#4123=DIRECTION('',(-3.03576608295942E-16,-1.,0.));
#4124=DIRECTION('',(1.,-3.03576608295942E-16,-1.15648231731787E-16));
#4125=DIRECTION('',(-3.03576608295942E-16,-1.,0.));
#4126=DIRECTION('',(-3.03576608295942E-16,-1.,0.));
#4127=DIRECTION('',(0.,0.,1.));
#4128=DIRECTION('',(-1.,0.,0.));
#4129=DIRECTION('',(0.,0.,1.));
#4130=DIRECTION('',(-1.,0.,0.));
#4131=DIRECTION('',(-3.03576608295942E-16,-1.,0.));
#4132=DIRECTION('',(1.,-3.03576608295942E-16,-1.15648231731787E-16));
#4133=DIRECTION('',(-3.03576608295942E-16,-1.,0.));
#4134=DIRECTION('',(-3.03576608295942E-16,-1.,0.));
#4135=DIRECTION('',(0.,0.,1.));
#4136=DIRECTION('',(-1.,0.,0.));
#4137=DIRECTION('',(0.,0.,1.));
#4138=DIRECTION('',(-1.,0.,0.));
#4139=DIRECTION('',(-3.03576608295942E-16,-1.,0.));
#4140=DIRECTION('',(1.,-3.03576608295942E-16,-1.15648231731787E-16));
#4141=DIRECTION('',(-3.03576608295942E-16,-1.,0.));
#4142=DIRECTION('',(-3.03576608295942E-16,-1.,0.));
#4143=DIRECTION('',(0.,0.,1.));
#4144=DIRECTION('',(-1.,0.,0.));
#4145=DIRECTION('',(0.,0.,-1.));
#4146=DIRECTION('',(1.,0.,0.));
#4147=DIRECTION('',(3.03576608295942E-16,1.,0.));
#4148=DIRECTION('',(1.,-3.03576608295942E-16,0.));
#4149=DIRECTION('',(-3.03576608295942E-16,-1.,0.));
#4150=DIRECTION('',(-1.,3.03576608295942E-16,0.));
#4151=DIRECTION('',(-3.03576608295942E-16,-1.,0.));
#4152=DIRECTION('',(1.,-3.03576608295942E-16,0.));
#4153=DIRECTION('',(-3.03576608295942E-16,-1.,0.));
#4154=DIRECTION('',(1.,-3.03576608295942E-16,0.));
#4155=DIRECTION('',(1.,-3.03576608295942E-16,0.));
#4156=DIRECTION('',(0.,0.,-1.));
#4157=DIRECTION('',(1.,0.,0.));
#4158=DIRECTION('',(3.03576608295942E-16,1.,0.));
#4159=DIRECTION('',(3.03576608295942E-16,1.,0.));
#4160=DIRECTION('',(1.,-3.03576608295942E-16,0.));
#4161=DIRECTION('',(3.03576608295942E-16,1.,0.));
#4162=DIRECTION('',(1.,-3.03576608295942E-16,0.));
#4163=DIRECTION('',(0.,0.,-1.));
#4164=DIRECTION('',(1.,0.,0.));
#4165=DIRECTION('',(-1.,3.03576608295942E-16,0.));
#4166=DIRECTION('',(-3.03576608295942E-16,-1.,0.));
#4167=DIRECTION('',(-1.,3.03576608295942E-16,0.));
#4168=DIRECTION('',(-3.03576608295942E-16,-1.,0.));
#4169=DIRECTION('',(-1.,3.03576608295942E-16,0.));
#4170=DIRECTION('',(-3.03576608295942E-16,-1.,0.));
#4171=DIRECTION('',(-1.,3.03576608295942E-16,0.));
#4172=DIRECTION('',(-3.03576608295942E-16,-1.,0.));
#4173=DIRECTION('',(1.,3.03576608295942E-16,0.));
#4174=DIRECTION('',(-3.03576608295942E-16,1.,0.));
#4175=DIRECTION('',(1.,3.03576608295942E-16,0.));
#4176=DIRECTION('',(-3.03576608295942E-16,1.,0.));
#4177=DIRECTION('',(-3.03576608295942E-16,1.,0.));
#4178=DIRECTION('',(-1.,-3.03576608295942E-16,0.));
#4179=DIRECTION('',(1.,3.03576608295942E-16,0.));
#4180=DIRECTION('',(1.,3.03576608295942E-16,0.));
#4181=DIRECTION('',(0.,0.,1.));
#4182=DIRECTION('',(1.,0.,0.));
#4183=DIRECTION('',(1.,3.03576608295942E-16,0.));
#4184=DIRECTION('',(-3.03576608295942E-16,1.,0.));
#4185=DIRECTION('',(-1.,-3.03576608295942E-16,0.));
#4186=DIRECTION('',(1.,3.03576608295942E-16,0.));
#4187=DIRECTION('',(0.,0.,1.));
#4188=DIRECTION('',(1.,0.,0.));
#4189=DIRECTION('',(1.,3.03576608295942E-16,0.));
#4190=DIRECTION('',(-3.03576608295942E-16,1.,0.));
#4191=DIRECTION('',(1.,3.08395284618099E-16,0.));
#4192=DIRECTION('',(-3.08395284618099E-16,1.,0.));
#4193=DIRECTION('',(1.,3.03576608295942E-16,0.));
#4194=DIRECTION('',(-3.03576608295942E-16,1.,0.));
#4195=DIRECTION('',(1.,3.08395284618099E-16,0.));
#4196=DIRECTION('',(-3.08395284618099E-16,1.,0.));
#4197=DIRECTION('',(0.,0.,1.));
#4198=DIRECTION('',(1.,0.,0.));
#4199=DIRECTION('',(1.,3.03576608295942E-16,0.));
#4200=DIRECTION('',(1.,3.03576608295942E-16,0.));
#4201=DIRECTION('',(-3.03576608295942E-16,1.,0.));
#4202=DIRECTION('',(-1.,-3.03576608295942E-16,0.));
#4203=DIRECTION('',(1.,3.03576608295942E-16,0.));
#4204=DIRECTION('',(0.,0.,1.));
#4205=DIRECTION('',(1.,0.,0.));
#4206=DIRECTION('',(1.,3.03576608295942E-16,0.));
#4207=DIRECTION('',(-3.03576608295942E-16,1.,0.));
#4208=DIRECTION('',(-1.,-3.03576608295942E-16,0.));
#4209=DIRECTION('',(0.,0.,1.));
#4210=DIRECTION('',(1.,0.,0.));
#4211=DIRECTION('',(0.,0.,-1.));
#4212=DIRECTION('',(-1.,0.,0.));
#4213=DIRECTION('',(0.,0.,-1.));
#4214=DIRECTION('',(-1.,0.,0.));
#4215=DIRECTION('',(0.,0.,-1.));
#4216=DIRECTION('',(1.,0.,0.));
#4217=DIRECTION('',(0.,0.,-1.));
#4218=DIRECTION('',(1.,0.,0.));
#4219=DIRECTION('',(1.,3.08395284618099E-16,0.));
#4220=DIRECTION('',(-3.08395284618099E-16,1.,0.));
#4221=DIRECTION('',(-1.,-3.08395284618099E-16,0.));
#4222=DIRECTION('',(3.08395284618099E-16,-1.,0.));
#4223=DIRECTION('',(-1.,-3.08395284618099E-16,0.));
#4224=DIRECTION('',(3.08395284618099E-16,-1.,0.));
#4225=DIRECTION('',(1.,3.08395284618099E-16,0.));
#4226=DIRECTION('',(-3.08395284618099E-16,1.,0.));
#4227=DIRECTION('',(-1.,-3.08395284618099E-16,0.));
#4228=DIRECTION('',(3.08395284618099E-16,-1.,0.));
#4229=DIRECTION('',(-1.,-3.08395284618099E-16,0.));
#4230=DIRECTION('',(3.08395284618099E-16,-1.,0.));
#4231=DIRECTION('',(0.,0.,-1.));
#4232=DIRECTION('',(-1.,0.,0.));
#4233=DIRECTION('',(-1.,0.,0.));
#4234=DIRECTION('',(0.,0.,1.));
#4235=DIRECTION('',(0.,0.,-1.));
#4236=DIRECTION('',(0.,0.,-1.));
#4237=DIRECTION('',(1.73472347597681E-16,-1.,0.));
#4238=DIRECTION('',(1.,1.73472347597681E-16,0.));
#4239=DIRECTION('',(0.,0.,-1.));
#4240=DIRECTION('',(-1.,0.,0.));
#4241=DIRECTION('',(0.,0.,1.));
#4242=DIRECTION('',(0.,0.,-1.));
#4243=DIRECTION('',(1.73472347597681E-16,-1.,0.));
#4244=DIRECTION('',(1.,1.73472347597681E-16,0.));
#4245=DIRECTION('',(-6.19544098563146E-16,1.,0.));
#4246=DIRECTION('',(-1.,-6.19544098563146E-16,0.));
#4247=DIRECTION('',(0.,0.,-1.));
#4248=DIRECTION('',(0.,0.,-1.));
#4249=DIRECTION('',(-1.,0.,0.));
#4250=DIRECTION('',(0.,0.,1.));
#4251=DIRECTION('',(0.,0.,-1.));
#4252=DIRECTION('',(-6.44325862505671E-16,1.,0.));
#4253=DIRECTION('',(-1.,-6.44325862505671E-16,0.));
#4254=DIRECTION('',(0.,0.,-1.));
#4255=DIRECTION('',(-1.,0.,0.));
#4256=DIRECTION('',(0.,0.,1.));
#4257=DIRECTION('',(-6.19544098563145E-16,1.,0.));
#4258=DIRECTION('',(-1.,-6.19544098563145E-16,0.));
#4259=DIRECTION('',(0.,0.,-1.));
#4260=DIRECTION('',(0.,0.,-1.));
#4261=DIRECTION('',(1.,0.,0.));
#4262=DIRECTION('',(0.,0.,-1.));
#4263=DIRECTION('',(0.,0.,-1.));
#4264=DIRECTION('',(-6.44325862505671E-16,1.,0.));
#4265=DIRECTION('',(-1.,-6.44325862505671E-16,0.));
#4266=DIRECTION('',(0.,0.,-1.));
#4267=DIRECTION('',(1.,0.,0.));
#4268=DIRECTION('',(0.,0.,-1.));
#4269=DIRECTION('',(-1.,0.,0.));
#4270=DIRECTION('',(0.,0.,1.));
#4271=DIRECTION('',(0.,0.,-1.));
#4272=DIRECTION('',(0.,0.,-1.));
#4273=DIRECTION('',(-6.19544098563145E-16,1.,0.));
#4274=DIRECTION('',(-1.,-6.19544098563145E-16,0.));
#4275=DIRECTION('',(0.,0.,-1.));
#4276=DIRECTION('',(-1.,0.,0.));
#4277=DIRECTION('',(0.,0.,1.));
#4278=DIRECTION('',(0.,0.,-1.));
#4279=DIRECTION('',(-6.19544098563145E-16,1.,0.));
#4280=DIRECTION('',(-1.,-6.19544098563145E-16,0.));
#4281=DIRECTION('',(-1.,0.,0.));
#4282=DIRECTION('',(0.,0.,1.));
#4283=DIRECTION('',(0.,0.,-1.));
#4284=DIRECTION('',(0.,0.,-1.));
#4285=DIRECTION('',(-1.7347234759768E-16,-1.,0.));
#4286=DIRECTION('',(1.,-1.7347234759768E-16,0.));
#4287=DIRECTION('',(-1.7347234759768E-16,-1.,0.));
#4288=DIRECTION('',(1.,-1.7347234759768E-16,0.));
#4289=DIRECTION('',(0.,0.,-1.));
#4290=DIRECTION('',(-1.,0.,0.));
#4291=DIRECTION('',(0.,0.,-1.));
#4292=DIRECTION('',(-1.,0.,0.));
#4293=DIRECTION('',(0.,0.,-1.));
#4294=DIRECTION('',(-1.,0.,0.));
#4295=DIRECTION('',(0.,-1.,0.));
#4296=DIRECTION('',(0.,0.,-1.));
#4297=DIRECTION('',(0.,0.,-1.));
#4298=DIRECTION('',(0.,0.,-1.));
#4299=DIRECTION('',(1.,0.,0.));
#4300=DIRECTION('',(0.,0.,-1.));
#4301=DIRECTION('',(0.,0.,-1.));
#4302=DIRECTION('',(0.,-1.,0.));
#4303=DIRECTION('',(0.,0.,-1.));
#4304=DIRECTION('',(0.,0.,-1.));
#4305=DIRECTION('',(1.,0.,0.));
#4306=DIRECTION('',(0.,0.,-1.));
#4307=DIRECTION('',(-1.,0.,0.));
#4308=DIRECTION('',(0.,0.,1.));
#4309=DIRECTION('',(0.,0.,-1.));
#4310=DIRECTION('',(0.,0.,-1.));
#4311=DIRECTION('',(0.,-1.,0.));
#4312=DIRECTION('',(0.,0.,-1.));
#4313=DIRECTION('',(0.,0.,-1.));
#4314=DIRECTION('',(-1.,0.,0.));
#4315=DIRECTION('',(0.,0.,1.));
#4316=DIRECTION('',(0.,0.,-1.));
#4317=DIRECTION('',(0.,-1.,0.));
#4318=DIRECTION('',(0.,0.,-1.));
#4319=DIRECTION('',(-1.,0.,0.));
#4320=DIRECTION('',(0.,0.,1.));
#4321=DIRECTION('',(0.,0.,-1.));
#4322=DIRECTION('',(0.,0.,-1.));
#4323=DIRECTION('',(0.,-1.,0.));
#4324=DIRECTION('',(0.,0.,-1.));
#4325=DIRECTION('',(0.,0.,-1.));
#4326=DIRECTION('',(-1.,0.,0.));
#4327=DIRECTION('',(0.,0.,1.));
#4328=DIRECTION('',(0.,0.,-1.));
#4329=DIRECTION('',(0.,-1.,0.));
#4330=DIRECTION('',(0.,0.,-1.));
#4331=DIRECTION('',(-1.,0.,0.));
#4332=DIRECTION('',(0.,0.,1.));
#4333=DIRECTION('',(0.,0.,-1.));
#4334=DIRECTION('',(0.,0.,-1.));
#4335=DIRECTION('',(0.,-1.,0.));
#4336=DIRECTION('',(0.,0.,-1.));
#4337=DIRECTION('',(-1.7347234759768E-16,-1.,0.));
#4338=DIRECTION('',(1.,-1.7347234759768E-16,0.));
#4339=DIRECTION('',(1.,3.03576608295942E-16,0.));
#4340=DIRECTION('',(-3.03576608295942E-16,1.,0.));
#4341=DIRECTION('',(0.,0.,1.));
#4342=DIRECTION('',(0.,0.,1.));
#4343=DIRECTION('',(-3.03576608295942E-16,1.,0.));
#4344=DIRECTION('',(-1.,-3.03576608295942E-16,0.));
#4345=DIRECTION('',(1.,3.03576608295942E-16,0.));
#4346=DIRECTION('',(0.,0.,1.));
#4347=DIRECTION('',(1.,0.,0.));
#4348=DIRECTION('',(1.,3.03576608295942E-16,0.));
#4349=DIRECTION('',(-3.03576608295942E-16,1.,0.));
#4350=DIRECTION('',(-1.,-3.03576608295942E-16,0.));
#4351=CARTESIAN_POINT('',(0.,0.,0.));
#4352=CARTESIAN_POINT('',(-0.002,3.46944695195361E-18,0.073));
#4353=CARTESIAN_POINT('',(-0.002,3.46944695195361E-18,0.0255));
#4354=CARTESIAN_POINT('',(-0.002,0.006,0.0255));
#4355=CARTESIAN_POINT('',(-0.002,-0.006,0.0255));
#4356=CARTESIAN_POINT('',(-0.002,0.006,0.073));
#4357=CARTESIAN_POINT('',(-0.002,0.006,0.0335));
#4358=CARTESIAN_POINT('',(-0.002,3.46944695195361E-18,0.0335));
#4359=CARTESIAN_POINT('',(-0.002,-0.006,0.0335));
#4360=CARTESIAN_POINT('',(-0.002,-0.006,0.073));
#4361=CARTESIAN_POINT('',(-0.002,0.015,0.015));
#4362=CARTESIAN_POINT('',(-0.002,0.021,0.015));
#4363=CARTESIAN_POINT('',(-0.002,-8.67361737988404E-19,0.015));
#4364=CARTESIAN_POINT('',(-0.002,0.006,0.015));
#4365=CARTESIAN_POINT('',(-0.002,-0.0125,0.01675));
#4366=CARTESIAN_POINT('',(-0.002,-0.0125,0.003));
#4367=CARTESIAN_POINT('',(-0.002,-0.0125,0.0335));
#4368=CARTESIAN_POINT('',(-0.002,3.46944695195361E-18,0.003));
#4369=CARTESIAN_POINT('',(-0.002,-0.0225,0.003));
#4370=CARTESIAN_POINT('',(-0.002,-0.0225,0.073));
#4371=CARTESIAN_POINT('',(-0.002,-0.0225,0.073));
#4372=CARTESIAN_POINT('',(-0.002,3.46944695195361E-18,0.073));
#4373=CARTESIAN_POINT('',(-0.002,0.0225,0.073));
#4374=CARTESIAN_POINT('',(-0.002,0.0225,0.073));
#4375=CARTESIAN_POINT('',(-0.002,0.0225,0.003));
#4376=CARTESIAN_POINT('',(-0.002,3.46944695195361E-18,0.003));
#4377=CARTESIAN_POINT('',(-0.002,-0.0095,0.003));
#4378=CARTESIAN_POINT('',(-0.002,-0.0095,0.01675));
#4379=CARTESIAN_POINT('',(-0.002,-0.0095,0.0335));
#4380=CARTESIAN_POINT('',(-0.002,-0.011,0.0335));
#4381=CARTESIAN_POINT('',(-0.062,6.93889390390723E-18,0.003));
#4382=CARTESIAN_POINT('',(-0.062,-0.0135000000000008,0.003));
#4383=CARTESIAN_POINT('',(-0.248,-0.0135000000000008,0.003));
#4384=CARTESIAN_POINT('',(-0.238,-0.0135000000000008,0.003));
#4385=CARTESIAN_POINT('',(-0.248,3.46944695195361E-18,0.003));
#4386=CARTESIAN_POINT('',(-0.248,-0.0225,0.003));
#4387=CARTESIAN_POINT('',(-0.062,-0.0225,0.003));
#4388=CARTESIAN_POINT('',(-0.002,3.46944695195361E-18,0.003));
#4389=CARTESIAN_POINT('',(-0.062,0.0225,0.003));
#4390=CARTESIAN_POINT('',(-0.248,0.0225,0.003));
#4391=CARTESIAN_POINT('',(-0.248,3.46944695195361E-18,0.003));
#4392=CARTESIAN_POINT('',(-0.248,0.0135,0.003));
#4393=CARTESIAN_POINT('',(-0.062,0.0135,0.003));
#4394=CARTESIAN_POINT('',(-0.238,0.0135,0.003));
#4395=CARTESIAN_POINT('',(-0.238,6.93889390390723E-18,0.003));
#4396=CARTESIAN_POINT('',(-0.238,0.0085,0.003));
#4397=CARTESIAN_POINT('',(-0.062,0.0085,0.003));
#4398=CARTESIAN_POINT('',(-0.248,0.0085,0.003));
#4399=CARTESIAN_POINT('',(-0.248,3.46944695195361E-18,0.003));
#4400=CARTESIAN_POINT('',(-0.248,-0.00850000000000078,0.003));
#4401=CARTESIAN_POINT('',(-0.062,-0.00850000000000081,0.003));
#4402=CARTESIAN_POINT('',(-0.238,-0.00850000000000078,0.003));
#4403=CARTESIAN_POINT('',(-0.238,6.93889390390723E-18,0.003));
#4404=CARTESIAN_POINT('',(-0.146,0.01,0.003));
#4405=CARTESIAN_POINT('',(-0.1435,0.01,0.003));
#4406=CARTESIAN_POINT('',(-0.101,0.01,0.003));
#4407=CARTESIAN_POINT('',(-0.0985,0.01,0.003));
#4408=CARTESIAN_POINT('',(-0.101,-0.01,0.003));
#4409=CARTESIAN_POINT('',(-0.0985,-0.01,0.003));
#4410=CARTESIAN_POINT('',(-0.233,6.93889390390723E-18,0.003));
#4411=CARTESIAN_POINT('',(-0.233,0.00249999999999993,0.003));
#4412=CARTESIAN_POINT('',(-0.233,-0.00250000000000008,0.003));
#4413=CARTESIAN_POINT('',(-0.062,0.0025,0.003));
#4414=CARTESIAN_POINT('',(-0.163,0.00249999999999997,0.003));
#4415=CARTESIAN_POINT('',(-0.163,6.93889390390723E-18,0.003));
#4416=CARTESIAN_POINT('',(-0.163,-0.0025,0.003));
#4417=CARTESIAN_POINT('',(-0.062,-0.00249999999999997,0.003));
#4418=CARTESIAN_POINT('',(-0.062,-0.0075,0.003));
#4419=CARTESIAN_POINT('',(-0.163,-0.0075,0.003));
#4420=CARTESIAN_POINT('',(-0.233,-0.0075,0.003));
#4421=CARTESIAN_POINT('',(-0.163,6.93889390390723E-18,0.003));
#4422=CARTESIAN_POINT('',(-0.163,-0.0175,0.003));
#4423=CARTESIAN_POINT('',(-0.062,-0.0175,0.003));
#4424=CARTESIAN_POINT('',(-0.233,-0.0175,0.003));
#4425=CARTESIAN_POINT('',(-0.233,6.93889390390723E-18,0.003));
#4426=CARTESIAN_POINT('',(-0.146,-0.01,0.003));
#4427=CARTESIAN_POINT('',(-0.1435,-0.01,0.003));
#4428=CARTESIAN_POINT('',(-0.062,0.015,0.003));
#4429=CARTESIAN_POINT('',(-0.1335,0.015,0.003));
#4430=CARTESIAN_POINT('',(-0.1135,0.015,0.003));
#4431=CARTESIAN_POINT('',(-0.1135,6.93889390390723E-18,0.003));
#4432=CARTESIAN_POINT('',(-0.1135,0.005,0.003));
#4433=CARTESIAN_POINT('',(-0.062,0.005,0.003));
#4434=CARTESIAN_POINT('',(-0.1335,0.005,0.003));
#4435=CARTESIAN_POINT('',(-0.1335,6.93889390390723E-18,0.003));
#4436=CARTESIAN_POINT('',(-0.163,6.93889390390723E-18,0.003));
#4437=CARTESIAN_POINT('',(-0.163,0.0175,0.003));
#4438=CARTESIAN_POINT('',(-0.163,0.0075,0.003));
#4439=CARTESIAN_POINT('',(-0.062,0.0075,0.003));
#4440=CARTESIAN_POINT('',(-0.233,0.0075,0.003));
#4441=CARTESIAN_POINT('',(-0.233,6.93889390390723E-18,0.003));
#4442=CARTESIAN_POINT('',(-0.233,0.0175,0.003));
#4443=CARTESIAN_POINT('',(-0.062,0.0175,0.003));
#4444=CARTESIAN_POINT('',(-0.084,6.93889390390723E-18,0.003));
#4445=CARTESIAN_POINT('',(-0.084,-0.0175,0.003));
#4446=CARTESIAN_POINT('',(-0.084,-0.0075,0.003));
#4447=CARTESIAN_POINT('',(-0.062,-0.0075,0.003));
#4448=CARTESIAN_POINT('',(-0.014,-0.0075,0.003));
#4449=CARTESIAN_POINT('',(-0.014,6.93889390390723E-18,0.003));
#4450=CARTESIAN_POINT('',(-0.014,-0.0175,0.003));
#4451=CARTESIAN_POINT('',(-0.062,-0.0175,0.003));
#4452=CARTESIAN_POINT('',(-0.062,0.0175,0.003));
#4453=CARTESIAN_POINT('',(-0.084,0.0175,0.003));
#4454=CARTESIAN_POINT('',(-0.014,0.0175,0.003));
#4455=CARTESIAN_POINT('',(-0.014,6.93889390390723E-18,0.003));
#4456=CARTESIAN_POINT('',(-0.014,0.0075,0.003));
#4457=CARTESIAN_POINT('',(-0.062,0.0075,0.003));
#4458=CARTESIAN_POINT('',(-0.084,0.0075,0.003));
#4459=CARTESIAN_POINT('',(-0.084,6.93889390390723E-18,0.003));
#4460=CARTESIAN_POINT('',(-0.062,0.0025,0.003));
#4461=CARTESIAN_POINT('',(-0.084,0.0025,0.003));
#4462=CARTESIAN_POINT('',(-0.014,0.0025,0.003));
#4463=CARTESIAN_POINT('',(-0.014,6.93889390390723E-18,0.003));
#4464=CARTESIAN_POINT('',(-0.014,-0.0025,0.003));
#4465=CARTESIAN_POINT('',(-0.062,-0.0025,0.003));
#4466=CARTESIAN_POINT('',(-0.084,-0.0025,0.003));
#4467=CARTESIAN_POINT('',(-0.084,6.93889390390723E-18,0.003));
#4468=CARTESIAN_POINT('',(-0.062,6.93889390390723E-18,0.));
#4469=CARTESIAN_POINT('',(-0.002,1.29670579829266E-17,0.));
#4470=CARTESIAN_POINT('',(-0.002,-0.0095,0.));
#4471=CARTESIAN_POINT('',(-0.002,-0.0125,0.));
#4472=CARTESIAN_POINT('',(-0.002,-0.0125,0.));
#4473=CARTESIAN_POINT('',(0.001,-0.0125,0.));
#4474=CARTESIAN_POINT('',(0.001,1.38777878078145E-17,0.));
#4475=CARTESIAN_POINT('',(0.001,-0.0225,0.));
#4476=CARTESIAN_POINT('',(-0.062,-0.0225,0.));
#4477=CARTESIAN_POINT('',(-0.248,-0.0225,0.));
#4478=CARTESIAN_POINT('',(-0.248,0.,0.));
#4479=CARTESIAN_POINT('',(-0.248,-0.0135000000000008,0.));
#4480=CARTESIAN_POINT('',(-0.243,-0.0135000000000008,0.));
#4481=CARTESIAN_POINT('',(-0.238,-0.0135000000000008,0.));
#4482=CARTESIAN_POINT('',(-0.238,-0.0110000000000008,0.));
#4483=CARTESIAN_POINT('',(-0.238,-0.00850000000000078,0.));
#4484=CARTESIAN_POINT('',(-0.243,-0.00850000000000078,0.));
#4485=CARTESIAN_POINT('',(-0.248,-0.00850000000000078,0.));
#4486=CARTESIAN_POINT('',(-0.248,0.,0.));
#4487=CARTESIAN_POINT('',(-0.248,0.0085,0.));
#4488=CARTESIAN_POINT('',(-0.243,0.0085,0.));
#4489=CARTESIAN_POINT('',(-0.238,0.0085,0.));
#4490=CARTESIAN_POINT('',(-0.238,0.011,0.));
#4491=CARTESIAN_POINT('',(-0.238,0.0135,0.));
#4492=CARTESIAN_POINT('',(-0.243,0.0135,0.));
#4493=CARTESIAN_POINT('',(-0.248,0.0135,0.));
#4494=CARTESIAN_POINT('',(-0.248,0.,0.));
#4495=CARTESIAN_POINT('',(-0.248,0.0225,0.));
#4496=CARTESIAN_POINT('',(-0.062,0.0225,0.));
#4497=CARTESIAN_POINT('',(0.001,0.0225,0.));
#4498=CARTESIAN_POINT('',(0.001,1.38777878078145E-17,0.));
#4499=CARTESIAN_POINT('',(0.001,-0.0095,0.));
#4500=CARTESIAN_POINT('',(-0.002,-0.0095,0.));
#4501=CARTESIAN_POINT('',(-0.014,-8.67361737988404E-18,0.));
#4502=CARTESIAN_POINT('',(-0.014,-0.0025,0.));
#4503=CARTESIAN_POINT('',(-0.014,0.0025,0.));
#4504=CARTESIAN_POINT('',(-0.049,0.0025,0.));
#4505=CARTESIAN_POINT('',(-0.084,0.0025,0.));
#4506=CARTESIAN_POINT('',(-0.084,-8.67361737988404E-18,0.));
#4507=CARTESIAN_POINT('',(-0.084,-0.0025,0.));
#4508=CARTESIAN_POINT('',(-0.049,-0.0025,0.));
#4509=CARTESIAN_POINT('',(-0.049,-0.0075,0.));
#4510=CARTESIAN_POINT('',(-0.014,-0.0075,0.));
#4511=CARTESIAN_POINT('',(-0.084,-0.0075,0.));
#4512=CARTESIAN_POINT('',(-0.084,-0.0125,0.));
#4513=CARTESIAN_POINT('',(-0.084,-0.0175,0.));
#4514=CARTESIAN_POINT('',(-0.049,-0.0175,0.));
#4515=CARTESIAN_POINT('',(-0.014,-0.0175,0.));
#4516=CARTESIAN_POINT('',(-0.014,-0.0125,0.));
#4517=CARTESIAN_POINT('',(-0.146,0.01,0.));
#4518=CARTESIAN_POINT('',(-0.1485,0.01,0.));
#4519=CARTESIAN_POINT('',(-0.101,0.01,0.));
#4520=CARTESIAN_POINT('',(-0.1035,0.01,0.));
#4521=CARTESIAN_POINT('',(-0.101,-0.01,0.));
#4522=CARTESIAN_POINT('',(-0.1035,-0.01,0.));
#4523=CARTESIAN_POINT('',(-0.198,0.0075,0.));
#4524=CARTESIAN_POINT('',(-0.233,0.0075,0.));
#4525=CARTESIAN_POINT('',(-0.163,0.0075,0.));
#4526=CARTESIAN_POINT('',(-0.163,0.0125,0.));
#4527=CARTESIAN_POINT('',(-0.163,0.0175,0.));
#4528=CARTESIAN_POINT('',(-0.198,0.0175,0.));
#4529=CARTESIAN_POINT('',(-0.233,0.0175,0.));
#4530=CARTESIAN_POINT('',(-0.233,0.0125,0.));
#4531=CARTESIAN_POINT('',(-0.146,-0.01,0.));
#4532=CARTESIAN_POINT('',(-0.1485,-0.01,0.));
#4533=CARTESIAN_POINT('',(-0.1135,0.01,0.));
#4534=CARTESIAN_POINT('',(-0.1135,0.005,0.));
#4535=CARTESIAN_POINT('',(-0.1135,0.015,0.));
#4536=CARTESIAN_POINT('',(-0.1185,0.015,0.));
#4537=CARTESIAN_POINT('',(-0.1335,0.015,0.));
#4538=CARTESIAN_POINT('',(-0.1335,0.01,0.));
#4539=CARTESIAN_POINT('',(-0.1335,0.005,0.));
#4540=CARTESIAN_POINT('',(-0.1185,0.005,0.));
#4541=CARTESIAN_POINT('',(-0.163,-0.0125,0.));
#4542=CARTESIAN_POINT('',(-0.163,-0.0075,0.));
#4543=CARTESIAN_POINT('',(-0.163,-0.0175,0.));
#4544=CARTESIAN_POINT('',(-0.198,-0.0075,0.));
#4545=CARTESIAN_POINT('',(-0.233,-0.0075,0.));
#4546=CARTESIAN_POINT('',(-0.233,-0.0125,0.));
#4547=CARTESIAN_POINT('',(-0.233,-0.0175,0.));
#4548=CARTESIAN_POINT('',(-0.198,-0.0175,0.));
#4549=CARTESIAN_POINT('',(-0.198,0.00249999999999994,0.));
#4550=CARTESIAN_POINT('',(-0.233,0.00249999999999993,0.));
#4551=CARTESIAN_POINT('',(-0.163,0.00249999999999997,0.));
#4552=CARTESIAN_POINT('',(-0.233,-7.63278329429795E-17,0.));
#4553=CARTESIAN_POINT('',(-0.233,-0.00250000000000008,0.));
#4554=CARTESIAN_POINT('',(-0.198,-0.00250000000000006,0.));
#4555=CARTESIAN_POINT('',(-0.163,-0.0025,0.));
#4556=CARTESIAN_POINT('',(-0.163,-3.29597460435593E-17,0.));
#4557=CARTESIAN_POINT('',(-0.014,0.0125,0.));
#4558=CARTESIAN_POINT('',(-0.014,0.0075,0.));
#4559=CARTESIAN_POINT('',(-0.014,0.0175,0.));
#4560=CARTESIAN_POINT('',(-0.049,0.0175,0.));
#4561=CARTESIAN_POINT('',(-0.084,0.0175,0.));
#4562=CARTESIAN_POINT('',(-0.084,0.0125,0.));
#4563=CARTESIAN_POINT('',(-0.084,0.0075,0.));
#4564=CARTESIAN_POINT('',(-0.049,0.0075,0.));
#4565=CARTESIAN_POINT('',(0.021,-2.60208521396521E-18,0.035));
#4566=CARTESIAN_POINT('',(0.009,-7.26544710139833E-18,0.035));
#4567=CARTESIAN_POINT('',(0.011,-0.0015,0.035));
#4568=CARTESIAN_POINT('',(0.011,0.00149999999999999,0.035));
#4569=CARTESIAN_POINT('',(0.011,-0.013,0.035));
#4570=CARTESIAN_POINT('',(0.011,-0.012,0.035));
#4571=CARTESIAN_POINT('',(0.021,-0.012,0.035));
#4572=CARTESIAN_POINT('',(0.001,-0.012,0.035));
#4573=CARTESIAN_POINT('',(0.001,-8.67361737988404E-18,0.035));
#4574=CARTESIAN_POINT('',(0.001,0.012,0.035));
#4575=CARTESIAN_POINT('',(0.021,0.012,0.035));
#4576=CARTESIAN_POINT('',(0.011,0.012,0.035));
#4577=CARTESIAN_POINT('',(0.011,-0.013,0.035));
#4578=CARTESIAN_POINT('',(0.001,1.38777878078145E-17,0.003));
#4579=CARTESIAN_POINT('',(0.001,-0.0095,0.01675));
#4580=CARTESIAN_POINT('',(0.001,-0.0095,0.0335));
#4581=CARTESIAN_POINT('',(0.001,0.0225,0.003));
#4582=CARTESIAN_POINT('',(0.001,0.0225,0.073));
#4583=CARTESIAN_POINT('',(0.001,1.38777878078145E-17,0.073));
#4584=CARTESIAN_POINT('',(0.001,-0.0225,0.073));
#4585=CARTESIAN_POINT('',(0.001,-0.0225,0.003));
#4586=CARTESIAN_POINT('',(0.001,-0.0125,0.01675));
#4587=CARTESIAN_POINT('',(0.001,-0.0125,0.0335));
#4588=CARTESIAN_POINT('',(0.001,-0.011,0.0335));
#4589=CARTESIAN_POINT('',(0.001,2.79772429065438E-50,0.015));
#4590=CARTESIAN_POINT('',(0.000999999999999999,0.004,0.015));
#4591=CARTESIAN_POINT('',(0.001,0.015,0.015));
#4592=CARTESIAN_POINT('',(0.000999999999999999,0.019,0.015));
#4593=CARTESIAN_POINT('',(0.001,-0.012,0.045));
#4594=CARTESIAN_POINT('',(0.001,-0.012,0.055));
#4595=CARTESIAN_POINT('',(0.001,-8.67361737988404E-18,0.055));
#4596=CARTESIAN_POINT('',(0.001,0.012,0.055));
#4597=CARTESIAN_POINT('',(0.001,0.012,0.045));
#4598=CARTESIAN_POINT('',(0.001,-0.0165,0.0655));
#4599=CARTESIAN_POINT('',(0.001,-0.0165,0.06));
#4600=CARTESIAN_POINT('',(0.001,-0.0165,0.071));
#4601=CARTESIAN_POINT('',(0.001,-0.0175,0.06));
#4602=CARTESIAN_POINT('',(0.001,-0.0185,0.06));
#4603=CARTESIAN_POINT('',(0.001,-0.0185,0.0655));
#4604=CARTESIAN_POINT('',(0.001,-0.0185,0.071));
#4605=CARTESIAN_POINT('',(0.001,-0.0175,0.071));
#4606=CARTESIAN_POINT('',(0.001,-0.0045,0.0655));
#4607=CARTESIAN_POINT('',(0.001,-0.0044999999999999,0.071));
#4608=CARTESIAN_POINT('',(0.001,-0.0044999999999999,0.06));
#4609=CARTESIAN_POINT('',(0.001,-0.0034999999999999,0.071));
#4610=CARTESIAN_POINT('',(0.001,-0.0025,0.071));
#4611=CARTESIAN_POINT('',(0.001,-0.0025,0.0655));
#4612=CARTESIAN_POINT('',(0.001,-0.0025,0.06));
#4613=CARTESIAN_POINT('',(0.001,-0.0034999999999999,0.06));
#4614=CARTESIAN_POINT('',(0.001,0.00350000000000011,0.071));
#4615=CARTESIAN_POINT('',(0.001,0.00450000000000011,0.071));
#4616=CARTESIAN_POINT('',(0.001,0.0025,0.071));
#4617=CARTESIAN_POINT('',(0.001,0.0045,0.0655));
#4618=CARTESIAN_POINT('',(0.001,0.0045000000000001,0.06));
#4619=CARTESIAN_POINT('',(0.001,0.0035000000000001,0.06));
#4620=CARTESIAN_POINT('',(0.001,0.0025,0.06));
#4621=CARTESIAN_POINT('',(0.001,0.0025,0.0655));
#4622=CARTESIAN_POINT('',(0.001,0.0165,0.0655));
#4623=CARTESIAN_POINT('',(0.001,0.0165,0.071));
#4624=CARTESIAN_POINT('',(0.001,0.0165,0.06));
#4625=CARTESIAN_POINT('',(0.001,0.0175,0.071));
#4626=CARTESIAN_POINT('',(0.001,0.0185,0.071));
#4627=CARTESIAN_POINT('',(0.001,0.0185,0.0655));
#4628=CARTESIAN_POINT('',(0.001,0.0185,0.06));
#4629=CARTESIAN_POINT('',(0.001,0.0175,0.06));
#4630=CARTESIAN_POINT('',(0.001,0.006,0.0295));
#4631=CARTESIAN_POINT('',(0.001,0.006,0.0255));
#4632=CARTESIAN_POINT('',(0.001,0.006,0.0335));
#4633=CARTESIAN_POINT('',(0.001,2.79772429065438E-50,0.0255));
#4634=CARTESIAN_POINT('',(0.001,-0.006,0.0255));
#4635=CARTESIAN_POINT('',(0.001,-0.006,0.0295));
#4636=CARTESIAN_POINT('',(0.001,-0.006,0.0335));
#4637=CARTESIAN_POINT('',(0.001,2.79772429065438E-50,0.0335));
#4638=CARTESIAN_POINT('',(-0.251,1.38777878078145E-17,0.003));
#4639=CARTESIAN_POINT('',(-0.251,-7.65013052905772E-17,0.015));
#4640=CARTESIAN_POINT('',(-0.251,-0.00400000000000008,0.015));
#4641=CARTESIAN_POINT('',(-0.251,0.015,0.015));
#4642=CARTESIAN_POINT('',(-0.251,0.011,0.015));
#4643=CARTESIAN_POINT('',(-0.251,0.011,-0.0194));
#4644=CARTESIAN_POINT('',(-0.251,0.0095,-0.0194));
#4645=CARTESIAN_POINT('',(-0.251,-0.011,-0.0194));
#4646=CARTESIAN_POINT('',(-0.251,-0.0125,-0.0194));
#4647=CARTESIAN_POINT('',(-0.251,-0.011,-0.0014));
#4648=CARTESIAN_POINT('',(-0.251,-0.0125,-0.0014));
#4649=CARTESIAN_POINT('',(-0.251,0.011,-0.0014));
#4650=CARTESIAN_POINT('',(-0.251,0.0095,-0.0014));
#4651=CARTESIAN_POINT('',(-0.251,-8.67361737988404E-18,0.035));
#4652=CARTESIAN_POINT('',(-0.251,0.012,0.035));
#4653=CARTESIAN_POINT('',(-0.251,-0.012,0.035));
#4654=CARTESIAN_POINT('',(-0.251,0.012,0.045));
#4655=CARTESIAN_POINT('',(-0.251,0.012,0.055));
#4656=CARTESIAN_POINT('',(-0.251,-8.67361737988404E-18,0.055));
#4657=CARTESIAN_POINT('',(-0.251,-0.012,0.055));
#4658=CARTESIAN_POINT('',(-0.251,-0.012,0.045));
#4659=CARTESIAN_POINT('',(-0.251,0.0225,0.003));
#4660=CARTESIAN_POINT('',(-0.251,0.0225,0.073));
#4661=CARTESIAN_POINT('',(-0.251,0.0225,-0.023));
#4662=CARTESIAN_POINT('',(-0.251,1.38777878078145E-17,-0.023));
#4663=CARTESIAN_POINT('',(-0.251,-0.0225,-0.023));
#4664=CARTESIAN_POINT('',(-0.251,-0.0225,0.003));
#4665=CARTESIAN_POINT('',(-0.251,-0.0225,0.073));
#4666=CARTESIAN_POINT('',(-0.251,1.38777878078145E-17,0.073));
#4667=CARTESIAN_POINT('',(-0.251,-0.0165,0.0655));
#4668=CARTESIAN_POINT('',(-0.251,-0.0165,0.06));
#4669=CARTESIAN_POINT('',(-0.251,-0.0165,0.071));
#4670=CARTESIAN_POINT('',(-0.251,-0.0175,0.071));
#4671=CARTESIAN_POINT('',(-0.251,-0.0185,0.071));
#4672=CARTESIAN_POINT('',(-0.251,-0.0185,0.0655));
#4673=CARTESIAN_POINT('',(-0.251,-0.0185,0.06));
#4674=CARTESIAN_POINT('',(-0.251,-0.0175,0.06));
#4675=CARTESIAN_POINT('',(-0.251,-0.0045,0.0655));
#4676=CARTESIAN_POINT('',(-0.251,-0.0044999999999999,0.071));
#4677=CARTESIAN_POINT('',(-0.251,-0.0044999999999999,0.06));
#4678=CARTESIAN_POINT('',(-0.251,-0.0034999999999999,0.06));
#4679=CARTESIAN_POINT('',(-0.251,-0.0025,0.06));
#4680=CARTESIAN_POINT('',(-0.251,-0.0025,0.0655));
#4681=CARTESIAN_POINT('',(-0.251,-0.0025,0.071));
#4682=CARTESIAN_POINT('',(-0.251,-0.0034999999999999,0.071));
#4683=CARTESIAN_POINT('',(-0.251,0.00350000000000011,0.071));
#4684=CARTESIAN_POINT('',(-0.251,0.00450000000000011,0.071));
#4685=CARTESIAN_POINT('',(-0.251,0.0025,0.071));
#4686=CARTESIAN_POINT('',(-0.251,0.0025,0.0655));
#4687=CARTESIAN_POINT('',(-0.251,0.0025,0.06));
#4688=CARTESIAN_POINT('',(-0.251,0.0035000000000001,0.06));
#4689=CARTESIAN_POINT('',(-0.251,0.0045000000000001,0.06));
#4690=CARTESIAN_POINT('',(-0.251,0.0045,0.0655));
#4691=CARTESIAN_POINT('',(-0.251,0.0165,0.0655));
#4692=CARTESIAN_POINT('',(-0.251,0.0165,0.071));
#4693=CARTESIAN_POINT('',(-0.251,0.0165,0.06));
#4694=CARTESIAN_POINT('',(-0.251,0.0175,0.06));
#4695=CARTESIAN_POINT('',(-0.251,0.0185,0.06));
#4696=CARTESIAN_POINT('',(-0.251,0.0185,0.0655));
#4697=CARTESIAN_POINT('',(-0.251,0.0185,0.071));
#4698=CARTESIAN_POINT('',(-0.251,0.0175,0.071));
#4699=CARTESIAN_POINT('',(-0.251,-0.00600000000000008,0.003));
#4700=CARTESIAN_POINT('',(-0.251,-0.00600000000000008,0.0335));
#4701=CARTESIAN_POINT('',(-0.251,-0.00600000000000008,0.0255));
#4702=CARTESIAN_POINT('',(-0.251,1.38777878078145E-17,0.0255));
#4703=CARTESIAN_POINT('',(-0.251,0.00599999999999992,0.0255));
#4704=CARTESIAN_POINT('',(-0.251,0.00599999999999992,0.003));
#4705=CARTESIAN_POINT('',(-0.251,0.00599999999999992,0.0335));
#4706=CARTESIAN_POINT('',(-0.251,1.38777878078145E-17,0.0335));
#4707=CARTESIAN_POINT('',(-0.248,3.46944695195361E-18,0.073));
#4708=CARTESIAN_POINT('',(-0.248,-0.00850000000000078,0.025));
#4709=CARTESIAN_POINT('',(-0.248,0.0085,0.025));
#4710=CARTESIAN_POINT('',(-0.248,-0.011,-0.0014));
#4711=CARTESIAN_POINT('',(-0.248,-0.0125,-0.0014));
#4712=CARTESIAN_POINT('',(-0.248,0.011,-0.0014));
#4713=CARTESIAN_POINT('',(-0.248,0.0095,-0.0014));
#4714=CARTESIAN_POINT('',(-0.248,-0.0135000000000008,0.025));
#4715=CARTESIAN_POINT('',(-0.248,-0.0225,-0.023));
#4716=CARTESIAN_POINT('',(-0.248,-0.0225,-0.023));
#4717=CARTESIAN_POINT('',(-0.248,0.,-0.023));
#4718=CARTESIAN_POINT('',(-0.248,0.0225,-0.023));
#4719=CARTESIAN_POINT('',(-0.248,0.0225,-0.023));
#4720=CARTESIAN_POINT('',(-0.248,0.0135,0.025));
#4721=CARTESIAN_POINT('',(-0.248,0.0225,0.073));
#4722=CARTESIAN_POINT('',(-0.248,0.0225,0.073));
#4723=CARTESIAN_POINT('',(-0.248,3.46944695195361E-18,0.073));
#4724=CARTESIAN_POINT('',(-0.248,-0.0225,0.073));
#4725=CARTESIAN_POINT('',(-0.248,-0.0225,0.073));
#4726=CARTESIAN_POINT('',(-0.248,0.015,0.015));
#4727=CARTESIAN_POINT('',(-0.248,0.011,0.015));
#4728=CARTESIAN_POINT('',(-0.248,-7.55905754656894E-17,0.015));
#4729=CARTESIAN_POINT('',(-0.248,-0.00400000000000008,0.015));
#4730=CARTESIAN_POINT('',(-0.248,3.46944695195361E-18,0.0255));
#4731=CARTESIAN_POINT('',(-0.248,-0.00600000000000008,0.0255));
#4732=CARTESIAN_POINT('',(-0.248,0.00599999999999993,0.0255));
#4733=CARTESIAN_POINT('',(-0.248,-0.00600000000000008,0.073));
#4734=CARTESIAN_POINT('',(-0.248,-0.00600000000000008,0.0335));
#4735=CARTESIAN_POINT('',(-0.248,3.46944695195361E-18,0.0335));
#4736=CARTESIAN_POINT('',(-0.248,0.00599999999999993,0.0335));
#4737=CARTESIAN_POINT('',(-0.248,0.00599999999999993,0.073));
#4738=CARTESIAN_POINT('',(-0.248,0.011,-0.0194));
#4739=CARTESIAN_POINT('',(-0.248,0.0095,-0.0194));
#4740=CARTESIAN_POINT('',(-0.248,-0.011,-0.0194));
#4741=CARTESIAN_POINT('',(-0.248,-0.0125,-0.0194));
#4742=CARTESIAN_POINT('',(0.021,-0.012,0.045));
#4743=CARTESIAN_POINT('',(0.011,-0.012,0.045));
#4744=CARTESIAN_POINT('',(0.0185,-0.012,0.045));
#4745=CARTESIAN_POINT('',(0.011,-0.012,0.045));
#4746=CARTESIAN_POINT('',(0.011,-0.012,0.055));
#4747=CARTESIAN_POINT('',(0.021,-0.012,0.055));
#4748=CARTESIAN_POINT('',(0.009,-0.0185,0.0655));
#4749=CARTESIAN_POINT('',(0.009,-0.0185,0.071));
#4750=CARTESIAN_POINT('',(0.009,-0.0185,0.071));
#4751=CARTESIAN_POINT('',(0.009,-0.0185,0.06));
#4752=CARTESIAN_POINT('',(0.009,-0.0185,0.06));
#4753=CARTESIAN_POINT('',(0.009,-0.0185,0.0655));
#4754=CARTESIAN_POINT('',(0.0065,-0.0185,0.06925));
#4755=CARTESIAN_POINT('',(0.0075,-0.0185,0.06925));
#4756=CARTESIAN_POINT('',(0.0055,-0.0185,0.06925));
#4757=CARTESIAN_POINT('',(0.0075,-0.0185,0.0655));
#4758=CARTESIAN_POINT('',(0.0075,-0.0185,0.06175));
#4759=CARTESIAN_POINT('',(0.0065,-0.0185,0.06175));
#4760=CARTESIAN_POINT('',(0.0055,-0.0185,0.06175));
#4761=CARTESIAN_POINT('',(0.0055,-0.0185,0.0655));
#4762=CARTESIAN_POINT('',(0.009,0.0185,0.0655));
#4763=CARTESIAN_POINT('',(0.009,0.0185,0.071));
#4764=CARTESIAN_POINT('',(0.009,0.0185,0.071));
#4765=CARTESIAN_POINT('',(0.009,0.0185,0.0655));
#4766=CARTESIAN_POINT('',(0.009,0.0185,0.06));
#4767=CARTESIAN_POINT('',(0.009,0.0185,0.06));
#4768=CARTESIAN_POINT('',(0.009,0.0185,0.06175));
#4769=CARTESIAN_POINT('',(0.0055,0.0185,0.06175));
#4770=CARTESIAN_POINT('',(0.0075,0.0185,0.06175));
#4771=CARTESIAN_POINT('',(0.0075,0.0185,0.0655));
#4772=CARTESIAN_POINT('',(0.0075,0.0185,0.06925));
#4773=CARTESIAN_POINT('',(0.009,0.0185,0.06925));
#4774=CARTESIAN_POINT('',(0.0055,0.0185,0.06925));
#4775=CARTESIAN_POINT('',(0.0055,0.0185,0.0655));
#4776=CARTESIAN_POINT('',(0.009,-0.0165,0.0655));
#4777=CARTESIAN_POINT('',(0.0075,-0.0165,0.0655));
#4778=CARTESIAN_POINT('',(0.0075,-0.0165,0.06925));
#4779=CARTESIAN_POINT('',(0.0075,-0.0165,0.071));
#4780=CARTESIAN_POINT('',(0.009,-0.0165,0.06925));
#4781=CARTESIAN_POINT('',(0.0055,-0.0165,0.06925));
#4782=CARTESIAN_POINT('',(0.0055,-0.0165,0.0655));
#4783=CARTESIAN_POINT('',(0.0055,-0.0165,0.06175));
#4784=CARTESIAN_POINT('',(0.009,-0.0165,0.06175));
#4785=CARTESIAN_POINT('',(0.0075,-0.0165,0.06175));
#4786=CARTESIAN_POINT('',(0.0075,-0.0165,0.0655));
#4787=CARTESIAN_POINT('',(0.0075,-0.0165,0.06));
#4788=CARTESIAN_POINT('',(0.009,-0.0165,0.06));
#4789=CARTESIAN_POINT('',(0.009,-0.0165,0.071));
#4790=CARTESIAN_POINT('',(0.009,-0.0045,0.0655));
#4791=CARTESIAN_POINT('',(0.0055,-0.0045,0.0655));
#4792=CARTESIAN_POINT('',(0.0055,-0.0045,0.06175));
#4793=CARTESIAN_POINT('',(0.0055,-0.0045,0.06925));
#4794=CARTESIAN_POINT('',(0.009,-0.0045,0.06925));
#4795=CARTESIAN_POINT('',(0.0075,-0.0045,0.06925));
#4796=CARTESIAN_POINT('',(0.0075,-0.0045,0.0655));
#4797=CARTESIAN_POINT('',(0.0075,-0.00449999999999989,0.071));
#4798=CARTESIAN_POINT('',(0.009,-0.00449999999999989,0.071));
#4799=CARTESIAN_POINT('',(0.009,-0.00449999999999989,0.06));
#4800=CARTESIAN_POINT('',(0.0075,-0.0045,0.06));
#4801=CARTESIAN_POINT('',(0.0075,-0.0045,0.0655));
#4802=CARTESIAN_POINT('',(0.0075,-0.0045,0.06175));
#4803=CARTESIAN_POINT('',(0.009,-0.0045,0.06175));
#4804=CARTESIAN_POINT('',(0.009,-0.0025,0.0655));
#4805=CARTESIAN_POINT('',(0.009,-0.0025,0.06925));
#4806=CARTESIAN_POINT('',(0.0055,-0.0025,0.06925));
#4807=CARTESIAN_POINT('',(0.0075,-0.00249999999999997,0.06925));
#4808=CARTESIAN_POINT('',(0.0055,-0.0025,0.0655));
#4809=CARTESIAN_POINT('',(0.0055,-0.0025,0.06175));
#4810=CARTESIAN_POINT('',(0.009,-0.0025,0.06175));
#4811=CARTESIAN_POINT('',(0.0075,-0.0025,0.06175));
#4812=CARTESIAN_POINT('',(0.0075,-0.0025,0.0655));
#4813=CARTESIAN_POINT('',(0.0075,-0.0025,0.06));
#4814=CARTESIAN_POINT('',(0.009,-0.0025,0.06));
#4815=CARTESIAN_POINT('',(0.009,-0.0025,0.071));
#4816=CARTESIAN_POINT('',(0.0075,-0.0025,0.071));
#4817=CARTESIAN_POINT('',(0.0075,-0.0025,0.0655));
#4818=CARTESIAN_POINT('',(0.009,0.0045,0.0655));
#4819=CARTESIAN_POINT('',(0.009,0.0045,0.06925));
#4820=CARTESIAN_POINT('',(0.0055,0.0045,0.06925));
#4821=CARTESIAN_POINT('',(0.0075,0.0045,0.06925));
#4822=CARTESIAN_POINT('',(0.0055,0.0045,0.0655));
#4823=CARTESIAN_POINT('',(0.0055,0.0045,0.06175));
#4824=CARTESIAN_POINT('',(0.009,0.0045,0.06175));
#4825=CARTESIAN_POINT('',(0.0075,0.0045,0.06175));
#4826=CARTESIAN_POINT('',(0.0075,0.0045,0.0655));
#4827=CARTESIAN_POINT('',(0.0075,0.0045000000000001,0.06));
#4828=CARTESIAN_POINT('',(0.009,0.0045000000000001,0.06));
#4829=CARTESIAN_POINT('',(0.009,0.00450000000000011,0.071));
#4830=CARTESIAN_POINT('',(0.0075,0.0045,0.071));
#4831=CARTESIAN_POINT('',(0.0075,0.0045,0.0655));
#4832=CARTESIAN_POINT('',(0.009,0.0025,0.0655));
#4833=CARTESIAN_POINT('',(0.0055,0.0025,0.0655));
#4834=CARTESIAN_POINT('',(0.0055,0.0025,0.06175));
#4835=CARTESIAN_POINT('',(0.0055,0.0025,0.06925));
#4836=CARTESIAN_POINT('',(0.009,0.0025,0.06925));
#4837=CARTESIAN_POINT('',(0.0075,0.0025,0.06925));
#4838=CARTESIAN_POINT('',(0.0075,0.0025,0.0655));
#4839=CARTESIAN_POINT('',(0.0075,0.0025,0.071));
#4840=CARTESIAN_POINT('',(0.009,0.0025,0.071));
#4841=CARTESIAN_POINT('',(0.009,0.0025,0.06));
#4842=CARTESIAN_POINT('',(0.0075,0.0025,0.06));
#4843=CARTESIAN_POINT('',(0.0075,0.0025,0.0655));
#4844=CARTESIAN_POINT('',(0.0075,0.0025,0.06175));
#4845=CARTESIAN_POINT('',(0.009,0.0025,0.06175));
#4846=CARTESIAN_POINT('',(0.009,0.0165,0.0655));
#4847=CARTESIAN_POINT('',(0.0055,0.0165,0.0655));
#4848=CARTESIAN_POINT('',(0.0055,0.0165,0.06175));
#4849=CARTESIAN_POINT('',(0.0055,0.0165,0.06925));
#4850=CARTESIAN_POINT('',(0.009,0.0165,0.06925));
#4851=CARTESIAN_POINT('',(0.0075,0.0165,0.06925));
#4852=CARTESIAN_POINT('',(0.0075,0.0165,0.0655));
#4853=CARTESIAN_POINT('',(0.0075,0.0165,0.071));
#4854=CARTESIAN_POINT('',(0.009,0.0165,0.071));
#4855=CARTESIAN_POINT('',(0.009,0.0165,0.06));
#4856=CARTESIAN_POINT('',(0.0075,0.0165,0.06));
#4857=CARTESIAN_POINT('',(0.0075,0.0165,0.0655));
#4858=CARTESIAN_POINT('',(0.0075,0.0165,0.06175));
#4859=CARTESIAN_POINT('',(0.009,0.0165,0.06175));
#4860=CARTESIAN_POINT('',(-0.062,0.0225,0.003));
#4861=CARTESIAN_POINT('',(-0.062,0.0225,-0.023));
#4862=CARTESIAN_POINT('',(-0.188,0.0225,0.073));
#4863=CARTESIAN_POINT('',(-0.062,0.0225,0.073));
#4864=CARTESIAN_POINT('',(-0.062,-0.0225,0.003));
#4865=CARTESIAN_POINT('',(-0.062,-0.0225,0.073));
#4866=CARTESIAN_POINT('',(-0.188,-0.0225,0.073));
#4867=CARTESIAN_POINT('',(-0.062,-0.0225,-0.023));
#4868=CARTESIAN_POINT('',(-0.062,-6.93889390390723E-18,0.073));
#4869=CARTESIAN_POINT('',(0.009,0.0175,0.071));
#4870=CARTESIAN_POINT('',(0.0075,0.0185,0.071));
#4871=CARTESIAN_POINT('',(0.0075,0.0185,0.071));
#4872=CARTESIAN_POINT('',(0.0075,0.0185,0.071));
#4873=CARTESIAN_POINT('',(0.009,0.0175,0.071));
#4874=CARTESIAN_POINT('',(0.009,0.0175,0.06));
#4875=CARTESIAN_POINT('',(0.009,0.0175,0.06));
#4876=CARTESIAN_POINT('',(0.0075,0.0185,0.06));
#4877=CARTESIAN_POINT('',(0.0075,0.0185,0.06));
#4878=CARTESIAN_POINT('',(0.0075,0.0185,0.06));
#4879=CARTESIAN_POINT('',(0.009,2.73218947466347E-18,0.0365));
#4880=CARTESIAN_POINT('',(0.009,-0.0135,0.0655));
#4881=CARTESIAN_POINT('',(0.009,-0.012,0.0655));
#4882=CARTESIAN_POINT('',(0.009,-0.0075,0.0655));
#4883=CARTESIAN_POINT('',(0.009,-0.006,0.0655));
#4884=CARTESIAN_POINT('',(0.009,-8.67361737988404E-19,0.0655));
#4885=CARTESIAN_POINT('',(0.009,0.0015,0.0655));
#4886=CARTESIAN_POINT('',(0.009,0.0075,0.0655));
#4887=CARTESIAN_POINT('',(0.009,0.009,0.0655));
#4888=CARTESIAN_POINT('',(0.009,0.0135,0.0655));
#4889=CARTESIAN_POINT('',(0.009,0.015,0.0655));
#4890=CARTESIAN_POINT('',(0.0075,0.0185,0.0655));
#4891=CARTESIAN_POINT('',(0.0075,0.0315,0.06925));
#4892=CARTESIAN_POINT('',(0.0075,0.0315,0.06925));
#4893=CARTESIAN_POINT('',(0.0075,0.0315,0.06925));
#4894=CARTESIAN_POINT('',(0.0075,0.0315,0.06175));
#4895=CARTESIAN_POINT('',(0.0075,0.0315,0.06175));
#4896=CARTESIAN_POINT('',(0.0075,0.0315,0.06175));
#4897=CARTESIAN_POINT('',(0.0075,0.0315,0.06175));
#4898=CARTESIAN_POINT('',(0.0075,0.0315,0.06925));
#4899=CARTESIAN_POINT('',(0.0075,-0.0075,0.0655));
#4900=CARTESIAN_POINT('',(0.0075,-0.006,0.0655));
#4901=CARTESIAN_POINT('',(0.0075,-0.0135,0.0655));
#4902=CARTESIAN_POINT('',(0.0075,-0.012,0.0655));
#4903=CARTESIAN_POINT('',(0.0075,-1.32272665043232E-18,0.0655));
#4904=CARTESIAN_POINT('',(0.0075,0.0015,0.0655));
#4905=CARTESIAN_POINT('',(0.0075,0.0135,0.0655));
#4906=CARTESIAN_POINT('',(0.0075,0.015,0.0655));
#4907=CARTESIAN_POINT('',(0.0075,0.0075,0.0655));
#4908=CARTESIAN_POINT('',(0.0075,0.009,0.0655));
#4909=CARTESIAN_POINT('',(0.004,-0.0075,0.0655));
#4910=CARTESIAN_POINT('',(0.004,-0.0135,0.0655));
#4911=CARTESIAN_POINT('',(0.004,-2.38524477946811E-18,0.0655));
#4912=CARTESIAN_POINT('',(0.004,0.0135,0.0655));
#4913=CARTESIAN_POINT('',(0.004,0.0075,0.0655));
#4914=CARTESIAN_POINT('',(0.0065,0.0315,0.06175));
#4915=CARTESIAN_POINT('',(0.0055,0.0315,0.06175));
#4916=CARTESIAN_POINT('',(0.0055,0.0315,0.0655));
#4917=CARTESIAN_POINT('',(0.0055,0.0315,0.06925));
#4918=CARTESIAN_POINT('',(0.0065,0.0315,0.06925));
#4919=CARTESIAN_POINT('',(0.0065,0.0315,0.06175));
#4920=CARTESIAN_POINT('',(0.0055,0.0315,0.06175));
#4921=CARTESIAN_POINT('',(0.0055,0.0315,0.0655));
#4922=CARTESIAN_POINT('',(0.0055,0.0315,0.06925));
#4923=CARTESIAN_POINT('',(0.0065,0.0315,0.06925));
#4924=CARTESIAN_POINT('',(0.0065,0.0315,0.06175));
#4925=CARTESIAN_POINT('',(0.0055,0.0315,0.06175));
#4926=CARTESIAN_POINT('',(0.0055,0.0315,0.0655));
#4927=CARTESIAN_POINT('',(0.0055,0.0315,0.06925));
#4928=CARTESIAN_POINT('',(0.0065,0.0315,0.06925));
#4929=CARTESIAN_POINT('',(0.0065,0.0315,0.06925));
#4930=CARTESIAN_POINT('',(0.0055,0.0315,0.06925));
#4931=CARTESIAN_POINT('',(0.0055,0.0315,0.0655));
#4932=CARTESIAN_POINT('',(0.0055,0.0315,0.06175));
#4933=CARTESIAN_POINT('',(0.0065,0.0315,0.06175));
#4934=CARTESIAN_POINT('',(0.021,0.012,0.045));
#4935=CARTESIAN_POINT('',(0.011,0.012,0.045));
#4936=CARTESIAN_POINT('',(0.0035,0.012,0.045));
#4937=CARTESIAN_POINT('',(0.011,0.012,0.045));
#4938=CARTESIAN_POINT('',(0.011,0.012,0.055));
#4939=CARTESIAN_POINT('',(0.021,0.012,0.055));
#4940=CARTESIAN_POINT('',(0.021,-2.60208521396521E-18,0.055));
#4941=CARTESIAN_POINT('',(0.011,-0.013,0.055));
#4942=CARTESIAN_POINT('',(0.011,-0.013,0.045));
#4943=CARTESIAN_POINT('',(0.011,-0.013,0.045));
#4944=CARTESIAN_POINT('',(0.011,-0.013,0.035));
#4945=CARTESIAN_POINT('',(-0.271,-0.012,0.045));
#4946=CARTESIAN_POINT('',(-0.261,-0.012,0.045));
#4947=CARTESIAN_POINT('',(-0.2685,-0.012,0.045));
#4948=CARTESIAN_POINT('',(-0.271,-0.012,0.035));
#4949=CARTESIAN_POINT('',(-0.261,-0.012,0.035));
#4950=CARTESIAN_POINT('',(-0.271,-0.012,0.055));
#4951=CARTESIAN_POINT('',(-0.261,-0.012,0.055));
#4952=CARTESIAN_POINT('',(-0.261,-0.012,0.045));
#4953=CARTESIAN_POINT('',(-0.259,-0.0185,0.0655));
#4954=CARTESIAN_POINT('',(-0.259,-0.0185,0.071));
#4955=CARTESIAN_POINT('',(-0.259,-0.0185,0.071));
#4956=CARTESIAN_POINT('',(-0.259,-0.0185,0.0655));
#4957=CARTESIAN_POINT('',(-0.259,-0.0185,0.06));
#4958=CARTESIAN_POINT('',(-0.259,-0.0185,0.06));
#4959=CARTESIAN_POINT('',(-0.2565,-0.0185,0.06925));
#4960=CARTESIAN_POINT('',(-0.2575,-0.0185,0.06925));
#4961=CARTESIAN_POINT('',(-0.2555,-0.0185,0.06925));
#4962=CARTESIAN_POINT('',(-0.2555,-0.0185,0.0655));
#4963=CARTESIAN_POINT('',(-0.2555,-0.0185,0.06175));
#4964=CARTESIAN_POINT('',(-0.2565,-0.0185,0.06175));
#4965=CARTESIAN_POINT('',(-0.2575,-0.0185,0.06175));
#4966=CARTESIAN_POINT('',(-0.2575,-0.0185,0.0655));
#4967=CARTESIAN_POINT('',(-0.259,0.0185,0.0655));
#4968=CARTESIAN_POINT('',(-0.259,0.0185,0.06));
#4969=CARTESIAN_POINT('',(-0.259,0.0185,0.06));
#4970=CARTESIAN_POINT('',(-0.259,0.0185,0.0655));
#4971=CARTESIAN_POINT('',(-0.259,0.0185,0.071));
#4972=CARTESIAN_POINT('',(-0.259,0.0185,0.071));
#4973=CARTESIAN_POINT('',(-0.259,0.0185,0.06175));
#4974=CARTESIAN_POINT('',(-0.2555,0.0185,0.06175));
#4975=CARTESIAN_POINT('',(-0.2575,0.0185,0.06175));
#4976=CARTESIAN_POINT('',(-0.2555,0.0185,0.0655));
#4977=CARTESIAN_POINT('',(-0.2555,0.0185,0.06925));
#4978=CARTESIAN_POINT('',(-0.259,0.0185,0.06925));
#4979=CARTESIAN_POINT('',(-0.2575,0.0185,0.06925));
#4980=CARTESIAN_POINT('',(-0.2575,0.0185,0.0655));
#4981=CARTESIAN_POINT('',(-0.259,-0.0165,0.0655));
#4982=CARTESIAN_POINT('',(-0.2575,-0.0165,0.0655));
#4983=CARTESIAN_POINT('',(-0.2575,-0.0165,0.06925));
#4984=CARTESIAN_POINT('',(-0.2575,-0.0165,0.071));
#4985=CARTESIAN_POINT('',(-0.259,-0.0165,0.071));
#4986=CARTESIAN_POINT('',(-0.259,-0.0165,0.06));
#4987=CARTESIAN_POINT('',(-0.2575,-0.0165,0.06));
#4988=CARTESIAN_POINT('',(-0.2575,-0.0165,0.0655));
#4989=CARTESIAN_POINT('',(-0.2575,-0.0165,0.06175));
#4990=CARTESIAN_POINT('',(-0.259,-0.0165,0.06175));
#4991=CARTESIAN_POINT('',(-0.2555,-0.0165,0.06175));
#4992=CARTESIAN_POINT('',(-0.2555,-0.0165,0.0655));
#4993=CARTESIAN_POINT('',(-0.2555,-0.0165,0.06925));
#4994=CARTESIAN_POINT('',(-0.259,-0.0165,0.06925));
#4995=CARTESIAN_POINT('',(-0.259,-0.0045,0.0655));
#4996=CARTESIAN_POINT('',(-0.2555,-0.0045,0.0655));
#4997=CARTESIAN_POINT('',(-0.2555,-0.0045,0.06175));
#4998=CARTESIAN_POINT('',(-0.2555,-0.0045,0.06925));
#4999=CARTESIAN_POINT('',(-0.259,-0.0045,0.06175));
#5000=CARTESIAN_POINT('',(-0.2575,-0.0045,0.06175));
#5001=CARTESIAN_POINT('',(-0.2575,-0.0045,0.0655));
#5002=CARTESIAN_POINT('',(-0.2575,-0.0045,0.06));
#5003=CARTESIAN_POINT('',(-0.259,-0.00449999999999989,0.06));
#5004=CARTESIAN_POINT('',(-0.259,-0.00449999999999989,0.071));
#5005=CARTESIAN_POINT('',(-0.2575,-0.00449999999999989,0.071));
#5006=CARTESIAN_POINT('',(-0.2575,-0.0045,0.0655));
#5007=CARTESIAN_POINT('',(-0.2575,-0.0045,0.06925));
#5008=CARTESIAN_POINT('',(-0.259,-0.0045,0.06925));
#5009=CARTESIAN_POINT('',(-0.259,-0.0025,0.0655));
#5010=CARTESIAN_POINT('',(-0.259,-0.0025,0.06925));
#5011=CARTESIAN_POINT('',(-0.2555,-0.0025,0.06925));
#5012=CARTESIAN_POINT('',(-0.2575,-0.00249999999999997,0.06925));
#5013=CARTESIAN_POINT('',(-0.2575,-0.0025,0.0655));
#5014=CARTESIAN_POINT('',(-0.2575,-0.0025,0.071));
#5015=CARTESIAN_POINT('',(-0.259,-0.0025,0.071));
#5016=CARTESIAN_POINT('',(-0.259,-0.0025,0.06));
#5017=CARTESIAN_POINT('',(-0.2575,-0.0025,0.06));
#5018=CARTESIAN_POINT('',(-0.2575,-0.0025,0.0655));
#5019=CARTESIAN_POINT('',(-0.2575,-0.0025,0.06175));
#5020=CARTESIAN_POINT('',(-0.259,-0.0025,0.06175));
#5021=CARTESIAN_POINT('',(-0.2555,-0.0025,0.06175));
#5022=CARTESIAN_POINT('',(-0.2555,-0.0025,0.0655));
#5023=CARTESIAN_POINT('',(-0.259,0.0045,0.0655));
#5024=CARTESIAN_POINT('',(-0.259,0.0045,0.06925));
#5025=CARTESIAN_POINT('',(-0.2555,0.0045,0.06925));
#5026=CARTESIAN_POINT('',(-0.2575,0.0045,0.06925));
#5027=CARTESIAN_POINT('',(-0.2575,0.0045,0.0655));
#5028=CARTESIAN_POINT('',(-0.2575,0.0045,0.071));
#5029=CARTESIAN_POINT('',(-0.259,0.00450000000000011,0.071));
#5030=CARTESIAN_POINT('',(-0.259,0.0045000000000001,0.06));
#5031=CARTESIAN_POINT('',(-0.2575,0.0045000000000001,0.06));
#5032=CARTESIAN_POINT('',(-0.2575,0.0045,0.0655));
#5033=CARTESIAN_POINT('',(-0.2575,0.0045,0.06175));
#5034=CARTESIAN_POINT('',(-0.259,0.0045,0.06175));
#5035=CARTESIAN_POINT('',(-0.2555,0.0045,0.06175));
#5036=CARTESIAN_POINT('',(-0.2555,0.0045,0.0655));
#5037=CARTESIAN_POINT('',(-0.259,0.0025,0.0655));
#5038=CARTESIAN_POINT('',(-0.2555,0.0025,0.0655));
#5039=CARTESIAN_POINT('',(-0.2555,0.0025,0.06175));
#5040=CARTESIAN_POINT('',(-0.2555,0.0025,0.06925));
#5041=CARTESIAN_POINT('',(-0.259,0.0025,0.06175));
#5042=CARTESIAN_POINT('',(-0.2575,0.0025,0.06175));
#5043=CARTESIAN_POINT('',(-0.2575,0.0025,0.0655));
#5044=CARTESIAN_POINT('',(-0.2575,0.0025,0.06));
#5045=CARTESIAN_POINT('',(-0.259,0.0025,0.06));
#5046=CARTESIAN_POINT('',(-0.259,0.0025,0.071));
#5047=CARTESIAN_POINT('',(-0.2575,0.0025,0.071));
#5048=CARTESIAN_POINT('',(-0.2575,0.0025,0.0655));
#5049=CARTESIAN_POINT('',(-0.2575,0.0025,0.06925));
#5050=CARTESIAN_POINT('',(-0.259,0.0025,0.06925));
#5051=CARTESIAN_POINT('',(-0.259,0.0165,0.0655));
#5052=CARTESIAN_POINT('',(-0.2555,0.0165,0.0655));
#5053=CARTESIAN_POINT('',(-0.2555,0.0165,0.06175));
#5054=CARTESIAN_POINT('',(-0.2555,0.0165,0.06925));
#5055=CARTESIAN_POINT('',(-0.259,0.0165,0.06175));
#5056=CARTESIAN_POINT('',(-0.2575,0.0165,0.06175));
#5057=CARTESIAN_POINT('',(-0.2575,0.0165,0.0655));
#5058=CARTESIAN_POINT('',(-0.2575,0.0165,0.06));
#5059=CARTESIAN_POINT('',(-0.259,0.0165,0.06));
#5060=CARTESIAN_POINT('',(-0.259,0.0165,0.071));
#5061=CARTESIAN_POINT('',(-0.2575,0.0165,0.071));
#5062=CARTESIAN_POINT('',(-0.2575,0.0165,0.0655));
#5063=CARTESIAN_POINT('',(-0.2575,0.0165,0.06925));
#5064=CARTESIAN_POINT('',(-0.259,0.0165,0.06925));
#5065=CARTESIAN_POINT('',(-0.188,-6.93889390390723E-18,0.073));
#5066=CARTESIAN_POINT('',(-0.259,0.0175,0.071));
#5067=CARTESIAN_POINT('',(-0.259,0.0175,0.071));
#5068=CARTESIAN_POINT('',(-0.2575,0.0185,0.071));
#5069=CARTESIAN_POINT('',(-0.2575,0.0185,0.071));
#5070=CARTESIAN_POINT('',(-0.2575,0.0185,0.071));
#5071=CARTESIAN_POINT('',(-0.259,0.0175,0.06));
#5072=CARTESIAN_POINT('',(-0.2575,0.0185,0.06));
#5073=CARTESIAN_POINT('',(-0.2575,0.0185,0.06));
#5074=CARTESIAN_POINT('',(-0.2575,0.0185,0.06));
#5075=CARTESIAN_POINT('',(-0.259,0.0175,0.06));
#5076=CARTESIAN_POINT('',(-0.259,2.73218947466347E-18,0.0365));
#5077=CARTESIAN_POINT('',(-0.259,-0.0135,0.0655));
#5078=CARTESIAN_POINT('',(-0.259,-0.012,0.0655));
#5079=CARTESIAN_POINT('',(-0.259,-0.0075,0.0655));
#5080=CARTESIAN_POINT('',(-0.259,-0.006,0.0655));
#5081=CARTESIAN_POINT('',(-0.259,-8.67361737988404E-19,0.0655));
#5082=CARTESIAN_POINT('',(-0.259,0.0015,0.0655));
#5083=CARTESIAN_POINT('',(-0.259,0.0075,0.0655));
#5084=CARTESIAN_POINT('',(-0.259,0.009,0.0655));
#5085=CARTESIAN_POINT('',(-0.259,0.0135,0.0655));
#5086=CARTESIAN_POINT('',(-0.259,0.015,0.0655));
#5087=CARTESIAN_POINT('',(-0.2575,0.0185,0.0655));
#5088=CARTESIAN_POINT('',(-0.2575,0.0315,0.06925));
#5089=CARTESIAN_POINT('',(-0.2575,0.0315,0.06175));
#5090=CARTESIAN_POINT('',(-0.2575,0.0315,0.06175));
#5091=CARTESIAN_POINT('',(-0.2575,0.0315,0.06175));
#5092=CARTESIAN_POINT('',(-0.2575,0.0315,0.06175));
#5093=CARTESIAN_POINT('',(-0.2575,0.0315,0.06925));
#5094=CARTESIAN_POINT('',(-0.2575,0.0315,0.06925));
#5095=CARTESIAN_POINT('',(-0.2575,0.0315,0.06925));
#5096=CARTESIAN_POINT('',(-0.2575,-0.0075,0.0655));
#5097=CARTESIAN_POINT('',(-0.2575,-0.006,0.0655));
#5098=CARTESIAN_POINT('',(-0.2575,-0.0135,0.0655));
#5099=CARTESIAN_POINT('',(-0.2575,-0.012,0.0655));
#5100=CARTESIAN_POINT('',(-0.2575,-1.32272665043232E-18,0.0655));
#5101=CARTESIAN_POINT('',(-0.2575,0.0015,0.0655));
#5102=CARTESIAN_POINT('',(-0.2575,0.0135,0.0655));
#5103=CARTESIAN_POINT('',(-0.2575,0.015,0.0655));
#5104=CARTESIAN_POINT('',(-0.2575,0.0075,0.0655));
#5105=CARTESIAN_POINT('',(-0.2575,0.009,0.0655));
#5106=CARTESIAN_POINT('',(-0.254,-0.0075,0.0655));
#5107=CARTESIAN_POINT('',(-0.254,-0.0135,0.0655));
#5108=CARTESIAN_POINT('',(-0.254,-2.38524477946811E-18,0.0655));
#5109=CARTESIAN_POINT('',(-0.254,0.0135,0.0655));
#5110=CARTESIAN_POINT('',(-0.254,0.0075,0.0655));
#5111=CARTESIAN_POINT('',(-0.2565,0.0315,0.06175));
#5112=CARTESIAN_POINT('',(-0.2555,0.0315,0.06175));
#5113=CARTESIAN_POINT('',(-0.2555,0.0315,0.0655));
#5114=CARTESIAN_POINT('',(-0.2555,0.0315,0.06925));
#5115=CARTESIAN_POINT('',(-0.2565,0.0315,0.06925));
#5116=CARTESIAN_POINT('',(-0.2565,0.0315,0.06175));
#5117=CARTESIAN_POINT('',(-0.2555,0.0315,0.06175));
#5118=CARTESIAN_POINT('',(-0.2555,0.0315,0.0655));
#5119=CARTESIAN_POINT('',(-0.2555,0.0315,0.06925));
#5120=CARTESIAN_POINT('',(-0.2565,0.0315,0.06925));
#5121=CARTESIAN_POINT('',(-0.2565,0.0315,0.06175));
#5122=CARTESIAN_POINT('',(-0.2555,0.0315,0.06175));
#5123=CARTESIAN_POINT('',(-0.2555,0.0315,0.0655));
#5124=CARTESIAN_POINT('',(-0.2555,0.0315,0.06925));
#5125=CARTESIAN_POINT('',(-0.2565,0.0315,0.06925));
#5126=CARTESIAN_POINT('',(-0.2565,0.0315,0.06925));
#5127=CARTESIAN_POINT('',(-0.2555,0.0315,0.06925));
#5128=CARTESIAN_POINT('',(-0.2555,0.0315,0.0655));
#5129=CARTESIAN_POINT('',(-0.2555,0.0315,0.06175));
#5130=CARTESIAN_POINT('',(-0.2565,0.0315,0.06175));
#5131=CARTESIAN_POINT('',(-0.271,-2.60208521396521E-18,0.035));
#5132=CARTESIAN_POINT('',(-0.261,-0.013,0.035));
#5133=CARTESIAN_POINT('',(-0.261,0.012,0.035));
#5134=CARTESIAN_POINT('',(-0.271,0.012,0.035));
#5135=CARTESIAN_POINT('',(-0.271,0.012,0.045));
#5136=CARTESIAN_POINT('',(-0.261,0.012,0.045));
#5137=CARTESIAN_POINT('',(-0.2535,0.012,0.045));
#5138=CARTESIAN_POINT('',(-0.261,0.012,0.045));
#5139=CARTESIAN_POINT('',(-0.261,0.012,0.055));
#5140=CARTESIAN_POINT('',(-0.271,0.012,0.055));
#5141=CARTESIAN_POINT('',(-0.271,-2.60208521396521E-18,0.055));
#5142=CARTESIAN_POINT('',(-0.261,-0.013,0.055));
#5143=CARTESIAN_POINT('',(-0.261,-0.013,0.045));
#5144=CARTESIAN_POINT('',(-0.261,-0.013,0.045));
#5145=CARTESIAN_POINT('',(-0.125,0.,-0.023));
#5146=CARTESIAN_POINT('',(-0.248,-0.011,-0.0194));
#5147=CARTESIAN_POINT('',(-0.248,0.011,-0.0194));
#5148=CARTESIAN_POINT('',(-0.248,0.011,-0.0014));
#5149=CARTESIAN_POINT('',(-0.248,-0.011,-0.0014));
#5150=CARTESIAN_POINT('',(-0.999,0.0149999999999997,0.015));
#5151=CARTESIAN_POINT('',(-0.999,-3.03576608295942E-16,0.015));
#5152=CARTESIAN_POINT('',(-0.999,-0.0060000000000003,0.0295));
#5153=CARTESIAN_POINT('',(-0.999,-0.0060000000000003,0.0335));
#5154=CARTESIAN_POINT('',(-0.999,-0.0060000000000003,0.0255));
#5155=CARTESIAN_POINT('',(-0.999,-3.03576608295942E-16,0.0335));
#5156=CARTESIAN_POINT('',(-0.999,0.0059999999999997,0.0335));
#5157=CARTESIAN_POINT('',(-0.999,0.0059999999999997,0.0295));
#5158=CARTESIAN_POINT('',(-0.999,0.0059999999999997,0.0255));
#5159=CARTESIAN_POINT('',(-0.999,-3.03576608295942E-16,0.0255));
#5160=CARTESIAN_POINT('',(-0.999,0.0149999999999997,0.015));
#5161=CARTESIAN_POINT('',(-0.012,0.015,0.015));
#5162=CARTESIAN_POINT('',(-0.012,0.019,0.015));
#5163=CARTESIAN_POINT('',(-0.999,-3.03576608295942E-16,0.015));
#5164=CARTESIAN_POINT('',(-0.012,-3.99468267106882E-18,0.015));
#5165=CARTESIAN_POINT('',(-0.012,0.004,0.015));
#5166=CARTESIAN_POINT('',(-0.999,-3.03576608295942E-16,0.0255));
#5167=CARTESIAN_POINT('',(-0.999,-0.0060000000000003,0.0255));
#5168=CARTESIAN_POINT('',(-0.999,0.0059999999999997,0.0255));
#5169=CARTESIAN_POINT('',(-0.999,0.0059999999999997,0.0295));
#5170=CARTESIAN_POINT('',(-0.999,0.0059999999999997,0.0335));
#5171=CARTESIAN_POINT('',(-0.999,-3.03576608295942E-16,0.0335));
#5172=CARTESIAN_POINT('',(-0.999,-0.0060000000000003,0.0335));
#5173=CARTESIAN_POINT('',(-0.999,-0.0060000000000003,0.0295));
#5174=CARTESIAN_POINT('',(0.009,-7.26544710139833E-18,0.019));
#5175=CARTESIAN_POINT('',(0.009,-7.26544710139833E-18,0.019));
#5176=CARTESIAN_POINT('',(0.0065,-7.26544710139833E-18,0.019));
#5177=CARTESIAN_POINT('',(0.009,-7.26544710139833E-18,0.035));
#5178=CARTESIAN_POINT('',(0.00625,-1.04083408558608E-17,0.019));
#5179=CARTESIAN_POINT('',(0.00625,-1.04083408558608E-17,0.035));
#5180=CARTESIAN_POINT('',(-0.012,-3.95131458416939E-18,0.015));
#5181=CARTESIAN_POINT('',(-0.012,-3.95131458416939E-18,0.015));
#5182=CARTESIAN_POINT('',(-0.012,-0.006,0.015));
#5183=CARTESIAN_POINT('',(-0.012,-3.70074341541719E-18,0.038));
#5184=CARTESIAN_POINT('',(-0.012,0.015,0.015));
#5185=CARTESIAN_POINT('',(-0.012,0.015,0.015));
#5186=CARTESIAN_POINT('',(-0.012,0.009,0.015));
#5187=CARTESIAN_POINT('',(-0.012,-3.70074341541719E-18,0.038));
#5188=CARTESIAN_POINT('',(-0.146,-0.01,0.025));
#5189=CARTESIAN_POINT('',(-0.1135,0.01,0.025));
#5190=CARTESIAN_POINT('',(-0.1135,0.015,0.025));
#5191=CARTESIAN_POINT('',(-0.1135,0.005,0.025));
#5192=CARTESIAN_POINT('',(-0.1185,0.005,0.025));
#5193=CARTESIAN_POINT('',(-0.1335,0.005,0.025));
#5194=CARTESIAN_POINT('',(-0.1335,0.01,0.025));
#5195=CARTESIAN_POINT('',(-0.1335,0.015,0.025));
#5196=CARTESIAN_POINT('',(-0.1185,0.015,0.025));
#5197=CARTESIAN_POINT('',(-0.198,0.0075,0.025));
#5198=CARTESIAN_POINT('',(-0.163,0.0075,0.025));
#5199=CARTESIAN_POINT('',(-0.233,0.0075,0.025));
#5200=CARTESIAN_POINT('',(-0.233,0.0125,0.025));
#5201=CARTESIAN_POINT('',(-0.233,0.0175,0.025));
#5202=CARTESIAN_POINT('',(-0.198,0.0175,0.025));
#5203=CARTESIAN_POINT('',(-0.163,0.0175,0.025));
#5204=CARTESIAN_POINT('',(-0.163,0.0125,0.025));
#5205=CARTESIAN_POINT('',(-0.198,-0.0075,0.025));
#5206=CARTESIAN_POINT('',(-0.233,-0.0075,0.025));
#5207=CARTESIAN_POINT('',(-0.163,-0.0075,0.025));
#5208=CARTESIAN_POINT('',(-0.163,-0.0125,0.025));
#5209=CARTESIAN_POINT('',(-0.163,-0.0175,0.025));
#5210=CARTESIAN_POINT('',(-0.198,-0.0175,0.025));
#5211=CARTESIAN_POINT('',(-0.233,-0.0175,0.025));
#5212=CARTESIAN_POINT('',(-0.233,-0.0125,0.025));
#5213=CARTESIAN_POINT('',(-0.233,-7.63278329429795E-17,0.025));
#5214=CARTESIAN_POINT('',(-0.233,-0.00250000000000008,0.025));
#5215=CARTESIAN_POINT('',(-0.233,0.00249999999999993,0.025));
#5216=CARTESIAN_POINT('',(-0.198,0.00249999999999994,0.025));
#5217=CARTESIAN_POINT('',(-0.163,0.00249999999999997,0.025));
#5218=CARTESIAN_POINT('',(-0.163,-3.29597460435593E-17,0.025));
#5219=CARTESIAN_POINT('',(-0.163,-0.0025,0.025));
#5220=CARTESIAN_POINT('',(-0.198,-0.00250000000000006,0.025));
#5221=CARTESIAN_POINT('',(-0.238,0.011,0.025));
#5222=CARTESIAN_POINT('',(-0.238,0.0135,0.025));
#5223=CARTESIAN_POINT('',(-0.238,0.0085,0.025));
#5224=CARTESIAN_POINT('',(-0.243,0.0085,0.025));
#5225=CARTESIAN_POINT('',(-0.243,0.0135,0.025));
#5226=CARTESIAN_POINT('',(-0.101,-0.01,0.025));
#5227=CARTESIAN_POINT('',(-0.101,0.01,0.025));
#5228=CARTESIAN_POINT('',(-0.146,0.01,0.025));
#5229=CARTESIAN_POINT('',(-0.049,-0.0075,0.025));
#5230=CARTESIAN_POINT('',(-0.084,-0.0075,0.025));
#5231=CARTESIAN_POINT('',(-0.014,-0.0075,0.025));
#5232=CARTESIAN_POINT('',(-0.014,-0.0125,0.025));
#5233=CARTESIAN_POINT('',(-0.014,-0.0175,0.025));
#5234=CARTESIAN_POINT('',(-0.049,-0.0175,0.025));
#5235=CARTESIAN_POINT('',(-0.084,-0.0175,0.025));
#5236=CARTESIAN_POINT('',(-0.084,-0.0125,0.025));
#5237=CARTESIAN_POINT('',(-0.014,0.0125,0.025));
#5238=CARTESIAN_POINT('',(-0.014,0.0175,0.025));
#5239=CARTESIAN_POINT('',(-0.014,0.0075,0.025));
#5240=CARTESIAN_POINT('',(-0.049,0.0075,0.025));
#5241=CARTESIAN_POINT('',(-0.084,0.0075,0.025));
#5242=CARTESIAN_POINT('',(-0.084,0.0125,0.025));
#5243=CARTESIAN_POINT('',(-0.084,0.0175,0.025));
#5244=CARTESIAN_POINT('',(-0.049,0.0175,0.025));
#5245=CARTESIAN_POINT('',(-0.014,-8.67361737988404E-18,0.025));
#5246=CARTESIAN_POINT('',(-0.014,0.0025,0.025));
#5247=CARTESIAN_POINT('',(-0.014,-0.0025,0.025));
#5248=CARTESIAN_POINT('',(-0.049,-0.0025,0.025));
#5249=CARTESIAN_POINT('',(-0.084,-0.0025,0.025));
#5250=CARTESIAN_POINT('',(-0.084,-8.67361737988404E-18,0.025));
#5251=CARTESIAN_POINT('',(-0.084,0.0025,0.025));
#5252=CARTESIAN_POINT('',(-0.049,0.0025,0.025));
#5253=CARTESIAN_POINT('',(-0.238,-0.0110000000000008,0.025));
#5254=CARTESIAN_POINT('',(-0.238,-0.00850000000000078,0.025));
#5255=CARTESIAN_POINT('',(-0.238,-0.0135000000000008,0.025));
#5256=CARTESIAN_POINT('',(-0.243,-0.0135000000000008,0.025));
#5257=CARTESIAN_POINT('',(-0.243,-0.00850000000000078,0.025));
#5258=CARTESIAN_POINT('',(-0.002,-6.07153216591882E-19,0.0365));
#5259=CARTESIAN_POINT('',(-0.002,-0.0125,0.01675));
#5260=CARTESIAN_POINT('',(-0.002,-0.0095,0.01675));
#5261=CARTESIAN_POINT('',(-0.002,-0.0095,0.01675));
#5262=CARTESIAN_POINT('',(-0.002,-0.0095,0.0335));
#5263=CARTESIAN_POINT('',(-0.002,-0.011,0.0335));
#5264=CARTESIAN_POINT('',(-0.002,-0.0125,0.0335));
#5265=CARTESIAN_POINT('',(-0.002,-0.0125,0.01675));
#5266=MECHANICAL_DESIGN_GEOMETRIC_PRESENTATION_REPRESENTATION('',(#3330),
#5267);
#5267=(
GEOMETRIC_REPRESENTATION_CONTEXT(3)
GLOBAL_UNCERTAINTY_ASSIGNED_CONTEXT((#5268))
GLOBAL_UNIT_ASSIGNED_CONTEXT((#5271,#5270,#5269))
REPRESENTATION_CONTEXT('Part 1','TOP_LEVEL_ASSEMBLY_PART')
);
#5268=UNCERTAINTY_MEASURE_WITH_UNIT(LENGTH_MEASURE(1.E-8),#5271,
'DISTANCE_ACCURACY_VALUE','Maximum Tolerance applied to model');
#5269=(
NAMED_UNIT(*)
SI_UNIT($,.STERADIAN.)
SOLID_ANGLE_UNIT()
);
#5270=(
NAMED_UNIT(*)
PLANE_ANGLE_UNIT()
SI_UNIT($,.RADIAN.)
);
#5271=(
LENGTH_UNIT()
NAMED_UNIT(*)
SI_UNIT($,.METRE.)
);
#5272=PRODUCT_DEFINITION_SHAPE('','',#5273);
#5273=PRODUCT_DEFINITION('','',#5275,#5274);
#5274=PRODUCT_DEFINITION_CONTEXT('',#5281,'design');
#5275=PRODUCT_DEFINITION_FORMATION_WITH_SPECIFIED_SOURCE('','',#5277,
 .NOT_KNOWN.);
#5276=PRODUCT_RELATED_PRODUCT_CATEGORY('','',(#5277));
#5277=PRODUCT('Part 1','Part 1','Part 1',(#5279));
#5278=PRODUCT_CATEGORY('','');
#5279=PRODUCT_CONTEXT('',#5281,'mechanical');
#5280=APPLICATION_PROTOCOL_DEFINITION('international standard',
'ap242_managed_model_based_3d_engineering',2020,#5281);
#5281=APPLICATION_CONTEXT('managed model based 3d engineering');
ENDSEC;
END-ISO-10303-21;
