ISO-10303-21;
HEADER;
/* Generated by software containing ST-Developer
 * from STEP Tools, Inc. (www.steptools.com) 
 */
/* OPTION: using custom renumber hook */

FILE_DESCRIPTION(
/* description */ ('STEP AP242 Edition 2',
'CAx-IF Rec.Pracs.---Representation and Presentation of Product Manufa
cturing Information (PMI)---4.0---2014-10-13',
'CAx-IF Rec.Pracs.---3D Tessellated Geometry---0.4---2014-09-14','2;1',
'CAx-IF Rec.Pracs.---User Defined Attributes---1.5---2016-08-15'),
/* implementation_level */ '2;1');

FILE_NAME(
/* name */ 'Base',
/* time_stamp */ '2026-06-26T08:55:17Z',
/* author */ (''),
/* organization */ (''),
/* preprocessor_version */ 'ST-DEVELOPER v20',
/* originating_system */ 'ONSHAPE BY PTC INC, 1.216',
/* authorisation */ '  ');

FILE_SCHEMA (('AP242_MANAGED_MODEL_BASED_3D_ENGINEERING_MIM_LF { 1 0 10303 442 3 1 4 }'));
ENDSEC;

DATA;
#10=SHAPE_REPRESENTATION_RELATIONSHIP('','',#1643,#11);
#11=ADVANCED_BREP_SHAPE_REPRESENTATION('',(#1641),#2601);
#12=CYLINDRICAL_SURFACE('',#1683,0.0025);
#13=CYLINDRICAL_SURFACE('',#1684,0.0025);
#14=CYLINDRICAL_SURFACE('',#1685,0.0025);
#15=CYLINDRICAL_SURFACE('',#1686,0.0025);
#16=CYLINDRICAL_SURFACE('',#1687,0.0025);
#17=CYLINDRICAL_SURFACE('',#1688,0.0025);
#18=CYLINDRICAL_SURFACE('',#1689,0.0025);
#19=CYLINDRICAL_SURFACE('',#1690,0.0025);
#20=CYLINDRICAL_SURFACE('',#1691,0.0025);
#21=CYLINDRICAL_SURFACE('',#1692,0.0025);
#22=CYLINDRICAL_SURFACE('',#1693,0.0025);
#23=CYLINDRICAL_SURFACE('',#1694,0.0025);
#24=CYLINDRICAL_SURFACE('',#1695,0.006);
#25=CYLINDRICAL_SURFACE('',#1697,0.004);
#26=CYLINDRICAL_SURFACE('',#1702,0.004);
#27=CYLINDRICAL_SURFACE('',#1705,0.006);
#28=CIRCLE('',#1648,0.0025);
#29=CIRCLE('',#1649,0.0025);
#30=CIRCLE('',#1650,0.0025);
#31=CIRCLE('',#1651,0.0025);
#32=CIRCLE('',#1652,0.0025);
#33=CIRCLE('',#1653,0.0025);
#34=CIRCLE('',#1654,0.0025);
#35=CIRCLE('',#1655,0.0025);
#36=CIRCLE('',#1656,0.0025);
#37=CIRCLE('',#1657,0.0025);
#38=CIRCLE('',#1658,0.0025);
#39=CIRCLE('',#1659,0.0025);
#40=CIRCLE('',#1661,0.0025);
#41=CIRCLE('',#1662,0.0025);
#42=CIRCLE('',#1663,0.0025);
#43=CIRCLE('',#1664,0.0025);
#44=CIRCLE('',#1665,0.0025);
#45=CIRCLE('',#1666,0.0025);
#46=CIRCLE('',#1667,0.0025);
#47=CIRCLE('',#1668,0.0025);
#48=CIRCLE('',#1669,0.006);
#49=CIRCLE('',#1670,0.0025);
#50=CIRCLE('',#1671,0.0025);
#51=CIRCLE('',#1672,0.0025);
#52=CIRCLE('',#1673,0.0025);
#53=CIRCLE('',#1674,0.006);
#54=CIRCLE('',#1696,0.006);
#55=CIRCLE('',#1698,0.004);
#56=CIRCLE('',#1699,0.004);
#57=CIRCLE('',#1703,0.004);
#58=CIRCLE('',#1704,0.004);
#59=CIRCLE('',#1706,0.006);
#60=ORIENTED_EDGE('',*,*,#484,.F.);
#61=ORIENTED_EDGE('',*,*,#485,.T.);
#62=ORIENTED_EDGE('',*,*,#486,.T.);
#63=ORIENTED_EDGE('',*,*,#487,.F.);
#64=ORIENTED_EDGE('',*,*,#488,.F.);
#65=ORIENTED_EDGE('',*,*,#489,.T.);
#66=ORIENTED_EDGE('',*,*,#490,.T.);
#67=ORIENTED_EDGE('',*,*,#491,.F.);
#68=ORIENTED_EDGE('',*,*,#492,.F.);
#69=ORIENTED_EDGE('',*,*,#493,.T.);
#70=ORIENTED_EDGE('',*,*,#494,.T.);
#71=ORIENTED_EDGE('',*,*,#495,.F.);
#72=ORIENTED_EDGE('',*,*,#496,.T.);
#73=ORIENTED_EDGE('',*,*,#497,.T.);
#74=ORIENTED_EDGE('',*,*,#498,.T.);
#75=ORIENTED_EDGE('',*,*,#499,.F.);
#76=ORIENTED_EDGE('',*,*,#500,.T.);
#77=ORIENTED_EDGE('',*,*,#501,.T.);
#78=ORIENTED_EDGE('',*,*,#502,.F.);
#79=ORIENTED_EDGE('',*,*,#503,.F.);
#80=ORIENTED_EDGE('',*,*,#504,.T.);
#81=ORIENTED_EDGE('',*,*,#505,.T.);
#82=ORIENTED_EDGE('',*,*,#506,.F.);
#83=ORIENTED_EDGE('',*,*,#507,.F.);
#84=ORIENTED_EDGE('',*,*,#508,.F.);
#85=ORIENTED_EDGE('',*,*,#509,.T.);
#86=ORIENTED_EDGE('',*,*,#510,.F.);
#87=ORIENTED_EDGE('',*,*,#511,.F.);
#88=ORIENTED_EDGE('',*,*,#512,.F.);
#89=ORIENTED_EDGE('',*,*,#513,.T.);
#90=ORIENTED_EDGE('',*,*,#514,.T.);
#91=ORIENTED_EDGE('',*,*,#515,.T.);
#92=ORIENTED_EDGE('',*,*,#516,.F.);
#93=ORIENTED_EDGE('',*,*,#517,.F.);
#94=ORIENTED_EDGE('',*,*,#518,.T.);
#95=ORIENTED_EDGE('',*,*,#519,.F.);
#96=ORIENTED_EDGE('',*,*,#520,.T.);
#97=ORIENTED_EDGE('',*,*,#521,.T.);
#98=ORIENTED_EDGE('',*,*,#522,.T.);
#99=ORIENTED_EDGE('',*,*,#523,.T.);
#100=ORIENTED_EDGE('',*,*,#524,.F.);
#101=ORIENTED_EDGE('',*,*,#525,.T.);
#102=ORIENTED_EDGE('',*,*,#526,.T.);
#103=ORIENTED_EDGE('',*,*,#527,.T.);
#104=ORIENTED_EDGE('',*,*,#528,.T.);
#105=ORIENTED_EDGE('',*,*,#529,.T.);
#106=ORIENTED_EDGE('',*,*,#530,.F.);
#107=ORIENTED_EDGE('',*,*,#531,.T.);
#108=ORIENTED_EDGE('',*,*,#532,.F.);
#109=ORIENTED_EDGE('',*,*,#533,.T.);
#110=ORIENTED_EDGE('',*,*,#534,.F.);
#111=ORIENTED_EDGE('',*,*,#535,.F.);
#112=ORIENTED_EDGE('',*,*,#536,.T.);
#113=ORIENTED_EDGE('',*,*,#537,.T.);
#114=ORIENTED_EDGE('',*,*,#538,.T.);
#115=ORIENTED_EDGE('',*,*,#539,.F.);
#116=ORIENTED_EDGE('',*,*,#540,.F.);
#117=ORIENTED_EDGE('',*,*,#541,.T.);
#118=ORIENTED_EDGE('',*,*,#542,.T.);
#119=ORIENTED_EDGE('',*,*,#543,.T.);
#120=ORIENTED_EDGE('',*,*,#544,.F.);
#121=ORIENTED_EDGE('',*,*,#545,.T.);
#122=ORIENTED_EDGE('',*,*,#546,.T.);
#123=ORIENTED_EDGE('',*,*,#547,.F.);
#124=ORIENTED_EDGE('',*,*,#548,.F.);
#125=ORIENTED_EDGE('',*,*,#549,.T.);
#126=ORIENTED_EDGE('',*,*,#550,.T.);
#127=ORIENTED_EDGE('',*,*,#551,.F.);
#128=ORIENTED_EDGE('',*,*,#552,.F.);
#129=ORIENTED_EDGE('',*,*,#553,.T.);
#130=ORIENTED_EDGE('',*,*,#554,.F.);
#131=ORIENTED_EDGE('',*,*,#555,.F.);
#132=ORIENTED_EDGE('',*,*,#556,.F.);
#133=ORIENTED_EDGE('',*,*,#557,.T.);
#134=ORIENTED_EDGE('',*,*,#558,.F.);
#135=ORIENTED_EDGE('',*,*,#559,.F.);
#136=ORIENTED_EDGE('',*,*,#560,.F.);
#137=ORIENTED_EDGE('',*,*,#561,.F.);
#138=ORIENTED_EDGE('',*,*,#562,.F.);
#139=ORIENTED_EDGE('',*,*,#563,.T.);
#140=ORIENTED_EDGE('',*,*,#564,.T.);
#141=ORIENTED_EDGE('',*,*,#565,.F.);
#142=ORIENTED_EDGE('',*,*,#566,.T.);
#143=ORIENTED_EDGE('',*,*,#567,.F.);
#144=ORIENTED_EDGE('',*,*,#568,.T.);
#145=ORIENTED_EDGE('',*,*,#569,.T.);
#146=ORIENTED_EDGE('',*,*,#570,.T.);
#147=ORIENTED_EDGE('',*,*,#571,.F.);
#148=ORIENTED_EDGE('',*,*,#572,.T.);
#149=ORIENTED_EDGE('',*,*,#573,.T.);
#150=ORIENTED_EDGE('',*,*,#574,.T.);
#151=ORIENTED_EDGE('',*,*,#575,.F.);
#152=ORIENTED_EDGE('',*,*,#576,.F.);
#153=ORIENTED_EDGE('',*,*,#577,.T.);
#154=ORIENTED_EDGE('',*,*,#578,.F.);
#155=ORIENTED_EDGE('',*,*,#579,.F.);
#156=ORIENTED_EDGE('',*,*,#580,.F.);
#157=ORIENTED_EDGE('',*,*,#581,.F.);
#158=ORIENTED_EDGE('',*,*,#582,.F.);
#159=ORIENTED_EDGE('',*,*,#583,.F.);
#160=ORIENTED_EDGE('',*,*,#584,.F.);
#161=ORIENTED_EDGE('',*,*,#585,.F.);
#162=ORIENTED_EDGE('',*,*,#586,.F.);
#163=ORIENTED_EDGE('',*,*,#587,.F.);
#164=ORIENTED_EDGE('',*,*,#588,.T.);
#165=ORIENTED_EDGE('',*,*,#589,.T.);
#166=ORIENTED_EDGE('',*,*,#590,.T.);
#167=ORIENTED_EDGE('',*,*,#591,.T.);
#168=ORIENTED_EDGE('',*,*,#592,.T.);
#169=ORIENTED_EDGE('',*,*,#593,.F.);
#170=ORIENTED_EDGE('',*,*,#594,.F.);
#171=ORIENTED_EDGE('',*,*,#595,.T.);
#172=ORIENTED_EDGE('',*,*,#596,.F.);
#173=ORIENTED_EDGE('',*,*,#597,.F.);
#174=ORIENTED_EDGE('',*,*,#598,.F.);
#175=ORIENTED_EDGE('',*,*,#599,.T.);
#176=ORIENTED_EDGE('',*,*,#600,.F.);
#177=ORIENTED_EDGE('',*,*,#601,.F.);
#178=ORIENTED_EDGE('',*,*,#602,.F.);
#179=ORIENTED_EDGE('',*,*,#603,.T.);
#180=ORIENTED_EDGE('',*,*,#604,.T.);
#181=ORIENTED_EDGE('',*,*,#605,.F.);
#182=ORIENTED_EDGE('',*,*,#606,.F.);
#183=ORIENTED_EDGE('',*,*,#607,.T.);
#184=ORIENTED_EDGE('',*,*,#608,.T.);
#185=ORIENTED_EDGE('',*,*,#609,.T.);
#186=ORIENTED_EDGE('',*,*,#610,.F.);
#187=ORIENTED_EDGE('',*,*,#611,.T.);
#188=ORIENTED_EDGE('',*,*,#612,.T.);
#189=ORIENTED_EDGE('',*,*,#613,.F.);
#190=ORIENTED_EDGE('',*,*,#614,.F.);
#191=ORIENTED_EDGE('',*,*,#552,.T.);
#192=ORIENTED_EDGE('',*,*,#615,.F.);
#193=ORIENTED_EDGE('',*,*,#485,.F.);
#194=ORIENTED_EDGE('',*,*,#616,.T.);
#195=ORIENTED_EDGE('',*,*,#560,.T.);
#196=ORIENTED_EDGE('',*,*,#617,.T.);
#197=ORIENTED_EDGE('',*,*,#618,.F.);
#198=ORIENTED_EDGE('',*,*,#619,.F.);
#199=ORIENTED_EDGE('',*,*,#556,.T.);
#200=ORIENTED_EDGE('',*,*,#620,.T.);
#201=ORIENTED_EDGE('',*,*,#621,.F.);
#202=ORIENTED_EDGE('',*,*,#574,.F.);
#203=ORIENTED_EDGE('',*,*,#622,.T.);
#204=ORIENTED_EDGE('',*,*,#623,.T.);
#205=ORIENTED_EDGE('',*,*,#624,.F.);
#206=ORIENTED_EDGE('',*,*,#570,.F.);
#207=ORIENTED_EDGE('',*,*,#625,.T.);
#208=ORIENTED_EDGE('',*,*,#626,.T.);
#209=ORIENTED_EDGE('',*,*,#627,.F.);
#210=ORIENTED_EDGE('',*,*,#566,.F.);
#211=ORIENTED_EDGE('',*,*,#628,.F.);
#212=ORIENTED_EDGE('',*,*,#487,.T.);
#213=ORIENTED_EDGE('',*,*,#629,.T.);
#214=ORIENTED_EDGE('',*,*,#630,.F.);
#215=ORIENTED_EDGE('',*,*,#568,.F.);
#216=ORIENTED_EDGE('',*,*,#631,.T.);
#217=ORIENTED_EDGE('',*,*,#632,.F.);
#218=ORIENTED_EDGE('',*,*,#532,.T.);
#219=ORIENTED_EDGE('',*,*,#633,.F.);
#220=ORIENTED_EDGE('',*,*,#497,.F.);
#221=ORIENTED_EDGE('',*,*,#634,.T.);
#222=ORIENTED_EDGE('',*,*,#635,.F.);
#223=ORIENTED_EDGE('',*,*,#572,.F.);
#224=ORIENTED_EDGE('',*,*,#636,.T.);
#225=ORIENTED_EDGE('',*,*,#637,.F.);
#226=ORIENTED_EDGE('',*,*,#538,.F.);
#227=ORIENTED_EDGE('',*,*,#638,.F.);
#228=ORIENTED_EDGE('',*,*,#499,.T.);
#229=ORIENTED_EDGE('',*,*,#639,.T.);
#230=ORIENTED_EDGE('',*,*,#558,.T.);
#231=ORIENTED_EDGE('',*,*,#640,.T.);
#232=ORIENTED_EDGE('',*,*,#641,.T.);
#233=ORIENTED_EDGE('',*,*,#642,.F.);
#234=ORIENTED_EDGE('',*,*,#554,.T.);
#235=ORIENTED_EDGE('',*,*,#643,.T.);
#236=ORIENTED_EDGE('',*,*,#644,.T.);
#237=ORIENTED_EDGE('',*,*,#645,.F.);
#238=ORIENTED_EDGE('',*,*,#496,.F.);
#239=ORIENTED_EDGE('',*,*,#638,.T.);
#240=ORIENTED_EDGE('',*,*,#537,.F.);
#241=ORIENTED_EDGE('',*,*,#646,.F.);
#242=ORIENTED_EDGE('',*,*,#561,.T.);
#243=ORIENTED_EDGE('',*,*,#616,.F.);
#244=ORIENTED_EDGE('',*,*,#484,.T.);
#245=ORIENTED_EDGE('',*,*,#628,.T.);
#246=ORIENTED_EDGE('',*,*,#565,.T.);
#247=ORIENTED_EDGE('',*,*,#647,.T.);
#248=ORIENTED_EDGE('',*,*,#533,.F.);
#249=ORIENTED_EDGE('',*,*,#634,.F.);
#250=ORIENTED_EDGE('',*,*,#536,.F.);
#251=ORIENTED_EDGE('',*,*,#648,.F.);
#252=ORIENTED_EDGE('',*,*,#562,.T.);
#253=ORIENTED_EDGE('',*,*,#646,.T.);
#254=ORIENTED_EDGE('',*,*,#535,.T.);
#255=ORIENTED_EDGE('',*,*,#649,.F.);
#256=ORIENTED_EDGE('',*,*,#563,.F.);
#257=ORIENTED_EDGE('',*,*,#648,.T.);
#258=ORIENTED_EDGE('',*,*,#534,.T.);
#259=ORIENTED_EDGE('',*,*,#647,.F.);
#260=ORIENTED_EDGE('',*,*,#564,.F.);
#261=ORIENTED_EDGE('',*,*,#649,.T.);
#262=ORIENTED_EDGE('',*,*,#586,.T.);
#263=ORIENTED_EDGE('',*,*,#521,.F.);
#264=ORIENTED_EDGE('',*,*,#583,.T.);
#265=ORIENTED_EDGE('',*,*,#522,.F.);
#266=ORIENTED_EDGE('',*,*,#582,.T.);
#267=ORIENTED_EDGE('',*,*,#523,.F.);
#268=ORIENTED_EDGE('',*,*,#588,.F.);
#269=ORIENTED_EDGE('',*,*,#524,.T.);
#270=ORIENTED_EDGE('',*,*,#581,.T.);
#271=ORIENTED_EDGE('',*,*,#525,.F.);
#272=ORIENTED_EDGE('',*,*,#580,.T.);
#273=ORIENTED_EDGE('',*,*,#526,.F.);
#274=ORIENTED_EDGE('',*,*,#579,.T.);
#275=ORIENTED_EDGE('',*,*,#527,.F.);
#276=ORIENTED_EDGE('',*,*,#578,.T.);
#277=ORIENTED_EDGE('',*,*,#528,.F.);
#278=ORIENTED_EDGE('',*,*,#585,.T.);
#279=ORIENTED_EDGE('',*,*,#529,.F.);
#280=ORIENTED_EDGE('',*,*,#577,.F.);
#281=ORIENTED_EDGE('',*,*,#530,.T.);
#282=ORIENTED_EDGE('',*,*,#576,.T.);
#283=ORIENTED_EDGE('',*,*,#531,.F.);
#284=ORIENTED_EDGE('',*,*,#587,.T.);
#285=ORIENTED_EDGE('',*,*,#520,.F.);
#286=ORIENTED_EDGE('',*,*,#650,.T.);
#287=ORIENTED_EDGE('',*,*,#589,.F.);
#288=ORIENTED_EDGE('',*,*,#651,.F.);
#289=ORIENTED_EDGE('',*,*,#652,.T.);
#290=ORIENTED_EDGE('',*,*,#650,.F.);
#291=ORIENTED_EDGE('',*,*,#651,.T.);
#292=ORIENTED_EDGE('',*,*,#652,.F.);
#293=ORIENTED_EDGE('',*,*,#653,.T.);
#294=ORIENTED_EDGE('',*,*,#654,.F.);
#295=ORIENTED_EDGE('',*,*,#655,.F.);
#296=ORIENTED_EDGE('',*,*,#584,.T.);
#297=ORIENTED_EDGE('',*,*,#653,.F.);
#298=ORIENTED_EDGE('',*,*,#655,.T.);
#299=ORIENTED_EDGE('',*,*,#654,.T.);
#300=ORIENTED_EDGE('',*,*,#575,.T.);
#301=ORIENTED_EDGE('',*,*,#629,.F.);
#302=ORIENTED_EDGE('',*,*,#486,.F.);
#303=ORIENTED_EDGE('',*,*,#615,.T.);
#304=ORIENTED_EDGE('',*,*,#539,.T.);
#305=ORIENTED_EDGE('',*,*,#639,.F.);
#306=ORIENTED_EDGE('',*,*,#498,.F.);
#307=ORIENTED_EDGE('',*,*,#633,.T.);
#308=ORIENTED_EDGE('',*,*,#618,.T.);
#309=ORIENTED_EDGE('',*,*,#656,.T.);
#310=ORIENTED_EDGE('',*,*,#641,.F.);
#311=ORIENTED_EDGE('',*,*,#657,.F.);
#312=ORIENTED_EDGE('',*,*,#559,.T.);
#313=ORIENTED_EDGE('',*,*,#642,.T.);
#314=ORIENTED_EDGE('',*,*,#656,.F.);
#315=ORIENTED_EDGE('',*,*,#617,.F.);
#316=ORIENTED_EDGE('',*,*,#619,.T.);
#317=ORIENTED_EDGE('',*,*,#657,.T.);
#318=ORIENTED_EDGE('',*,*,#640,.F.);
#319=ORIENTED_EDGE('',*,*,#557,.F.);
#320=ORIENTED_EDGE('',*,*,#621,.T.);
#321=ORIENTED_EDGE('',*,*,#658,.T.);
#322=ORIENTED_EDGE('',*,*,#644,.F.);
#323=ORIENTED_EDGE('',*,*,#659,.F.);
#324=ORIENTED_EDGE('',*,*,#555,.T.);
#325=ORIENTED_EDGE('',*,*,#645,.T.);
#326=ORIENTED_EDGE('',*,*,#658,.F.);
#327=ORIENTED_EDGE('',*,*,#620,.F.);
#328=ORIENTED_EDGE('',*,*,#614,.T.);
#329=ORIENTED_EDGE('',*,*,#659,.T.);
#330=ORIENTED_EDGE('',*,*,#643,.F.);
#331=ORIENTED_EDGE('',*,*,#553,.F.);
#332=ORIENTED_EDGE('',*,*,#630,.T.);
#333=ORIENTED_EDGE('',*,*,#660,.T.);
#334=ORIENTED_EDGE('',*,*,#625,.F.);
#335=ORIENTED_EDGE('',*,*,#569,.F.);
#336=ORIENTED_EDGE('',*,*,#567,.T.);
#337=ORIENTED_EDGE('',*,*,#627,.T.);
#338=ORIENTED_EDGE('',*,*,#661,.F.);
#339=ORIENTED_EDGE('',*,*,#631,.F.);
#340=ORIENTED_EDGE('',*,*,#632,.T.);
#341=ORIENTED_EDGE('',*,*,#661,.T.);
#342=ORIENTED_EDGE('',*,*,#626,.F.);
#343=ORIENTED_EDGE('',*,*,#660,.F.);
#344=ORIENTED_EDGE('',*,*,#635,.T.);
#345=ORIENTED_EDGE('',*,*,#662,.T.);
#346=ORIENTED_EDGE('',*,*,#622,.F.);
#347=ORIENTED_EDGE('',*,*,#573,.F.);
#348=ORIENTED_EDGE('',*,*,#571,.T.);
#349=ORIENTED_EDGE('',*,*,#624,.T.);
#350=ORIENTED_EDGE('',*,*,#663,.F.);
#351=ORIENTED_EDGE('',*,*,#636,.F.);
#352=ORIENTED_EDGE('',*,*,#637,.T.);
#353=ORIENTED_EDGE('',*,*,#663,.T.);
#354=ORIENTED_EDGE('',*,*,#623,.F.);
#355=ORIENTED_EDGE('',*,*,#662,.F.);
#356=ORIENTED_EDGE('',*,*,#664,.T.);
#357=ORIENTED_EDGE('',*,*,#489,.F.);
#358=ORIENTED_EDGE('',*,*,#665,.F.);
#359=ORIENTED_EDGE('',*,*,#501,.F.);
#360=ORIENTED_EDGE('',*,*,#502,.T.);
#361=ORIENTED_EDGE('',*,*,#665,.T.);
#362=ORIENTED_EDGE('',*,*,#488,.T.);
#363=ORIENTED_EDGE('',*,*,#666,.F.);
#364=ORIENTED_EDGE('',*,*,#503,.T.);
#365=ORIENTED_EDGE('',*,*,#666,.T.);
#366=ORIENTED_EDGE('',*,*,#491,.T.);
#367=ORIENTED_EDGE('',*,*,#667,.F.);
#368=ORIENTED_EDGE('',*,*,#667,.T.);
#369=ORIENTED_EDGE('',*,*,#490,.F.);
#370=ORIENTED_EDGE('',*,*,#664,.F.);
#371=ORIENTED_EDGE('',*,*,#500,.F.);
#372=ORIENTED_EDGE('',*,*,#516,.T.);
#373=ORIENTED_EDGE('',*,*,#668,.T.);
#374=ORIENTED_EDGE('',*,*,#591,.F.);
#375=ORIENTED_EDGE('',*,*,#669,.F.);
#376=ORIENTED_EDGE('',*,*,#517,.T.);
#377=ORIENTED_EDGE('',*,*,#669,.T.);
#378=ORIENTED_EDGE('',*,*,#590,.F.);
#379=ORIENTED_EDGE('',*,*,#670,.F.);
#380=ORIENTED_EDGE('',*,*,#670,.T.);
#381=ORIENTED_EDGE('',*,*,#593,.T.);
#382=ORIENTED_EDGE('',*,*,#671,.F.);
#383=ORIENTED_EDGE('',*,*,#518,.F.);
#384=ORIENTED_EDGE('',*,*,#519,.T.);
#385=ORIENTED_EDGE('',*,*,#671,.T.);
#386=ORIENTED_EDGE('',*,*,#592,.F.);
#387=ORIENTED_EDGE('',*,*,#668,.F.);
#388=ORIENTED_EDGE('',*,*,#540,.T.);
#389=ORIENTED_EDGE('',*,*,#672,.T.);
#390=ORIENTED_EDGE('',*,*,#595,.F.);
#391=ORIENTED_EDGE('',*,*,#673,.F.);
#392=ORIENTED_EDGE('',*,*,#673,.T.);
#393=ORIENTED_EDGE('',*,*,#594,.T.);
#394=ORIENTED_EDGE('',*,*,#674,.F.);
#395=ORIENTED_EDGE('',*,*,#541,.F.);
#396=ORIENTED_EDGE('',*,*,#674,.T.);
#397=ORIENTED_EDGE('',*,*,#597,.T.);
#398=ORIENTED_EDGE('',*,*,#675,.F.);
#399=ORIENTED_EDGE('',*,*,#542,.F.);
#400=ORIENTED_EDGE('',*,*,#675,.T.);
#401=ORIENTED_EDGE('',*,*,#596,.T.);
#402=ORIENTED_EDGE('',*,*,#672,.F.);
#403=ORIENTED_EDGE('',*,*,#543,.F.);
#404=ORIENTED_EDGE('',*,*,#512,.T.);
#405=ORIENTED_EDGE('',*,*,#676,.T.);
#406=ORIENTED_EDGE('',*,*,#599,.F.);
#407=ORIENTED_EDGE('',*,*,#677,.F.);
#408=ORIENTED_EDGE('',*,*,#677,.T.);
#409=ORIENTED_EDGE('',*,*,#598,.T.);
#410=ORIENTED_EDGE('',*,*,#678,.F.);
#411=ORIENTED_EDGE('',*,*,#513,.F.);
#412=ORIENTED_EDGE('',*,*,#678,.T.);
#413=ORIENTED_EDGE('',*,*,#601,.T.);
#414=ORIENTED_EDGE('',*,*,#679,.F.);
#415=ORIENTED_EDGE('',*,*,#514,.F.);
#416=ORIENTED_EDGE('',*,*,#679,.T.);
#417=ORIENTED_EDGE('',*,*,#600,.T.);
#418=ORIENTED_EDGE('',*,*,#676,.F.);
#419=ORIENTED_EDGE('',*,*,#515,.F.);
#420=ORIENTED_EDGE('',*,*,#544,.T.);
#421=ORIENTED_EDGE('',*,*,#680,.T.);
#422=ORIENTED_EDGE('',*,*,#603,.F.);
#423=ORIENTED_EDGE('',*,*,#681,.F.);
#424=ORIENTED_EDGE('',*,*,#681,.T.);
#425=ORIENTED_EDGE('',*,*,#602,.T.);
#426=ORIENTED_EDGE('',*,*,#682,.F.);
#427=ORIENTED_EDGE('',*,*,#545,.F.);
#428=ORIENTED_EDGE('',*,*,#682,.T.);
#429=ORIENTED_EDGE('',*,*,#605,.T.);
#430=ORIENTED_EDGE('',*,*,#683,.F.);
#431=ORIENTED_EDGE('',*,*,#546,.F.);
#432=ORIENTED_EDGE('',*,*,#547,.T.);
#433=ORIENTED_EDGE('',*,*,#683,.T.);
#434=ORIENTED_EDGE('',*,*,#604,.F.);
#435=ORIENTED_EDGE('',*,*,#680,.F.);
#436=ORIENTED_EDGE('',*,*,#508,.T.);
#437=ORIENTED_EDGE('',*,*,#684,.T.);
#438=ORIENTED_EDGE('',*,*,#607,.F.);
#439=ORIENTED_EDGE('',*,*,#685,.F.);
#440=ORIENTED_EDGE('',*,*,#685,.T.);
#441=ORIENTED_EDGE('',*,*,#606,.T.);
#442=ORIENTED_EDGE('',*,*,#686,.F.);
#443=ORIENTED_EDGE('',*,*,#509,.F.);
#444=ORIENTED_EDGE('',*,*,#510,.T.);
#445=ORIENTED_EDGE('',*,*,#686,.T.);
#446=ORIENTED_EDGE('',*,*,#609,.F.);
#447=ORIENTED_EDGE('',*,*,#687,.F.);
#448=ORIENTED_EDGE('',*,*,#511,.T.);
#449=ORIENTED_EDGE('',*,*,#687,.T.);
#450=ORIENTED_EDGE('',*,*,#608,.F.);
#451=ORIENTED_EDGE('',*,*,#684,.F.);
#452=ORIENTED_EDGE('',*,*,#548,.T.);
#453=ORIENTED_EDGE('',*,*,#688,.T.);
#454=ORIENTED_EDGE('',*,*,#611,.F.);
#455=ORIENTED_EDGE('',*,*,#689,.F.);
#456=ORIENTED_EDGE('',*,*,#689,.T.);
#457=ORIENTED_EDGE('',*,*,#610,.T.);
#458=ORIENTED_EDGE('',*,*,#690,.F.);
#459=ORIENTED_EDGE('',*,*,#549,.F.);
#460=ORIENTED_EDGE('',*,*,#690,.T.);
#461=ORIENTED_EDGE('',*,*,#613,.T.);
#462=ORIENTED_EDGE('',*,*,#691,.F.);
#463=ORIENTED_EDGE('',*,*,#550,.F.);
#464=ORIENTED_EDGE('',*,*,#551,.T.);
#465=ORIENTED_EDGE('',*,*,#691,.T.);
#466=ORIENTED_EDGE('',*,*,#612,.F.);
#467=ORIENTED_EDGE('',*,*,#688,.F.);
#468=ORIENTED_EDGE('',*,*,#692,.T.);
#469=ORIENTED_EDGE('',*,*,#493,.F.);
#470=ORIENTED_EDGE('',*,*,#693,.F.);
#471=ORIENTED_EDGE('',*,*,#505,.F.);
#472=ORIENTED_EDGE('',*,*,#506,.T.);
#473=ORIENTED_EDGE('',*,*,#693,.T.);
#474=ORIENTED_EDGE('',*,*,#492,.T.);
#475=ORIENTED_EDGE('',*,*,#694,.F.);
#476=ORIENTED_EDGE('',*,*,#507,.T.);
#477=ORIENTED_EDGE('',*,*,#694,.T.);
#478=ORIENTED_EDGE('',*,*,#495,.T.);
#479=ORIENTED_EDGE('',*,*,#695,.F.);
#480=ORIENTED_EDGE('',*,*,#695,.T.);
#481=ORIENTED_EDGE('',*,*,#494,.F.);
#482=ORIENTED_EDGE('',*,*,#692,.F.);
#483=ORIENTED_EDGE('',*,*,#504,.F.);
#484=EDGE_CURVE('',#696,#697,#848,.T.);
#485=EDGE_CURVE('',#696,#698,#849,.T.);
#486=EDGE_CURVE('',#698,#699,#850,.T.);
#487=EDGE_CURVE('',#697,#699,#851,.T.);
#488=EDGE_CURVE('',#700,#701,#852,.T.);
#489=EDGE_CURVE('',#700,#702,#853,.T.);
#490=EDGE_CURVE('',#702,#703,#854,.T.);
#491=EDGE_CURVE('',#701,#703,#855,.T.);
#492=EDGE_CURVE('',#704,#705,#856,.T.);
#493=EDGE_CURVE('',#704,#706,#857,.T.);
#494=EDGE_CURVE('',#706,#707,#858,.T.);
#495=EDGE_CURVE('',#705,#707,#859,.T.);
#496=EDGE_CURVE('',#708,#709,#860,.T.);
#497=EDGE_CURVE('',#709,#710,#861,.T.);
#498=EDGE_CURVE('',#710,#711,#862,.T.);
#499=EDGE_CURVE('',#708,#711,#863,.T.);
#500=EDGE_CURVE('',#712,#713,#864,.T.);
#501=EDGE_CURVE('',#713,#714,#865,.T.);
#502=EDGE_CURVE('',#715,#714,#866,.T.);
#503=EDGE_CURVE('',#712,#715,#867,.T.);
#504=EDGE_CURVE('',#716,#717,#868,.T.);
#505=EDGE_CURVE('',#717,#718,#869,.T.);
#506=EDGE_CURVE('',#719,#718,#870,.T.);
#507=EDGE_CURVE('',#716,#719,#871,.T.);
#508=EDGE_CURVE('',#720,#721,#872,.T.);
#509=EDGE_CURVE('',#720,#722,#873,.T.);
#510=EDGE_CURVE('',#723,#722,#874,.T.);
#511=EDGE_CURVE('',#721,#723,#875,.T.);
#512=EDGE_CURVE('',#724,#725,#876,.T.);
#513=EDGE_CURVE('',#724,#726,#877,.T.);
#514=EDGE_CURVE('',#726,#727,#878,.T.);
#515=EDGE_CURVE('',#727,#725,#879,.T.);
#516=EDGE_CURVE('',#728,#729,#880,.T.);
#517=EDGE_CURVE('',#730,#728,#881,.T.);
#518=EDGE_CURVE('',#730,#731,#882,.T.);
#519=EDGE_CURVE('',#729,#731,#883,.T.);
#520=EDGE_CURVE('',#732,#732,#28,.T.);
#521=EDGE_CURVE('',#733,#733,#29,.T.);
#522=EDGE_CURVE('',#734,#734,#30,.T.);
#523=EDGE_CURVE('',#735,#735,#31,.T.);
#524=EDGE_CURVE('',#736,#736,#32,.T.);
#525=EDGE_CURVE('',#737,#737,#33,.T.);
#526=EDGE_CURVE('',#738,#738,#34,.T.);
#527=EDGE_CURVE('',#739,#739,#35,.T.);
#528=EDGE_CURVE('',#740,#740,#36,.T.);
#529=EDGE_CURVE('',#741,#741,#37,.T.);
#530=EDGE_CURVE('',#742,#742,#38,.T.);
#531=EDGE_CURVE('',#743,#743,#39,.T.);
#532=EDGE_CURVE('',#744,#745,#884,.T.);
#533=EDGE_CURVE('',#744,#746,#885,.T.);
#534=EDGE_CURVE('',#747,#746,#886,.T.);
#535=EDGE_CURVE('',#748,#747,#887,.T.);
#536=EDGE_CURVE('',#748,#749,#888,.T.);
#537=EDGE_CURVE('',#749,#750,#889,.T.);
#538=EDGE_CURVE('',#750,#751,#890,.T.);
#539=EDGE_CURVE('',#745,#751,#891,.T.);
#540=EDGE_CURVE('',#752,#753,#892,.T.);
#541=EDGE_CURVE('',#752,#754,#893,.T.);
#542=EDGE_CURVE('',#754,#755,#894,.T.);
#543=EDGE_CURVE('',#755,#753,#895,.T.);
#544=EDGE_CURVE('',#756,#757,#896,.T.);
#545=EDGE_CURVE('',#756,#758,#897,.T.);
#546=EDGE_CURVE('',#758,#759,#898,.T.);
#547=EDGE_CURVE('',#757,#759,#899,.T.);
#548=EDGE_CURVE('',#760,#761,#900,.T.);
#549=EDGE_CURVE('',#760,#762,#901,.T.);
#550=EDGE_CURVE('',#762,#763,#902,.T.);
#551=EDGE_CURVE('',#761,#763,#903,.T.);
#552=EDGE_CURVE('',#764,#765,#904,.T.);
#553=EDGE_CURVE('',#764,#766,#905,.T.);
#554=EDGE_CURVE('',#767,#766,#906,.T.);
#555=EDGE_CURVE('',#768,#767,#907,.T.);
#556=EDGE_CURVE('',#769,#768,#908,.T.);
#557=EDGE_CURVE('',#769,#770,#909,.T.);
#558=EDGE_CURVE('',#771,#770,#910,.T.);
#559=EDGE_CURVE('',#772,#771,#911,.T.);
#560=EDGE_CURVE('',#773,#772,#912,.T.);
#561=EDGE_CURVE('',#774,#773,#913,.T.);
#562=EDGE_CURVE('',#775,#774,#914,.T.);
#563=EDGE_CURVE('',#775,#776,#915,.T.);
#564=EDGE_CURVE('',#776,#777,#916,.T.);
#565=EDGE_CURVE('',#778,#777,#917,.T.);
#566=EDGE_CURVE('',#778,#779,#918,.T.);
#567=EDGE_CURVE('',#780,#779,#919,.T.);
#568=EDGE_CURVE('',#780,#781,#920,.T.);
#569=EDGE_CURVE('',#781,#782,#921,.T.);
#570=EDGE_CURVE('',#782,#783,#922,.T.);
#571=EDGE_CURVE('',#784,#783,#923,.T.);
#572=EDGE_CURVE('',#784,#785,#924,.T.);
#573=EDGE_CURVE('',#785,#786,#925,.T.);
#574=EDGE_CURVE('',#786,#787,#926,.T.);
#575=EDGE_CURVE('',#765,#787,#927,.T.);
#576=EDGE_CURVE('',#788,#788,#40,.T.);
#577=EDGE_CURVE('',#789,#789,#41,.T.);
#578=EDGE_CURVE('',#790,#790,#42,.T.);
#579=EDGE_CURVE('',#791,#791,#43,.T.);
#580=EDGE_CURVE('',#792,#792,#44,.T.);
#581=EDGE_CURVE('',#793,#793,#45,.T.);
#582=EDGE_CURVE('',#794,#794,#46,.T.);
#583=EDGE_CURVE('',#795,#795,#47,.T.);
#584=EDGE_CURVE('',#796,#796,#48,.T.);
#585=EDGE_CURVE('',#797,#797,#49,.T.);
#586=EDGE_CURVE('',#798,#798,#50,.T.);
#587=EDGE_CURVE('',#799,#799,#51,.T.);
#588=EDGE_CURVE('',#800,#800,#52,.T.);
#589=EDGE_CURVE('',#801,#801,#53,.T.);
#590=EDGE_CURVE('',#802,#803,#928,.T.);
#591=EDGE_CURVE('',#803,#804,#929,.T.);
#592=EDGE_CURVE('',#804,#805,#930,.T.);
#593=EDGE_CURVE('',#802,#805,#931,.T.);
#594=EDGE_CURVE('',#806,#807,#932,.T.);
#595=EDGE_CURVE('',#806,#808,#933,.T.);
#596=EDGE_CURVE('',#809,#808,#934,.T.);
#597=EDGE_CURVE('',#807,#809,#935,.T.);
#598=EDGE_CURVE('',#810,#811,#936,.T.);
#599=EDGE_CURVE('',#810,#812,#937,.T.);
#600=EDGE_CURVE('',#813,#812,#938,.T.);
#601=EDGE_CURVE('',#811,#813,#939,.T.);
#602=EDGE_CURVE('',#814,#815,#940,.T.);
#603=EDGE_CURVE('',#814,#816,#941,.T.);
#604=EDGE_CURVE('',#816,#817,#942,.T.);
#605=EDGE_CURVE('',#815,#817,#943,.T.);
#606=EDGE_CURVE('',#818,#819,#944,.T.);
#607=EDGE_CURVE('',#818,#820,#945,.T.);
#608=EDGE_CURVE('',#820,#821,#946,.T.);
#609=EDGE_CURVE('',#821,#819,#947,.T.);
#610=EDGE_CURVE('',#822,#823,#948,.T.);
#611=EDGE_CURVE('',#822,#824,#949,.T.);
#612=EDGE_CURVE('',#824,#825,#950,.T.);
#613=EDGE_CURVE('',#823,#825,#951,.T.);
#614=EDGE_CURVE('',#764,#826,#952,.T.);
#615=EDGE_CURVE('',#698,#765,#953,.T.);
#616=EDGE_CURVE('',#696,#773,#954,.T.);
#617=EDGE_CURVE('',#772,#827,#955,.T.);
#618=EDGE_CURVE('',#828,#827,#956,.T.);
#619=EDGE_CURVE('',#769,#828,#957,.T.);
#620=EDGE_CURVE('',#768,#829,#958,.T.);
#621=EDGE_CURVE('',#826,#829,#959,.T.);
#622=EDGE_CURVE('',#786,#830,#960,.T.);
#623=EDGE_CURVE('',#830,#831,#961,.T.);
#624=EDGE_CURVE('',#783,#831,#962,.T.);
#625=EDGE_CURVE('',#782,#832,#963,.T.);
#626=EDGE_CURVE('',#832,#833,#964,.T.);
#627=EDGE_CURVE('',#779,#833,#965,.T.);
#628=EDGE_CURVE('',#697,#778,#966,.T.);
#629=EDGE_CURVE('',#699,#787,#967,.T.);
#630=EDGE_CURVE('',#781,#834,#968,.T.);
#631=EDGE_CURVE('',#780,#835,#969,.T.);
#632=EDGE_CURVE('',#834,#835,#970,.T.);
#633=EDGE_CURVE('',#710,#745,#971,.T.);
#634=EDGE_CURVE('',#709,#744,#972,.T.);
#635=EDGE_CURVE('',#785,#836,#973,.T.);
#636=EDGE_CURVE('',#784,#837,#974,.T.);
#637=EDGE_CURVE('',#836,#837,#975,.T.);
#638=EDGE_CURVE('',#708,#750,#976,.T.);
#639=EDGE_CURVE('',#711,#751,#977,.T.);
#640=EDGE_CURVE('',#770,#838,#978,.T.);
#641=EDGE_CURVE('',#838,#839,#979,.T.);
#642=EDGE_CURVE('',#771,#839,#980,.T.);
#643=EDGE_CURVE('',#766,#840,#981,.T.);
#644=EDGE_CURVE('',#840,#841,#982,.T.);
#645=EDGE_CURVE('',#767,#841,#983,.T.);
#646=EDGE_CURVE('',#774,#749,#984,.T.);
#647=EDGE_CURVE('',#777,#746,#985,.T.);
#648=EDGE_CURVE('',#775,#748,#986,.T.);
#649=EDGE_CURVE('',#776,#747,#987,.T.);
#650=EDGE_CURVE('',#842,#842,#54,.T.);
#651=EDGE_CURVE('',#843,#843,#55,.T.);
#652=EDGE_CURVE('',#844,#844,#56,.T.);
#653=EDGE_CURVE('',#845,#845,#57,.T.);
#654=EDGE_CURVE('',#846,#846,#58,.T.);
#655=EDGE_CURVE('',#847,#847,#59,.T.);
#656=EDGE_CURVE('',#827,#839,#988,.T.);
#657=EDGE_CURVE('',#828,#838,#989,.T.);
#658=EDGE_CURVE('',#829,#841,#990,.T.);
#659=EDGE_CURVE('',#826,#840,#991,.T.);
#660=EDGE_CURVE('',#834,#832,#992,.T.);
#661=EDGE_CURVE('',#835,#833,#993,.T.);
#662=EDGE_CURVE('',#836,#830,#994,.T.);
#663=EDGE_CURVE('',#837,#831,#995,.T.);
#664=EDGE_CURVE('',#713,#702,#996,.T.);
#665=EDGE_CURVE('',#714,#700,#997,.T.);
#666=EDGE_CURVE('',#715,#701,#998,.T.);
#667=EDGE_CURVE('',#712,#703,#999,.T.);
#668=EDGE_CURVE('',#729,#804,#1000,.T.);
#669=EDGE_CURVE('',#728,#803,#1001,.T.);
#670=EDGE_CURVE('',#730,#802,#1002,.T.);
#671=EDGE_CURVE('',#731,#805,#1003,.T.);
#672=EDGE_CURVE('',#753,#808,#1004,.T.);
#673=EDGE_CURVE('',#752,#806,#1005,.T.);
#674=EDGE_CURVE('',#754,#807,#1006,.T.);
#675=EDGE_CURVE('',#755,#809,#1007,.T.);
#676=EDGE_CURVE('',#725,#812,#1008,.T.);
#677=EDGE_CURVE('',#724,#810,#1009,.T.);
#678=EDGE_CURVE('',#726,#811,#1010,.T.);
#679=EDGE_CURVE('',#727,#813,#1011,.T.);
#680=EDGE_CURVE('',#757,#816,#1012,.T.);
#681=EDGE_CURVE('',#756,#814,#1013,.T.);
#682=EDGE_CURVE('',#758,#815,#1014,.T.);
#683=EDGE_CURVE('',#759,#817,#1015,.T.);
#684=EDGE_CURVE('',#721,#820,#1016,.T.);
#685=EDGE_CURVE('',#720,#818,#1017,.T.);
#686=EDGE_CURVE('',#722,#819,#1018,.T.);
#687=EDGE_CURVE('',#723,#821,#1019,.T.);
#688=EDGE_CURVE('',#761,#824,#1020,.T.);
#689=EDGE_CURVE('',#760,#822,#1021,.T.);
#690=EDGE_CURVE('',#762,#823,#1022,.T.);
#691=EDGE_CURVE('',#763,#825,#1023,.T.);
#692=EDGE_CURVE('',#717,#706,#1024,.T.);
#693=EDGE_CURVE('',#718,#704,#1025,.T.);
#694=EDGE_CURVE('',#719,#705,#1026,.T.);
#695=EDGE_CURVE('',#716,#707,#1027,.T.);
#696=VERTEX_POINT('',#2160);
#697=VERTEX_POINT('',#2161);
#698=VERTEX_POINT('',#2163);
#699=VERTEX_POINT('',#2165);
#700=VERTEX_POINT('',#2168);
#701=VERTEX_POINT('',#2169);
#702=VERTEX_POINT('',#2171);
#703=VERTEX_POINT('',#2173);
#704=VERTEX_POINT('',#2176);
#705=VERTEX_POINT('',#2177);
#706=VERTEX_POINT('',#2179);
#707=VERTEX_POINT('',#2181);
#708=VERTEX_POINT('',#2185);
#709=VERTEX_POINT('',#2186);
#710=VERTEX_POINT('',#2188);
#711=VERTEX_POINT('',#2190);
#712=VERTEX_POINT('',#2193);
#713=VERTEX_POINT('',#2194);
#714=VERTEX_POINT('',#2196);
#715=VERTEX_POINT('',#2198);
#716=VERTEX_POINT('',#2201);
#717=VERTEX_POINT('',#2202);
#718=VERTEX_POINT('',#2204);
#719=VERTEX_POINT('',#2206);
#720=VERTEX_POINT('',#2210);
#721=VERTEX_POINT('',#2211);
#722=VERTEX_POINT('',#2213);
#723=VERTEX_POINT('',#2215);
#724=VERTEX_POINT('',#2218);
#725=VERTEX_POINT('',#2219);
#726=VERTEX_POINT('',#2221);
#727=VERTEX_POINT('',#2223);
#728=VERTEX_POINT('',#2226);
#729=VERTEX_POINT('',#2227);
#730=VERTEX_POINT('',#2229);
#731=VERTEX_POINT('',#2231);
#732=VERTEX_POINT('',#2234);
#733=VERTEX_POINT('',#2236);
#734=VERTEX_POINT('',#2238);
#735=VERTEX_POINT('',#2240);
#736=VERTEX_POINT('',#2242);
#737=VERTEX_POINT('',#2244);
#738=VERTEX_POINT('',#2246);
#739=VERTEX_POINT('',#2248);
#740=VERTEX_POINT('',#2250);
#741=VERTEX_POINT('',#2252);
#742=VERTEX_POINT('',#2254);
#743=VERTEX_POINT('',#2256);
#744=VERTEX_POINT('',#2258);
#745=VERTEX_POINT('',#2259);
#746=VERTEX_POINT('',#2261);
#747=VERTEX_POINT('',#2263);
#748=VERTEX_POINT('',#2265);
#749=VERTEX_POINT('',#2267);
#750=VERTEX_POINT('',#2269);
#751=VERTEX_POINT('',#2271);
#752=VERTEX_POINT('',#2274);
#753=VERTEX_POINT('',#2275);
#754=VERTEX_POINT('',#2277);
#755=VERTEX_POINT('',#2279);
#756=VERTEX_POINT('',#2282);
#757=VERTEX_POINT('',#2283);
#758=VERTEX_POINT('',#2285);
#759=VERTEX_POINT('',#2287);
#760=VERTEX_POINT('',#2290);
#761=VERTEX_POINT('',#2291);
#762=VERTEX_POINT('',#2293);
#763=VERTEX_POINT('',#2295);
#764=VERTEX_POINT('',#2299);
#765=VERTEX_POINT('',#2300);
#766=VERTEX_POINT('',#2302);
#767=VERTEX_POINT('',#2304);
#768=VERTEX_POINT('',#2306);
#769=VERTEX_POINT('',#2308);
#770=VERTEX_POINT('',#2310);
#771=VERTEX_POINT('',#2312);
#772=VERTEX_POINT('',#2314);
#773=VERTEX_POINT('',#2316);
#774=VERTEX_POINT('',#2318);
#775=VERTEX_POINT('',#2320);
#776=VERTEX_POINT('',#2322);
#777=VERTEX_POINT('',#2324);
#778=VERTEX_POINT('',#2326);
#779=VERTEX_POINT('',#2328);
#780=VERTEX_POINT('',#2330);
#781=VERTEX_POINT('',#2332);
#782=VERTEX_POINT('',#2334);
#783=VERTEX_POINT('',#2336);
#784=VERTEX_POINT('',#2338);
#785=VERTEX_POINT('',#2340);
#786=VERTEX_POINT('',#2342);
#787=VERTEX_POINT('',#2344);
#788=VERTEX_POINT('',#2347);
#789=VERTEX_POINT('',#2349);
#790=VERTEX_POINT('',#2351);
#791=VERTEX_POINT('',#2353);
#792=VERTEX_POINT('',#2355);
#793=VERTEX_POINT('',#2357);
#794=VERTEX_POINT('',#2359);
#795=VERTEX_POINT('',#2361);
#796=VERTEX_POINT('',#2363);
#797=VERTEX_POINT('',#2365);
#798=VERTEX_POINT('',#2367);
#799=VERTEX_POINT('',#2369);
#800=VERTEX_POINT('',#2371);
#801=VERTEX_POINT('',#2373);
#802=VERTEX_POINT('',#2375);
#803=VERTEX_POINT('',#2376);
#804=VERTEX_POINT('',#2378);
#805=VERTEX_POINT('',#2380);
#806=VERTEX_POINT('',#2383);
#807=VERTEX_POINT('',#2384);
#808=VERTEX_POINT('',#2386);
#809=VERTEX_POINT('',#2388);
#810=VERTEX_POINT('',#2391);
#811=VERTEX_POINT('',#2392);
#812=VERTEX_POINT('',#2394);
#813=VERTEX_POINT('',#2396);
#814=VERTEX_POINT('',#2399);
#815=VERTEX_POINT('',#2400);
#816=VERTEX_POINT('',#2402);
#817=VERTEX_POINT('',#2404);
#818=VERTEX_POINT('',#2407);
#819=VERTEX_POINT('',#2408);
#820=VERTEX_POINT('',#2410);
#821=VERTEX_POINT('',#2412);
#822=VERTEX_POINT('',#2415);
#823=VERTEX_POINT('',#2416);
#824=VERTEX_POINT('',#2418);
#825=VERTEX_POINT('',#2420);
#826=VERTEX_POINT('',#2424);
#827=VERTEX_POINT('',#2428);
#828=VERTEX_POINT('',#2430);
#829=VERTEX_POINT('',#2433);
#830=VERTEX_POINT('',#2437);
#831=VERTEX_POINT('',#2439);
#832=VERTEX_POINT('',#2442);
#833=VERTEX_POINT('',#2444);
#834=VERTEX_POINT('',#2450);
#835=VERTEX_POINT('',#2452);
#836=VERTEX_POINT('',#2457);
#837=VERTEX_POINT('',#2459);
#838=VERTEX_POINT('',#2465);
#839=VERTEX_POINT('',#2467);
#840=VERTEX_POINT('',#2470);
#841=VERTEX_POINT('',#2472);
#842=VERTEX_POINT('',#2496);
#843=VERTEX_POINT('',#2499);
#844=VERTEX_POINT('',#2501);
#845=VERTEX_POINT('',#2506);
#846=VERTEX_POINT('',#2508);
#847=VERTEX_POINT('',#2511);
#848=LINE('',#2159,#1028);
#849=LINE('',#2162,#1029);
#850=LINE('',#2164,#1030);
#851=LINE('',#2166,#1031);
#852=LINE('',#2167,#1032);
#853=LINE('',#2170,#1033);
#854=LINE('',#2172,#1034);
#855=LINE('',#2174,#1035);
#856=LINE('',#2175,#1036);
#857=LINE('',#2178,#1037);
#858=LINE('',#2180,#1038);
#859=LINE('',#2182,#1039);
#860=LINE('',#2184,#1040);
#861=LINE('',#2187,#1041);
#862=LINE('',#2189,#1042);
#863=LINE('',#2191,#1043);
#864=LINE('',#2192,#1044);
#865=LINE('',#2195,#1045);
#866=LINE('',#2197,#1046);
#867=LINE('',#2199,#1047);
#868=LINE('',#2200,#1048);
#869=LINE('',#2203,#1049);
#870=LINE('',#2205,#1050);
#871=LINE('',#2207,#1051);
#872=LINE('',#2209,#1052);
#873=LINE('',#2212,#1053);
#874=LINE('',#2214,#1054);
#875=LINE('',#2216,#1055);
#876=LINE('',#2217,#1056);
#877=LINE('',#2220,#1057);
#878=LINE('',#2222,#1058);
#879=LINE('',#2224,#1059);
#880=LINE('',#2225,#1060);
#881=LINE('',#2228,#1061);
#882=LINE('',#2230,#1062);
#883=LINE('',#2232,#1063);
#884=LINE('',#2257,#1064);
#885=LINE('',#2260,#1065);
#886=LINE('',#2262,#1066);
#887=LINE('',#2264,#1067);
#888=LINE('',#2266,#1068);
#889=LINE('',#2268,#1069);
#890=LINE('',#2270,#1070);
#891=LINE('',#2272,#1071);
#892=LINE('',#2273,#1072);
#893=LINE('',#2276,#1073);
#894=LINE('',#2278,#1074);
#895=LINE('',#2280,#1075);
#896=LINE('',#2281,#1076);
#897=LINE('',#2284,#1077);
#898=LINE('',#2286,#1078);
#899=LINE('',#2288,#1079);
#900=LINE('',#2289,#1080);
#901=LINE('',#2292,#1081);
#902=LINE('',#2294,#1082);
#903=LINE('',#2296,#1083);
#904=LINE('',#2298,#1084);
#905=LINE('',#2301,#1085);
#906=LINE('',#2303,#1086);
#907=LINE('',#2305,#1087);
#908=LINE('',#2307,#1088);
#909=LINE('',#2309,#1089);
#910=LINE('',#2311,#1090);
#911=LINE('',#2313,#1091);
#912=LINE('',#2315,#1092);
#913=LINE('',#2317,#1093);
#914=LINE('',#2319,#1094);
#915=LINE('',#2321,#1095);
#916=LINE('',#2323,#1096);
#917=LINE('',#2325,#1097);
#918=LINE('',#2327,#1098);
#919=LINE('',#2329,#1099);
#920=LINE('',#2331,#1100);
#921=LINE('',#2333,#1101);
#922=LINE('',#2335,#1102);
#923=LINE('',#2337,#1103);
#924=LINE('',#2339,#1104);
#925=LINE('',#2341,#1105);
#926=LINE('',#2343,#1106);
#927=LINE('',#2345,#1107);
#928=LINE('',#2374,#1108);
#929=LINE('',#2377,#1109);
#930=LINE('',#2379,#1110);
#931=LINE('',#2381,#1111);
#932=LINE('',#2382,#1112);
#933=LINE('',#2385,#1113);
#934=LINE('',#2387,#1114);
#935=LINE('',#2389,#1115);
#936=LINE('',#2390,#1116);
#937=LINE('',#2393,#1117);
#938=LINE('',#2395,#1118);
#939=LINE('',#2397,#1119);
#940=LINE('',#2398,#1120);
#941=LINE('',#2401,#1121);
#942=LINE('',#2403,#1122);
#943=LINE('',#2405,#1123);
#944=LINE('',#2406,#1124);
#945=LINE('',#2409,#1125);
#946=LINE('',#2411,#1126);
#947=LINE('',#2413,#1127);
#948=LINE('',#2414,#1128);
#949=LINE('',#2417,#1129);
#950=LINE('',#2419,#1130);
#951=LINE('',#2421,#1131);
#952=LINE('',#2423,#1132);
#953=LINE('',#2425,#1133);
#954=LINE('',#2426,#1134);
#955=LINE('',#2427,#1135);
#956=LINE('',#2429,#1136);
#957=LINE('',#2431,#1137);
#958=LINE('',#2432,#1138);
#959=LINE('',#2434,#1139);
#960=LINE('',#2436,#1140);
#961=LINE('',#2438,#1141);
#962=LINE('',#2440,#1142);
#963=LINE('',#2441,#1143);
#964=LINE('',#2443,#1144);
#965=LINE('',#2445,#1145);
#966=LINE('',#2446,#1146);
#967=LINE('',#2447,#1147);
#968=LINE('',#2449,#1148);
#969=LINE('',#2451,#1149);
#970=LINE('',#2453,#1150);
#971=LINE('',#2454,#1151);
#972=LINE('',#2455,#1152);
#973=LINE('',#2456,#1153);
#974=LINE('',#2458,#1154);
#975=LINE('',#2460,#1155);
#976=LINE('',#2462,#1156);
#977=LINE('',#2463,#1157);
#978=LINE('',#2464,#1158);
#979=LINE('',#2466,#1159);
#980=LINE('',#2468,#1160);
#981=LINE('',#2469,#1161);
#982=LINE('',#2471,#1162);
#983=LINE('',#2473,#1163);
#984=LINE('',#2475,#1164);
#985=LINE('',#2476,#1165);
#986=LINE('',#2478,#1166);
#987=LINE('',#2480,#1167);
#988=LINE('',#2517,#1168);
#989=LINE('',#2518,#1169);
#990=LINE('',#2522,#1170);
#991=LINE('',#2523,#1171);
#992=LINE('',#2527,#1172);
#993=LINE('',#2529,#1173);
#994=LINE('',#2532,#1174);
#995=LINE('',#2534,#1175);
#996=LINE('',#2537,#1176);
#997=LINE('',#2538,#1177);
#998=LINE('',#2540,#1178);
#999=LINE('',#2542,#1179);
#1000=LINE('',#2545,#1180);
#1001=LINE('',#2546,#1181);
#1002=LINE('',#2548,#1182);
#1003=LINE('',#2550,#1183);
#1004=LINE('',#2553,#1184);
#1005=LINE('',#2554,#1185);
#1006=LINE('',#2556,#1186);
#1007=LINE('',#2558,#1187);
#1008=LINE('',#2561,#1188);
#1009=LINE('',#2562,#1189);
#1010=LINE('',#2564,#1190);
#1011=LINE('',#2566,#1191);
#1012=LINE('',#2569,#1192);
#1013=LINE('',#2570,#1193);
#1014=LINE('',#2572,#1194);
#1015=LINE('',#2574,#1195);
#1016=LINE('',#2577,#1196);
#1017=LINE('',#2578,#1197);
#1018=LINE('',#2580,#1198);
#1019=LINE('',#2582,#1199);
#1020=LINE('',#2585,#1200);
#1021=LINE('',#2586,#1201);
#1022=LINE('',#2588,#1202);
#1023=LINE('',#2590,#1203);
#1024=LINE('',#2593,#1204);
#1025=LINE('',#2594,#1205);
#1026=LINE('',#2596,#1206);
#1027=LINE('',#2598,#1207);
#1028=VECTOR('',#1759,1.);
#1029=VECTOR('',#1760,1.);
#1030=VECTOR('',#1761,1.);
#1031=VECTOR('',#1762,1.);
#1032=VECTOR('',#1763,1.);
#1033=VECTOR('',#1764,1.);
#1034=VECTOR('',#1765,1.);
#1035=VECTOR('',#1766,1.);
#1036=VECTOR('',#1767,1.);
#1037=VECTOR('',#1768,1.);
#1038=VECTOR('',#1769,1.);
#1039=VECTOR('',#1770,1.);
#1040=VECTOR('',#1773,1.);
#1041=VECTOR('',#1774,1.);
#1042=VECTOR('',#1775,1.);
#1043=VECTOR('',#1776,1.);
#1044=VECTOR('',#1777,1.);
#1045=VECTOR('',#1778,1.);
#1046=VECTOR('',#1779,1.);
#1047=VECTOR('',#1780,1.);
#1048=VECTOR('',#1781,1.);
#1049=VECTOR('',#1782,1.);
#1050=VECTOR('',#1783,1.);
#1051=VECTOR('',#1784,1.);
#1052=VECTOR('',#1787,1.);
#1053=VECTOR('',#1788,1.);
#1054=VECTOR('',#1789,1.);
#1055=VECTOR('',#1790,1.);
#1056=VECTOR('',#1791,1.);
#1057=VECTOR('',#1792,1.);
#1058=VECTOR('',#1793,1.);
#1059=VECTOR('',#1794,1.);
#1060=VECTOR('',#1795,1.);
#1061=VECTOR('',#1796,1.);
#1062=VECTOR('',#1797,1.);
#1063=VECTOR('',#1798,1.);
#1064=VECTOR('',#1823,1.);
#1065=VECTOR('',#1824,1.);
#1066=VECTOR('',#1825,1.);
#1067=VECTOR('',#1826,1.);
#1068=VECTOR('',#1827,1.);
#1069=VECTOR('',#1828,1.);
#1070=VECTOR('',#1829,1.);
#1071=VECTOR('',#1830,1.);
#1072=VECTOR('',#1831,1.);
#1073=VECTOR('',#1832,1.);
#1074=VECTOR('',#1833,1.);
#1075=VECTOR('',#1834,1.);
#1076=VECTOR('',#1835,1.);
#1077=VECTOR('',#1836,1.);
#1078=VECTOR('',#1837,1.);
#1079=VECTOR('',#1838,1.);
#1080=VECTOR('',#1839,1.);
#1081=VECTOR('',#1840,1.);
#1082=VECTOR('',#1841,1.);
#1083=VECTOR('',#1842,1.);
#1084=VECTOR('',#1845,1.);
#1085=VECTOR('',#1846,1.);
#1086=VECTOR('',#1847,1.);
#1087=VECTOR('',#1848,1.);
#1088=VECTOR('',#1849,1.);
#1089=VECTOR('',#1850,1.);
#1090=VECTOR('',#1851,1.);
#1091=VECTOR('',#1852,1.);
#1092=VECTOR('',#1853,1.);
#1093=VECTOR('',#1854,1.);
#1094=VECTOR('',#1855,1.);
#1095=VECTOR('',#1856,1.);
#1096=VECTOR('',#1857,1.);
#1097=VECTOR('',#1858,1.);
#1098=VECTOR('',#1859,1.);
#1099=VECTOR('',#1860,1.);
#1100=VECTOR('',#1861,1.);
#1101=VECTOR('',#1862,1.);
#1102=VECTOR('',#1863,1.);
#1103=VECTOR('',#1864,1.);
#1104=VECTOR('',#1865,1.);
#1105=VECTOR('',#1866,1.);
#1106=VECTOR('',#1867,1.);
#1107=VECTOR('',#1868,1.);
#1108=VECTOR('',#1897,1.);
#1109=VECTOR('',#1898,1.);
#1110=VECTOR('',#1899,1.);
#1111=VECTOR('',#1900,1.);
#1112=VECTOR('',#1901,1.);
#1113=VECTOR('',#1902,1.);
#1114=VECTOR('',#1903,1.);
#1115=VECTOR('',#1904,1.);
#1116=VECTOR('',#1905,1.);
#1117=VECTOR('',#1906,1.);
#1118=VECTOR('',#1907,1.);
#1119=VECTOR('',#1908,1.);
#1120=VECTOR('',#1909,1.);
#1121=VECTOR('',#1910,1.);
#1122=VECTOR('',#1911,1.);
#1123=VECTOR('',#1912,1.);
#1124=VECTOR('',#1913,1.);
#1125=VECTOR('',#1914,1.);
#1126=VECTOR('',#1915,1.);
#1127=VECTOR('',#1916,1.);
#1128=VECTOR('',#1917,1.);
#1129=VECTOR('',#1918,1.);
#1130=VECTOR('',#1919,1.);
#1131=VECTOR('',#1920,1.);
#1132=VECTOR('',#1923,1.);
#1133=VECTOR('',#1924,1.);
#1134=VECTOR('',#1925,1.);
#1135=VECTOR('',#1926,1.);
#1136=VECTOR('',#1927,1.);
#1137=VECTOR('',#1928,1.);
#1138=VECTOR('',#1929,1.);
#1139=VECTOR('',#1930,1.);
#1140=VECTOR('',#1933,1.);
#1141=VECTOR('',#1934,1.);
#1142=VECTOR('',#1935,1.);
#1143=VECTOR('',#1936,1.);
#1144=VECTOR('',#1937,1.);
#1145=VECTOR('',#1938,1.);
#1146=VECTOR('',#1939,1.);
#1147=VECTOR('',#1940,1.);
#1148=VECTOR('',#1943,1.);
#1149=VECTOR('',#1944,1.);
#1150=VECTOR('',#1945,1.);
#1151=VECTOR('',#1946,1.);
#1152=VECTOR('',#1947,1.);
#1153=VECTOR('',#1948,1.);
#1154=VECTOR('',#1949,1.);
#1155=VECTOR('',#1950,1.);
#1156=VECTOR('',#1953,1.);
#1157=VECTOR('',#1954,1.);
#1158=VECTOR('',#1955,1.);
#1159=VECTOR('',#1956,1.);
#1160=VECTOR('',#1957,1.);
#1161=VECTOR('',#1958,1.);
#1162=VECTOR('',#1959,1.);
#1163=VECTOR('',#1960,1.);
#1164=VECTOR('',#1963,1.);
#1165=VECTOR('',#1964,1.);
#1166=VECTOR('',#1967,1.);
#1167=VECTOR('',#1970,1.);
#1168=VECTOR('',#2031,1.);
#1169=VECTOR('',#2032,1.);
#1170=VECTOR('',#2039,1.);
#1171=VECTOR('',#2040,1.);
#1172=VECTOR('',#2047,1.);
#1173=VECTOR('',#2050,1.);
#1174=VECTOR('',#2055,1.);
#1175=VECTOR('',#2058,1.);
#1176=VECTOR('',#2063,1.);
#1177=VECTOR('',#2064,1.);
#1178=VECTOR('',#2067,1.);
#1179=VECTOR('',#2070,1.);
#1180=VECTOR('',#2075,1.);
#1181=VECTOR('',#2076,1.);
#1182=VECTOR('',#2079,1.);
#1183=VECTOR('',#2082,1.);
#1184=VECTOR('',#2087,1.);
#1185=VECTOR('',#2088,1.);
#1186=VECTOR('',#2091,1.);
#1187=VECTOR('',#2094,1.);
#1188=VECTOR('',#2099,1.);
#1189=VECTOR('',#2100,1.);
#1190=VECTOR('',#2103,1.);
#1191=VECTOR('',#2106,1.);
#1192=VECTOR('',#2111,1.);
#1193=VECTOR('',#2112,1.);
#1194=VECTOR('',#2115,1.);
#1195=VECTOR('',#2118,1.);
#1196=VECTOR('',#2123,1.);
#1197=VECTOR('',#2124,1.);
#1198=VECTOR('',#2127,1.);
#1199=VECTOR('',#2130,1.);
#1200=VECTOR('',#2135,1.);
#1201=VECTOR('',#2136,1.);
#1202=VECTOR('',#2139,1.);
#1203=VECTOR('',#2142,1.);
#1204=VECTOR('',#2147,1.);
#1205=VECTOR('',#2148,1.);
#1206=VECTOR('',#2151,1.);
#1207=VECTOR('',#2154,1.);
#1208=EDGE_LOOP('',(#60,#61,#62,#63));
#1209=EDGE_LOOP('',(#64,#65,#66,#67));
#1210=EDGE_LOOP('',(#68,#69,#70,#71));
#1211=EDGE_LOOP('',(#72,#73,#74,#75));
#1212=EDGE_LOOP('',(#76,#77,#78,#79));
#1213=EDGE_LOOP('',(#80,#81,#82,#83));
#1214=EDGE_LOOP('',(#84,#85,#86,#87));
#1215=EDGE_LOOP('',(#88,#89,#90,#91));
#1216=EDGE_LOOP('',(#92,#93,#94,#95));
#1217=EDGE_LOOP('',(#96));
#1218=EDGE_LOOP('',(#97));
#1219=EDGE_LOOP('',(#98));
#1220=EDGE_LOOP('',(#99));
#1221=EDGE_LOOP('',(#100));
#1222=EDGE_LOOP('',(#101));
#1223=EDGE_LOOP('',(#102));
#1224=EDGE_LOOP('',(#103));
#1225=EDGE_LOOP('',(#104));
#1226=EDGE_LOOP('',(#105));
#1227=EDGE_LOOP('',(#106));
#1228=EDGE_LOOP('',(#107));
#1229=EDGE_LOOP('',(#108,#109,#110,#111,#112,#113,#114,#115));
#1230=EDGE_LOOP('',(#116,#117,#118,#119));
#1231=EDGE_LOOP('',(#120,#121,#122,#123));
#1232=EDGE_LOOP('',(#124,#125,#126,#127));
#1233=EDGE_LOOP('',(#128,#129,#130,#131,#132,#133,#134,#135,#136,#137,#138,
#139,#140,#141,#142,#143,#144,#145,#146,#147,#148,#149,#150,#151));
#1234=EDGE_LOOP('',(#152));
#1235=EDGE_LOOP('',(#153));
#1236=EDGE_LOOP('',(#154));
#1237=EDGE_LOOP('',(#155));
#1238=EDGE_LOOP('',(#156));
#1239=EDGE_LOOP('',(#157));
#1240=EDGE_LOOP('',(#158));
#1241=EDGE_LOOP('',(#159));
#1242=EDGE_LOOP('',(#160));
#1243=EDGE_LOOP('',(#161));
#1244=EDGE_LOOP('',(#162));
#1245=EDGE_LOOP('',(#163));
#1246=EDGE_LOOP('',(#164));
#1247=EDGE_LOOP('',(#165));
#1248=EDGE_LOOP('',(#166,#167,#168,#169));
#1249=EDGE_LOOP('',(#170,#171,#172,#173));
#1250=EDGE_LOOP('',(#174,#175,#176,#177));
#1251=EDGE_LOOP('',(#178,#179,#180,#181));
#1252=EDGE_LOOP('',(#182,#183,#184,#185));
#1253=EDGE_LOOP('',(#186,#187,#188,#189));
#1254=EDGE_LOOP('',(#190,#191,#192,#193,#194,#195,#196,#197,#198,#199,#200,
#201));
#1255=EDGE_LOOP('',(#202,#203,#204,#205,#206,#207,#208,#209,#210,#211,#212,
#213));
#1256=EDGE_LOOP('',(#214,#215,#216,#217));
#1257=EDGE_LOOP('',(#218,#219,#220,#221));
#1258=EDGE_LOOP('',(#222,#223,#224,#225));
#1259=EDGE_LOOP('',(#226,#227,#228,#229));
#1260=EDGE_LOOP('',(#230,#231,#232,#233));
#1261=EDGE_LOOP('',(#234,#235,#236,#237));
#1262=EDGE_LOOP('',(#238,#239,#240,#241,#242,#243,#244,#245,#246,#247,#248,
#249));
#1263=EDGE_LOOP('',(#250,#251,#252,#253));
#1264=EDGE_LOOP('',(#254,#255,#256,#257));
#1265=EDGE_LOOP('',(#258,#259,#260,#261));
#1266=EDGE_LOOP('',(#262));
#1267=EDGE_LOOP('',(#263));
#1268=EDGE_LOOP('',(#264));
#1269=EDGE_LOOP('',(#265));
#1270=EDGE_LOOP('',(#266));
#1271=EDGE_LOOP('',(#267));
#1272=EDGE_LOOP('',(#268));
#1273=EDGE_LOOP('',(#269));
#1274=EDGE_LOOP('',(#270));
#1275=EDGE_LOOP('',(#271));
#1276=EDGE_LOOP('',(#272));
#1277=EDGE_LOOP('',(#273));
#1278=EDGE_LOOP('',(#274));
#1279=EDGE_LOOP('',(#275));
#1280=EDGE_LOOP('',(#276));
#1281=EDGE_LOOP('',(#277));
#1282=EDGE_LOOP('',(#278));
#1283=EDGE_LOOP('',(#279));
#1284=EDGE_LOOP('',(#280));
#1285=EDGE_LOOP('',(#281));
#1286=EDGE_LOOP('',(#282));
#1287=EDGE_LOOP('',(#283));
#1288=EDGE_LOOP('',(#284));
#1289=EDGE_LOOP('',(#285));
#1290=EDGE_LOOP('',(#286));
#1291=EDGE_LOOP('',(#287));
#1292=EDGE_LOOP('',(#288));
#1293=EDGE_LOOP('',(#289));
#1294=EDGE_LOOP('',(#290));
#1295=EDGE_LOOP('',(#291));
#1296=EDGE_LOOP('',(#292));
#1297=EDGE_LOOP('',(#293));
#1298=EDGE_LOOP('',(#294));
#1299=EDGE_LOOP('',(#295));
#1300=EDGE_LOOP('',(#296));
#1301=EDGE_LOOP('',(#297));
#1302=EDGE_LOOP('',(#298));
#1303=EDGE_LOOP('',(#299));
#1304=EDGE_LOOP('',(#300,#301,#302,#303));
#1305=EDGE_LOOP('',(#304,#305,#306,#307));
#1306=EDGE_LOOP('',(#308,#309,#310,#311));
#1307=EDGE_LOOP('',(#312,#313,#314,#315));
#1308=EDGE_LOOP('',(#316,#317,#318,#319));
#1309=EDGE_LOOP('',(#320,#321,#322,#323));
#1310=EDGE_LOOP('',(#324,#325,#326,#327));
#1311=EDGE_LOOP('',(#328,#329,#330,#331));
#1312=EDGE_LOOP('',(#332,#333,#334,#335));
#1313=EDGE_LOOP('',(#336,#337,#338,#339));
#1314=EDGE_LOOP('',(#340,#341,#342,#343));
#1315=EDGE_LOOP('',(#344,#345,#346,#347));
#1316=EDGE_LOOP('',(#348,#349,#350,#351));
#1317=EDGE_LOOP('',(#352,#353,#354,#355));
#1318=EDGE_LOOP('',(#356,#357,#358,#359));
#1319=EDGE_LOOP('',(#360,#361,#362,#363));
#1320=EDGE_LOOP('',(#364,#365,#366,#367));
#1321=EDGE_LOOP('',(#368,#369,#370,#371));
#1322=EDGE_LOOP('',(#372,#373,#374,#375));
#1323=EDGE_LOOP('',(#376,#377,#378,#379));
#1324=EDGE_LOOP('',(#380,#381,#382,#383));
#1325=EDGE_LOOP('',(#384,#385,#386,#387));
#1326=EDGE_LOOP('',(#388,#389,#390,#391));
#1327=EDGE_LOOP('',(#392,#393,#394,#395));
#1328=EDGE_LOOP('',(#396,#397,#398,#399));
#1329=EDGE_LOOP('',(#400,#401,#402,#403));
#1330=EDGE_LOOP('',(#404,#405,#406,#407));
#1331=EDGE_LOOP('',(#408,#409,#410,#411));
#1332=EDGE_LOOP('',(#412,#413,#414,#415));
#1333=EDGE_LOOP('',(#416,#417,#418,#419));
#1334=EDGE_LOOP('',(#420,#421,#422,#423));
#1335=EDGE_LOOP('',(#424,#425,#426,#427));
#1336=EDGE_LOOP('',(#428,#429,#430,#431));
#1337=EDGE_LOOP('',(#432,#433,#434,#435));
#1338=EDGE_LOOP('',(#436,#437,#438,#439));
#1339=EDGE_LOOP('',(#440,#441,#442,#443));
#1340=EDGE_LOOP('',(#444,#445,#446,#447));
#1341=EDGE_LOOP('',(#448,#449,#450,#451));
#1342=EDGE_LOOP('',(#452,#453,#454,#455));
#1343=EDGE_LOOP('',(#456,#457,#458,#459));
#1344=EDGE_LOOP('',(#460,#461,#462,#463));
#1345=EDGE_LOOP('',(#464,#465,#466,#467));
#1346=EDGE_LOOP('',(#468,#469,#470,#471));
#1347=EDGE_LOOP('',(#472,#473,#474,#475));
#1348=EDGE_LOOP('',(#476,#477,#478,#479));
#1349=EDGE_LOOP('',(#480,#481,#482,#483));
#1350=FACE_BOUND('',#1208,.T.);
#1351=FACE_BOUND('',#1209,.T.);
#1352=FACE_BOUND('',#1210,.T.);
#1353=FACE_BOUND('',#1211,.T.);
#1354=FACE_BOUND('',#1212,.T.);
#1355=FACE_BOUND('',#1213,.T.);
#1356=FACE_BOUND('',#1214,.T.);
#1357=FACE_BOUND('',#1215,.T.);
#1358=FACE_BOUND('',#1216,.T.);
#1359=FACE_BOUND('',#1217,.T.);
#1360=FACE_BOUND('',#1218,.T.);
#1361=FACE_BOUND('',#1219,.T.);
#1362=FACE_BOUND('',#1220,.T.);
#1363=FACE_BOUND('',#1221,.T.);
#1364=FACE_BOUND('',#1222,.T.);
#1365=FACE_BOUND('',#1223,.T.);
#1366=FACE_BOUND('',#1224,.T.);
#1367=FACE_BOUND('',#1225,.T.);
#1368=FACE_BOUND('',#1226,.T.);
#1369=FACE_BOUND('',#1227,.T.);
#1370=FACE_BOUND('',#1228,.T.);
#1371=FACE_BOUND('',#1229,.T.);
#1372=FACE_BOUND('',#1230,.T.);
#1373=FACE_BOUND('',#1231,.T.);
#1374=FACE_BOUND('',#1232,.T.);
#1375=FACE_BOUND('',#1233,.T.);
#1376=FACE_BOUND('',#1234,.T.);
#1377=FACE_BOUND('',#1235,.T.);
#1378=FACE_BOUND('',#1236,.T.);
#1379=FACE_BOUND('',#1237,.T.);
#1380=FACE_BOUND('',#1238,.T.);
#1381=FACE_BOUND('',#1239,.T.);
#1382=FACE_BOUND('',#1240,.T.);
#1383=FACE_BOUND('',#1241,.T.);
#1384=FACE_BOUND('',#1242,.T.);
#1385=FACE_BOUND('',#1243,.T.);
#1386=FACE_BOUND('',#1244,.T.);
#1387=FACE_BOUND('',#1245,.T.);
#1388=FACE_BOUND('',#1246,.T.);
#1389=FACE_BOUND('',#1247,.T.);
#1390=FACE_BOUND('',#1248,.T.);
#1391=FACE_BOUND('',#1249,.T.);
#1392=FACE_BOUND('',#1250,.T.);
#1393=FACE_BOUND('',#1251,.T.);
#1394=FACE_BOUND('',#1252,.T.);
#1395=FACE_BOUND('',#1253,.T.);
#1396=FACE_BOUND('',#1254,.T.);
#1397=FACE_BOUND('',#1255,.T.);
#1398=FACE_BOUND('',#1256,.T.);
#1399=FACE_BOUND('',#1257,.T.);
#1400=FACE_BOUND('',#1258,.T.);
#1401=FACE_BOUND('',#1259,.T.);
#1402=FACE_BOUND('',#1260,.T.);
#1403=FACE_BOUND('',#1261,.T.);
#1404=FACE_BOUND('',#1262,.T.);
#1405=FACE_BOUND('',#1263,.T.);
#1406=FACE_BOUND('',#1264,.T.);
#1407=FACE_BOUND('',#1265,.T.);
#1408=FACE_BOUND('',#1266,.T.);
#1409=FACE_BOUND('',#1267,.T.);
#1410=FACE_BOUND('',#1268,.T.);
#1411=FACE_BOUND('',#1269,.T.);
#1412=FACE_BOUND('',#1270,.T.);
#1413=FACE_BOUND('',#1271,.T.);
#1414=FACE_BOUND('',#1272,.T.);
#1415=FACE_BOUND('',#1273,.T.);
#1416=FACE_BOUND('',#1274,.T.);
#1417=FACE_BOUND('',#1275,.T.);
#1418=FACE_BOUND('',#1276,.T.);
#1419=FACE_BOUND('',#1277,.T.);
#1420=FACE_BOUND('',#1278,.T.);
#1421=FACE_BOUND('',#1279,.T.);
#1422=FACE_BOUND('',#1280,.T.);
#1423=FACE_BOUND('',#1281,.T.);
#1424=FACE_BOUND('',#1282,.T.);
#1425=FACE_BOUND('',#1283,.T.);
#1426=FACE_BOUND('',#1284,.T.);
#1427=FACE_BOUND('',#1285,.T.);
#1428=FACE_BOUND('',#1286,.T.);
#1429=FACE_BOUND('',#1287,.T.);
#1430=FACE_BOUND('',#1288,.T.);
#1431=FACE_BOUND('',#1289,.T.);
#1432=FACE_BOUND('',#1290,.T.);
#1433=FACE_BOUND('',#1291,.T.);
#1434=FACE_BOUND('',#1292,.T.);
#1435=FACE_BOUND('',#1293,.T.);
#1436=FACE_BOUND('',#1294,.T.);
#1437=FACE_BOUND('',#1295,.T.);
#1438=FACE_BOUND('',#1296,.T.);
#1439=FACE_BOUND('',#1297,.T.);
#1440=FACE_BOUND('',#1298,.T.);
#1441=FACE_BOUND('',#1299,.T.);
#1442=FACE_BOUND('',#1300,.T.);
#1443=FACE_BOUND('',#1301,.T.);
#1444=FACE_BOUND('',#1302,.T.);
#1445=FACE_BOUND('',#1303,.T.);
#1446=FACE_BOUND('',#1304,.T.);
#1447=FACE_BOUND('',#1305,.T.);
#1448=FACE_BOUND('',#1306,.T.);
#1449=FACE_BOUND('',#1307,.T.);
#1450=FACE_BOUND('',#1308,.T.);
#1451=FACE_BOUND('',#1309,.T.);
#1452=FACE_BOUND('',#1310,.T.);
#1453=FACE_BOUND('',#1311,.T.);
#1454=FACE_BOUND('',#1312,.T.);
#1455=FACE_BOUND('',#1313,.T.);
#1456=FACE_BOUND('',#1314,.T.);
#1457=FACE_BOUND('',#1315,.T.);
#1458=FACE_BOUND('',#1316,.T.);
#1459=FACE_BOUND('',#1317,.T.);
#1460=FACE_BOUND('',#1318,.T.);
#1461=FACE_BOUND('',#1319,.T.);
#1462=FACE_BOUND('',#1320,.T.);
#1463=FACE_BOUND('',#1321,.T.);
#1464=FACE_BOUND('',#1322,.T.);
#1465=FACE_BOUND('',#1323,.T.);
#1466=FACE_BOUND('',#1324,.T.);
#1467=FACE_BOUND('',#1325,.T.);
#1468=FACE_BOUND('',#1326,.T.);
#1469=FACE_BOUND('',#1327,.T.);
#1470=FACE_BOUND('',#1328,.T.);
#1471=FACE_BOUND('',#1329,.T.);
#1472=FACE_BOUND('',#1330,.T.);
#1473=FACE_BOUND('',#1331,.T.);
#1474=FACE_BOUND('',#1332,.T.);
#1475=FACE_BOUND('',#1333,.T.);
#1476=FACE_BOUND('',#1334,.T.);
#1477=FACE_BOUND('',#1335,.T.);
#1478=FACE_BOUND('',#1336,.T.);
#1479=FACE_BOUND('',#1337,.T.);
#1480=FACE_BOUND('',#1338,.T.);
#1481=FACE_BOUND('',#1339,.T.);
#1482=FACE_BOUND('',#1340,.T.);
#1483=FACE_BOUND('',#1341,.T.);
#1484=FACE_BOUND('',#1342,.T.);
#1485=FACE_BOUND('',#1343,.T.);
#1486=FACE_BOUND('',#1344,.T.);
#1487=FACE_BOUND('',#1345,.T.);
#1488=FACE_BOUND('',#1346,.T.);
#1489=FACE_BOUND('',#1347,.T.);
#1490=FACE_BOUND('',#1348,.T.);
#1491=FACE_BOUND('',#1349,.T.);
#1492=PLANE('',#1645);
#1493=PLANE('',#1646);
#1494=PLANE('',#1647);
#1495=PLANE('',#1660);
#1496=PLANE('',#1675);
#1497=PLANE('',#1676);
#1498=PLANE('',#1677);
#1499=PLANE('',#1678);
#1500=PLANE('',#1679);
#1501=PLANE('',#1680);
#1502=PLANE('',#1681);
#1503=PLANE('',#1682);
#1504=PLANE('',#1700);
#1505=PLANE('',#1701);
#1506=PLANE('',#1707);
#1507=PLANE('',#1708);
#1508=PLANE('',#1709);
#1509=PLANE('',#1710);
#1510=PLANE('',#1711);
#1511=PLANE('',#1712);
#1512=PLANE('',#1713);
#1513=PLANE('',#1714);
#1514=PLANE('',#1715);
#1515=PLANE('',#1716);
#1516=PLANE('',#1717);
#1517=PLANE('',#1718);
#1518=PLANE('',#1719);
#1519=PLANE('',#1720);
#1520=PLANE('',#1721);
#1521=PLANE('',#1722);
#1522=PLANE('',#1723);
#1523=PLANE('',#1724);
#1524=PLANE('',#1725);
#1525=PLANE('',#1726);
#1526=PLANE('',#1727);
#1527=PLANE('',#1728);
#1528=PLANE('',#1729);
#1529=PLANE('',#1730);
#1530=PLANE('',#1731);
#1531=PLANE('',#1732);
#1532=PLANE('',#1733);
#1533=PLANE('',#1734);
#1534=PLANE('',#1735);
#1535=PLANE('',#1736);
#1536=PLANE('',#1737);
#1537=PLANE('',#1738);
#1538=PLANE('',#1739);
#1539=PLANE('',#1740);
#1540=PLANE('',#1741);
#1541=PLANE('',#1742);
#1542=PLANE('',#1743);
#1543=PLANE('',#1744);
#1544=PLANE('',#1745);
#1545=PLANE('',#1746);
#1546=PLANE('',#1747);
#1547=PLANE('',#1748);
#1548=PLANE('',#1749);
#1549=PLANE('',#1750);
#1550=PLANE('',#1751);
#1551=PLANE('',#1752);
#1552=PLANE('',#1753);
#1553=PLANE('',#1754);
#1554=ADVANCED_FACE('',(#1350,#1351,#1352),#1492,.T.);
#1555=ADVANCED_FACE('',(#1353,#1354,#1355),#1493,.T.);
#1556=ADVANCED_FACE('',(#1356,#1357,#1358,#1359,#1360,#1361,#1362,#1363,
#1364,#1365,#1366,#1367,#1368,#1369,#1370,#1371,#1372,#1373,#1374),#1494,
 .F.);
#1557=ADVANCED_FACE('',(#1375,#1376,#1377,#1378,#1379,#1380,#1381,#1382,
#1383,#1384,#1385,#1386,#1387,#1388,#1389,#1390,#1391,#1392,#1393,#1394,
#1395),#1495,.T.);
#1558=ADVANCED_FACE('',(#1396),#1496,.F.);
#1559=ADVANCED_FACE('',(#1397),#1497,.T.);
#1560=ADVANCED_FACE('',(#1398,#1399,#1400),#1498,.F.);
#1561=ADVANCED_FACE('',(#1401,#1402,#1403),#1499,.T.);
#1562=ADVANCED_FACE('',(#1404),#1500,.T.);
#1563=ADVANCED_FACE('',(#1405),#1501,.T.);
#1564=ADVANCED_FACE('',(#1406),#1502,.F.);
#1565=ADVANCED_FACE('',(#1407),#1503,.F.);
#1566=ADVANCED_FACE('',(#1408,#1409),#12,.F.);
#1567=ADVANCED_FACE('',(#1410,#1411),#13,.F.);
#1568=ADVANCED_FACE('',(#1412,#1413),#14,.F.);
#1569=ADVANCED_FACE('',(#1414,#1415),#15,.F.);
#1570=ADVANCED_FACE('',(#1416,#1417),#16,.F.);
#1571=ADVANCED_FACE('',(#1418,#1419),#17,.F.);
#1572=ADVANCED_FACE('',(#1420,#1421),#18,.F.);
#1573=ADVANCED_FACE('',(#1422,#1423),#19,.F.);
#1574=ADVANCED_FACE('',(#1424,#1425),#20,.F.);
#1575=ADVANCED_FACE('',(#1426,#1427),#21,.F.);
#1576=ADVANCED_FACE('',(#1428,#1429),#22,.F.);
#1577=ADVANCED_FACE('',(#1430,#1431),#23,.F.);
#1578=ADVANCED_FACE('',(#1432,#1433),#24,.T.);
#1579=ADVANCED_FACE('',(#1434,#1435),#25,.F.);
#1580=ADVANCED_FACE('',(#1436,#1437),#1504,.T.);
#1581=ADVANCED_FACE('',(#1438),#1505,.T.);
#1582=ADVANCED_FACE('',(#1439,#1440),#26,.F.);
#1583=ADVANCED_FACE('',(#1441,#1442),#27,.T.);
#1584=ADVANCED_FACE('',(#1443,#1444),#1506,.T.);
#1585=ADVANCED_FACE('',(#1445),#1507,.T.);
#1586=ADVANCED_FACE('',(#1446),#1508,.F.);
#1587=ADVANCED_FACE('',(#1447),#1509,.F.);
#1588=ADVANCED_FACE('',(#1448),#1510,.T.);
#1589=ADVANCED_FACE('',(#1449),#1511,.F.);
#1590=ADVANCED_FACE('',(#1450),#1512,.T.);
#1591=ADVANCED_FACE('',(#1451),#1513,.T.);
#1592=ADVANCED_FACE('',(#1452),#1514,.F.);
#1593=ADVANCED_FACE('',(#1453),#1515,.T.);
#1594=ADVANCED_FACE('',(#1454),#1516,.T.);
#1595=ADVANCED_FACE('',(#1455),#1517,.F.);
#1596=ADVANCED_FACE('',(#1456),#1518,.T.);
#1597=ADVANCED_FACE('',(#1457),#1519,.T.);
#1598=ADVANCED_FACE('',(#1458),#1520,.F.);
#1599=ADVANCED_FACE('',(#1459),#1521,.T.);
#1600=ADVANCED_FACE('',(#1460),#1522,.T.);
#1601=ADVANCED_FACE('',(#1461),#1523,.F.);
#1602=ADVANCED_FACE('',(#1462),#1524,.F.);
#1603=ADVANCED_FACE('',(#1463),#1525,.T.);
#1604=ADVANCED_FACE('',(#1464),#1526,.T.);
#1605=ADVANCED_FACE('',(#1465),#1527,.T.);
#1606=ADVANCED_FACE('',(#1466),#1528,.F.);
#1607=ADVANCED_FACE('',(#1467),#1529,.T.);
#1608=ADVANCED_FACE('',(#1468),#1530,.T.);
#1609=ADVANCED_FACE('',(#1469),#1531,.F.);
#1610=ADVANCED_FACE('',(#1470),#1532,.F.);
#1611=ADVANCED_FACE('',(#1471),#1533,.F.);
#1612=ADVANCED_FACE('',(#1472),#1534,.T.);
#1613=ADVANCED_FACE('',(#1473),#1535,.F.);
#1614=ADVANCED_FACE('',(#1474),#1536,.F.);
#1615=ADVANCED_FACE('',(#1475),#1537,.F.);
#1616=ADVANCED_FACE('',(#1476),#1538,.T.);
#1617=ADVANCED_FACE('',(#1477),#1539,.F.);
#1618=ADVANCED_FACE('',(#1478),#1540,.F.);
#1619=ADVANCED_FACE('',(#1479),#1541,.T.);
#1620=ADVANCED_FACE('',(#1480),#1542,.T.);
#1621=ADVANCED_FACE('',(#1481),#1543,.F.);
#1622=ADVANCED_FACE('',(#1482),#1544,.T.);
#1623=ADVANCED_FACE('',(#1483),#1545,.T.);
#1624=ADVANCED_FACE('',(#1484),#1546,.T.);
#1625=ADVANCED_FACE('',(#1485),#1547,.F.);
#1626=ADVANCED_FACE('',(#1486),#1548,.F.);
#1627=ADVANCED_FACE('',(#1487),#1549,.T.);
#1628=ADVANCED_FACE('',(#1488),#1550,.T.);
#1629=ADVANCED_FACE('',(#1489),#1551,.F.);
#1630=ADVANCED_FACE('',(#1490),#1552,.F.);
#1631=ADVANCED_FACE('',(#1491),#1553,.T.);
#1632=CLOSED_SHELL('',(#1554,#1555,#1556,#1557,#1558,#1559,#1560,#1561,
#1562,#1563,#1564,#1565,#1566,#1567,#1568,#1569,#1570,#1571,#1572,#1573,
#1574,#1575,#1576,#1577,#1578,#1579,#1580,#1581,#1582,#1583,#1584,#1585,
#1586,#1587,#1588,#1589,#1590,#1591,#1592,#1593,#1594,#1595,#1596,#1597,
#1598,#1599,#1600,#1601,#1602,#1603,#1604,#1605,#1606,#1607,#1608,#1609,
#1610,#1611,#1612,#1613,#1614,#1615,#1616,#1617,#1618,#1619,#1620,#1621,
#1622,#1623,#1624,#1625,#1626,#1627,#1628,#1629,#1630,#1631));
#1633=STYLED_ITEM('',(#1634),#1641);
#1634=PRESENTATION_STYLE_ASSIGNMENT((#1635));
#1635=SURFACE_STYLE_USAGE(.BOTH.,#1636);
#1636=SURFACE_SIDE_STYLE('',(#1637));
#1637=SURFACE_STYLE_FILL_AREA(#1638);
#1638=FILL_AREA_STYLE('',(#1639));
#1639=FILL_AREA_STYLE_COLOUR('',#1640);
#1640=COLOUR_RGB('',0.43921568627451,0.474509803921569,0.501960784313726);
#1641=MANIFOLD_SOLID_BREP('Part 1',#1632);
#1642=SHAPE_DEFINITION_REPRESENTATION(#2606,#1643);
#1643=SHAPE_REPRESENTATION('Part 1',(#1644),#2601);
#1644=AXIS2_PLACEMENT_3D('',#2157,#1755,#1756);
#1645=AXIS2_PLACEMENT_3D('',#2158,#1757,#1758);
#1646=AXIS2_PLACEMENT_3D('',#2183,#1771,#1772);
#1647=AXIS2_PLACEMENT_3D('',#2208,#1785,#1786);
#1648=AXIS2_PLACEMENT_3D('',#2233,#1799,#1800);
#1649=AXIS2_PLACEMENT_3D('',#2235,#1801,#1802);
#1650=AXIS2_PLACEMENT_3D('',#2237,#1803,#1804);
#1651=AXIS2_PLACEMENT_3D('',#2239,#1805,#1806);
#1652=AXIS2_PLACEMENT_3D('',#2241,#1807,#1808);
#1653=AXIS2_PLACEMENT_3D('',#2243,#1809,#1810);
#1654=AXIS2_PLACEMENT_3D('',#2245,#1811,#1812);
#1655=AXIS2_PLACEMENT_3D('',#2247,#1813,#1814);
#1656=AXIS2_PLACEMENT_3D('',#2249,#1815,#1816);
#1657=AXIS2_PLACEMENT_3D('',#2251,#1817,#1818);
#1658=AXIS2_PLACEMENT_3D('',#2253,#1819,#1820);
#1659=AXIS2_PLACEMENT_3D('',#2255,#1821,#1822);
#1660=AXIS2_PLACEMENT_3D('',#2297,#1843,#1844);
#1661=AXIS2_PLACEMENT_3D('',#2346,#1869,#1870);
#1662=AXIS2_PLACEMENT_3D('',#2348,#1871,#1872);
#1663=AXIS2_PLACEMENT_3D('',#2350,#1873,#1874);
#1664=AXIS2_PLACEMENT_3D('',#2352,#1875,#1876);
#1665=AXIS2_PLACEMENT_3D('',#2354,#1877,#1878);
#1666=AXIS2_PLACEMENT_3D('',#2356,#1879,#1880);
#1667=AXIS2_PLACEMENT_3D('',#2358,#1881,#1882);
#1668=AXIS2_PLACEMENT_3D('',#2360,#1883,#1884);
#1669=AXIS2_PLACEMENT_3D('',#2362,#1885,#1886);
#1670=AXIS2_PLACEMENT_3D('',#2364,#1887,#1888);
#1671=AXIS2_PLACEMENT_3D('',#2366,#1889,#1890);
#1672=AXIS2_PLACEMENT_3D('',#2368,#1891,#1892);
#1673=AXIS2_PLACEMENT_3D('',#2370,#1893,#1894);
#1674=AXIS2_PLACEMENT_3D('',#2372,#1895,#1896);
#1675=AXIS2_PLACEMENT_3D('',#2422,#1921,#1922);
#1676=AXIS2_PLACEMENT_3D('',#2435,#1931,#1932);
#1677=AXIS2_PLACEMENT_3D('',#2448,#1941,#1942);
#1678=AXIS2_PLACEMENT_3D('',#2461,#1951,#1952);
#1679=AXIS2_PLACEMENT_3D('',#2474,#1961,#1962);
#1680=AXIS2_PLACEMENT_3D('',#2477,#1965,#1966);
#1681=AXIS2_PLACEMENT_3D('',#2479,#1968,#1969);
#1682=AXIS2_PLACEMENT_3D('',#2481,#1971,#1972);
#1683=AXIS2_PLACEMENT_3D('',#2482,#1973,#1974);
#1684=AXIS2_PLACEMENT_3D('',#2483,#1975,#1976);
#1685=AXIS2_PLACEMENT_3D('',#2484,#1977,#1978);
#1686=AXIS2_PLACEMENT_3D('',#2485,#1979,#1980);
#1687=AXIS2_PLACEMENT_3D('',#2486,#1981,#1982);
#1688=AXIS2_PLACEMENT_3D('',#2487,#1983,#1984);
#1689=AXIS2_PLACEMENT_3D('',#2488,#1985,#1986);
#1690=AXIS2_PLACEMENT_3D('',#2489,#1987,#1988);
#1691=AXIS2_PLACEMENT_3D('',#2490,#1989,#1990);
#1692=AXIS2_PLACEMENT_3D('',#2491,#1991,#1992);
#1693=AXIS2_PLACEMENT_3D('',#2492,#1993,#1994);
#1694=AXIS2_PLACEMENT_3D('',#2493,#1995,#1996);
#1695=AXIS2_PLACEMENT_3D('',#2494,#1997,#1998);
#1696=AXIS2_PLACEMENT_3D('',#2495,#1999,#2000);
#1697=AXIS2_PLACEMENT_3D('',#2497,#2001,#2002);
#1698=AXIS2_PLACEMENT_3D('',#2498,#2003,#2004);
#1699=AXIS2_PLACEMENT_3D('',#2500,#2005,#2006);
#1700=AXIS2_PLACEMENT_3D('',#2502,#2007,#2008);
#1701=AXIS2_PLACEMENT_3D('',#2503,#2009,#2010);
#1702=AXIS2_PLACEMENT_3D('',#2504,#2011,#2012);
#1703=AXIS2_PLACEMENT_3D('',#2505,#2013,#2014);
#1704=AXIS2_PLACEMENT_3D('',#2507,#2015,#2016);
#1705=AXIS2_PLACEMENT_3D('',#2509,#2017,#2018);
#1706=AXIS2_PLACEMENT_3D('',#2510,#2019,#2020);
#1707=AXIS2_PLACEMENT_3D('',#2512,#2021,#2022);
#1708=AXIS2_PLACEMENT_3D('',#2513,#2023,#2024);
#1709=AXIS2_PLACEMENT_3D('',#2514,#2025,#2026);
#1710=AXIS2_PLACEMENT_3D('',#2515,#2027,#2028);
#1711=AXIS2_PLACEMENT_3D('',#2516,#2029,#2030);
#1712=AXIS2_PLACEMENT_3D('',#2519,#2033,#2034);
#1713=AXIS2_PLACEMENT_3D('',#2520,#2035,#2036);
#1714=AXIS2_PLACEMENT_3D('',#2521,#2037,#2038);
#1715=AXIS2_PLACEMENT_3D('',#2524,#2041,#2042);
#1716=AXIS2_PLACEMENT_3D('',#2525,#2043,#2044);
#1717=AXIS2_PLACEMENT_3D('',#2526,#2045,#2046);
#1718=AXIS2_PLACEMENT_3D('',#2528,#2048,#2049);
#1719=AXIS2_PLACEMENT_3D('',#2530,#2051,#2052);
#1720=AXIS2_PLACEMENT_3D('',#2531,#2053,#2054);
#1721=AXIS2_PLACEMENT_3D('',#2533,#2056,#2057);
#1722=AXIS2_PLACEMENT_3D('',#2535,#2059,#2060);
#1723=AXIS2_PLACEMENT_3D('',#2536,#2061,#2062);
#1724=AXIS2_PLACEMENT_3D('',#2539,#2065,#2066);
#1725=AXIS2_PLACEMENT_3D('',#2541,#2068,#2069);
#1726=AXIS2_PLACEMENT_3D('',#2543,#2071,#2072);
#1727=AXIS2_PLACEMENT_3D('',#2544,#2073,#2074);
#1728=AXIS2_PLACEMENT_3D('',#2547,#2077,#2078);
#1729=AXIS2_PLACEMENT_3D('',#2549,#2080,#2081);
#1730=AXIS2_PLACEMENT_3D('',#2551,#2083,#2084);
#1731=AXIS2_PLACEMENT_3D('',#2552,#2085,#2086);
#1732=AXIS2_PLACEMENT_3D('',#2555,#2089,#2090);
#1733=AXIS2_PLACEMENT_3D('',#2557,#2092,#2093);
#1734=AXIS2_PLACEMENT_3D('',#2559,#2095,#2096);
#1735=AXIS2_PLACEMENT_3D('',#2560,#2097,#2098);
#1736=AXIS2_PLACEMENT_3D('',#2563,#2101,#2102);
#1737=AXIS2_PLACEMENT_3D('',#2565,#2104,#2105);
#1738=AXIS2_PLACEMENT_3D('',#2567,#2107,#2108);
#1739=AXIS2_PLACEMENT_3D('',#2568,#2109,#2110);
#1740=AXIS2_PLACEMENT_3D('',#2571,#2113,#2114);
#1741=AXIS2_PLACEMENT_3D('',#2573,#2116,#2117);
#1742=AXIS2_PLACEMENT_3D('',#2575,#2119,#2120);
#1743=AXIS2_PLACEMENT_3D('',#2576,#2121,#2122);
#1744=AXIS2_PLACEMENT_3D('',#2579,#2125,#2126);
#1745=AXIS2_PLACEMENT_3D('',#2581,#2128,#2129);
#1746=AXIS2_PLACEMENT_3D('',#2583,#2131,#2132);
#1747=AXIS2_PLACEMENT_3D('',#2584,#2133,#2134);
#1748=AXIS2_PLACEMENT_3D('',#2587,#2137,#2138);
#1749=AXIS2_PLACEMENT_3D('',#2589,#2140,#2141);
#1750=AXIS2_PLACEMENT_3D('',#2591,#2143,#2144);
#1751=AXIS2_PLACEMENT_3D('',#2592,#2145,#2146);
#1752=AXIS2_PLACEMENT_3D('',#2595,#2149,#2150);
#1753=AXIS2_PLACEMENT_3D('',#2597,#2152,#2153);
#1754=AXIS2_PLACEMENT_3D('',#2599,#2155,#2156);
#1755=DIRECTION('',(0.,0.,1.));
#1756=DIRECTION('',(1.,0.,0.));
#1757=DIRECTION('',(0.,0.,1.));
#1758=DIRECTION('',(1.,0.,0.));
#1759=DIRECTION('',(-1.,0.,0.));
#1760=DIRECTION('',(-1.89457854031596E-16,1.,0.));
#1761=DIRECTION('',(-1.,0.,0.));
#1762=DIRECTION('',(-1.89457854031596E-16,1.,0.));
#1763=DIRECTION('',(3.41817433690012E-16,-1.,0.));
#1764=DIRECTION('',(1.,0.,0.));
#1765=DIRECTION('',(3.41817433690012E-16,-1.,0.));
#1766=DIRECTION('',(1.,0.,0.));
#1767=DIRECTION('',(-1.,0.,0.));
#1768=DIRECTION('',(0.,-1.,0.));
#1769=DIRECTION('',(-1.,0.,0.));
#1770=DIRECTION('',(0.,-1.,0.));
#1771=DIRECTION('',(0.,0.,-1.));
#1772=DIRECTION('',(1.,0.,0.));
#1773=DIRECTION('',(-1.,0.,0.));
#1774=DIRECTION('',(9.57088814332031E-17,1.,0.));
#1775=DIRECTION('',(1.,0.,0.));
#1776=DIRECTION('',(9.57088814332032E-17,1.,0.));
#1777=DIRECTION('',(-3.41817433690012E-16,1.,0.));
#1778=DIRECTION('',(-1.,0.,0.));
#1779=DIRECTION('',(-3.41817433690012E-16,1.,0.));
#1780=DIRECTION('',(-1.,0.,0.));
#1781=DIRECTION('',(1.,0.,0.));
#1782=DIRECTION('',(0.,1.,0.));
#1783=DIRECTION('',(1.,0.,0.));
#1784=DIRECTION('',(0.,1.,0.));
#1785=DIRECTION('',(0.,0.,1.));
#1786=DIRECTION('',(1.,0.,0.));
#1787=DIRECTION('',(-1.,-3.46944695195362E-16,0.));
#1788=DIRECTION('',(-2.41352831440252E-16,1.,0.));
#1789=DIRECTION('',(1.,0.,0.));
#1790=DIRECTION('',(-2.41352831440252E-16,1.,0.));
#1791=DIRECTION('',(-2.41352831440252E-16,1.,0.));
#1792=DIRECTION('',(1.,0.,0.));
#1793=DIRECTION('',(-2.41352831440252E-16,1.,0.));
#1794=DIRECTION('',(-1.,-2.31296463463574E-16,0.));
#1795=DIRECTION('',(-2.41352831440252E-16,1.,0.));
#1796=DIRECTION('',(-1.,-2.31296463463574E-16,0.));
#1797=DIRECTION('',(-2.41352831440252E-16,1.,0.));
#1798=DIRECTION('',(1.,0.,0.));
#1799=DIRECTION('',(0.,0.,1.));
#1800=DIRECTION('',(1.,0.,0.));
#1801=DIRECTION('',(0.,0.,1.));
#1802=DIRECTION('',(1.,0.,0.));
#1803=DIRECTION('',(0.,0.,1.));
#1804=DIRECTION('',(1.,0.,0.));
#1805=DIRECTION('',(0.,0.,1.));
#1806=DIRECTION('',(1.,0.,0.));
#1807=DIRECTION('',(0.,0.,-1.));
#1808=DIRECTION('',(1.,0.,0.));
#1809=DIRECTION('',(0.,0.,1.));
#1810=DIRECTION('',(1.,0.,0.));
#1811=DIRECTION('',(0.,0.,1.));
#1812=DIRECTION('',(1.,0.,0.));
#1813=DIRECTION('',(0.,0.,1.));
#1814=DIRECTION('',(1.,0.,0.));
#1815=DIRECTION('',(0.,0.,1.));
#1816=DIRECTION('',(1.,0.,0.));
#1817=DIRECTION('',(0.,0.,1.));
#1818=DIRECTION('',(1.,0.,0.));
#1819=DIRECTION('',(0.,0.,-1.));
#1820=DIRECTION('',(1.,0.,0.));
#1821=DIRECTION('',(0.,0.,1.));
#1822=DIRECTION('',(1.,0.,0.));
#1823=DIRECTION('',(9.57088814332031E-17,1.,0.));
#1824=DIRECTION('',(-1.,0.,0.));
#1825=DIRECTION('',(0.,-1.,0.));
#1826=DIRECTION('',(-1.,0.,0.));
#1827=DIRECTION('',(0.,-1.,0.));
#1828=DIRECTION('',(-1.,0.,0.));
#1829=DIRECTION('',(9.57088814332032E-17,1.,0.));
#1830=DIRECTION('',(1.,0.,0.));
#1831=DIRECTION('',(-2.41352831440252E-16,1.,0.));
#1832=DIRECTION('',(1.,0.,0.));
#1833=DIRECTION('',(-2.41352831440252E-16,1.,0.));
#1834=DIRECTION('',(-1.,-3.46944695195362E-16,0.));
#1835=DIRECTION('',(-1.,-3.46944695195362E-16,0.));
#1836=DIRECTION('',(-2.41352831440252E-16,1.,0.));
#1837=DIRECTION('',(-1.,0.,0.));
#1838=DIRECTION('',(-2.41352831440252E-16,1.,0.));
#1839=DIRECTION('',(-1.,0.,0.));
#1840=DIRECTION('',(-2.41352831440252E-16,1.,0.));
#1841=DIRECTION('',(-1.,-3.46944695195362E-16,0.));
#1842=DIRECTION('',(-2.41352831440252E-16,1.,0.));
#1843=DIRECTION('',(0.,0.,1.));
#1844=DIRECTION('',(1.,0.,0.));
#1845=DIRECTION('',(-1.89457854031596E-16,1.,0.));
#1846=DIRECTION('',(-1.,-1.89457854031596E-16,0.));
#1847=DIRECTION('',(9.57088814332032E-17,1.,0.));
#1848=DIRECTION('',(-1.,-1.89457854031596E-16,0.));
#1849=DIRECTION('',(-1.89457854031596E-16,1.,0.));
#1850=DIRECTION('',(-1.,-1.89457854031596E-16,0.));
#1851=DIRECTION('',(9.57088814332032E-17,1.,0.));
#1852=DIRECTION('',(-1.,-1.89457854031596E-16,0.));
#1853=DIRECTION('',(-1.89457854031596E-16,1.,0.));
#1854=DIRECTION('',(-1.,0.,0.));
#1855=DIRECTION('',(0.,-1.,0.));
#1856=DIRECTION('',(-1.,0.,0.));
#1857=DIRECTION('',(0.,-1.,0.));
#1858=DIRECTION('',(-1.,0.,0.));
#1859=DIRECTION('',(-1.89457854031596E-16,1.,0.));
#1860=DIRECTION('',(-1.,-1.89457854031596E-16,0.));
#1861=DIRECTION('',(9.57088814332031E-17,1.,0.));
#1862=DIRECTION('',(-1.,-1.89457854031596E-16,0.));
#1863=DIRECTION('',(-1.89457854031596E-16,1.,0.));
#1864=DIRECTION('',(-1.,-1.89457854031596E-16,0.));
#1865=DIRECTION('',(9.57088814332031E-17,1.,0.));
#1866=DIRECTION('',(-1.,-1.89457854031596E-16,0.));
#1867=DIRECTION('',(-1.89457854031596E-16,1.,0.));
#1868=DIRECTION('',(-1.,0.,0.));
#1869=DIRECTION('',(0.,0.,1.));
#1870=DIRECTION('',(1.,0.,0.));
#1871=DIRECTION('',(0.,0.,-1.));
#1872=DIRECTION('',(1.,0.,0.));
#1873=DIRECTION('',(0.,0.,1.));
#1874=DIRECTION('',(1.,0.,0.));
#1875=DIRECTION('',(0.,0.,1.));
#1876=DIRECTION('',(1.,0.,0.));
#1877=DIRECTION('',(0.,0.,1.));
#1878=DIRECTION('',(1.,0.,0.));
#1879=DIRECTION('',(0.,0.,1.));
#1880=DIRECTION('',(1.,0.,0.));
#1881=DIRECTION('',(0.,0.,1.));
#1882=DIRECTION('',(1.,0.,0.));
#1883=DIRECTION('',(0.,0.,1.));
#1884=DIRECTION('',(1.,0.,0.));
#1885=DIRECTION('',(0.,0.,1.));
#1886=DIRECTION('',(1.,0.,0.));
#1887=DIRECTION('',(0.,0.,1.));
#1888=DIRECTION('',(1.,0.,0.));
#1889=DIRECTION('',(0.,0.,1.));
#1890=DIRECTION('',(1.,0.,0.));
#1891=DIRECTION('',(0.,0.,1.));
#1892=DIRECTION('',(1.,0.,0.));
#1893=DIRECTION('',(0.,0.,-1.));
#1894=DIRECTION('',(1.,0.,0.));
#1895=DIRECTION('',(0.,0.,-1.));
#1896=DIRECTION('',(1.,0.,0.));
#1897=DIRECTION('',(-1.,-2.31296463463574E-16,0.));
#1898=DIRECTION('',(-2.41352831440252E-16,1.,0.));
#1899=DIRECTION('',(1.,0.,0.));
#1900=DIRECTION('',(-2.41352831440252E-16,1.,0.));
#1901=DIRECTION('',(1.,0.,0.));
#1902=DIRECTION('',(-2.41352831440252E-16,1.,0.));
#1903=DIRECTION('',(-1.,-3.46944695195362E-16,0.));
#1904=DIRECTION('',(-2.41352831440252E-16,1.,0.));
#1905=DIRECTION('',(1.,0.,0.));
#1906=DIRECTION('',(-2.41352831440252E-16,1.,0.));
#1907=DIRECTION('',(-1.,-2.31296463463574E-16,0.));
#1908=DIRECTION('',(-2.41352831440252E-16,1.,0.));
#1909=DIRECTION('',(-2.41352831440252E-16,1.,0.));
#1910=DIRECTION('',(-1.,-3.46944695195362E-16,0.));
#1911=DIRECTION('',(-2.41352831440252E-16,1.,0.));
#1912=DIRECTION('',(-1.,0.,0.));
#1913=DIRECTION('',(-2.41352831440252E-16,1.,0.));
#1914=DIRECTION('',(-1.,-3.46944695195362E-16,0.));
#1915=DIRECTION('',(-2.41352831440252E-16,1.,0.));
#1916=DIRECTION('',(1.,0.,0.));
#1917=DIRECTION('',(-2.41352831440252E-16,1.,0.));
#1918=DIRECTION('',(-1.,0.,0.));
#1919=DIRECTION('',(-2.41352831440252E-16,1.,0.));
#1920=DIRECTION('',(-1.,-3.46944695195362E-16,0.));
#1921=DIRECTION('',(-1.,-1.89457854031596E-16,0.));
#1922=DIRECTION('',(1.89457854031597E-16,-1.,0.));
#1923=DIRECTION('',(0.,0.,1.));
#1924=DIRECTION('',(0.,0.,-1.));
#1925=DIRECTION('',(0.,0.,-1.));
#1926=DIRECTION('',(0.,0.,1.));
#1927=DIRECTION('',(1.89457854031597E-16,-1.,1.15648231731787E-16));
#1928=DIRECTION('',(0.,0.,1.));
#1929=DIRECTION('',(0.,0.,1.));
#1930=DIRECTION('',(1.89457854031597E-16,-1.,0.));
#1931=DIRECTION('',(-1.,-1.89457854031596E-16,0.));
#1932=DIRECTION('',(1.89457854031597E-16,-1.,0.));
#1933=DIRECTION('',(0.,0.,1.));
#1934=DIRECTION('',(1.89457854031596E-16,-1.,0.));
#1935=DIRECTION('',(0.,0.,1.));
#1936=DIRECTION('',(0.,0.,1.));
#1937=DIRECTION('',(1.89457854031596E-16,-1.,1.15648231731787E-16));
#1938=DIRECTION('',(0.,0.,1.));
#1939=DIRECTION('',(0.,0.,-1.));
#1940=DIRECTION('',(0.,0.,-1.));
#1941=DIRECTION('',(-1.,9.57088814332031E-17,0.));
#1942=DIRECTION('',(-9.57088814332031E-17,-1.,0.));
#1943=DIRECTION('',(0.,0.,1.));
#1944=DIRECTION('',(0.,0.,1.));
#1945=DIRECTION('',(-9.57088814332031E-17,-1.,1.15648231731787E-16));
#1946=DIRECTION('',(0.,0.,-1.));
#1947=DIRECTION('',(0.,0.,-1.));
#1948=DIRECTION('',(0.,0.,1.));
#1949=DIRECTION('',(0.,0.,1.));
#1950=DIRECTION('',(-9.57088814332031E-17,-1.,0.));
#1951=DIRECTION('',(-1.,9.57088814332032E-17,0.));
#1952=DIRECTION('',(-9.57088814332032E-17,-1.,0.));
#1953=DIRECTION('',(0.,0.,-1.));
#1954=DIRECTION('',(0.,0.,-1.));
#1955=DIRECTION('',(0.,0.,1.));
#1956=DIRECTION('',(-9.57088814332032E-17,-1.,1.15648231731787E-16));
#1957=DIRECTION('',(0.,0.,1.));
#1958=DIRECTION('',(0.,0.,1.));
#1959=DIRECTION('',(-9.57088814332032E-17,-1.,0.));
#1960=DIRECTION('',(0.,0.,1.));
#1961=DIRECTION('',(0.,-1.,0.));
#1962=DIRECTION('',(0.,0.,-1.));
#1963=DIRECTION('',(0.,0.,-1.));
#1964=DIRECTION('',(0.,0.,-1.));
#1965=DIRECTION('',(1.,0.,0.));
#1966=DIRECTION('',(0.,0.,-1.));
#1967=DIRECTION('',(0.,0.,-1.));
#1968=DIRECTION('',(0.,-1.,0.));
#1969=DIRECTION('',(0.,0.,-1.));
#1970=DIRECTION('',(0.,0.,-1.));
#1971=DIRECTION('',(1.,0.,0.));
#1972=DIRECTION('',(0.,0.,-1.));
#1973=DIRECTION('',(0.,0.,-1.));
#1974=DIRECTION('',(-1.,0.,0.));
#1975=DIRECTION('',(0.,0.,-1.));
#1976=DIRECTION('',(-1.,0.,0.));
#1977=DIRECTION('',(0.,0.,-1.));
#1978=DIRECTION('',(-1.,0.,0.));
#1979=DIRECTION('',(0.,0.,-1.));
#1980=DIRECTION('',(-1.,0.,0.));
#1981=DIRECTION('',(0.,0.,-1.));
#1982=DIRECTION('',(-1.,0.,0.));
#1983=DIRECTION('',(0.,0.,-1.));
#1984=DIRECTION('',(-1.,0.,0.));
#1985=DIRECTION('',(0.,0.,-1.));
#1986=DIRECTION('',(-1.,0.,0.));
#1987=DIRECTION('',(0.,0.,-1.));
#1988=DIRECTION('',(-1.,0.,0.));
#1989=DIRECTION('',(0.,0.,-1.));
#1990=DIRECTION('',(-1.,0.,0.));
#1991=DIRECTION('',(0.,0.,-1.));
#1992=DIRECTION('',(-1.,0.,0.));
#1993=DIRECTION('',(0.,0.,-1.));
#1994=DIRECTION('',(-1.,0.,0.));
#1995=DIRECTION('',(0.,0.,-1.));
#1996=DIRECTION('',(-1.,0.,0.));
#1997=DIRECTION('',(0.,0.,-1.));
#1998=DIRECTION('',(-1.,0.,0.));
#1999=DIRECTION('',(0.,0.,-1.));
#2000=DIRECTION('',(1.,0.,0.));
#2001=DIRECTION('',(0.,0.,-1.));
#2002=DIRECTION('',(-1.,0.,0.));
#2003=DIRECTION('',(0.,0.,-1.));
#2004=DIRECTION('',(1.,0.,0.));
#2005=DIRECTION('',(0.,0.,-1.));
#2006=DIRECTION('',(1.,0.,0.));
#2007=DIRECTION('',(0.,0.,1.));
#2008=DIRECTION('',(1.,0.,0.));
#2009=DIRECTION('',(0.,0.,1.));
#2010=DIRECTION('',(1.,0.,0.));
#2011=DIRECTION('',(0.,0.,-1.));
#2012=DIRECTION('',(-1.,0.,0.));
#2013=DIRECTION('',(0.,0.,1.));
#2014=DIRECTION('',(1.,0.,0.));
#2015=DIRECTION('',(0.,0.,1.));
#2016=DIRECTION('',(1.,0.,0.));
#2017=DIRECTION('',(0.,0.,-1.));
#2018=DIRECTION('',(-1.,0.,0.));
#2019=DIRECTION('',(0.,0.,1.));
#2020=DIRECTION('',(1.,0.,0.));
#2021=DIRECTION('',(0.,0.,1.));
#2022=DIRECTION('',(1.,0.,0.));
#2023=DIRECTION('',(0.,0.,1.));
#2024=DIRECTION('',(1.,0.,0.));
#2025=DIRECTION('',(0.,-1.,0.));
#2026=DIRECTION('',(0.,0.,-1.));
#2027=DIRECTION('',(0.,1.,0.));
#2028=DIRECTION('',(0.,0.,1.));
#2029=DIRECTION('',(2.19104658064532E-32,-1.15648231731787E-16,-1.));
#2030=DIRECTION('',(0.,1.,-1.15648231731787E-16));
#2031=DIRECTION('',(-1.,-1.89457854031596E-16,0.));
#2032=DIRECTION('',(-1.,-1.89457854031596E-16,0.));
#2033=DIRECTION('',(1.89457854031596E-16,-1.,0.));
#2034=DIRECTION('',(1.,1.89457854031596E-16,0.));
#2035=DIRECTION('',(1.89457854031596E-16,-1.,0.));
#2036=DIRECTION('',(1.,1.89457854031596E-16,0.));
#2037=DIRECTION('',(0.,0.,-1.));
#2038=DIRECTION('',(-1.,0.,0.));
#2039=DIRECTION('',(-1.,-1.89457854031596E-16,0.));
#2040=DIRECTION('',(-1.,-1.89457854031596E-16,0.));
#2041=DIRECTION('',(1.89457854031596E-16,-1.,0.));
#2042=DIRECTION('',(1.,1.89457854031596E-16,0.));
#2043=DIRECTION('',(1.89457854031596E-16,-1.,0.));
#2044=DIRECTION('',(1.,1.89457854031596E-16,0.));
#2045=DIRECTION('',(1.89457854031596E-16,-1.,0.));
#2046=DIRECTION('',(1.,1.89457854031596E-16,0.));
#2047=DIRECTION('',(-1.,-1.89457854031596E-16,0.));
#2048=DIRECTION('',(1.89457854031596E-16,-1.,0.));
#2049=DIRECTION('',(1.,1.89457854031596E-16,0.));
#2050=DIRECTION('',(-1.,-1.89457854031596E-16,0.));
#2051=DIRECTION('',(2.19104658064532E-32,-1.15648231731787E-16,-1.));
#2052=DIRECTION('',(0.,1.,-1.15648231731787E-16));
#2053=DIRECTION('',(1.89457854031596E-16,-1.,0.));
#2054=DIRECTION('',(1.,1.89457854031596E-16,0.));
#2055=DIRECTION('',(-1.,-1.89457854031596E-16,0.));
#2056=DIRECTION('',(1.89457854031596E-16,-1.,0.));
#2057=DIRECTION('',(1.,1.89457854031596E-16,0.));
#2058=DIRECTION('',(-1.,-1.89457854031596E-16,0.));
#2059=DIRECTION('',(0.,0.,-1.));
#2060=DIRECTION('',(-1.,0.,0.));
#2061=DIRECTION('',(0.,-1.,0.));
#2062=DIRECTION('',(0.,0.,-1.));
#2063=DIRECTION('',(0.,0.,1.));
#2064=DIRECTION('',(0.,0.,1.));
#2065=DIRECTION('',(-1.,-3.41817433690012E-16,0.));
#2066=DIRECTION('',(3.41817433690012E-16,-1.,0.));
#2067=DIRECTION('',(0.,0.,1.));
#2068=DIRECTION('',(0.,-1.,0.));
#2069=DIRECTION('',(0.,0.,-1.));
#2070=DIRECTION('',(0.,0.,1.));
#2071=DIRECTION('',(-1.,-3.41817433690012E-16,0.));
#2072=DIRECTION('',(3.41817433690012E-16,-1.,0.));
#2073=DIRECTION('',(1.,2.41352831440252E-16,0.));
#2074=DIRECTION('',(-2.41352831440252E-16,1.,0.));
#2075=DIRECTION('',(0.,0.,1.));
#2076=DIRECTION('',(0.,0.,1.));
#2077=DIRECTION('',(-2.31296463463574E-16,1.,0.));
#2078=DIRECTION('',(-1.,-2.31296463463574E-16,0.));
#2079=DIRECTION('',(0.,0.,1.));
#2080=DIRECTION('',(1.,2.41352831440252E-16,0.));
#2081=DIRECTION('',(-2.41352831440252E-16,1.,0.));
#2082=DIRECTION('',(0.,0.,1.));
#2083=DIRECTION('',(0.,-1.,0.));
#2084=DIRECTION('',(0.,0.,-1.));
#2085=DIRECTION('',(1.,2.41352831440252E-16,0.));
#2086=DIRECTION('',(-2.41352831440252E-16,1.,0.));
#2087=DIRECTION('',(0.,0.,1.));
#2088=DIRECTION('',(0.,0.,1.));
#2089=DIRECTION('',(0.,-1.,0.));
#2090=DIRECTION('',(0.,0.,-1.));
#2091=DIRECTION('',(0.,0.,1.));
#2092=DIRECTION('',(1.,2.41352831440252E-16,0.));
#2093=DIRECTION('',(-2.41352831440252E-16,1.,0.));
#2094=DIRECTION('',(0.,0.,1.));
#2095=DIRECTION('',(-3.46944695195362E-16,1.,0.));
#2096=DIRECTION('',(-1.,-3.46944695195362E-16,0.));
#2097=DIRECTION('',(1.,2.41352831440252E-16,0.));
#2098=DIRECTION('',(-2.41352831440252E-16,1.,0.));
#2099=DIRECTION('',(0.,0.,1.));
#2100=DIRECTION('',(0.,0.,1.));
#2101=DIRECTION('',(0.,-1.,0.));
#2102=DIRECTION('',(0.,0.,-1.));
#2103=DIRECTION('',(0.,0.,1.));
#2104=DIRECTION('',(1.,2.41352831440252E-16,0.));
#2105=DIRECTION('',(-2.41352831440252E-16,1.,0.));
#2106=DIRECTION('',(0.,0.,1.));
#2107=DIRECTION('',(-2.31296463463574E-16,1.,0.));
#2108=DIRECTION('',(-1.,-2.31296463463574E-16,0.));
#2109=DIRECTION('',(-3.46944695195362E-16,1.,0.));
#2110=DIRECTION('',(-1.,-3.46944695195362E-16,0.));
#2111=DIRECTION('',(0.,0.,1.));
#2112=DIRECTION('',(0.,0.,1.));
#2113=DIRECTION('',(1.,2.41352831440252E-16,0.));
#2114=DIRECTION('',(-2.41352831440252E-16,1.,0.));
#2115=DIRECTION('',(0.,0.,1.));
#2116=DIRECTION('',(0.,1.,0.));
#2117=DIRECTION('',(0.,0.,1.));
#2118=DIRECTION('',(0.,0.,1.));
#2119=DIRECTION('',(1.,2.41352831440252E-16,0.));
#2120=DIRECTION('',(-2.41352831440252E-16,1.,0.));
#2121=DIRECTION('',(-3.46944695195362E-16,1.,0.));
#2122=DIRECTION('',(-1.,-3.46944695195362E-16,0.));
#2123=DIRECTION('',(0.,0.,1.));
#2124=DIRECTION('',(0.,0.,1.));
#2125=DIRECTION('',(1.,2.41352831440252E-16,0.));
#2126=DIRECTION('',(-2.41352831440252E-16,1.,0.));
#2127=DIRECTION('',(0.,0.,1.));
#2128=DIRECTION('',(0.,-1.,0.));
#2129=DIRECTION('',(0.,0.,-1.));
#2130=DIRECTION('',(0.,0.,1.));
#2131=DIRECTION('',(1.,2.41352831440252E-16,0.));
#2132=DIRECTION('',(-2.41352831440252E-16,1.,0.));
#2133=DIRECTION('',(0.,1.,0.));
#2134=DIRECTION('',(0.,0.,1.));
#2135=DIRECTION('',(0.,0.,1.));
#2136=DIRECTION('',(0.,0.,1.));
#2137=DIRECTION('',(1.,2.41352831440252E-16,0.));
#2138=DIRECTION('',(-2.41352831440252E-16,1.,0.));
#2139=DIRECTION('',(0.,0.,1.));
#2140=DIRECTION('',(-3.46944695195362E-16,1.,0.));
#2141=DIRECTION('',(-1.,-3.46944695195362E-16,0.));
#2142=DIRECTION('',(0.,0.,1.));
#2143=DIRECTION('',(1.,2.41352831440252E-16,0.));
#2144=DIRECTION('',(-2.41352831440252E-16,1.,0.));
#2145=DIRECTION('',(-1.,0.,0.));
#2146=DIRECTION('',(0.,0.,1.));
#2147=DIRECTION('',(0.,0.,1.));
#2148=DIRECTION('',(0.,0.,1.));
#2149=DIRECTION('',(0.,1.,0.));
#2150=DIRECTION('',(0.,0.,1.));
#2151=DIRECTION('',(0.,0.,1.));
#2152=DIRECTION('',(-1.,0.,0.));
#2153=DIRECTION('',(0.,0.,1.));
#2154=DIRECTION('',(0.,0.,1.));
#2155=DIRECTION('',(0.,1.,0.));
#2156=DIRECTION('',(0.,0.,1.));
#2157=CARTESIAN_POINT('',(0.,0.,0.));
#2158=CARTESIAN_POINT('',(0.,0.,0.063));
#2159=CARTESIAN_POINT('',(0.,-0.1575,0.063));
#2160=CARTESIAN_POINT('',(0.068,-0.1575,0.063));
#2161=CARTESIAN_POINT('',(-0.068,-0.1575,0.063));
#2162=CARTESIAN_POINT('',(0.068,-0.011,0.063));
#2163=CARTESIAN_POINT('',(0.068,0.1355,0.063));
#2164=CARTESIAN_POINT('',(-2.77555756156289E-17,0.1355,0.063));
#2165=CARTESIAN_POINT('',(-0.068,0.1355,0.063));
#2166=CARTESIAN_POINT('',(-0.068,-0.011,0.063));
#2167=CARTESIAN_POINT('',(-0.053,0.019,0.063));
#2168=CARTESIAN_POINT('',(-0.053,0.1205,0.063));
#2169=CARTESIAN_POINT('',(-0.053,-0.0825,0.063));
#2170=CARTESIAN_POINT('',(-4.16333634234433E-17,0.1205,0.063));
#2171=CARTESIAN_POINT('',(0.053,0.1205,0.063));
#2172=CARTESIAN_POINT('',(0.053,0.019,0.063));
#2173=CARTESIAN_POINT('',(0.053,-0.0825,0.063));
#2174=CARTESIAN_POINT('',(-3.46944695195361E-18,-0.0825,0.063));
#2175=CARTESIAN_POINT('',(0.,-0.0975,0.063));
#2176=CARTESIAN_POINT('',(0.053,-0.0975,0.063));
#2177=CARTESIAN_POINT('',(-0.053,-0.0975,0.063));
#2178=CARTESIAN_POINT('',(0.053,-0.1225,0.063));
#2179=CARTESIAN_POINT('',(0.053,-0.1475,0.063));
#2180=CARTESIAN_POINT('',(0.,-0.1475,0.063));
#2181=CARTESIAN_POINT('',(-0.053,-0.1475,0.063));
#2182=CARTESIAN_POINT('',(-0.053,-0.1225,0.063));
#2183=CARTESIAN_POINT('',(0.,0.,0.06));
#2184=CARTESIAN_POINT('',(0.,-0.1575,0.06));
#2185=CARTESIAN_POINT('',(0.065,-0.1575,0.06));
#2186=CARTESIAN_POINT('',(-0.065,-0.1575,0.06));
#2187=CARTESIAN_POINT('',(-0.065,-0.0125,0.06));
#2188=CARTESIAN_POINT('',(-0.065,0.1325,0.06));
#2189=CARTESIAN_POINT('',(2.77555756156289E-17,0.1325,0.06));
#2190=CARTESIAN_POINT('',(0.065,0.1325,0.06));
#2191=CARTESIAN_POINT('',(0.065,-0.0125,0.06));
#2192=CARTESIAN_POINT('',(0.053,1.81163239855706E-17,0.06));
#2193=CARTESIAN_POINT('',(0.053,-0.0825,0.06));
#2194=CARTESIAN_POINT('',(0.053,0.1205,0.06));
#2195=CARTESIAN_POINT('',(0.,0.1205,0.06));
#2196=CARTESIAN_POINT('',(-0.053,0.1205,0.06));
#2197=CARTESIAN_POINT('',(-0.053,-1.81163239855706E-17,0.06));
#2198=CARTESIAN_POINT('',(-0.053,-0.0825,0.06));
#2199=CARTESIAN_POINT('',(0.,-0.0825,0.06));
#2200=CARTESIAN_POINT('',(0.,-0.1475,0.06));
#2201=CARTESIAN_POINT('',(-0.053,-0.1475,0.06));
#2202=CARTESIAN_POINT('',(0.053,-0.1475,0.06));
#2203=CARTESIAN_POINT('',(0.053,0.,0.06));
#2204=CARTESIAN_POINT('',(0.053,-0.0975,0.06));
#2205=CARTESIAN_POINT('',(0.,-0.0975,0.06));
#2206=CARTESIAN_POINT('',(-0.053,-0.0975,0.06));
#2207=CARTESIAN_POINT('',(-0.053,0.,0.06));
#2208=CARTESIAN_POINT('',(0.005,0.,0.));
#2209=CARTESIAN_POINT('',(0.005,0.01,0.));
#2210=CARTESIAN_POINT('',(0.118,0.01,0.));
#2211=CARTESIAN_POINT('',(0.103,0.01,0.));
#2212=CARTESIAN_POINT('',(0.118,2.72728699527484E-17,0.));
#2213=CARTESIAN_POINT('',(0.118,0.125,0.));
#2214=CARTESIAN_POINT('',(0.005,0.125,0.));
#2215=CARTESIAN_POINT('',(0.103,0.125,0.));
#2216=CARTESIAN_POINT('',(0.103,2.36525774811446E-17,0.));
#2217=CARTESIAN_POINT('',(-0.093,-2.36525774811446E-17,0.));
#2218=CARTESIAN_POINT('',(-0.093,-0.125,0.));
#2219=CARTESIAN_POINT('',(-0.093,-0.01,0.));
#2220=CARTESIAN_POINT('',(0.005,-0.125,0.));
#2221=CARTESIAN_POINT('',(-0.078,-0.125,0.));
#2222=CARTESIAN_POINT('',(-0.078,-2.00322850095409E-17,0.));
#2223=CARTESIAN_POINT('',(-0.078,-0.01,0.));
#2224=CARTESIAN_POINT('',(0.005,-0.01,0.));
#2225=CARTESIAN_POINT('',(-0.093,-2.36525774811446E-17,0.));
#2226=CARTESIAN_POINT('',(-0.093,0.01,0.));
#2227=CARTESIAN_POINT('',(-0.093,0.125,0.));
#2228=CARTESIAN_POINT('',(0.005,0.01,0.));
#2229=CARTESIAN_POINT('',(-0.078,0.01,0.));
#2230=CARTESIAN_POINT('',(-0.078,-2.00322850095409E-17,0.));
#2231=CARTESIAN_POINT('',(-0.078,0.125,0.));
#2232=CARTESIAN_POINT('',(0.005,0.125,0.));
#2233=CARTESIAN_POINT('',(0.142,-0.1455,0.));
#2234=CARTESIAN_POINT('',(0.1445,-0.1455,0.));
#2235=CARTESIAN_POINT('',(0.142,-0.1215,0.));
#2236=CARTESIAN_POINT('',(0.1445,-0.1215,0.));
#2237=CARTESIAN_POINT('',(-0.13,-0.1455,0.));
#2238=CARTESIAN_POINT('',(-0.1275,-0.1455,0.));
#2239=CARTESIAN_POINT('',(-0.13,-0.1215,0.));
#2240=CARTESIAN_POINT('',(-0.1275,-0.1215,0.));
#2241=CARTESIAN_POINT('',(0.132,-0.0015,0.));
#2242=CARTESIAN_POINT('',(0.1345,-0.0015,0.));
#2243=CARTESIAN_POINT('',(0.142,0.1235,0.));
#2244=CARTESIAN_POINT('',(0.1445,0.1235,0.));
#2245=CARTESIAN_POINT('',(0.142,0.1475,0.));
#2246=CARTESIAN_POINT('',(0.1445,0.1475,0.));
#2247=CARTESIAN_POINT('',(-0.13,0.1235,0.));
#2248=CARTESIAN_POINT('',(-0.1275,0.1235,0.));
#2249=CARTESIAN_POINT('',(-0.13,0.1475,0.));
#2250=CARTESIAN_POINT('',(-0.1275,0.1475,0.));
#2251=CARTESIAN_POINT('',(0.132,0.0565,0.));
#2252=CARTESIAN_POINT('',(0.1345,0.0565,0.));
#2253=CARTESIAN_POINT('',(-0.116,0.0565,0.));
#2254=CARTESIAN_POINT('',(-0.1135,0.0565,0.));
#2255=CARTESIAN_POINT('',(-0.116,-0.0015,0.));
#2256=CARTESIAN_POINT('',(-0.1135,-0.0015,0.));
#2257=CARTESIAN_POINT('',(-0.065,-0.0125,0.));
#2258=CARTESIAN_POINT('',(-0.065,-0.1575,0.));
#2259=CARTESIAN_POINT('',(-0.065,0.1325,0.));
#2260=CARTESIAN_POINT('',(0.,-0.1575,0.));
#2261=CARTESIAN_POINT('',(-0.16,-0.1575,0.));
#2262=CARTESIAN_POINT('',(-0.16,0.075,0.));
#2263=CARTESIAN_POINT('',(-0.16,0.1575,0.));
#2264=CARTESIAN_POINT('',(0.,0.1575,0.));
#2265=CARTESIAN_POINT('',(0.16,0.1575,0.));
#2266=CARTESIAN_POINT('',(0.16,0.075,0.));
#2267=CARTESIAN_POINT('',(0.16,-0.1575,0.));
#2268=CARTESIAN_POINT('',(0.,-0.1575,0.));
#2269=CARTESIAN_POINT('',(0.065,-0.1575,0.));
#2270=CARTESIAN_POINT('',(0.065,-0.0125,0.));
#2271=CARTESIAN_POINT('',(0.065,0.1325,0.));
#2272=CARTESIAN_POINT('',(2.77555756156289E-17,0.1325,0.));
#2273=CARTESIAN_POINT('',(0.103,2.36525774811446E-17,0.));
#2274=CARTESIAN_POINT('',(0.103,-0.125,0.));
#2275=CARTESIAN_POINT('',(0.103,-0.01,0.));
#2276=CARTESIAN_POINT('',(0.005,-0.125,0.));
#2277=CARTESIAN_POINT('',(0.118,-0.125,0.));
#2278=CARTESIAN_POINT('',(0.118,2.72728699527484E-17,0.));
#2279=CARTESIAN_POINT('',(0.118,-0.01,0.));
#2280=CARTESIAN_POINT('',(0.005,-0.01,0.));
#2281=CARTESIAN_POINT('',(0.005,0.01,0.));
#2282=CARTESIAN_POINT('',(0.093,0.01,0.));
#2283=CARTESIAN_POINT('',(0.078,0.01,0.));
#2284=CARTESIAN_POINT('',(0.093,2.12390491667421E-17,0.));
#2285=CARTESIAN_POINT('',(0.093,0.125,0.));
#2286=CARTESIAN_POINT('',(0.005,0.125,0.));
#2287=CARTESIAN_POINT('',(0.078,0.125,0.));
#2288=CARTESIAN_POINT('',(0.078,1.76187566951384E-17,0.));
#2289=CARTESIAN_POINT('',(0.005,-0.125,0.));
#2290=CARTESIAN_POINT('',(0.093,-0.125,0.));
#2291=CARTESIAN_POINT('',(0.078,-0.125,0.));
#2292=CARTESIAN_POINT('',(0.093,2.12390491667421E-17,0.));
#2293=CARTESIAN_POINT('',(0.093,-0.01,0.));
#2294=CARTESIAN_POINT('',(0.005,-0.01,0.));
#2295=CARTESIAN_POINT('',(0.078,-0.01,0.));
#2296=CARTESIAN_POINT('',(0.078,1.76187566951384E-17,0.));
#2297=CARTESIAN_POINT('',(0.005,0.,0.005));
#2298=CARTESIAN_POINT('',(0.068,-0.011,0.005));
#2299=CARTESIAN_POINT('',(0.068,0.0855,0.005));
#2300=CARTESIAN_POINT('',(0.068,0.1355,0.005));
#2301=CARTESIAN_POINT('',(0.932,0.0855,0.005));
#2302=CARTESIAN_POINT('',(0.065,0.0855,0.005));
#2303=CARTESIAN_POINT('',(0.065,-0.0125,0.005));
#2304=CARTESIAN_POINT('',(0.065,0.0555,0.005));
#2305=CARTESIAN_POINT('',(0.932,0.0555,0.005));
#2306=CARTESIAN_POINT('',(0.068,0.0555,0.005));
#2307=CARTESIAN_POINT('',(0.068,-0.011,0.005));
#2308=CARTESIAN_POINT('',(0.068,-0.1195,0.005));
#2309=CARTESIAN_POINT('',(0.932,-0.1195,0.005));
#2310=CARTESIAN_POINT('',(0.065,-0.1195,0.005));
#2311=CARTESIAN_POINT('',(0.065,-0.0125,0.005));
#2312=CARTESIAN_POINT('',(0.065,-0.1495,0.005));
#2313=CARTESIAN_POINT('',(0.932,-0.1495,0.005));
#2314=CARTESIAN_POINT('',(0.068,-0.1495,0.005));
#2315=CARTESIAN_POINT('',(0.068,-0.011,0.005));
#2316=CARTESIAN_POINT('',(0.068,-0.1575,0.005));
#2317=CARTESIAN_POINT('',(0.,-0.1575,0.005));
#2318=CARTESIAN_POINT('',(0.16,-0.1575,0.005));
#2319=CARTESIAN_POINT('',(0.16,0.075,0.005));
#2320=CARTESIAN_POINT('',(0.16,0.1575,0.005));
#2321=CARTESIAN_POINT('',(0.,0.1575,0.005));
#2322=CARTESIAN_POINT('',(-0.16,0.1575,0.005));
#2323=CARTESIAN_POINT('',(-0.16,0.075,0.005));
#2324=CARTESIAN_POINT('',(-0.16,-0.1575,0.005));
#2325=CARTESIAN_POINT('',(0.,-0.1575,0.005));
#2326=CARTESIAN_POINT('',(-0.068,-0.1575,0.005));
#2327=CARTESIAN_POINT('',(-0.068,-0.011,0.005));
#2328=CARTESIAN_POINT('',(-0.068,-0.1495,0.005));
#2329=CARTESIAN_POINT('',(0.932,-0.1495,0.005));
#2330=CARTESIAN_POINT('',(-0.065,-0.1495,0.005));
#2331=CARTESIAN_POINT('',(-0.065,-0.0125,0.005));
#2332=CARTESIAN_POINT('',(-0.065,-0.1195,0.005));
#2333=CARTESIAN_POINT('',(0.932,-0.1195,0.005));
#2334=CARTESIAN_POINT('',(-0.068,-0.1195,0.005));
#2335=CARTESIAN_POINT('',(-0.068,-0.011,0.005));
#2336=CARTESIAN_POINT('',(-0.068,0.0555,0.005));
#2337=CARTESIAN_POINT('',(0.932,0.0555,0.005));
#2338=CARTESIAN_POINT('',(-0.065,0.0555,0.005));
#2339=CARTESIAN_POINT('',(-0.065,-0.0125,0.005));
#2340=CARTESIAN_POINT('',(-0.065,0.0855,0.005));
#2341=CARTESIAN_POINT('',(0.932,0.0855,0.005));
#2342=CARTESIAN_POINT('',(-0.068,0.0855,0.005));
#2343=CARTESIAN_POINT('',(-0.068,-0.011,0.005));
#2344=CARTESIAN_POINT('',(-0.068,0.1355,0.005));
#2345=CARTESIAN_POINT('',(-2.77555756156289E-17,0.1355,0.005));
#2346=CARTESIAN_POINT('',(-0.116,-0.0015,0.005));
#2347=CARTESIAN_POINT('',(-0.1135,-0.0015,0.005));
#2348=CARTESIAN_POINT('',(-0.116,0.0565,0.005));
#2349=CARTESIAN_POINT('',(-0.1135,0.0565,0.005));
#2350=CARTESIAN_POINT('',(-0.13,0.1475,0.005));
#2351=CARTESIAN_POINT('',(-0.1275,0.1475,0.005));
#2352=CARTESIAN_POINT('',(-0.13,0.1235,0.005));
#2353=CARTESIAN_POINT('',(-0.1275,0.1235,0.005));
#2354=CARTESIAN_POINT('',(0.142,0.1475,0.005));
#2355=CARTESIAN_POINT('',(0.1445,0.1475,0.005));
#2356=CARTESIAN_POINT('',(0.142,0.1235,0.005));
#2357=CARTESIAN_POINT('',(0.1445,0.1235,0.005));
#2358=CARTESIAN_POINT('',(-0.13,-0.1215,0.005));
#2359=CARTESIAN_POINT('',(-0.1275,-0.1215,0.005));
#2360=CARTESIAN_POINT('',(-0.13,-0.1455,0.005));
#2361=CARTESIAN_POINT('',(-0.1275,-0.1455,0.005));
#2362=CARTESIAN_POINT('',(-0.121,-0.0455,0.005));
#2363=CARTESIAN_POINT('',(-0.115,-0.0455,0.005));
#2364=CARTESIAN_POINT('',(0.132,0.0565,0.005));
#2365=CARTESIAN_POINT('',(0.1345,0.0565,0.005));
#2366=CARTESIAN_POINT('',(0.142,-0.1215,0.005));
#2367=CARTESIAN_POINT('',(0.1445,-0.1215,0.005));
#2368=CARTESIAN_POINT('',(0.142,-0.1455,0.005));
#2369=CARTESIAN_POINT('',(0.1445,-0.1455,0.005));
#2370=CARTESIAN_POINT('',(0.132,-0.0015,0.005));
#2371=CARTESIAN_POINT('',(0.1345,-0.0015,0.005));
#2372=CARTESIAN_POINT('',(0.137,-0.0455,0.005));
#2373=CARTESIAN_POINT('',(0.143,-0.0455,0.005));
#2374=CARTESIAN_POINT('',(-0.0855,0.01,0.005));
#2375=CARTESIAN_POINT('',(-0.078,0.01,0.005));
#2376=CARTESIAN_POINT('',(-0.093,0.01,0.005));
#2377=CARTESIAN_POINT('',(-0.093,0.0675,0.005));
#2378=CARTESIAN_POINT('',(-0.093,0.125,0.005));
#2379=CARTESIAN_POINT('',(-0.0855,0.125,0.005));
#2380=CARTESIAN_POINT('',(-0.078,0.125,0.005));
#2381=CARTESIAN_POINT('',(-0.078,0.0675,0.005));
#2382=CARTESIAN_POINT('',(0.1105,-0.125,0.005));
#2383=CARTESIAN_POINT('',(0.103,-0.125,0.005));
#2384=CARTESIAN_POINT('',(0.118,-0.125,0.005));
#2385=CARTESIAN_POINT('',(0.103,-0.0675,0.005));
#2386=CARTESIAN_POINT('',(0.103,-0.01,0.005));
#2387=CARTESIAN_POINT('',(0.1105,-0.01,0.005));
#2388=CARTESIAN_POINT('',(0.118,-0.01,0.005));
#2389=CARTESIAN_POINT('',(0.118,-0.0675,0.005));
#2390=CARTESIAN_POINT('',(-0.0855,-0.125,0.005));
#2391=CARTESIAN_POINT('',(-0.093,-0.125,0.005));
#2392=CARTESIAN_POINT('',(-0.078,-0.125,0.005));
#2393=CARTESIAN_POINT('',(-0.093,-0.0675,0.005));
#2394=CARTESIAN_POINT('',(-0.093,-0.01,0.005));
#2395=CARTESIAN_POINT('',(-0.0855,-0.01,0.005));
#2396=CARTESIAN_POINT('',(-0.078,-0.01,0.005));
#2397=CARTESIAN_POINT('',(-0.078,-0.0675,0.005));
#2398=CARTESIAN_POINT('',(0.093,0.0675,0.005));
#2399=CARTESIAN_POINT('',(0.093,0.01,0.005));
#2400=CARTESIAN_POINT('',(0.093,0.125,0.005));
#2401=CARTESIAN_POINT('',(0.0855,0.01,0.005));
#2402=CARTESIAN_POINT('',(0.078,0.01,0.005));
#2403=CARTESIAN_POINT('',(0.078,0.0675,0.005));
#2404=CARTESIAN_POINT('',(0.078,0.125,0.005));
#2405=CARTESIAN_POINT('',(0.0855,0.125,0.005));
#2406=CARTESIAN_POINT('',(0.118,0.0675,0.005));
#2407=CARTESIAN_POINT('',(0.118,0.01,0.005));
#2408=CARTESIAN_POINT('',(0.118,0.125,0.005));
#2409=CARTESIAN_POINT('',(0.1105,0.01,0.005));
#2410=CARTESIAN_POINT('',(0.103,0.01,0.005));
#2411=CARTESIAN_POINT('',(0.103,0.0675,0.005));
#2412=CARTESIAN_POINT('',(0.103,0.125,0.005));
#2413=CARTESIAN_POINT('',(0.1105,0.125,0.005));
#2414=CARTESIAN_POINT('',(0.093,-0.0675,0.005));
#2415=CARTESIAN_POINT('',(0.093,-0.125,0.005));
#2416=CARTESIAN_POINT('',(0.093,-0.01,0.005));
#2417=CARTESIAN_POINT('',(0.0855,-0.125,0.005));
#2418=CARTESIAN_POINT('',(0.078,-0.125,0.005));
#2419=CARTESIAN_POINT('',(0.078,-0.0675,0.005));
#2420=CARTESIAN_POINT('',(0.078,-0.01,0.005));
#2421=CARTESIAN_POINT('',(0.0855,-0.01,0.005));
#2422=CARTESIAN_POINT('',(0.068,-0.011,0.063));
#2423=CARTESIAN_POINT('',(0.068,0.0855,0.063));
#2424=CARTESIAN_POINT('',(0.068,0.0855,0.02));
#2425=CARTESIAN_POINT('',(0.068,0.1355,0.063));
#2426=CARTESIAN_POINT('',(0.068,-0.1575,0.063));
#2427=CARTESIAN_POINT('',(0.068,-0.1495,0.063));
#2428=CARTESIAN_POINT('',(0.068,-0.1495,0.02));
#2429=CARTESIAN_POINT('',(0.068,-0.011,0.02));
#2430=CARTESIAN_POINT('',(0.068,-0.1195,0.02));
#2431=CARTESIAN_POINT('',(0.068,-0.1195,0.063));
#2432=CARTESIAN_POINT('',(0.068,0.0555,0.063));
#2433=CARTESIAN_POINT('',(0.068,0.0555,0.02));
#2434=CARTESIAN_POINT('',(0.068,-0.011,0.02));
#2435=CARTESIAN_POINT('',(-0.068,-0.011,0.063));
#2436=CARTESIAN_POINT('',(-0.068,0.0855,0.0125));
#2437=CARTESIAN_POINT('',(-0.068,0.0855,0.02));
#2438=CARTESIAN_POINT('',(-0.068,0.0705,0.02));
#2439=CARTESIAN_POINT('',(-0.068,0.0555,0.02));
#2440=CARTESIAN_POINT('',(-0.068,0.0555,0.0125));
#2441=CARTESIAN_POINT('',(-0.068,-0.1195,0.0125));
#2442=CARTESIAN_POINT('',(-0.068,-0.1195,0.02));
#2443=CARTESIAN_POINT('',(-0.068,-0.1345,0.02));
#2444=CARTESIAN_POINT('',(-0.068,-0.1495,0.02));
#2445=CARTESIAN_POINT('',(-0.068,-0.1495,0.0125));
#2446=CARTESIAN_POINT('',(-0.068,-0.1575,0.063));
#2447=CARTESIAN_POINT('',(-0.068,0.1355,0.063));
#2448=CARTESIAN_POINT('',(-0.065,-0.0125,0.06));
#2449=CARTESIAN_POINT('',(-0.065,-0.1195,0.06));
#2450=CARTESIAN_POINT('',(-0.065,-0.1195,0.02));
#2451=CARTESIAN_POINT('',(-0.065,-0.1495,0.06));
#2452=CARTESIAN_POINT('',(-0.065,-0.1495,0.02));
#2453=CARTESIAN_POINT('',(-0.065,-0.0125,0.02));
#2454=CARTESIAN_POINT('',(-0.065,0.1325,0.06));
#2455=CARTESIAN_POINT('',(-0.065,-0.1575,0.06));
#2456=CARTESIAN_POINT('',(-0.065,0.0855,0.06));
#2457=CARTESIAN_POINT('',(-0.065,0.0855,0.02));
#2458=CARTESIAN_POINT('',(-0.065,0.0555,0.06));
#2459=CARTESIAN_POINT('',(-0.065,0.0555,0.02));
#2460=CARTESIAN_POINT('',(-0.065,-0.0125,0.02));
#2461=CARTESIAN_POINT('',(0.065,-0.0125,0.06));
#2462=CARTESIAN_POINT('',(0.065,-0.1575,0.06));
#2463=CARTESIAN_POINT('',(0.065,0.1325,0.06));
#2464=CARTESIAN_POINT('',(0.065,-0.1195,0.06));
#2465=CARTESIAN_POINT('',(0.065,-0.1195,0.02));
#2466=CARTESIAN_POINT('',(0.065,-0.0125,0.02));
#2467=CARTESIAN_POINT('',(0.065,-0.1495,0.02));
#2468=CARTESIAN_POINT('',(0.065,-0.1495,0.06));
#2469=CARTESIAN_POINT('',(0.065,0.0855,0.06));
#2470=CARTESIAN_POINT('',(0.065,0.0855,0.02));
#2471=CARTESIAN_POINT('',(0.065,-0.0125,0.02));
#2472=CARTESIAN_POINT('',(0.065,0.0555,0.02));
#2473=CARTESIAN_POINT('',(0.065,0.0555,0.06));
#2474=CARTESIAN_POINT('',(0.,-0.1575,0.005));
#2475=CARTESIAN_POINT('',(0.16,-0.1575,0.005));
#2476=CARTESIAN_POINT('',(-0.16,-0.1575,0.005));
#2477=CARTESIAN_POINT('',(0.16,0.075,0.005));
#2478=CARTESIAN_POINT('',(0.16,0.1575,0.005));
#2479=CARTESIAN_POINT('',(0.,0.1575,0.005));
#2480=CARTESIAN_POINT('',(-0.16,0.1575,0.005));
#2481=CARTESIAN_POINT('',(-0.16,0.075,0.005));
#2482=CARTESIAN_POINT('',(0.142,-0.1215,0.005));
#2483=CARTESIAN_POINT('',(-0.13,-0.1455,0.005));
#2484=CARTESIAN_POINT('',(-0.13,-0.1215,0.005));
#2485=CARTESIAN_POINT('',(0.132,-0.0015,0.005));
#2486=CARTESIAN_POINT('',(0.142,0.1235,0.005));
#2487=CARTESIAN_POINT('',(0.142,0.1475,0.005));
#2488=CARTESIAN_POINT('',(-0.13,0.1235,0.005));
#2489=CARTESIAN_POINT('',(-0.13,0.1475,0.005));
#2490=CARTESIAN_POINT('',(0.132,0.0565,0.005));
#2491=CARTESIAN_POINT('',(-0.116,0.0565,0.005));
#2492=CARTESIAN_POINT('',(-0.116,-0.0015,0.005));
#2493=CARTESIAN_POINT('',(0.142,-0.1455,0.005));
#2494=CARTESIAN_POINT('',(0.137,-0.0455,0.015));
#2495=CARTESIAN_POINT('',(0.137,-0.0455,0.015));
#2496=CARTESIAN_POINT('',(0.143,-0.0455,0.015));
#2497=CARTESIAN_POINT('',(0.137,-0.0455,0.015));
#2498=CARTESIAN_POINT('',(0.137,-0.0455,0.015));
#2499=CARTESIAN_POINT('',(0.141,-0.0455,0.015));
#2500=CARTESIAN_POINT('',(0.137,-0.0455,0.005));
#2501=CARTESIAN_POINT('',(0.141,-0.0455,0.005));
#2502=CARTESIAN_POINT('',(0.,0.,0.015));
#2503=CARTESIAN_POINT('',(0.005,0.,0.005));
#2504=CARTESIAN_POINT('',(-0.121,-0.0455,0.015));
#2505=CARTESIAN_POINT('',(-0.121,-0.0455,0.015));
#2506=CARTESIAN_POINT('',(-0.117,-0.0455,0.015));
#2507=CARTESIAN_POINT('',(-0.121,-0.0455,0.005));
#2508=CARTESIAN_POINT('',(-0.117,-0.0455,0.005));
#2509=CARTESIAN_POINT('',(-0.121,-0.0455,0.015));
#2510=CARTESIAN_POINT('',(-0.121,-0.0455,0.015));
#2511=CARTESIAN_POINT('',(-0.115,-0.0455,0.015));
#2512=CARTESIAN_POINT('',(0.,0.,0.015));
#2513=CARTESIAN_POINT('',(0.005,0.,0.005));
#2514=CARTESIAN_POINT('',(-2.77555756156289E-17,0.1355,0.063));
#2515=CARTESIAN_POINT('',(2.77555756156289E-17,0.1325,0.06));
#2516=CARTESIAN_POINT('',(0.932,-0.1345,0.02));
#2517=CARTESIAN_POINT('',(0.932,-0.1495,0.02));
#2518=CARTESIAN_POINT('',(0.932,-0.1195,0.02));
#2519=CARTESIAN_POINT('',(0.932,-0.1495,0.0125));
#2520=CARTESIAN_POINT('',(0.932,-0.1195,0.0125));
#2521=CARTESIAN_POINT('',(0.932,0.0705,0.02));
#2522=CARTESIAN_POINT('',(0.932,0.0555,0.02));
#2523=CARTESIAN_POINT('',(0.932,0.0855,0.02));
#2524=CARTESIAN_POINT('',(0.932,0.0555,0.0125));
#2525=CARTESIAN_POINT('',(0.932,0.0855,0.0125));
#2526=CARTESIAN_POINT('',(0.932,-0.1195,0.0125));
#2527=CARTESIAN_POINT('',(0.932,-0.1195,0.02));
#2528=CARTESIAN_POINT('',(0.932,-0.1495,0.0125));
#2529=CARTESIAN_POINT('',(0.932,-0.1495,0.02));
#2530=CARTESIAN_POINT('',(0.932,-0.1345,0.02));
#2531=CARTESIAN_POINT('',(0.932,0.0855,0.0125));
#2532=CARTESIAN_POINT('',(0.932,0.0855,0.02));
#2533=CARTESIAN_POINT('',(0.932,0.0555,0.0125));
#2534=CARTESIAN_POINT('',(0.932,0.0555,0.02));
#2535=CARTESIAN_POINT('',(0.932,0.0705,0.02));
#2536=CARTESIAN_POINT('',(-4.16333634234433E-17,0.1205,0.038));
#2537=CARTESIAN_POINT('',(0.053,0.1205,0.038));
#2538=CARTESIAN_POINT('',(-0.053,0.1205,0.038));
#2539=CARTESIAN_POINT('',(-0.053,0.019,0.038));
#2540=CARTESIAN_POINT('',(-0.053,-0.0825,0.038));
#2541=CARTESIAN_POINT('',(-3.46944695195361E-18,-0.0825,0.038));
#2542=CARTESIAN_POINT('',(0.053,-0.0825,0.038));
#2543=CARTESIAN_POINT('',(0.053,0.019,0.038));
#2544=CARTESIAN_POINT('',(-0.093,0.0675,-0.02));
#2545=CARTESIAN_POINT('',(-0.093,0.125,-0.02));
#2546=CARTESIAN_POINT('',(-0.093,0.01,-0.02));
#2547=CARTESIAN_POINT('',(-0.0855,0.01,-0.02));
#2548=CARTESIAN_POINT('',(-0.078,0.01,-0.02));
#2549=CARTESIAN_POINT('',(-0.078,0.0675,-0.02));
#2550=CARTESIAN_POINT('',(-0.078,0.125,-0.02));
#2551=CARTESIAN_POINT('',(-0.0855,0.125,-0.02));
#2552=CARTESIAN_POINT('',(0.103,-0.0675,-0.02));
#2553=CARTESIAN_POINT('',(0.103,-0.01,-0.02));
#2554=CARTESIAN_POINT('',(0.103,-0.125,-0.02));
#2555=CARTESIAN_POINT('',(0.1105,-0.125,-0.02));
#2556=CARTESIAN_POINT('',(0.118,-0.125,-0.02));
#2557=CARTESIAN_POINT('',(0.118,-0.0675,-0.02));
#2558=CARTESIAN_POINT('',(0.118,-0.01,-0.02));
#2559=CARTESIAN_POINT('',(0.1105,-0.01,-0.02));
#2560=CARTESIAN_POINT('',(-0.093,-0.0675,-0.02));
#2561=CARTESIAN_POINT('',(-0.093,-0.01,-0.02));
#2562=CARTESIAN_POINT('',(-0.093,-0.125,-0.02));
#2563=CARTESIAN_POINT('',(-0.0855,-0.125,-0.02));
#2564=CARTESIAN_POINT('',(-0.078,-0.125,-0.02));
#2565=CARTESIAN_POINT('',(-0.078,-0.0675,-0.02));
#2566=CARTESIAN_POINT('',(-0.078,-0.01,-0.02));
#2567=CARTESIAN_POINT('',(-0.0855,-0.01,-0.02));
#2568=CARTESIAN_POINT('',(0.0855,0.01,-0.02));
#2569=CARTESIAN_POINT('',(0.078,0.01,-0.02));
#2570=CARTESIAN_POINT('',(0.093,0.01,-0.02));
#2571=CARTESIAN_POINT('',(0.093,0.0675,-0.02));
#2572=CARTESIAN_POINT('',(0.093,0.125,-0.02));
#2573=CARTESIAN_POINT('',(0.0855,0.125,-0.02));
#2574=CARTESIAN_POINT('',(0.078,0.125,-0.02));
#2575=CARTESIAN_POINT('',(0.078,0.0675,-0.02));
#2576=CARTESIAN_POINT('',(0.1105,0.01,-0.02));
#2577=CARTESIAN_POINT('',(0.103,0.01,-0.02));
#2578=CARTESIAN_POINT('',(0.118,0.01,-0.02));
#2579=CARTESIAN_POINT('',(0.118,0.0675,-0.02));
#2580=CARTESIAN_POINT('',(0.118,0.125,-0.02));
#2581=CARTESIAN_POINT('',(0.1105,0.125,-0.02));
#2582=CARTESIAN_POINT('',(0.103,0.125,-0.02));
#2583=CARTESIAN_POINT('',(0.103,0.0675,-0.02));
#2584=CARTESIAN_POINT('',(0.0855,-0.125,-0.02));
#2585=CARTESIAN_POINT('',(0.078,-0.125,-0.02));
#2586=CARTESIAN_POINT('',(0.093,-0.125,-0.02));
#2587=CARTESIAN_POINT('',(0.093,-0.0675,-0.02));
#2588=CARTESIAN_POINT('',(0.093,-0.01,-0.02));
#2589=CARTESIAN_POINT('',(0.0855,-0.01,-0.02));
#2590=CARTESIAN_POINT('',(0.078,-0.01,-0.02));
#2591=CARTESIAN_POINT('',(0.078,-0.0675,-0.02));
#2592=CARTESIAN_POINT('',(0.053,-0.1225,0.058));
#2593=CARTESIAN_POINT('',(0.053,-0.1475,0.058));
#2594=CARTESIAN_POINT('',(0.053,-0.0975,0.058));
#2595=CARTESIAN_POINT('',(0.,-0.0975,0.058));
#2596=CARTESIAN_POINT('',(-0.053,-0.0975,0.058));
#2597=CARTESIAN_POINT('',(-0.053,-0.1225,0.058));
#2598=CARTESIAN_POINT('',(-0.053,-0.1475,0.058));
#2599=CARTESIAN_POINT('',(0.,-0.1475,0.058));
#2600=MECHANICAL_DESIGN_GEOMETRIC_PRESENTATION_REPRESENTATION('',(#1633),
#2601);
#2601=(
GEOMETRIC_REPRESENTATION_CONTEXT(3)
GLOBAL_UNCERTAINTY_ASSIGNED_CONTEXT((#2602))
GLOBAL_UNIT_ASSIGNED_CONTEXT((#2605,#2604,#2603))
REPRESENTATION_CONTEXT('Part 1','TOP_LEVEL_ASSEMBLY_PART')
);
#2602=UNCERTAINTY_MEASURE_WITH_UNIT(LENGTH_MEASURE(1.E-8),#2605,
'DISTANCE_ACCURACY_VALUE','Maximum Tolerance applied to model');
#2603=(
NAMED_UNIT(*)
SI_UNIT($,.STERADIAN.)
SOLID_ANGLE_UNIT()
);
#2604=(
NAMED_UNIT(*)
PLANE_ANGLE_UNIT()
SI_UNIT($,.RADIAN.)
);
#2605=(
LENGTH_UNIT()
NAMED_UNIT(*)
SI_UNIT($,.METRE.)
);
#2606=PRODUCT_DEFINITION_SHAPE('','',#2607);
#2607=PRODUCT_DEFINITION('','',#2609,#2608);
#2608=PRODUCT_DEFINITION_CONTEXT('',#2615,'design');
#2609=PRODUCT_DEFINITION_FORMATION_WITH_SPECIFIED_SOURCE('','',#2611,
 .NOT_KNOWN.);
#2610=PRODUCT_RELATED_PRODUCT_CATEGORY('','',(#2611));
#2611=PRODUCT('Part 1','Part 1','Part 1',(#2613));
#2612=PRODUCT_CATEGORY('','');
#2613=PRODUCT_CONTEXT('',#2615,'mechanical');
#2614=APPLICATION_PROTOCOL_DEFINITION('international standard',
'ap242_managed_model_based_3d_engineering',2020,#2615);
#2615=APPLICATION_CONTEXT('managed model based 3d engineering');
ENDSEC;
END-ISO-10303-21;
