ISO-10303-21;
HEADER;
/* Generated by software containing ST-Developer
 * from STEP Tools, Inc. (www.steptools.com) 
 */
/* OPTION: using custom renumber hook */

FILE_DESCRIPTION(
/* description */ ('STEP AP242 Edition 2',
'CAx-IF Rec.Pracs.---Representation and Presentation of Product Manufa
cturing Information (PMI)---4.0---2014-10-13',
'CAx-IF Rec.Pracs.---3D Tessellated Geometry---0.4---2014-09-14','2;1',
'CAx-IF Rec.Pracs.---User Defined Attributes---1.5---2016-08-15'),
/* implementation_level */ '2;1');

FILE_NAME(
/* name */ 'Cover part 1',
/* time_stamp */ '2026-06-21T03:57:50Z',
/* author */ (''),
/* organization */ (''),
/* preprocessor_version */ 'ST-DEVELOPER v20',
/* originating_system */ 'ONSHAPE BY PTC INC, 1.216',
/* authorisation */ '  ');

FILE_SCHEMA (('AP242_MANAGED_MODEL_BASED_3D_ENGINEERING_MIM_LF { 1 0 10303 442 3 1 4 }'));
ENDSEC;

DATA;
#10=SHAPE_REPRESENTATION_RELATIONSHIP('','',#2287,#11);
#11=ADVANCED_BREP_SHAPE_REPRESENTATION('',(#2285),#3599);
#12=CIRCLE('',#2298,0.0025);
#13=CIRCLE('',#2299,0.0025);
#14=CIRCLE('',#2301,0.0025);
#15=CIRCLE('',#2302,0.0025);
#16=CIRCLE('',#2304,0.0025);
#17=CIRCLE('',#2305,0.0025);
#18=CIRCLE('',#2307,0.0025);
#19=CIRCLE('',#2308,0.0025);
#20=CIRCLE('',#2310,0.0025);
#21=CIRCLE('',#2311,0.0025);
#22=CIRCLE('',#2313,0.0025);
#23=CIRCLE('',#2314,0.0025);
#24=CIRCLE('',#2318,0.0025);
#25=CIRCLE('',#2320,0.0025);
#26=CIRCLE('',#2321,0.0025);
#27=CIRCLE('',#2338,0.0025);
#28=CYLINDRICAL_SURFACE('',#2297,0.0025);
#29=CYLINDRICAL_SURFACE('',#2300,0.0025);
#30=CYLINDRICAL_SURFACE('',#2303,0.0025);
#31=CYLINDRICAL_SURFACE('',#2306,0.0025);
#32=CYLINDRICAL_SURFACE('',#2309,0.0025);
#33=CYLINDRICAL_SURFACE('',#2312,0.0025);
#34=CYLINDRICAL_SURFACE('',#2319,0.0025);
#35=CYLINDRICAL_SURFACE('',#2337,0.0025);
#36=ORIENTED_EDGE('',*,*,#652,.F.);
#37=ORIENTED_EDGE('',*,*,#653,.F.);
#38=ORIENTED_EDGE('',*,*,#654,.T.);
#39=ORIENTED_EDGE('',*,*,#655,.T.);
#40=ORIENTED_EDGE('',*,*,#656,.F.);
#41=ORIENTED_EDGE('',*,*,#657,.F.);
#42=ORIENTED_EDGE('',*,*,#658,.T.);
#43=ORIENTED_EDGE('',*,*,#659,.T.);
#44=ORIENTED_EDGE('',*,*,#660,.F.);
#45=ORIENTED_EDGE('',*,*,#661,.F.);
#46=ORIENTED_EDGE('',*,*,#662,.F.);
#47=ORIENTED_EDGE('',*,*,#663,.T.);
#48=ORIENTED_EDGE('',*,*,#664,.F.);
#49=ORIENTED_EDGE('',*,*,#665,.T.);
#50=ORIENTED_EDGE('',*,*,#666,.T.);
#51=ORIENTED_EDGE('',*,*,#667,.F.);
#52=ORIENTED_EDGE('',*,*,#668,.F.);
#53=ORIENTED_EDGE('',*,*,#669,.F.);
#54=ORIENTED_EDGE('',*,*,#670,.F.);
#55=ORIENTED_EDGE('',*,*,#661,.T.);
#56=ORIENTED_EDGE('',*,*,#671,.T.);
#57=ORIENTED_EDGE('',*,*,#672,.T.);
#58=ORIENTED_EDGE('',*,*,#673,.F.);
#59=ORIENTED_EDGE('',*,*,#674,.F.);
#60=ORIENTED_EDGE('',*,*,#675,.T.);
#61=ORIENTED_EDGE('',*,*,#676,.T.);
#62=ORIENTED_EDGE('',*,*,#677,.F.);
#63=ORIENTED_EDGE('',*,*,#678,.F.);
#64=ORIENTED_EDGE('',*,*,#669,.T.);
#65=ORIENTED_EDGE('',*,*,#679,.T.);
#66=ORIENTED_EDGE('',*,*,#680,.F.);
#67=ORIENTED_EDGE('',*,*,#681,.T.);
#68=ORIENTED_EDGE('',*,*,#680,.T.);
#69=ORIENTED_EDGE('',*,*,#682,.T.);
#70=ORIENTED_EDGE('',*,*,#663,.F.);
#71=ORIENTED_EDGE('',*,*,#683,.T.);
#72=ORIENTED_EDGE('',*,*,#684,.F.);
#73=ORIENTED_EDGE('',*,*,#685,.T.);
#74=ORIENTED_EDGE('',*,*,#686,.T.);
#75=ORIENTED_EDGE('',*,*,#687,.F.);
#76=ORIENTED_EDGE('',*,*,#688,.T.);
#77=ORIENTED_EDGE('',*,*,#689,.T.);
#78=ORIENTED_EDGE('',*,*,#690,.F.);
#79=ORIENTED_EDGE('',*,*,#691,.F.);
#80=ORIENTED_EDGE('',*,*,#692,.F.);
#81=ORIENTED_EDGE('',*,*,#693,.T.);
#82=ORIENTED_EDGE('',*,*,#694,.T.);
#83=ORIENTED_EDGE('',*,*,#695,.T.);
#84=ORIENTED_EDGE('',*,*,#696,.F.);
#85=ORIENTED_EDGE('',*,*,#697,.T.);
#86=ORIENTED_EDGE('',*,*,#698,.T.);
#87=ORIENTED_EDGE('',*,*,#699,.F.);
#88=ORIENTED_EDGE('',*,*,#700,.F.);
#89=ORIENTED_EDGE('',*,*,#701,.T.);
#90=ORIENTED_EDGE('',*,*,#702,.T.);
#91=ORIENTED_EDGE('',*,*,#703,.T.);
#92=ORIENTED_EDGE('',*,*,#704,.F.);
#93=ORIENTED_EDGE('',*,*,#705,.F.);
#94=ORIENTED_EDGE('',*,*,#706,.T.);
#95=ORIENTED_EDGE('',*,*,#707,.T.);
#96=ORIENTED_EDGE('',*,*,#708,.F.);
#97=ORIENTED_EDGE('',*,*,#709,.F.);
#98=ORIENTED_EDGE('',*,*,#710,.F.);
#99=ORIENTED_EDGE('',*,*,#711,.F.);
#100=ORIENTED_EDGE('',*,*,#712,.F.);
#101=ORIENTED_EDGE('',*,*,#713,.F.);
#102=ORIENTED_EDGE('',*,*,#714,.T.);
#103=ORIENTED_EDGE('',*,*,#715,.T.);
#104=ORIENTED_EDGE('',*,*,#716,.T.);
#105=ORIENTED_EDGE('',*,*,#717,.T.);
#106=ORIENTED_EDGE('',*,*,#718,.T.);
#107=ORIENTED_EDGE('',*,*,#719,.T.);
#108=ORIENTED_EDGE('',*,*,#720,.F.);
#109=ORIENTED_EDGE('',*,*,#721,.T.);
#110=ORIENTED_EDGE('',*,*,#722,.T.);
#111=ORIENTED_EDGE('',*,*,#723,.F.);
#112=ORIENTED_EDGE('',*,*,#724,.T.);
#113=ORIENTED_EDGE('',*,*,#725,.F.);
#114=ORIENTED_EDGE('',*,*,#726,.F.);
#115=ORIENTED_EDGE('',*,*,#727,.T.);
#116=ORIENTED_EDGE('',*,*,#728,.T.);
#117=ORIENTED_EDGE('',*,*,#729,.T.);
#118=ORIENTED_EDGE('',*,*,#730,.F.);
#119=ORIENTED_EDGE('',*,*,#731,.F.);
#120=ORIENTED_EDGE('',*,*,#732,.T.);
#121=ORIENTED_EDGE('',*,*,#733,.F.);
#122=ORIENTED_EDGE('',*,*,#734,.T.);
#123=ORIENTED_EDGE('',*,*,#735,.F.);
#124=ORIENTED_EDGE('',*,*,#736,.F.);
#125=ORIENTED_EDGE('',*,*,#737,.F.);
#126=ORIENTED_EDGE('',*,*,#738,.T.);
#127=ORIENTED_EDGE('',*,*,#739,.T.);
#128=ORIENTED_EDGE('',*,*,#740,.T.);
#129=ORIENTED_EDGE('',*,*,#741,.T.);
#130=ORIENTED_EDGE('',*,*,#742,.T.);
#131=ORIENTED_EDGE('',*,*,#743,.F.);
#132=ORIENTED_EDGE('',*,*,#744,.F.);
#133=ORIENTED_EDGE('',*,*,#745,.T.);
#134=ORIENTED_EDGE('',*,*,#746,.F.);
#135=ORIENTED_EDGE('',*,*,#747,.F.);
#136=ORIENTED_EDGE('',*,*,#748,.T.);
#137=ORIENTED_EDGE('',*,*,#749,.T.);
#138=ORIENTED_EDGE('',*,*,#750,.T.);
#139=ORIENTED_EDGE('',*,*,#751,.T.);
#140=ORIENTED_EDGE('',*,*,#752,.F.);
#141=ORIENTED_EDGE('',*,*,#753,.T.);
#142=ORIENTED_EDGE('',*,*,#754,.F.);
#143=ORIENTED_EDGE('',*,*,#755,.T.);
#144=ORIENTED_EDGE('',*,*,#756,.T.);
#145=ORIENTED_EDGE('',*,*,#753,.F.);
#146=ORIENTED_EDGE('',*,*,#757,.T.);
#147=ORIENTED_EDGE('',*,*,#758,.T.);
#148=ORIENTED_EDGE('',*,*,#755,.F.);
#149=ORIENTED_EDGE('',*,*,#759,.F.);
#150=ORIENTED_EDGE('',*,*,#760,.T.);
#151=ORIENTED_EDGE('',*,*,#761,.T.);
#152=ORIENTED_EDGE('',*,*,#762,.F.);
#153=ORIENTED_EDGE('',*,*,#757,.F.);
#154=ORIENTED_EDGE('',*,*,#763,.T.);
#155=ORIENTED_EDGE('',*,*,#746,.T.);
#156=ORIENTED_EDGE('',*,*,#764,.F.);
#157=ORIENTED_EDGE('',*,*,#761,.F.);
#158=ORIENTED_EDGE('',*,*,#765,.F.);
#159=ORIENTED_EDGE('',*,*,#766,.F.);
#160=ORIENTED_EDGE('',*,*,#748,.F.);
#161=ORIENTED_EDGE('',*,*,#767,.T.);
#162=ORIENTED_EDGE('',*,*,#762,.T.);
#163=ORIENTED_EDGE('',*,*,#764,.T.);
#164=ORIENTED_EDGE('',*,*,#749,.F.);
#165=ORIENTED_EDGE('',*,*,#766,.T.);
#166=ORIENTED_EDGE('',*,*,#768,.F.);
#167=ORIENTED_EDGE('',*,*,#769,.F.);
#168=ORIENTED_EDGE('',*,*,#770,.T.);
#169=ORIENTED_EDGE('',*,*,#771,.F.);
#170=ORIENTED_EDGE('',*,*,#772,.F.);
#171=ORIENTED_EDGE('',*,*,#750,.F.);
#172=ORIENTED_EDGE('',*,*,#756,.F.);
#173=ORIENTED_EDGE('',*,*,#758,.F.);
#174=ORIENTED_EDGE('',*,*,#745,.F.);
#175=ORIENTED_EDGE('',*,*,#773,.F.);
#176=ORIENTED_EDGE('',*,*,#774,.F.);
#177=ORIENTED_EDGE('',*,*,#775,.T.);
#178=ORIENTED_EDGE('',*,*,#743,.T.);
#179=ORIENTED_EDGE('',*,*,#776,.F.);
#180=ORIENTED_EDGE('',*,*,#733,.T.);
#181=ORIENTED_EDGE('',*,*,#775,.F.);
#182=ORIENTED_EDGE('',*,*,#777,.F.);
#183=ORIENTED_EDGE('',*,*,#778,.T.);
#184=ORIENTED_EDGE('',*,*,#779,.T.);
#185=ORIENTED_EDGE('',*,*,#734,.F.);
#186=ORIENTED_EDGE('',*,*,#776,.T.);
#187=ORIENTED_EDGE('',*,*,#780,.T.);
#188=ORIENTED_EDGE('',*,*,#735,.T.);
#189=ORIENTED_EDGE('',*,*,#779,.F.);
#190=ORIENTED_EDGE('',*,*,#781,.F.);
#191=ORIENTED_EDGE('',*,*,#782,.F.);
#192=ORIENTED_EDGE('',*,*,#736,.T.);
#193=ORIENTED_EDGE('',*,*,#780,.F.);
#194=ORIENTED_EDGE('',*,*,#783,.F.);
#195=ORIENTED_EDGE('',*,*,#737,.T.);
#196=ORIENTED_EDGE('',*,*,#782,.T.);
#197=ORIENTED_EDGE('',*,*,#784,.F.);
#198=ORIENTED_EDGE('',*,*,#785,.T.);
#199=ORIENTED_EDGE('',*,*,#786,.T.);
#200=ORIENTED_EDGE('',*,*,#787,.T.);
#201=ORIENTED_EDGE('',*,*,#738,.F.);
#202=ORIENTED_EDGE('',*,*,#785,.F.);
#203=ORIENTED_EDGE('',*,*,#788,.T.);
#204=ORIENTED_EDGE('',*,*,#732,.F.);
#205=ORIENTED_EDGE('',*,*,#789,.T.);
#206=ORIENTED_EDGE('',*,*,#790,.T.);
#207=ORIENTED_EDGE('',*,*,#655,.F.);
#208=ORIENTED_EDGE('',*,*,#791,.F.);
#209=ORIENTED_EDGE('',*,*,#792,.T.);
#210=ORIENTED_EDGE('',*,*,#791,.T.);
#211=ORIENTED_EDGE('',*,*,#654,.F.);
#212=ORIENTED_EDGE('',*,*,#793,.F.);
#213=ORIENTED_EDGE('',*,*,#793,.T.);
#214=ORIENTED_EDGE('',*,*,#653,.T.);
#215=ORIENTED_EDGE('',*,*,#794,.F.);
#216=ORIENTED_EDGE('',*,*,#795,.F.);
#217=ORIENTED_EDGE('',*,*,#794,.T.);
#218=ORIENTED_EDGE('',*,*,#652,.T.);
#219=ORIENTED_EDGE('',*,*,#790,.F.);
#220=ORIENTED_EDGE('',*,*,#796,.F.);
#221=ORIENTED_EDGE('',*,*,#797,.T.);
#222=ORIENTED_EDGE('',*,*,#798,.T.);
#223=ORIENTED_EDGE('',*,*,#659,.F.);
#224=ORIENTED_EDGE('',*,*,#799,.F.);
#225=ORIENTED_EDGE('',*,*,#800,.T.);
#226=ORIENTED_EDGE('',*,*,#799,.T.);
#227=ORIENTED_EDGE('',*,*,#658,.F.);
#228=ORIENTED_EDGE('',*,*,#801,.F.);
#229=ORIENTED_EDGE('',*,*,#801,.T.);
#230=ORIENTED_EDGE('',*,*,#657,.T.);
#231=ORIENTED_EDGE('',*,*,#802,.F.);
#232=ORIENTED_EDGE('',*,*,#803,.F.);
#233=ORIENTED_EDGE('',*,*,#802,.T.);
#234=ORIENTED_EDGE('',*,*,#656,.T.);
#235=ORIENTED_EDGE('',*,*,#798,.F.);
#236=ORIENTED_EDGE('',*,*,#804,.F.);
#237=ORIENTED_EDGE('',*,*,#667,.T.);
#238=ORIENTED_EDGE('',*,*,#805,.T.);
#239=ORIENTED_EDGE('',*,*,#729,.F.);
#240=ORIENTED_EDGE('',*,*,#806,.F.);
#241=ORIENTED_EDGE('',*,*,#807,.T.);
#242=ORIENTED_EDGE('',*,*,#730,.T.);
#243=ORIENTED_EDGE('',*,*,#805,.F.);
#244=ORIENTED_EDGE('',*,*,#666,.F.);
#245=ORIENTED_EDGE('',*,*,#808,.T.);
#246=ORIENTED_EDGE('',*,*,#731,.T.);
#247=ORIENTED_EDGE('',*,*,#807,.F.);
#248=ORIENTED_EDGE('',*,*,#665,.F.);
#249=ORIENTED_EDGE('',*,*,#664,.T.);
#250=ORIENTED_EDGE('',*,*,#806,.T.);
#251=ORIENTED_EDGE('',*,*,#728,.F.);
#252=ORIENTED_EDGE('',*,*,#808,.F.);
#253=ORIENTED_EDGE('',*,*,#678,.T.);
#254=ORIENTED_EDGE('',*,*,#809,.T.);
#255=ORIENTED_EDGE('',*,*,#810,.T.);
#256=ORIENTED_EDGE('',*,*,#811,.F.);
#257=ORIENTED_EDGE('',*,*,#677,.T.);
#258=ORIENTED_EDGE('',*,*,#812,.T.);
#259=ORIENTED_EDGE('',*,*,#813,.T.);
#260=ORIENTED_EDGE('',*,*,#809,.F.);
#261=ORIENTED_EDGE('',*,*,#814,.T.);
#262=ORIENTED_EDGE('',*,*,#815,.F.);
#263=ORIENTED_EDGE('',*,*,#812,.F.);
#264=ORIENTED_EDGE('',*,*,#676,.F.);
#265=ORIENTED_EDGE('',*,*,#811,.T.);
#266=ORIENTED_EDGE('',*,*,#816,.F.);
#267=ORIENTED_EDGE('',*,*,#814,.F.);
#268=ORIENTED_EDGE('',*,*,#675,.F.);
#269=ORIENTED_EDGE('',*,*,#674,.T.);
#270=ORIENTED_EDGE('',*,*,#817,.T.);
#271=ORIENTED_EDGE('',*,*,#818,.T.);
#272=ORIENTED_EDGE('',*,*,#819,.F.);
#273=ORIENTED_EDGE('',*,*,#673,.T.);
#274=ORIENTED_EDGE('',*,*,#820,.T.);
#275=ORIENTED_EDGE('',*,*,#821,.T.);
#276=ORIENTED_EDGE('',*,*,#817,.F.);
#277=ORIENTED_EDGE('',*,*,#822,.T.);
#278=ORIENTED_EDGE('',*,*,#823,.F.);
#279=ORIENTED_EDGE('',*,*,#820,.F.);
#280=ORIENTED_EDGE('',*,*,#672,.F.);
#281=ORIENTED_EDGE('',*,*,#819,.T.);
#282=ORIENTED_EDGE('',*,*,#824,.F.);
#283=ORIENTED_EDGE('',*,*,#822,.F.);
#284=ORIENTED_EDGE('',*,*,#671,.F.);
#285=ORIENTED_EDGE('',*,*,#683,.F.);
#286=ORIENTED_EDGE('',*,*,#662,.T.);
#287=ORIENTED_EDGE('',*,*,#670,.T.);
#288=ORIENTED_EDGE('',*,*,#681,.F.);
#289=ORIENTED_EDGE('',*,*,#825,.T.);
#290=ORIENTED_EDGE('',*,*,#694,.F.);
#291=ORIENTED_EDGE('',*,*,#826,.T.);
#292=ORIENTED_EDGE('',*,*,#827,.F.);
#293=ORIENTED_EDGE('',*,*,#828,.T.);
#294=ORIENTED_EDGE('',*,*,#829,.T.);
#295=ORIENTED_EDGE('',*,*,#826,.F.);
#296=ORIENTED_EDGE('',*,*,#830,.T.);
#297=ORIENTED_EDGE('',*,*,#831,.F.);
#298=ORIENTED_EDGE('',*,*,#832,.F.);
#299=ORIENTED_EDGE('',*,*,#833,.T.);
#300=ORIENTED_EDGE('',*,*,#834,.F.);
#301=ORIENTED_EDGE('',*,*,#835,.F.);
#302=ORIENTED_EDGE('',*,*,#836,.T.);
#303=ORIENTED_EDGE('',*,*,#837,.T.);
#304=ORIENTED_EDGE('',*,*,#838,.T.);
#305=ORIENTED_EDGE('',*,*,#839,.F.);
#306=ORIENTED_EDGE('',*,*,#722,.F.);
#307=ORIENTED_EDGE('',*,*,#840,.T.);
#308=ORIENTED_EDGE('',*,*,#841,.F.);
#309=ORIENTED_EDGE('',*,*,#842,.F.);
#310=ORIENTED_EDGE('',*,*,#723,.T.);
#311=ORIENTED_EDGE('',*,*,#839,.T.);
#312=ORIENTED_EDGE('',*,*,#843,.F.);
#313=ORIENTED_EDGE('',*,*,#844,.F.);
#314=ORIENTED_EDGE('',*,*,#720,.T.);
#315=ORIENTED_EDGE('',*,*,#842,.T.);
#316=ORIENTED_EDGE('',*,*,#845,.T.);
#317=ORIENTED_EDGE('',*,*,#840,.F.);
#318=ORIENTED_EDGE('',*,*,#721,.F.);
#319=ORIENTED_EDGE('',*,*,#844,.T.);
#320=ORIENTED_EDGE('',*,*,#846,.F.);
#321=ORIENTED_EDGE('',*,*,#769,.T.);
#322=ORIENTED_EDGE('',*,*,#847,.T.);
#323=ORIENTED_EDGE('',*,*,#848,.F.);
#324=ORIENTED_EDGE('',*,*,#770,.F.);
#325=ORIENTED_EDGE('',*,*,#846,.T.);
#326=ORIENTED_EDGE('',*,*,#849,.F.);
#327=ORIENTED_EDGE('',*,*,#850,.F.);
#328=ORIENTED_EDGE('',*,*,#851,.F.);
#329=ORIENTED_EDGE('',*,*,#771,.T.);
#330=ORIENTED_EDGE('',*,*,#850,.T.);
#331=ORIENTED_EDGE('',*,*,#852,.F.);
#332=ORIENTED_EDGE('',*,*,#751,.F.);
#333=ORIENTED_EDGE('',*,*,#772,.T.);
#334=ORIENTED_EDGE('',*,*,#851,.T.);
#335=ORIENTED_EDGE('',*,*,#853,.F.);
#336=ORIENTED_EDGE('',*,*,#854,.F.);
#337=ORIENTED_EDGE('',*,*,#855,.T.);
#338=ORIENTED_EDGE('',*,*,#827,.T.);
#339=ORIENTED_EDGE('',*,*,#856,.T.);
#340=ORIENTED_EDGE('',*,*,#857,.F.);
#341=ORIENTED_EDGE('',*,*,#854,.T.);
#342=ORIENTED_EDGE('',*,*,#858,.F.);
#343=ORIENTED_EDGE('',*,*,#859,.F.);
#344=ORIENTED_EDGE('',*,*,#860,.F.);
#345=ORIENTED_EDGE('',*,*,#861,.T.);
#346=ORIENTED_EDGE('',*,*,#787,.F.);
#347=ORIENTED_EDGE('',*,*,#862,.F.);
#348=ORIENTED_EDGE('',*,*,#859,.T.);
#349=ORIENTED_EDGE('',*,*,#863,.T.);
#350=ORIENTED_EDGE('',*,*,#864,.F.);
#351=ORIENTED_EDGE('',*,*,#739,.F.);
#352=ORIENTED_EDGE('',*,*,#740,.F.);
#353=ORIENTED_EDGE('',*,*,#864,.T.);
#354=ORIENTED_EDGE('',*,*,#865,.T.);
#355=ORIENTED_EDGE('',*,*,#866,.F.);
#356=ORIENTED_EDGE('',*,*,#741,.F.);
#357=ORIENTED_EDGE('',*,*,#866,.T.);
#358=ORIENTED_EDGE('',*,*,#867,.T.);
#359=ORIENTED_EDGE('',*,*,#868,.F.);
#360=ORIENTED_EDGE('',*,*,#869,.F.);
#361=ORIENTED_EDGE('',*,*,#870,.F.);
#362=ORIENTED_EDGE('',*,*,#871,.T.);
#363=ORIENTED_EDGE('',*,*,#725,.T.);
#364=ORIENTED_EDGE('',*,*,#803,.T.);
#365=ORIENTED_EDGE('',*,*,#804,.T.);
#366=ORIENTED_EDGE('',*,*,#797,.F.);
#367=ORIENTED_EDGE('',*,*,#800,.F.);
#368=ORIENTED_EDGE('',*,*,#795,.T.);
#369=ORIENTED_EDGE('',*,*,#796,.T.);
#370=ORIENTED_EDGE('',*,*,#789,.F.);
#371=ORIENTED_EDGE('',*,*,#792,.F.);
#372=ORIENTED_EDGE('',*,*,#872,.T.);
#373=ORIENTED_EDGE('',*,*,#873,.T.);
#374=ORIENTED_EDGE('',*,*,#726,.T.);
#375=ORIENTED_EDGE('',*,*,#871,.F.);
#376=ORIENTED_EDGE('',*,*,#823,.T.);
#377=ORIENTED_EDGE('',*,*,#824,.T.);
#378=ORIENTED_EDGE('',*,*,#818,.F.);
#379=ORIENTED_EDGE('',*,*,#821,.F.);
#380=ORIENTED_EDGE('',*,*,#874,.T.);
#381=ORIENTED_EDGE('',*,*,#727,.F.);
#382=ORIENTED_EDGE('',*,*,#873,.F.);
#383=ORIENTED_EDGE('',*,*,#875,.T.);
#384=ORIENTED_EDGE('',*,*,#815,.T.);
#385=ORIENTED_EDGE('',*,*,#816,.T.);
#386=ORIENTED_EDGE('',*,*,#810,.F.);
#387=ORIENTED_EDGE('',*,*,#813,.F.);
#388=ORIENTED_EDGE('',*,*,#876,.F.);
#389=ORIENTED_EDGE('',*,*,#877,.F.);
#390=ORIENTED_EDGE('',*,*,#773,.T.);
#391=ORIENTED_EDGE('',*,*,#742,.F.);
#392=ORIENTED_EDGE('',*,*,#868,.T.);
#393=ORIENTED_EDGE('',*,*,#878,.T.);
#394=ORIENTED_EDGE('',*,*,#869,.T.);
#395=ORIENTED_EDGE('',*,*,#724,.F.);
#396=ORIENTED_EDGE('',*,*,#874,.F.);
#397=ORIENTED_EDGE('',*,*,#879,.T.);
#398=ORIENTED_EDGE('',*,*,#880,.F.);
#399=ORIENTED_EDGE('',*,*,#881,.F.);
#400=ORIENTED_EDGE('',*,*,#856,.F.);
#401=ORIENTED_EDGE('',*,*,#829,.F.);
#402=ORIENTED_EDGE('',*,*,#763,.F.);
#403=ORIENTED_EDGE('',*,*,#760,.F.);
#404=ORIENTED_EDGE('',*,*,#759,.T.);
#405=ORIENTED_EDGE('',*,*,#754,.T.);
#406=ORIENTED_EDGE('',*,*,#752,.T.);
#407=ORIENTED_EDGE('',*,*,#855,.F.);
#408=ORIENTED_EDGE('',*,*,#857,.T.);
#409=ORIENTED_EDGE('',*,*,#881,.T.);
#410=ORIENTED_EDGE('',*,*,#882,.F.);
#411=ORIENTED_EDGE('',*,*,#883,.F.);
#412=ORIENTED_EDGE('',*,*,#767,.F.);
#413=ORIENTED_EDGE('',*,*,#747,.T.);
#414=ORIENTED_EDGE('',*,*,#744,.T.);
#415=ORIENTED_EDGE('',*,*,#768,.T.);
#416=ORIENTED_EDGE('',*,*,#765,.T.);
#417=ORIENTED_EDGE('',*,*,#883,.T.);
#418=ORIENTED_EDGE('',*,*,#884,.T.);
#419=ORIENTED_EDGE('',*,*,#885,.F.);
#420=ORIENTED_EDGE('',*,*,#847,.F.);
#421=ORIENTED_EDGE('',*,*,#886,.F.);
#422=ORIENTED_EDGE('',*,*,#887,.T.);
#423=ORIENTED_EDGE('',*,*,#888,.T.);
#424=ORIENTED_EDGE('',*,*,#832,.T.);
#425=ORIENTED_EDGE('',*,*,#889,.F.);
#426=ORIENTED_EDGE('',*,*,#890,.F.);
#427=ORIENTED_EDGE('',*,*,#836,.F.);
#428=ORIENTED_EDGE('',*,*,#891,.T.);
#429=ORIENTED_EDGE('',*,*,#892,.F.);
#430=ORIENTED_EDGE('',*,*,#837,.F.);
#431=ORIENTED_EDGE('',*,*,#890,.T.);
#432=ORIENTED_EDGE('',*,*,#893,.T.);
#433=ORIENTED_EDGE('',*,*,#894,.T.);
#434=ORIENTED_EDGE('',*,*,#895,.F.);
#435=ORIENTED_EDGE('',*,*,#894,.F.);
#436=ORIENTED_EDGE('',*,*,#896,.T.);
#437=ORIENTED_EDGE('',*,*,#897,.T.);
#438=ORIENTED_EDGE('',*,*,#898,.T.);
#439=ORIENTED_EDGE('',*,*,#897,.F.);
#440=ORIENTED_EDGE('',*,*,#899,.F.);
#441=ORIENTED_EDGE('',*,*,#891,.F.);
#442=ORIENTED_EDGE('',*,*,#835,.T.);
#443=ORIENTED_EDGE('',*,*,#698,.F.);
#444=ORIENTED_EDGE('',*,*,#900,.F.);
#445=ORIENTED_EDGE('',*,*,#901,.T.);
#446=ORIENTED_EDGE('',*,*,#902,.T.);
#447=ORIENTED_EDGE('',*,*,#903,.T.);
#448=ORIENTED_EDGE('',*,*,#833,.F.);
#449=ORIENTED_EDGE('',*,*,#888,.F.);
#450=ORIENTED_EDGE('',*,*,#904,.F.);
#451=ORIENTED_EDGE('',*,*,#905,.T.);
#452=ORIENTED_EDGE('',*,*,#906,.F.);
#453=ORIENTED_EDGE('',*,*,#905,.F.);
#454=ORIENTED_EDGE('',*,*,#907,.T.);
#455=ORIENTED_EDGE('',*,*,#908,.T.);
#456=ORIENTED_EDGE('',*,*,#909,.F.);
#457=ORIENTED_EDGE('',*,*,#908,.F.);
#458=ORIENTED_EDGE('',*,*,#910,.T.);
#459=ORIENTED_EDGE('',*,*,#886,.T.);
#460=ORIENTED_EDGE('',*,*,#831,.T.);
#461=ORIENTED_EDGE('',*,*,#911,.F.);
#462=ORIENTED_EDGE('',*,*,#912,.F.);
#463=ORIENTED_EDGE('',*,*,#913,.T.);
#464=ORIENTED_EDGE('',*,*,#914,.T.);
#465=ORIENTED_EDGE('',*,*,#915,.T.);
#466=ORIENTED_EDGE('',*,*,#914,.F.);
#467=ORIENTED_EDGE('',*,*,#916,.F.);
#468=ORIENTED_EDGE('',*,*,#917,.T.);
#469=ORIENTED_EDGE('',*,*,#918,.T.);
#470=ORIENTED_EDGE('',*,*,#917,.F.);
#471=ORIENTED_EDGE('',*,*,#919,.F.);
#472=ORIENTED_EDGE('',*,*,#920,.T.);
#473=ORIENTED_EDGE('',*,*,#921,.F.);
#474=ORIENTED_EDGE('',*,*,#920,.F.);
#475=ORIENTED_EDGE('',*,*,#922,.T.);
#476=ORIENTED_EDGE('',*,*,#912,.T.);
#477=ORIENTED_EDGE('',*,*,#788,.F.);
#478=ORIENTED_EDGE('',*,*,#877,.T.);
#479=ORIENTED_EDGE('',*,*,#923,.T.);
#480=ORIENTED_EDGE('',*,*,#687,.T.);
#481=ORIENTED_EDGE('',*,*,#924,.T.);
#482=ORIENTED_EDGE('',*,*,#860,.T.);
#483=ORIENTED_EDGE('',*,*,#862,.T.);
#484=ORIENTED_EDGE('',*,*,#786,.F.);
#485=ORIENTED_EDGE('',*,*,#784,.T.);
#486=ORIENTED_EDGE('',*,*,#783,.T.);
#487=ORIENTED_EDGE('',*,*,#781,.T.);
#488=ORIENTED_EDGE('',*,*,#778,.F.);
#489=ORIENTED_EDGE('',*,*,#777,.T.);
#490=ORIENTED_EDGE('',*,*,#774,.T.);
#491=ORIENTED_EDGE('',*,*,#861,.F.);
#492=ORIENTED_EDGE('',*,*,#924,.F.);
#493=ORIENTED_EDGE('',*,*,#686,.F.);
#494=ORIENTED_EDGE('',*,*,#925,.F.);
#495=ORIENTED_EDGE('',*,*,#925,.T.);
#496=ORIENTED_EDGE('',*,*,#926,.T.);
#497=ORIENTED_EDGE('',*,*,#825,.F.);
#498=ORIENTED_EDGE('',*,*,#927,.F.);
#499=ORIENTED_EDGE('',*,*,#928,.T.);
#500=ORIENTED_EDGE('',*,*,#884,.F.);
#501=ORIENTED_EDGE('',*,*,#882,.T.);
#502=ORIENTED_EDGE('',*,*,#880,.T.);
#503=ORIENTED_EDGE('',*,*,#929,.T.);
#504=ORIENTED_EDGE('',*,*,#930,.F.);
#505=ORIENTED_EDGE('',*,*,#879,.F.);
#506=ORIENTED_EDGE('',*,*,#875,.F.);
#507=ORIENTED_EDGE('',*,*,#872,.F.);
#508=ORIENTED_EDGE('',*,*,#870,.T.);
#509=ORIENTED_EDGE('',*,*,#878,.F.);
#510=ORIENTED_EDGE('',*,*,#867,.F.);
#511=ORIENTED_EDGE('',*,*,#865,.F.);
#512=ORIENTED_EDGE('',*,*,#863,.F.);
#513=ORIENTED_EDGE('',*,*,#858,.T.);
#514=ORIENTED_EDGE('',*,*,#853,.T.);
#515=ORIENTED_EDGE('',*,*,#852,.T.);
#516=ORIENTED_EDGE('',*,*,#849,.T.);
#517=ORIENTED_EDGE('',*,*,#848,.T.);
#518=ORIENTED_EDGE('',*,*,#885,.T.);
#519=ORIENTED_EDGE('',*,*,#928,.F.);
#520=ORIENTED_EDGE('',*,*,#845,.F.);
#521=ORIENTED_EDGE('',*,*,#843,.T.);
#522=ORIENTED_EDGE('',*,*,#841,.T.);
#523=ORIENTED_EDGE('',*,*,#838,.F.);
#524=ORIENTED_EDGE('',*,*,#892,.T.);
#525=ORIENTED_EDGE('',*,*,#895,.T.);
#526=ORIENTED_EDGE('',*,*,#898,.F.);
#527=ORIENTED_EDGE('',*,*,#834,.T.);
#528=ORIENTED_EDGE('',*,*,#921,.T.);
#529=ORIENTED_EDGE('',*,*,#911,.T.);
#530=ORIENTED_EDGE('',*,*,#915,.F.);
#531=ORIENTED_EDGE('',*,*,#918,.F.);
#532=ORIENTED_EDGE('',*,*,#903,.F.);
#533=ORIENTED_EDGE('',*,*,#906,.T.);
#534=ORIENTED_EDGE('',*,*,#909,.T.);
#535=ORIENTED_EDGE('',*,*,#830,.F.);
#536=ORIENTED_EDGE('',*,*,#922,.F.);
#537=ORIENTED_EDGE('',*,*,#919,.T.);
#538=ORIENTED_EDGE('',*,*,#916,.T.);
#539=ORIENTED_EDGE('',*,*,#913,.F.);
#540=ORIENTED_EDGE('',*,*,#931,.F.);
#541=ORIENTED_EDGE('',*,*,#932,.T.);
#542=ORIENTED_EDGE('',*,*,#933,.T.);
#543=ORIENTED_EDGE('',*,*,#910,.F.);
#544=ORIENTED_EDGE('',*,*,#907,.F.);
#545=ORIENTED_EDGE('',*,*,#904,.T.);
#546=ORIENTED_EDGE('',*,*,#934,.T.);
#547=ORIENTED_EDGE('',*,*,#901,.F.);
#548=ORIENTED_EDGE('',*,*,#935,.F.);
#549=ORIENTED_EDGE('',*,*,#899,.T.);
#550=ORIENTED_EDGE('',*,*,#896,.F.);
#551=ORIENTED_EDGE('',*,*,#893,.F.);
#552=ORIENTED_EDGE('',*,*,#936,.F.);
#553=ORIENTED_EDGE('',*,*,#695,.F.);
#554=ORIENTED_EDGE('',*,*,#926,.F.);
#555=ORIENTED_EDGE('',*,*,#685,.F.);
#556=ORIENTED_EDGE('',*,*,#937,.F.);
#557=ORIENTED_EDGE('',*,*,#701,.F.);
#558=ORIENTED_EDGE('',*,*,#938,.T.);
#559=ORIENTED_EDGE('',*,*,#939,.F.);
#560=ORIENTED_EDGE('',*,*,#940,.T.);
#561=ORIENTED_EDGE('',*,*,#703,.F.);
#562=ORIENTED_EDGE('',*,*,#941,.T.);
#563=ORIENTED_EDGE('',*,*,#931,.T.);
#564=ORIENTED_EDGE('',*,*,#889,.T.);
#565=ORIENTED_EDGE('',*,*,#935,.T.);
#566=ORIENTED_EDGE('',*,*,#900,.T.);
#567=ORIENTED_EDGE('',*,*,#697,.F.);
#568=ORIENTED_EDGE('',*,*,#942,.F.);
#569=ORIENTED_EDGE('',*,*,#943,.T.);
#570=ORIENTED_EDGE('',*,*,#699,.T.);
#571=ORIENTED_EDGE('',*,*,#902,.F.);
#572=ORIENTED_EDGE('',*,*,#934,.F.);
#573=ORIENTED_EDGE('',*,*,#887,.F.);
#574=ORIENTED_EDGE('',*,*,#933,.F.);
#575=ORIENTED_EDGE('',*,*,#944,.F.);
#576=ORIENTED_EDGE('',*,*,#705,.T.);
#577=ORIENTED_EDGE('',*,*,#684,.T.);
#578=ORIENTED_EDGE('',*,*,#923,.F.);
#579=ORIENTED_EDGE('',*,*,#876,.T.);
#580=ORIENTED_EDGE('',*,*,#930,.T.);
#581=ORIENTED_EDGE('',*,*,#927,.T.);
#582=ORIENTED_EDGE('',*,*,#945,.F.);
#583=ORIENTED_EDGE('',*,*,#932,.F.);
#584=ORIENTED_EDGE('',*,*,#946,.F.);
#585=ORIENTED_EDGE('',*,*,#947,.F.);
#586=ORIENTED_EDGE('',*,*,#948,.T.);
#587=ORIENTED_EDGE('',*,*,#707,.F.);
#588=ORIENTED_EDGE('',*,*,#949,.F.);
#589=ORIENTED_EDGE('',*,*,#929,.F.);
#590=ORIENTED_EDGE('',*,*,#828,.F.);
#591=ORIENTED_EDGE('',*,*,#693,.F.);
#592=ORIENTED_EDGE('',*,*,#718,.F.);
#593=ORIENTED_EDGE('',*,*,#716,.F.);
#594=ORIENTED_EDGE('',*,*,#714,.F.);
#595=ORIENTED_EDGE('',*,*,#702,.F.);
#596=ORIENTED_EDGE('',*,*,#937,.T.);
#597=ORIENTED_EDGE('',*,*,#946,.T.);
#598=ORIENTED_EDGE('',*,*,#941,.F.);
#599=ORIENTED_EDGE('',*,*,#712,.T.);
#600=ORIENTED_EDGE('',*,*,#710,.T.);
#601=ORIENTED_EDGE('',*,*,#708,.T.);
#602=ORIENTED_EDGE('',*,*,#944,.T.);
#603=ORIENTED_EDGE('',*,*,#945,.T.);
#604=ORIENTED_EDGE('',*,*,#949,.T.);
#605=ORIENTED_EDGE('',*,*,#706,.F.);
#606=ORIENTED_EDGE('',*,*,#715,.F.);
#607=ORIENTED_EDGE('',*,*,#717,.F.);
#608=ORIENTED_EDGE('',*,*,#719,.F.);
#609=ORIENTED_EDGE('',*,*,#700,.T.);
#610=ORIENTED_EDGE('',*,*,#940,.F.);
#611=ORIENTED_EDGE('',*,*,#950,.T.);
#612=ORIENTED_EDGE('',*,*,#938,.F.);
#613=ORIENTED_EDGE('',*,*,#936,.T.);
#614=ORIENTED_EDGE('',*,*,#950,.F.);
#615=ORIENTED_EDGE('',*,*,#939,.T.);
#616=ORIENTED_EDGE('',*,*,#696,.T.);
#617=ORIENTED_EDGE('',*,*,#951,.F.);
#618=ORIENTED_EDGE('',*,*,#947,.T.);
#619=ORIENTED_EDGE('',*,*,#692,.T.);
#620=ORIENTED_EDGE('',*,*,#943,.F.);
#621=ORIENTED_EDGE('',*,*,#709,.T.);
#622=ORIENTED_EDGE('',*,*,#711,.T.);
#623=ORIENTED_EDGE('',*,*,#713,.T.);
#624=ORIENTED_EDGE('',*,*,#942,.T.);
#625=ORIENTED_EDGE('',*,*,#704,.T.);
#626=ORIENTED_EDGE('',*,*,#948,.F.);
#627=ORIENTED_EDGE('',*,*,#951,.T.);
#628=ORIENTED_EDGE('',*,*,#952,.F.);
#629=ORIENTED_EDGE('',*,*,#953,.T.);
#630=ORIENTED_EDGE('',*,*,#954,.T.);
#631=ORIENTED_EDGE('',*,*,#955,.F.);
#632=ORIENTED_EDGE('',*,*,#660,.T.);
#633=ORIENTED_EDGE('',*,*,#682,.F.);
#634=ORIENTED_EDGE('',*,*,#679,.F.);
#635=ORIENTED_EDGE('',*,*,#668,.T.);
#636=ORIENTED_EDGE('',*,*,#688,.F.);
#637=ORIENTED_EDGE('',*,*,#956,.F.);
#638=ORIENTED_EDGE('',*,*,#952,.T.);
#639=ORIENTED_EDGE('',*,*,#957,.T.);
#640=ORIENTED_EDGE('',*,*,#691,.T.);
#641=ORIENTED_EDGE('',*,*,#958,.F.);
#642=ORIENTED_EDGE('',*,*,#953,.F.);
#643=ORIENTED_EDGE('',*,*,#956,.T.);
#644=ORIENTED_EDGE('',*,*,#690,.T.);
#645=ORIENTED_EDGE('',*,*,#959,.F.);
#646=ORIENTED_EDGE('',*,*,#954,.F.);
#647=ORIENTED_EDGE('',*,*,#958,.T.);
#648=ORIENTED_EDGE('',*,*,#689,.F.);
#649=ORIENTED_EDGE('',*,*,#957,.F.);
#650=ORIENTED_EDGE('',*,*,#955,.T.);
#651=ORIENTED_EDGE('',*,*,#959,.T.);
#652=EDGE_CURVE('',#960,#961,#1166,.T.);
#653=EDGE_CURVE('',#962,#960,#1167,.T.);
#654=EDGE_CURVE('',#962,#963,#1168,.T.);
#655=EDGE_CURVE('',#963,#961,#1169,.T.);
#656=EDGE_CURVE('',#964,#965,#1170,.T.);
#657=EDGE_CURVE('',#966,#964,#1171,.T.);
#658=EDGE_CURVE('',#966,#967,#1172,.T.);
#659=EDGE_CURVE('',#967,#965,#1173,.T.);
#660=EDGE_CURVE('',#968,#969,#1174,.T.);
#661=EDGE_CURVE('',#970,#968,#1175,.T.);
#662=EDGE_CURVE('',#971,#970,#1176,.T.);
#663=EDGE_CURVE('',#971,#969,#1177,.T.);
#664=EDGE_CURVE('',#972,#973,#1178,.T.);
#665=EDGE_CURVE('',#972,#974,#1179,.T.);
#666=EDGE_CURVE('',#974,#975,#1180,.T.);
#667=EDGE_CURVE('',#973,#975,#1181,.T.);
#668=EDGE_CURVE('',#976,#968,#1182,.T.);
#669=EDGE_CURVE('',#977,#976,#1183,.T.);
#670=EDGE_CURVE('',#970,#977,#1184,.T.);
#671=EDGE_CURVE('',#978,#979,#1185,.T.);
#672=EDGE_CURVE('',#979,#980,#1186,.T.);
#673=EDGE_CURVE('',#981,#980,#1187,.T.);
#674=EDGE_CURVE('',#978,#981,#1188,.T.);
#675=EDGE_CURVE('',#982,#983,#1189,.T.);
#676=EDGE_CURVE('',#983,#984,#1190,.T.);
#677=EDGE_CURVE('',#985,#984,#1191,.T.);
#678=EDGE_CURVE('',#982,#985,#1192,.T.);
#679=EDGE_CURVE('',#976,#986,#1193,.T.);
#680=EDGE_CURVE('',#987,#986,#1194,.T.);
#681=EDGE_CURVE('',#987,#977,#1195,.T.);
#682=EDGE_CURVE('',#986,#969,#1196,.T.);
#683=EDGE_CURVE('',#971,#987,#1197,.T.);
#684=EDGE_CURVE('',#988,#989,#1198,.T.);
#685=EDGE_CURVE('',#988,#990,#1199,.T.);
#686=EDGE_CURVE('',#990,#991,#1200,.T.);
#687=EDGE_CURVE('',#989,#991,#1201,.T.);
#688=EDGE_CURVE('',#992,#993,#1202,.T.);
#689=EDGE_CURVE('',#993,#994,#1203,.T.);
#690=EDGE_CURVE('',#995,#994,#1204,.T.);
#691=EDGE_CURVE('',#992,#995,#1205,.T.);
#692=EDGE_CURVE('',#996,#997,#1206,.T.);
#693=EDGE_CURVE('',#996,#998,#1207,.T.);
#694=EDGE_CURVE('',#998,#999,#1208,.T.);
#695=EDGE_CURVE('',#999,#1000,#1209,.T.);
#696=EDGE_CURVE('',#1001,#1000,#1210,.T.);
#697=EDGE_CURVE('',#1001,#1002,#1211,.T.);
#698=EDGE_CURVE('',#1002,#1003,#1212,.T.);
#699=EDGE_CURVE('',#997,#1003,#1213,.T.);
#700=EDGE_CURVE('',#1004,#1005,#1214,.T.);
#701=EDGE_CURVE('',#1004,#1006,#1215,.F.);
#702=EDGE_CURVE('',#1006,#1007,#1216,.T.);
#703=EDGE_CURVE('',#1007,#1005,#1217,.T.);
#704=EDGE_CURVE('',#1008,#1009,#1218,.T.);
#705=EDGE_CURVE('',#1010,#1008,#1219,.T.);
#706=EDGE_CURVE('',#1010,#1011,#1220,.T.);
#707=EDGE_CURVE('',#1011,#1009,#1221,.T.);
#708=EDGE_CURVE('',#1012,#1012,#12,.T.);
#709=EDGE_CURVE('',#1013,#1013,#13,.F.);
#710=EDGE_CURVE('',#1014,#1014,#14,.T.);
#711=EDGE_CURVE('',#1015,#1015,#15,.F.);
#712=EDGE_CURVE('',#1016,#1016,#16,.T.);
#713=EDGE_CURVE('',#1017,#1017,#17,.F.);
#714=EDGE_CURVE('',#1018,#1018,#18,.F.);
#715=EDGE_CURVE('',#1019,#1019,#19,.T.);
#716=EDGE_CURVE('',#1020,#1020,#20,.F.);
#717=EDGE_CURVE('',#1021,#1021,#21,.T.);
#718=EDGE_CURVE('',#1022,#1022,#22,.F.);
#719=EDGE_CURVE('',#1023,#1023,#23,.T.);
#720=EDGE_CURVE('',#1024,#1025,#1222,.T.);
#721=EDGE_CURVE('',#1024,#1026,#1223,.T.);
#722=EDGE_CURVE('',#1026,#1027,#1224,.T.);
#723=EDGE_CURVE('',#1025,#1027,#1225,.T.);
#724=EDGE_CURVE('',#1028,#1029,#1226,.T.);
#725=EDGE_CURVE('',#1030,#1029,#1227,.T.);
#726=EDGE_CURVE('',#1031,#1030,#1228,.T.);
#727=EDGE_CURVE('',#1031,#1028,#1229,.T.);
#728=EDGE_CURVE('',#1032,#1033,#1230,.T.);
#729=EDGE_CURVE('',#1033,#1034,#1231,.T.);
#730=EDGE_CURVE('',#1035,#1034,#1232,.T.);
#731=EDGE_CURVE('',#1032,#1035,#1233,.T.);
#732=EDGE_CURVE('',#1036,#1036,#24,.T.);
#733=EDGE_CURVE('',#1037,#1038,#1234,.T.);
#734=EDGE_CURVE('',#1037,#1039,#1235,.T.);
#735=EDGE_CURVE('',#1040,#1039,#1236,.T.);
#736=EDGE_CURVE('',#1041,#1040,#1237,.T.);
#737=EDGE_CURVE('',#1042,#1041,#1238,.T.);
#738=EDGE_CURVE('',#1042,#1043,#1239,.T.);
#739=EDGE_CURVE('',#1043,#1044,#1240,.T.);
#740=EDGE_CURVE('',#1044,#1045,#1241,.T.);
#741=EDGE_CURVE('',#1045,#1046,#1242,.T.);
#742=EDGE_CURVE('',#1046,#1047,#1243,.T.);
#743=EDGE_CURVE('',#1038,#1047,#1244,.T.);
#744=EDGE_CURVE('',#1048,#1048,#25,.T.);
#745=EDGE_CURVE('',#1049,#1049,#26,.F.);
#746=EDGE_CURVE('',#1050,#1051,#1245,.T.);
#747=EDGE_CURVE('',#1052,#1050,#1246,.T.);
#748=EDGE_CURVE('',#1052,#1053,#1247,.T.);
#749=EDGE_CURVE('',#1053,#1051,#1248,.T.);
#750=EDGE_CURVE('',#1054,#1055,#1249,.T.);
#751=EDGE_CURVE('',#1055,#1056,#1250,.T.);
#752=EDGE_CURVE('',#1057,#1056,#1251,.T.);
#753=EDGE_CURVE('',#1057,#1054,#1252,.T.);
#754=EDGE_CURVE('',#1058,#1057,#1253,.T.);
#755=EDGE_CURVE('',#1058,#1059,#1254,.T.);
#756=EDGE_CURVE('',#1059,#1054,#1255,.T.);
#757=EDGE_CURVE('',#1060,#1061,#1256,.T.);
#758=EDGE_CURVE('',#1061,#1059,#1257,.T.);
#759=EDGE_CURVE('',#1060,#1058,#1258,.T.);
#760=EDGE_CURVE('',#1060,#1062,#1259,.T.);
#761=EDGE_CURVE('',#1062,#1063,#1260,.T.);
#762=EDGE_CURVE('',#1061,#1063,#1261,.T.);
#763=EDGE_CURVE('',#1062,#1050,#1262,.T.);
#764=EDGE_CURVE('',#1063,#1051,#1263,.T.);
#765=EDGE_CURVE('',#1064,#1065,#1264,.T.);
#766=EDGE_CURVE('',#1053,#1064,#1265,.T.);
#767=EDGE_CURVE('',#1052,#1065,#1266,.T.);
#768=EDGE_CURVE('',#1066,#1064,#1267,.T.);
#769=EDGE_CURVE('',#1067,#1066,#1268,.T.);
#770=EDGE_CURVE('',#1067,#1068,#1269,.T.);
#771=EDGE_CURVE('',#1069,#1068,#1270,.T.);
#772=EDGE_CURVE('',#1055,#1069,#1271,.T.);
#773=EDGE_CURVE('',#1070,#1047,#1272,.T.);
#774=EDGE_CURVE('',#1071,#1070,#1273,.T.);
#775=EDGE_CURVE('',#1071,#1038,#1274,.T.);
#776=EDGE_CURVE('',#1037,#1072,#1275,.T.);
#777=EDGE_CURVE('',#1072,#1071,#1276,.T.);
#778=EDGE_CURVE('',#1072,#1073,#1277,.T.);
#779=EDGE_CURVE('',#1073,#1039,#1278,.T.);
#780=EDGE_CURVE('',#1074,#1040,#1279,.T.);
#781=EDGE_CURVE('',#1074,#1073,#1280,.T.);
#782=EDGE_CURVE('',#1041,#1075,#1281,.T.);
#783=EDGE_CURVE('',#1075,#1074,#1282,.T.);
#784=EDGE_CURVE('',#1076,#1075,#1283,.T.);
#785=EDGE_CURVE('',#1076,#1042,#1284,.T.);
#786=EDGE_CURVE('',#1076,#1077,#1285,.T.);
#787=EDGE_CURVE('',#1077,#1043,#1286,.T.);
#788=EDGE_CURVE('',#1078,#1078,#27,.T.);
#789=EDGE_CURVE('',#1079,#1080,#1287,.T.);
#790=EDGE_CURVE('',#1080,#961,#1288,.T.);
#791=EDGE_CURVE('',#1079,#963,#1289,.T.);
#792=EDGE_CURVE('',#1081,#1079,#1290,.T.);
#793=EDGE_CURVE('',#1081,#962,#1291,.T.);
#794=EDGE_CURVE('',#1082,#960,#1292,.T.);
#795=EDGE_CURVE('',#1081,#1082,#1293,.T.);
#796=EDGE_CURVE('',#1082,#1080,#1294,.T.);
#797=EDGE_CURVE('',#1083,#1084,#1295,.T.);
#798=EDGE_CURVE('',#1084,#965,#1296,.T.);
#799=EDGE_CURVE('',#1083,#967,#1297,.T.);
#800=EDGE_CURVE('',#1085,#1083,#1298,.T.);
#801=EDGE_CURVE('',#1085,#966,#1299,.T.);
#802=EDGE_CURVE('',#1086,#964,#1300,.T.);
#803=EDGE_CURVE('',#1085,#1086,#1301,.T.);
#804=EDGE_CURVE('',#1086,#1084,#1302,.T.);
#805=EDGE_CURVE('',#975,#1034,#1303,.T.);
#806=EDGE_CURVE('',#973,#1033,#1304,.T.);
#807=EDGE_CURVE('',#974,#1035,#1305,.T.);
#808=EDGE_CURVE('',#972,#1032,#1306,.T.);
#809=EDGE_CURVE('',#985,#1087,#1307,.T.);
#810=EDGE_CURVE('',#1087,#1088,#1308,.T.);
#811=EDGE_CURVE('',#982,#1088,#1309,.T.);
#812=EDGE_CURVE('',#984,#1089,#1310,.T.);
#813=EDGE_CURVE('',#1089,#1087,#1311,.T.);
#814=EDGE_CURVE('',#983,#1090,#1312,.T.);
#815=EDGE_CURVE('',#1089,#1090,#1313,.T.);
#816=EDGE_CURVE('',#1090,#1088,#1314,.T.);
#817=EDGE_CURVE('',#981,#1091,#1315,.T.);
#818=EDGE_CURVE('',#1091,#1092,#1316,.T.);
#819=EDGE_CURVE('',#978,#1092,#1317,.T.);
#820=EDGE_CURVE('',#980,#1093,#1318,.T.);
#821=EDGE_CURVE('',#1093,#1091,#1319,.T.);
#822=EDGE_CURVE('',#979,#1094,#1320,.T.);
#823=EDGE_CURVE('',#1093,#1094,#1321,.T.);
#824=EDGE_CURVE('',#1094,#1092,#1322,.T.);
#825=EDGE_CURVE('',#1095,#999,#1323,.T.);
#826=EDGE_CURVE('',#998,#1096,#1324,.T.);
#827=EDGE_CURVE('',#1095,#1096,#1325,.T.);
#828=EDGE_CURVE('',#998,#1097,#1326,.T.);
#829=EDGE_CURVE('',#1097,#1096,#1327,.T.);
#830=EDGE_CURVE('',#1098,#1099,#1328,.T.);
#831=EDGE_CURVE('',#1100,#1099,#1329,.T.);
#832=EDGE_CURVE('',#1101,#1100,#1330,.T.);
#833=EDGE_CURVE('',#1101,#1098,#1331,.T.);
#834=EDGE_CURVE('',#1102,#1103,#1332,.T.);
#835=EDGE_CURVE('',#1104,#1102,#1333,.T.);
#836=EDGE_CURVE('',#1104,#1105,#1334,.T.);
#837=EDGE_CURVE('',#1105,#1103,#1335,.T.);
#838=EDGE_CURVE('',#1106,#1107,#1336,.T.);
#839=EDGE_CURVE('',#1027,#1107,#1337,.T.);
#840=EDGE_CURVE('',#1026,#1106,#1338,.T.);
#841=EDGE_CURVE('',#1108,#1107,#1339,.T.);
#842=EDGE_CURVE('',#1025,#1108,#1340,.T.);
#843=EDGE_CURVE('',#1109,#1108,#1341,.T.);
#844=EDGE_CURVE('',#1024,#1109,#1342,.T.);
#845=EDGE_CURVE('',#1109,#1106,#1343,.T.);
#846=EDGE_CURVE('',#1067,#1110,#1344,.T.);
#847=EDGE_CURVE('',#1066,#1111,#1345,.T.);
#848=EDGE_CURVE('',#1110,#1111,#1346,.T.);
#849=EDGE_CURVE('',#1112,#1110,#1347,.T.);
#850=EDGE_CURVE('',#1068,#1112,#1348,.T.);
#851=EDGE_CURVE('',#1069,#1113,#1349,.T.);
#852=EDGE_CURVE('',#1113,#1112,#1350,.T.);
#853=EDGE_CURVE('',#1114,#1113,#1351,.T.);
#854=EDGE_CURVE('',#1115,#1114,#1352,.T.);
#855=EDGE_CURVE('',#1115,#1056,#1353,.T.);
#856=EDGE_CURVE('',#1096,#1116,#1354,.T.);
#857=EDGE_CURVE('',#1115,#1116,#1355,.T.);
#858=EDGE_CURVE('',#1117,#1114,#1356,.T.);
#859=EDGE_CURVE('',#1118,#1117,#1357,.T.);
#860=EDGE_CURVE('',#1119,#1118,#1358,.T.);
#861=EDGE_CURVE('',#1119,#1095,#1359,.T.);
#862=EDGE_CURVE('',#1118,#1077,#1360,.T.);
#863=EDGE_CURVE('',#1117,#1120,#1361,.T.);
#864=EDGE_CURVE('',#1044,#1120,#1362,.T.);
#865=EDGE_CURVE('',#1120,#1121,#1363,.T.);
#866=EDGE_CURVE('',#1045,#1121,#1364,.T.);
#867=EDGE_CURVE('',#1121,#1122,#1365,.T.);
#868=EDGE_CURVE('',#1046,#1122,#1366,.T.);
#869=EDGE_CURVE('',#1123,#1029,#1367,.T.);
#870=EDGE_CURVE('',#1124,#1123,#1368,.T.);
#871=EDGE_CURVE('',#1124,#1030,#1369,.T.);
#872=EDGE_CURVE('',#1124,#1125,#1370,.T.);
#873=EDGE_CURVE('',#1125,#1031,#1371,.T.);
#874=EDGE_CURVE('',#1126,#1028,#1372,.T.);
#875=EDGE_CURVE('',#1125,#1126,#1373,.T.);
#876=EDGE_CURVE('',#1127,#1128,#1374,.T.);
#877=EDGE_CURVE('',#1070,#1127,#1375,.T.);
#878=EDGE_CURVE('',#1122,#1123,#1376,.T.);
#879=EDGE_CURVE('',#1126,#1128,#1377,.T.);
#880=EDGE_CURVE('',#1129,#1097,#1378,.T.);
#881=EDGE_CURVE('',#1116,#1129,#1379,.T.);
#882=EDGE_CURVE('',#1130,#1129,#1380,.T.);
#883=EDGE_CURVE('',#1065,#1130,#1381,.T.);
#884=EDGE_CURVE('',#1130,#1131,#1382,.T.);
#885=EDGE_CURVE('',#1111,#1131,#1383,.T.);
#886=EDGE_CURVE('',#1132,#1100,#1384,.T.);
#887=EDGE_CURVE('',#1132,#1133,#1385,.T.);
#888=EDGE_CURVE('',#1133,#1101,#1386,.T.);
#889=EDGE_CURVE('',#1134,#1135,#1387,.T.);
#890=EDGE_CURVE('',#1105,#1134,#1388,.T.);
#891=EDGE_CURVE('',#1104,#1135,#1389,.T.);
#892=EDGE_CURVE('',#1103,#1136,#1390,.T.);
#893=EDGE_CURVE('',#1134,#1137,#1391,.T.);
#894=EDGE_CURVE('',#1137,#1136,#1392,.T.);
#895=EDGE_CURVE('',#1136,#1138,#1393,.T.);
#896=EDGE_CURVE('',#1137,#1139,#1394,.T.);
#897=EDGE_CURVE('',#1139,#1138,#1395,.T.);
#898=EDGE_CURVE('',#1102,#1138,#1396,.T.);
#899=EDGE_CURVE('',#1135,#1139,#1397,.T.);
#900=EDGE_CURVE('',#1140,#1002,#1398,.T.);
#901=EDGE_CURVE('',#1140,#1141,#1399,.T.);
#902=EDGE_CURVE('',#1141,#1003,#1400,.T.);
#903=EDGE_CURVE('',#1142,#1098,#1401,.T.);
#904=EDGE_CURVE('',#1143,#1133,#1402,.T.);
#905=EDGE_CURVE('',#1143,#1142,#1403,.T.);
#906=EDGE_CURVE('',#1142,#1144,#1404,.T.);
#907=EDGE_CURVE('',#1143,#1145,#1405,.T.);
#908=EDGE_CURVE('',#1145,#1144,#1406,.T.);
#909=EDGE_CURVE('',#1144,#1099,#1407,.T.);
#910=EDGE_CURVE('',#1145,#1132,#1408,.T.);
#911=EDGE_CURVE('',#1146,#1147,#1409,.T.);
#912=EDGE_CURVE('',#1148,#1146,#1410,.T.);
#913=EDGE_CURVE('',#1148,#1149,#1411,.T.);
#914=EDGE_CURVE('',#1149,#1147,#1412,.T.);
#915=EDGE_CURVE('',#1150,#1147,#1413,.T.);
#916=EDGE_CURVE('',#1151,#1149,#1414,.T.);
#917=EDGE_CURVE('',#1151,#1150,#1415,.T.);
#918=EDGE_CURVE('',#1152,#1150,#1416,.T.);
#919=EDGE_CURVE('',#1153,#1151,#1417,.T.);
#920=EDGE_CURVE('',#1153,#1152,#1418,.T.);
#921=EDGE_CURVE('',#1152,#1146,#1419,.T.);
#922=EDGE_CURVE('',#1153,#1148,#1420,.T.);
#923=EDGE_CURVE('',#1127,#989,#1421,.T.);
#924=EDGE_CURVE('',#991,#1119,#1422,.F.);
#925=EDGE_CURVE('',#1095,#990,#1423,.F.);
#926=EDGE_CURVE('',#990,#999,#1424,.F.);
#927=EDGE_CURVE('',#1154,#1155,#1425,.T.);
#928=EDGE_CURVE('',#1154,#1131,#1426,.T.);
#929=EDGE_CURVE('',#1097,#1155,#1427,.T.);
#930=EDGE_CURVE('',#1128,#1154,#1428,.T.);
#931=EDGE_CURVE('',#1156,#1134,#1429,.T.);
#932=EDGE_CURVE('',#1156,#1157,#1430,.T.);
#933=EDGE_CURVE('',#1157,#1132,#1431,.T.);
#934=EDGE_CURVE('',#1133,#1141,#1432,.T.);
#935=EDGE_CURVE('',#1135,#1140,#1433,.T.);
#936=EDGE_CURVE('',#1000,#1158,#1434,.F.);
#937=EDGE_CURVE('',#1006,#988,#1435,.T.);
#938=EDGE_CURVE('',#1004,#1158,#1436,.F.);
#939=EDGE_CURVE('',#1159,#1001,#1437,.T.);
#940=EDGE_CURVE('',#1159,#1005,#1438,.T.);
#941=EDGE_CURVE('',#1007,#1156,#1439,.T.);
#942=EDGE_CURVE('',#1160,#1008,#1440,.T.);
#943=EDGE_CURVE('',#1160,#997,#1441,.T.);
#944=EDGE_CURVE('',#1010,#1157,#1442,.T.);
#945=EDGE_CURVE('',#1157,#1155,#1443,.T.);
#946=EDGE_CURVE('',#988,#1156,#1444,.T.);
#947=EDGE_CURVE('',#1161,#996,#1445,.T.);
#948=EDGE_CURVE('',#1161,#1009,#1446,.T.);
#949=EDGE_CURVE('',#1155,#1011,#1447,.T.);
#950=EDGE_CURVE('',#1159,#1158,#1448,.T.);
#951=EDGE_CURVE('',#1161,#1160,#1449,.T.);
#952=EDGE_CURVE('',#1162,#1163,#1450,.T.);
#953=EDGE_CURVE('',#1162,#1164,#1451,.T.);
#954=EDGE_CURVE('',#1164,#1165,#1452,.T.);
#955=EDGE_CURVE('',#1163,#1165,#1453,.T.);
#956=EDGE_CURVE('',#1162,#992,#1454,.T.);
#957=EDGE_CURVE('',#1163,#993,#1455,.T.);
#958=EDGE_CURVE('',#1164,#995,#1456,.T.);
#959=EDGE_CURVE('',#1165,#994,#1457,.T.);
#960=VERTEX_POINT('',#2973);
#961=VERTEX_POINT('',#2974);
#962=VERTEX_POINT('',#2976);
#963=VERTEX_POINT('',#2978);
#964=VERTEX_POINT('',#2981);
#965=VERTEX_POINT('',#2982);
#966=VERTEX_POINT('',#2984);
#967=VERTEX_POINT('',#2986);
#968=VERTEX_POINT('',#2989);
#969=VERTEX_POINT('',#2990);
#970=VERTEX_POINT('',#2992);
#971=VERTEX_POINT('',#2994);
#972=VERTEX_POINT('',#2998);
#973=VERTEX_POINT('',#2999);
#974=VERTEX_POINT('',#3001);
#975=VERTEX_POINT('',#3003);
#976=VERTEX_POINT('',#3006);
#977=VERTEX_POINT('',#3008);
#978=VERTEX_POINT('',#3012);
#979=VERTEX_POINT('',#3013);
#980=VERTEX_POINT('',#3015);
#981=VERTEX_POINT('',#3017);
#982=VERTEX_POINT('',#3020);
#983=VERTEX_POINT('',#3021);
#984=VERTEX_POINT('',#3023);
#985=VERTEX_POINT('',#3025);
#986=VERTEX_POINT('',#3028);
#987=VERTEX_POINT('',#3030);
#988=VERTEX_POINT('',#3037);
#989=VERTEX_POINT('',#3038);
#990=VERTEX_POINT('',#3040);
#991=VERTEX_POINT('',#3042);
#992=VERTEX_POINT('',#3045);
#993=VERTEX_POINT('',#3046);
#994=VERTEX_POINT('',#3048);
#995=VERTEX_POINT('',#3050);
#996=VERTEX_POINT('',#3054);
#997=VERTEX_POINT('',#3055);
#998=VERTEX_POINT('',#3057);
#999=VERTEX_POINT('',#3059);
#1000=VERTEX_POINT('',#3061);
#1001=VERTEX_POINT('',#3063);
#1002=VERTEX_POINT('',#3065);
#1003=VERTEX_POINT('',#3067);
#1004=VERTEX_POINT('',#3071);
#1005=VERTEX_POINT('',#3072);
#1006=VERTEX_POINT('',#3074);
#1007=VERTEX_POINT('',#3076);
#1008=VERTEX_POINT('',#3080);
#1009=VERTEX_POINT('',#3081);
#1010=VERTEX_POINT('',#3083);
#1011=VERTEX_POINT('',#3085);
#1012=VERTEX_POINT('',#3089);
#1013=VERTEX_POINT('',#3091);
#1014=VERTEX_POINT('',#3094);
#1015=VERTEX_POINT('',#3096);
#1016=VERTEX_POINT('',#3099);
#1017=VERTEX_POINT('',#3101);
#1018=VERTEX_POINT('',#3104);
#1019=VERTEX_POINT('',#3106);
#1020=VERTEX_POINT('',#3109);
#1021=VERTEX_POINT('',#3111);
#1022=VERTEX_POINT('',#3114);
#1023=VERTEX_POINT('',#3116);
#1024=VERTEX_POINT('',#3119);
#1025=VERTEX_POINT('',#3120);
#1026=VERTEX_POINT('',#3122);
#1027=VERTEX_POINT('',#3124);
#1028=VERTEX_POINT('',#3128);
#1029=VERTEX_POINT('',#3129);
#1030=VERTEX_POINT('',#3131);
#1031=VERTEX_POINT('',#3133);
#1032=VERTEX_POINT('',#3136);
#1033=VERTEX_POINT('',#3137);
#1034=VERTEX_POINT('',#3139);
#1035=VERTEX_POINT('',#3141);
#1036=VERTEX_POINT('',#3145);
#1037=VERTEX_POINT('',#3147);
#1038=VERTEX_POINT('',#3148);
#1039=VERTEX_POINT('',#3150);
#1040=VERTEX_POINT('',#3152);
#1041=VERTEX_POINT('',#3154);
#1042=VERTEX_POINT('',#3156);
#1043=VERTEX_POINT('',#3158);
#1044=VERTEX_POINT('',#3160);
#1045=VERTEX_POINT('',#3162);
#1046=VERTEX_POINT('',#3164);
#1047=VERTEX_POINT('',#3166);
#1048=VERTEX_POINT('',#3170);
#1049=VERTEX_POINT('',#3172);
#1050=VERTEX_POINT('',#3175);
#1051=VERTEX_POINT('',#3176);
#1052=VERTEX_POINT('',#3178);
#1053=VERTEX_POINT('',#3180);
#1054=VERTEX_POINT('',#3184);
#1055=VERTEX_POINT('',#3185);
#1056=VERTEX_POINT('',#3187);
#1057=VERTEX_POINT('',#3189);
#1058=VERTEX_POINT('',#3193);
#1059=VERTEX_POINT('',#3195);
#1060=VERTEX_POINT('',#3199);
#1061=VERTEX_POINT('',#3200);
#1062=VERTEX_POINT('',#3205);
#1063=VERTEX_POINT('',#3207);
#1064=VERTEX_POINT('',#3214);
#1065=VERTEX_POINT('',#3215);
#1066=VERTEX_POINT('',#3220);
#1067=VERTEX_POINT('',#3222);
#1068=VERTEX_POINT('',#3224);
#1069=VERTEX_POINT('',#3226);
#1070=VERTEX_POINT('',#3230);
#1071=VERTEX_POINT('',#3232);
#1072=VERTEX_POINT('',#3236);
#1073=VERTEX_POINT('',#3240);
#1074=VERTEX_POINT('',#3244);
#1075=VERTEX_POINT('',#3248);
#1076=VERTEX_POINT('',#3252);
#1077=VERTEX_POINT('',#3256);
#1078=VERTEX_POINT('',#3260);
#1079=VERTEX_POINT('',#3263);
#1080=VERTEX_POINT('',#3264);
#1081=VERTEX_POINT('',#3269);
#1082=VERTEX_POINT('',#3273);
#1083=VERTEX_POINT('',#3279);
#1084=VERTEX_POINT('',#3280);
#1085=VERTEX_POINT('',#3285);
#1086=VERTEX_POINT('',#3289);
#1087=VERTEX_POINT('',#3303);
#1088=VERTEX_POINT('',#3305);
#1089=VERTEX_POINT('',#3309);
#1090=VERTEX_POINT('',#3313);
#1091=VERTEX_POINT('',#3319);
#1092=VERTEX_POINT('',#3321);
#1093=VERTEX_POINT('',#3325);
#1094=VERTEX_POINT('',#3329);
#1095=VERTEX_POINT('',#3336);
#1096=VERTEX_POINT('',#3338);
#1097=VERTEX_POINT('',#3342);
#1098=VERTEX_POINT('',#3346);
#1099=VERTEX_POINT('',#3347);
#1100=VERTEX_POINT('',#3349);
#1101=VERTEX_POINT('',#3351);
#1102=VERTEX_POINT('',#3355);
#1103=VERTEX_POINT('',#3356);
#1104=VERTEX_POINT('',#3358);
#1105=VERTEX_POINT('',#3360);
#1106=VERTEX_POINT('',#3364);
#1107=VERTEX_POINT('',#3365);
#1108=VERTEX_POINT('',#3370);
#1109=VERTEX_POINT('',#3374);
#1110=VERTEX_POINT('',#3380);
#1111=VERTEX_POINT('',#3382);
#1112=VERTEX_POINT('',#3386);
#1113=VERTEX_POINT('',#3390);
#1114=VERTEX_POINT('',#3394);
#1115=VERTEX_POINT('',#3396);
#1116=VERTEX_POINT('',#3400);
#1117=VERTEX_POINT('',#3403);
#1118=VERTEX_POINT('',#3405);
#1119=VERTEX_POINT('',#3407);
#1120=VERTEX_POINT('',#3412);
#1121=VERTEX_POINT('',#3416);
#1122=VERTEX_POINT('',#3420);
#1123=VERTEX_POINT('',#3424);
#1124=VERTEX_POINT('',#3426);
#1125=VERTEX_POINT('',#3430);
#1126=VERTEX_POINT('',#3434);
#1127=VERTEX_POINT('',#3438);
#1128=VERTEX_POINT('',#3439);
#1129=VERTEX_POINT('',#3445);
#1130=VERTEX_POINT('',#3449);
#1131=VERTEX_POINT('',#3453);
#1132=VERTEX_POINT('',#3457);
#1133=VERTEX_POINT('',#3459);
#1134=VERTEX_POINT('',#3463);
#1135=VERTEX_POINT('',#3464);
#1136=VERTEX_POINT('',#3469);
#1137=VERTEX_POINT('',#3471);
#1138=VERTEX_POINT('',#3475);
#1139=VERTEX_POINT('',#3477);
#1140=VERTEX_POINT('',#3484);
#1141=VERTEX_POINT('',#3486);
#1142=VERTEX_POINT('',#3490);
#1143=VERTEX_POINT('',#3492);
#1144=VERTEX_POINT('',#3496);
#1145=VERTEX_POINT('',#3498);
#1146=VERTEX_POINT('',#3505);
#1147=VERTEX_POINT('',#3506);
#1148=VERTEX_POINT('',#3508);
#1149=VERTEX_POINT('',#3510);
#1150=VERTEX_POINT('',#3514);
#1151=VERTEX_POINT('',#3516);
#1152=VERTEX_POINT('',#3520);
#1153=VERTEX_POINT('',#3522);
#1154=VERTEX_POINT('',#3536);
#1155=VERTEX_POINT('',#3537);
#1156=VERTEX_POINT('',#3544);
#1157=VERTEX_POINT('',#3546);
#1158=VERTEX_POINT('',#3552);
#1159=VERTEX_POINT('',#3557);
#1160=VERTEX_POINT('',#3562);
#1161=VERTEX_POINT('',#3570);
#1162=VERTEX_POINT('',#3583);
#1163=VERTEX_POINT('',#3584);
#1164=VERTEX_POINT('',#3586);
#1165=VERTEX_POINT('',#3588);
#1166=LINE('',#2972,#1458);
#1167=LINE('',#2975,#1459);
#1168=LINE('',#2977,#1460);
#1169=LINE('',#2979,#1461);
#1170=LINE('',#2980,#1462);
#1171=LINE('',#2983,#1463);
#1172=LINE('',#2985,#1464);
#1173=LINE('',#2987,#1465);
#1174=LINE('',#2988,#1466);
#1175=LINE('',#2991,#1467);
#1176=LINE('',#2993,#1468);
#1177=LINE('',#2995,#1469);
#1178=LINE('',#2997,#1470);
#1179=LINE('',#3000,#1471);
#1180=LINE('',#3002,#1472);
#1181=LINE('',#3004,#1473);
#1182=LINE('',#3005,#1474);
#1183=LINE('',#3007,#1475);
#1184=LINE('',#3009,#1476);
#1185=LINE('',#3011,#1477);
#1186=LINE('',#3014,#1478);
#1187=LINE('',#3016,#1479);
#1188=LINE('',#3018,#1480);
#1189=LINE('',#3019,#1481);
#1190=LINE('',#3022,#1482);
#1191=LINE('',#3024,#1483);
#1192=LINE('',#3026,#1484);
#1193=LINE('',#3027,#1485);
#1194=LINE('',#3029,#1486);
#1195=LINE('',#3031,#1487);
#1196=LINE('',#3033,#1488);
#1197=LINE('',#3034,#1489);
#1198=LINE('',#3036,#1490);
#1199=LINE('',#3039,#1491);
#1200=LINE('',#3041,#1492);
#1201=LINE('',#3043,#1493);
#1202=LINE('',#3044,#1494);
#1203=LINE('',#3047,#1495);
#1204=LINE('',#3049,#1496);
#1205=LINE('',#3051,#1497);
#1206=LINE('',#3053,#1498);
#1207=LINE('',#3056,#1499);
#1208=LINE('',#3058,#1500);
#1209=LINE('',#3060,#1501);
#1210=LINE('',#3062,#1502);
#1211=LINE('',#3064,#1503);
#1212=LINE('',#3066,#1504);
#1213=LINE('',#3068,#1505);
#1214=LINE('',#3070,#1506);
#1215=LINE('',#3073,#1507);
#1216=LINE('',#3075,#1508);
#1217=LINE('',#3077,#1509);
#1218=LINE('',#3079,#1510);
#1219=LINE('',#3082,#1511);
#1220=LINE('',#3084,#1512);
#1221=LINE('',#3086,#1513);
#1222=LINE('',#3118,#1514);
#1223=LINE('',#3121,#1515);
#1224=LINE('',#3123,#1516);
#1225=LINE('',#3125,#1517);
#1226=LINE('',#3127,#1518);
#1227=LINE('',#3130,#1519);
#1228=LINE('',#3132,#1520);
#1229=LINE('',#3134,#1521);
#1230=LINE('',#3135,#1522);
#1231=LINE('',#3138,#1523);
#1232=LINE('',#3140,#1524);
#1233=LINE('',#3142,#1525);
#1234=LINE('',#3146,#1526);
#1235=LINE('',#3149,#1527);
#1236=LINE('',#3151,#1528);
#1237=LINE('',#3153,#1529);
#1238=LINE('',#3155,#1530);
#1239=LINE('',#3157,#1531);
#1240=LINE('',#3159,#1532);
#1241=LINE('',#3161,#1533);
#1242=LINE('',#3163,#1534);
#1243=LINE('',#3165,#1535);
#1244=LINE('',#3167,#1536);
#1245=LINE('',#3174,#1537);
#1246=LINE('',#3177,#1538);
#1247=LINE('',#3179,#1539);
#1248=LINE('',#3181,#1540);
#1249=LINE('',#3183,#1541);
#1250=LINE('',#3186,#1542);
#1251=LINE('',#3188,#1543);
#1252=LINE('',#3190,#1544);
#1253=LINE('',#3192,#1545);
#1254=LINE('',#3194,#1546);
#1255=LINE('',#3196,#1547);
#1256=LINE('',#3198,#1548);
#1257=LINE('',#3201,#1549);
#1258=LINE('',#3202,#1550);
#1259=LINE('',#3204,#1551);
#1260=LINE('',#3206,#1552);
#1261=LINE('',#3208,#1553);
#1262=LINE('',#3210,#1554);
#1263=LINE('',#3211,#1555);
#1264=LINE('',#3213,#1556);
#1265=LINE('',#3216,#1557);
#1266=LINE('',#3217,#1558);
#1267=LINE('',#3219,#1559);
#1268=LINE('',#3221,#1560);
#1269=LINE('',#3223,#1561);
#1270=LINE('',#3225,#1562);
#1271=LINE('',#3227,#1563);
#1272=LINE('',#3229,#1564);
#1273=LINE('',#3231,#1565);
#1274=LINE('',#3233,#1566);
#1275=LINE('',#3235,#1567);
#1276=LINE('',#3237,#1568);
#1277=LINE('',#3239,#1569);
#1278=LINE('',#3241,#1570);
#1279=LINE('',#3243,#1571);
#1280=LINE('',#3245,#1572);
#1281=LINE('',#3247,#1573);
#1282=LINE('',#3249,#1574);
#1283=LINE('',#3251,#1575);
#1284=LINE('',#3253,#1576);
#1285=LINE('',#3255,#1577);
#1286=LINE('',#3257,#1578);
#1287=LINE('',#3262,#1579);
#1288=LINE('',#3265,#1580);
#1289=LINE('',#3266,#1581);
#1290=LINE('',#3268,#1582);
#1291=LINE('',#3270,#1583);
#1292=LINE('',#3272,#1584);
#1293=LINE('',#3274,#1585);
#1294=LINE('',#3276,#1586);
#1295=LINE('',#3278,#1587);
#1296=LINE('',#3281,#1588);
#1297=LINE('',#3282,#1589);
#1298=LINE('',#3284,#1590);
#1299=LINE('',#3286,#1591);
#1300=LINE('',#3288,#1592);
#1301=LINE('',#3290,#1593);
#1302=LINE('',#3292,#1594);
#1303=LINE('',#3294,#1595);
#1304=LINE('',#3295,#1596);
#1305=LINE('',#3297,#1597);
#1306=LINE('',#3299,#1598);
#1307=LINE('',#3302,#1599);
#1308=LINE('',#3304,#1600);
#1309=LINE('',#3306,#1601);
#1310=LINE('',#3308,#1602);
#1311=LINE('',#3310,#1603);
#1312=LINE('',#3312,#1604);
#1313=LINE('',#3314,#1605);
#1314=LINE('',#3316,#1606);
#1315=LINE('',#3318,#1607);
#1316=LINE('',#3320,#1608);
#1317=LINE('',#3322,#1609);
#1318=LINE('',#3324,#1610);
#1319=LINE('',#3326,#1611);
#1320=LINE('',#3328,#1612);
#1321=LINE('',#3330,#1613);
#1322=LINE('',#3332,#1614);
#1323=LINE('',#3335,#1615);
#1324=LINE('',#3337,#1616);
#1325=LINE('',#3339,#1617);
#1326=LINE('',#3341,#1618);
#1327=LINE('',#3343,#1619);
#1328=LINE('',#3345,#1620);
#1329=LINE('',#3348,#1621);
#1330=LINE('',#3350,#1622);
#1331=LINE('',#3352,#1623);
#1332=LINE('',#3354,#1624);
#1333=LINE('',#3357,#1625);
#1334=LINE('',#3359,#1626);
#1335=LINE('',#3361,#1627);
#1336=LINE('',#3363,#1628);
#1337=LINE('',#3366,#1629);
#1338=LINE('',#3367,#1630);
#1339=LINE('',#3369,#1631);
#1340=LINE('',#3371,#1632);
#1341=LINE('',#3373,#1633);
#1342=LINE('',#3375,#1634);
#1343=LINE('',#3377,#1635);
#1344=LINE('',#3379,#1636);
#1345=LINE('',#3381,#1637);
#1346=LINE('',#3383,#1638);
#1347=LINE('',#3385,#1639);
#1348=LINE('',#3387,#1640);
#1349=LINE('',#3389,#1641);
#1350=LINE('',#3391,#1642);
#1351=LINE('',#3393,#1643);
#1352=LINE('',#3395,#1644);
#1353=LINE('',#3397,#1645);
#1354=LINE('',#3399,#1646);
#1355=LINE('',#3401,#1647);
#1356=LINE('',#3402,#1648);
#1357=LINE('',#3404,#1649);
#1358=LINE('',#3406,#1650);
#1359=LINE('',#3408,#1651);
#1360=LINE('',#3410,#1652);
#1361=LINE('',#3411,#1653);
#1362=LINE('',#3413,#1654);
#1363=LINE('',#3415,#1655);
#1364=LINE('',#3417,#1656);
#1365=LINE('',#3419,#1657);
#1366=LINE('',#3421,#1658);
#1367=LINE('',#3423,#1659);
#1368=LINE('',#3425,#1660);
#1369=LINE('',#3427,#1661);
#1370=LINE('',#3429,#1662);
#1371=LINE('',#3431,#1663);
#1372=LINE('',#3433,#1664);
#1373=LINE('',#3435,#1665);
#1374=LINE('',#3437,#1666);
#1375=LINE('',#3440,#1667);
#1376=LINE('',#3441,#1668);
#1377=LINE('',#3442,#1669);
#1378=LINE('',#3444,#1670);
#1379=LINE('',#3446,#1671);
#1380=LINE('',#3448,#1672);
#1381=LINE('',#3450,#1673);
#1382=LINE('',#3452,#1674);
#1383=LINE('',#3454,#1675);
#1384=LINE('',#3456,#1676);
#1385=LINE('',#3458,#1677);
#1386=LINE('',#3460,#1678);
#1387=LINE('',#3462,#1679);
#1388=LINE('',#3465,#1680);
#1389=LINE('',#3466,#1681);
#1390=LINE('',#3468,#1682);
#1391=LINE('',#3470,#1683);
#1392=LINE('',#3472,#1684);
#1393=LINE('',#3474,#1685);
#1394=LINE('',#3476,#1686);
#1395=LINE('',#3478,#1687);
#1396=LINE('',#3480,#1688);
#1397=LINE('',#3481,#1689);
#1398=LINE('',#3483,#1690);
#1399=LINE('',#3485,#1691);
#1400=LINE('',#3487,#1692);
#1401=LINE('',#3489,#1693);
#1402=LINE('',#3491,#1694);
#1403=LINE('',#3493,#1695);
#1404=LINE('',#3495,#1696);
#1405=LINE('',#3497,#1697);
#1406=LINE('',#3499,#1698);
#1407=LINE('',#3501,#1699);
#1408=LINE('',#3502,#1700);
#1409=LINE('',#3504,#1701);
#1410=LINE('',#3507,#1702);
#1411=LINE('',#3509,#1703);
#1412=LINE('',#3511,#1704);
#1413=LINE('',#3513,#1705);
#1414=LINE('',#3515,#1706);
#1415=LINE('',#3517,#1707);
#1416=LINE('',#3519,#1708);
#1417=LINE('',#3521,#1709);
#1418=LINE('',#3523,#1710);
#1419=LINE('',#3525,#1711);
#1420=LINE('',#3526,#1712);
#1421=LINE('',#3528,#1713);
#1422=LINE('',#3529,#1714);
#1423=LINE('',#3531,#1715);
#1424=LINE('',#3533,#1716);
#1425=LINE('',#3535,#1717);
#1426=LINE('',#3538,#1718);
#1427=LINE('',#3539,#1719);
#1428=LINE('',#3541,#1720);
#1429=LINE('',#3543,#1721);
#1430=LINE('',#3545,#1722);
#1431=LINE('',#3547,#1723);
#1432=LINE('',#3548,#1724);
#1433=LINE('',#3549,#1725);
#1434=LINE('',#3551,#1726);
#1435=LINE('',#3553,#1727);
#1436=LINE('',#3554,#1728);
#1437=LINE('',#3556,#1729);
#1438=LINE('',#3558,#1730);
#1439=LINE('',#3559,#1731);
#1440=LINE('',#3561,#1732);
#1441=LINE('',#3563,#1733);
#1442=LINE('',#3564,#1734);
#1443=LINE('',#3566,#1735);
#1444=LINE('',#3567,#1736);
#1445=LINE('',#3569,#1737);
#1446=LINE('',#3571,#1738);
#1447=LINE('',#3572,#1739);
#1448=LINE('',#3576,#1740);
#1449=LINE('',#3579,#1741);
#1450=LINE('',#3582,#1742);
#1451=LINE('',#3585,#1743);
#1452=LINE('',#3587,#1744);
#1453=LINE('',#3589,#1745);
#1454=LINE('',#3591,#1746);
#1455=LINE('',#3592,#1747);
#1456=LINE('',#3594,#1748);
#1457=LINE('',#3596,#1749);
#1458=VECTOR('',#2422,1.);
#1459=VECTOR('',#2423,1.);
#1460=VECTOR('',#2424,1.);
#1461=VECTOR('',#2425,1.);
#1462=VECTOR('',#2426,1.);
#1463=VECTOR('',#2427,1.);
#1464=VECTOR('',#2428,1.);
#1465=VECTOR('',#2429,1.);
#1466=VECTOR('',#2430,1.);
#1467=VECTOR('',#2431,1.);
#1468=VECTOR('',#2432,1.);
#1469=VECTOR('',#2433,1.);
#1470=VECTOR('',#2436,1.);
#1471=VECTOR('',#2437,1.);
#1472=VECTOR('',#2438,1.);
#1473=VECTOR('',#2439,1.);
#1474=VECTOR('',#2440,1.);
#1475=VECTOR('',#2441,1.);
#1476=VECTOR('',#2442,1.);
#1477=VECTOR('',#2445,1.);
#1478=VECTOR('',#2446,1.);
#1479=VECTOR('',#2447,1.);
#1480=VECTOR('',#2448,1.);
#1481=VECTOR('',#2449,1.);
#1482=VECTOR('',#2450,1.);
#1483=VECTOR('',#2451,1.);
#1484=VECTOR('',#2452,1.);
#1485=VECTOR('',#2453,1.);
#1486=VECTOR('',#2454,1.);
#1487=VECTOR('',#2455,1.);
#1488=VECTOR('',#2458,1.);
#1489=VECTOR('',#2459,1.);
#1490=VECTOR('',#2462,1.);
#1491=VECTOR('',#2463,1.);
#1492=VECTOR('',#2464,1.);
#1493=VECTOR('',#2465,1.);
#1494=VECTOR('',#2466,1.);
#1495=VECTOR('',#2467,1.);
#1496=VECTOR('',#2468,1.);
#1497=VECTOR('',#2469,1.);
#1498=VECTOR('',#2472,1.);
#1499=VECTOR('',#2473,1.);
#1500=VECTOR('',#2474,1.);
#1501=VECTOR('',#2475,1.);
#1502=VECTOR('',#2476,1.);
#1503=VECTOR('',#2477,1.);
#1504=VECTOR('',#2478,1.);
#1505=VECTOR('',#2479,1.);
#1506=VECTOR('',#2482,1.);
#1507=VECTOR('',#2483,1.);
#1508=VECTOR('',#2484,1.);
#1509=VECTOR('',#2485,1.);
#1510=VECTOR('',#2488,1.);
#1511=VECTOR('',#2489,1.);
#1512=VECTOR('',#2490,1.);
#1513=VECTOR('',#2491,1.);
#1514=VECTOR('',#2530,1.);
#1515=VECTOR('',#2531,1.);
#1516=VECTOR('',#2532,1.);
#1517=VECTOR('',#2533,1.);
#1518=VECTOR('',#2536,1.);
#1519=VECTOR('',#2537,1.);
#1520=VECTOR('',#2538,1.);
#1521=VECTOR('',#2539,1.);
#1522=VECTOR('',#2540,1.);
#1523=VECTOR('',#2541,1.);
#1524=VECTOR('',#2542,1.);
#1525=VECTOR('',#2543,1.);
#1526=VECTOR('',#2548,1.);
#1527=VECTOR('',#2549,1.);
#1528=VECTOR('',#2550,1.);
#1529=VECTOR('',#2551,1.);
#1530=VECTOR('',#2552,1.);
#1531=VECTOR('',#2553,1.);
#1532=VECTOR('',#2554,1.);
#1533=VECTOR('',#2555,1.);
#1534=VECTOR('',#2556,1.);
#1535=VECTOR('',#2557,1.);
#1536=VECTOR('',#2558,1.);
#1537=VECTOR('',#2567,1.);
#1538=VECTOR('',#2568,1.);
#1539=VECTOR('',#2569,1.);
#1540=VECTOR('',#2570,1.);
#1541=VECTOR('',#2573,1.);
#1542=VECTOR('',#2574,1.);
#1543=VECTOR('',#2575,1.);
#1544=VECTOR('',#2576,1.);
#1545=VECTOR('',#2579,1.);
#1546=VECTOR('',#2580,1.);
#1547=VECTOR('',#2581,1.);
#1548=VECTOR('',#2584,1.);
#1549=VECTOR('',#2585,1.);
#1550=VECTOR('',#2586,1.);
#1551=VECTOR('',#2589,1.);
#1552=VECTOR('',#2590,1.);
#1553=VECTOR('',#2591,1.);
#1554=VECTOR('',#2594,1.);
#1555=VECTOR('',#2595,1.);
#1556=VECTOR('',#2598,1.);
#1557=VECTOR('',#2599,1.);
#1558=VECTOR('',#2600,1.);
#1559=VECTOR('',#2603,1.);
#1560=VECTOR('',#2604,1.);
#1561=VECTOR('',#2605,1.);
#1562=VECTOR('',#2606,1.);
#1563=VECTOR('',#2607,1.);
#1564=VECTOR('',#2610,1.);
#1565=VECTOR('',#2611,1.);
#1566=VECTOR('',#2612,1.);
#1567=VECTOR('',#2615,1.);
#1568=VECTOR('',#2616,1.);
#1569=VECTOR('',#2619,1.);
#1570=VECTOR('',#2620,1.);
#1571=VECTOR('',#2623,1.);
#1572=VECTOR('',#2624,1.);
#1573=VECTOR('',#2627,1.);
#1574=VECTOR('',#2628,1.);
#1575=VECTOR('',#2631,1.);
#1576=VECTOR('',#2632,1.);
#1577=VECTOR('',#2635,1.);
#1578=VECTOR('',#2636,1.);
#1579=VECTOR('',#2643,1.);
#1580=VECTOR('',#2644,1.);
#1581=VECTOR('',#2645,1.);
#1582=VECTOR('',#2648,1.);
#1583=VECTOR('',#2649,1.);
#1584=VECTOR('',#2652,1.);
#1585=VECTOR('',#2653,1.);
#1586=VECTOR('',#2656,1.);
#1587=VECTOR('',#2659,1.);
#1588=VECTOR('',#2660,1.);
#1589=VECTOR('',#2661,1.);
#1590=VECTOR('',#2664,1.);
#1591=VECTOR('',#2665,1.);
#1592=VECTOR('',#2668,1.);
#1593=VECTOR('',#2669,1.);
#1594=VECTOR('',#2672,1.);
#1595=VECTOR('',#2675,1.);
#1596=VECTOR('',#2676,1.);
#1597=VECTOR('',#2679,1.);
#1598=VECTOR('',#2682,1.);
#1599=VECTOR('',#2687,1.);
#1600=VECTOR('',#2688,1.);
#1601=VECTOR('',#2689,1.);
#1602=VECTOR('',#2692,1.);
#1603=VECTOR('',#2693,1.);
#1604=VECTOR('',#2696,1.);
#1605=VECTOR('',#2697,1.);
#1606=VECTOR('',#2700,1.);
#1607=VECTOR('',#2703,1.);
#1608=VECTOR('',#2704,1.);
#1609=VECTOR('',#2705,1.);
#1610=VECTOR('',#2708,1.);
#1611=VECTOR('',#2709,1.);
#1612=VECTOR('',#2712,1.);
#1613=VECTOR('',#2713,1.);
#1614=VECTOR('',#2716,1.);
#1615=VECTOR('',#2721,1.);
#1616=VECTOR('',#2722,1.);
#1617=VECTOR('',#2723,1.);
#1618=VECTOR('',#2726,1.);
#1619=VECTOR('',#2727,1.);
#1620=VECTOR('',#2730,1.);
#1621=VECTOR('',#2731,1.);
#1622=VECTOR('',#2732,1.);
#1623=VECTOR('',#2733,1.);
#1624=VECTOR('',#2736,1.);
#1625=VECTOR('',#2737,1.);
#1626=VECTOR('',#2738,1.);
#1627=VECTOR('',#2739,1.);
#1628=VECTOR('',#2742,1.);
#1629=VECTOR('',#2743,1.);
#1630=VECTOR('',#2744,1.);
#1631=VECTOR('',#2747,1.);
#1632=VECTOR('',#2748,1.);
#1633=VECTOR('',#2751,1.);
#1634=VECTOR('',#2752,1.);
#1635=VECTOR('',#2755,1.);
#1636=VECTOR('',#2758,1.);
#1637=VECTOR('',#2759,1.);
#1638=VECTOR('',#2760,1.);
#1639=VECTOR('',#2763,1.);
#1640=VECTOR('',#2764,1.);
#1641=VECTOR('',#2767,1.);
#1642=VECTOR('',#2768,1.);
#1643=VECTOR('',#2771,1.);
#1644=VECTOR('',#2772,1.);
#1645=VECTOR('',#2773,1.);
#1646=VECTOR('',#2776,1.);
#1647=VECTOR('',#2777,1.);
#1648=VECTOR('',#2778,1.);
#1649=VECTOR('',#2779,1.);
#1650=VECTOR('',#2780,1.);
#1651=VECTOR('',#2781,1.);
#1652=VECTOR('',#2784,1.);
#1653=VECTOR('',#2785,1.);
#1654=VECTOR('',#2786,1.);
#1655=VECTOR('',#2789,1.);
#1656=VECTOR('',#2790,1.);
#1657=VECTOR('',#2793,1.);
#1658=VECTOR('',#2794,1.);
#1659=VECTOR('',#2797,1.);
#1660=VECTOR('',#2798,1.);
#1661=VECTOR('',#2799,1.);
#1662=VECTOR('',#2802,1.);
#1663=VECTOR('',#2803,1.);
#1664=VECTOR('',#2806,1.);
#1665=VECTOR('',#2807,1.);
#1666=VECTOR('',#2810,1.);
#1667=VECTOR('',#2811,1.);
#1668=VECTOR('',#2812,1.);
#1669=VECTOR('',#2813,1.);
#1670=VECTOR('',#2816,1.);
#1671=VECTOR('',#2817,1.);
#1672=VECTOR('',#2820,1.);
#1673=VECTOR('',#2821,1.);
#1674=VECTOR('',#2824,1.);
#1675=VECTOR('',#2825,1.);
#1676=VECTOR('',#2828,1.);
#1677=VECTOR('',#2829,1.);
#1678=VECTOR('',#2830,1.);
#1679=VECTOR('',#2833,1.);
#1680=VECTOR('',#2834,1.);
#1681=VECTOR('',#2835,1.);
#1682=VECTOR('',#2838,1.);
#1683=VECTOR('',#2839,1.);
#1684=VECTOR('',#2840,1.);
#1685=VECTOR('',#2843,1.);
#1686=VECTOR('',#2844,1.);
#1687=VECTOR('',#2845,1.);
#1688=VECTOR('',#2848,1.);
#1689=VECTOR('',#2849,1.);
#1690=VECTOR('',#2852,1.);
#1691=VECTOR('',#2853,1.);
#1692=VECTOR('',#2854,1.);
#1693=VECTOR('',#2857,1.);
#1694=VECTOR('',#2858,1.);
#1695=VECTOR('',#2859,1.);
#1696=VECTOR('',#2862,1.);
#1697=VECTOR('',#2863,1.);
#1698=VECTOR('',#2864,1.);
#1699=VECTOR('',#2867,1.);
#1700=VECTOR('',#2868,1.);
#1701=VECTOR('',#2871,1.);
#1702=VECTOR('',#2872,1.);
#1703=VECTOR('',#2873,1.);
#1704=VECTOR('',#2874,1.);
#1705=VECTOR('',#2877,1.);
#1706=VECTOR('',#2878,1.);
#1707=VECTOR('',#2879,1.);
#1708=VECTOR('',#2882,1.);
#1709=VECTOR('',#2883,1.);
#1710=VECTOR('',#2884,1.);
#1711=VECTOR('',#2887,1.);
#1712=VECTOR('',#2888,1.);
#1713=VECTOR('',#2891,1.);
#1714=VECTOR('',#2892,1.);
#1715=VECTOR('',#2895,1.);
#1716=VECTOR('',#2898,1.);
#1717=VECTOR('',#2901,1.);
#1718=VECTOR('',#2902,1.);
#1719=VECTOR('',#2903,1.);
#1720=VECTOR('',#2906,1.);
#1721=VECTOR('',#2909,1.);
#1722=VECTOR('',#2910,1.);
#1723=VECTOR('',#2911,1.);
#1724=VECTOR('',#2912,1.);
#1725=VECTOR('',#2913,1.);
#1726=VECTOR('',#2916,1.);
#1727=VECTOR('',#2917,1.);
#1728=VECTOR('',#2918,1.);
#1729=VECTOR('',#2921,1.);
#1730=VECTOR('',#2922,1.);
#1731=VECTOR('',#2923,1.);
#1732=VECTOR('',#2926,1.);
#1733=VECTOR('',#2927,1.);
#1734=VECTOR('',#2928,1.);
#1735=VECTOR('',#2931,1.);
#1736=VECTOR('',#2932,1.);
#1737=VECTOR('',#2935,1.);
#1738=VECTOR('',#2936,1.);
#1739=VECTOR('',#2937,1.);
#1740=VECTOR('',#2944,1.);
#1741=VECTOR('',#2949,1.);
#1742=VECTOR('',#2954,1.);
#1743=VECTOR('',#2955,1.);
#1744=VECTOR('',#2956,1.);
#1745=VECTOR('',#2957,1.);
#1746=VECTOR('',#2960,1.);
#1747=VECTOR('',#2961,1.);
#1748=VECTOR('',#2964,1.);
#1749=VECTOR('',#2967,1.);
#1750=EDGE_LOOP('',(#36,#37,#38,#39));
#1751=EDGE_LOOP('',(#40,#41,#42,#43));
#1752=EDGE_LOOP('',(#44,#45,#46,#47));
#1753=EDGE_LOOP('',(#48,#49,#50,#51));
#1754=EDGE_LOOP('',(#52,#53,#54,#55));
#1755=EDGE_LOOP('',(#56,#57,#58,#59));
#1756=EDGE_LOOP('',(#60,#61,#62,#63));
#1757=EDGE_LOOP('',(#64,#65,#66,#67));
#1758=EDGE_LOOP('',(#68,#69,#70,#71));
#1759=EDGE_LOOP('',(#72,#73,#74,#75));
#1760=EDGE_LOOP('',(#76,#77,#78,#79));
#1761=EDGE_LOOP('',(#80,#81,#82,#83,#84,#85,#86,#87));
#1762=EDGE_LOOP('',(#88,#89,#90,#91));
#1763=EDGE_LOOP('',(#92,#93,#94,#95));
#1764=EDGE_LOOP('',(#96));
#1765=EDGE_LOOP('',(#97));
#1766=EDGE_LOOP('',(#98));
#1767=EDGE_LOOP('',(#99));
#1768=EDGE_LOOP('',(#100));
#1769=EDGE_LOOP('',(#101));
#1770=EDGE_LOOP('',(#102));
#1771=EDGE_LOOP('',(#103));
#1772=EDGE_LOOP('',(#104));
#1773=EDGE_LOOP('',(#105));
#1774=EDGE_LOOP('',(#106));
#1775=EDGE_LOOP('',(#107));
#1776=EDGE_LOOP('',(#108,#109,#110,#111));
#1777=EDGE_LOOP('',(#112,#113,#114,#115));
#1778=EDGE_LOOP('',(#116,#117,#118,#119));
#1779=EDGE_LOOP('',(#120));
#1780=EDGE_LOOP('',(#121,#122,#123,#124,#125,#126,#127,#128,#129,#130,#131));
#1781=EDGE_LOOP('',(#132));
#1782=EDGE_LOOP('',(#133));
#1783=EDGE_LOOP('',(#134,#135,#136,#137));
#1784=EDGE_LOOP('',(#138,#139,#140,#141));
#1785=EDGE_LOOP('',(#142,#143,#144,#145));
#1786=EDGE_LOOP('',(#146,#147,#148,#149));
#1787=EDGE_LOOP('',(#150,#151,#152,#153));
#1788=EDGE_LOOP('',(#154,#155,#156,#157));
#1789=EDGE_LOOP('',(#158,#159,#160,#161));
#1790=EDGE_LOOP('',(#162,#163,#164,#165,#166,#167,#168,#169,#170,#171,#172,
#173));
#1791=EDGE_LOOP('',(#174));
#1792=EDGE_LOOP('',(#175,#176,#177,#178));
#1793=EDGE_LOOP('',(#179,#180,#181,#182));
#1794=EDGE_LOOP('',(#183,#184,#185,#186));
#1795=EDGE_LOOP('',(#187,#188,#189,#190));
#1796=EDGE_LOOP('',(#191,#192,#193,#194));
#1797=EDGE_LOOP('',(#195,#196,#197,#198));
#1798=EDGE_LOOP('',(#199,#200,#201,#202));
#1799=EDGE_LOOP('',(#203));
#1800=EDGE_LOOP('',(#204));
#1801=EDGE_LOOP('',(#205,#206,#207,#208));
#1802=EDGE_LOOP('',(#209,#210,#211,#212));
#1803=EDGE_LOOP('',(#213,#214,#215,#216));
#1804=EDGE_LOOP('',(#217,#218,#219,#220));
#1805=EDGE_LOOP('',(#221,#222,#223,#224));
#1806=EDGE_LOOP('',(#225,#226,#227,#228));
#1807=EDGE_LOOP('',(#229,#230,#231,#232));
#1808=EDGE_LOOP('',(#233,#234,#235,#236));
#1809=EDGE_LOOP('',(#237,#238,#239,#240));
#1810=EDGE_LOOP('',(#241,#242,#243,#244));
#1811=EDGE_LOOP('',(#245,#246,#247,#248));
#1812=EDGE_LOOP('',(#249,#250,#251,#252));
#1813=EDGE_LOOP('',(#253,#254,#255,#256));
#1814=EDGE_LOOP('',(#257,#258,#259,#260));
#1815=EDGE_LOOP('',(#261,#262,#263,#264));
#1816=EDGE_LOOP('',(#265,#266,#267,#268));
#1817=EDGE_LOOP('',(#269,#270,#271,#272));
#1818=EDGE_LOOP('',(#273,#274,#275,#276));
#1819=EDGE_LOOP('',(#277,#278,#279,#280));
#1820=EDGE_LOOP('',(#281,#282,#283,#284));
#1821=EDGE_LOOP('',(#285,#286,#287,#288));
#1822=EDGE_LOOP('',(#289,#290,#291,#292));
#1823=EDGE_LOOP('',(#293,#294,#295));
#1824=EDGE_LOOP('',(#296,#297,#298,#299));
#1825=EDGE_LOOP('',(#300,#301,#302,#303));
#1826=EDGE_LOOP('',(#304,#305,#306,#307));
#1827=EDGE_LOOP('',(#308,#309,#310,#311));
#1828=EDGE_LOOP('',(#312,#313,#314,#315));
#1829=EDGE_LOOP('',(#316,#317,#318,#319));
#1830=EDGE_LOOP('',(#320,#321,#322,#323));
#1831=EDGE_LOOP('',(#324,#325,#326,#327));
#1832=EDGE_LOOP('',(#328,#329,#330,#331));
#1833=EDGE_LOOP('',(#332,#333,#334,#335,#336,#337));
#1834=EDGE_LOOP('',(#338,#339,#340,#341,#342,#343,#344,#345));
#1835=EDGE_LOOP('',(#346,#347,#348,#349,#350,#351));
#1836=EDGE_LOOP('',(#352,#353,#354,#355));
#1837=EDGE_LOOP('',(#356,#357,#358,#359));
#1838=EDGE_LOOP('',(#360,#361,#362,#363));
#1839=EDGE_LOOP('',(#364,#365,#366,#367));
#1840=EDGE_LOOP('',(#368,#369,#370,#371));
#1841=EDGE_LOOP('',(#372,#373,#374,#375));
#1842=EDGE_LOOP('',(#376,#377,#378,#379));
#1843=EDGE_LOOP('',(#380,#381,#382,#383));
#1844=EDGE_LOOP('',(#384,#385,#386,#387));
#1845=EDGE_LOOP('',(#388,#389,#390,#391,#392,#393,#394,#395,#396,#397));
#1846=EDGE_LOOP('',(#398,#399,#400,#401));
#1847=EDGE_LOOP('',(#402,#403,#404,#405,#406,#407,#408,#409,#410,#411,#412,
#413));
#1848=EDGE_LOOP('',(#414));
#1849=EDGE_LOOP('',(#415,#416,#417,#418,#419,#420));
#1850=EDGE_LOOP('',(#421,#422,#423,#424));
#1851=EDGE_LOOP('',(#425,#426,#427,#428));
#1852=EDGE_LOOP('',(#429,#430,#431,#432,#433));
#1853=EDGE_LOOP('',(#434,#435,#436,#437));
#1854=EDGE_LOOP('',(#438,#439,#440,#441,#442));
#1855=EDGE_LOOP('',(#443,#444,#445,#446));
#1856=EDGE_LOOP('',(#447,#448,#449,#450,#451));
#1857=EDGE_LOOP('',(#452,#453,#454,#455));
#1858=EDGE_LOOP('',(#456,#457,#458,#459,#460));
#1859=EDGE_LOOP('',(#461,#462,#463,#464));
#1860=EDGE_LOOP('',(#465,#466,#467,#468));
#1861=EDGE_LOOP('',(#469,#470,#471,#472));
#1862=EDGE_LOOP('',(#473,#474,#475,#476));
#1863=EDGE_LOOP('',(#477));
#1864=EDGE_LOOP('',(#478,#479,#480,#481,#482,#483,#484,#485,#486,#487,#488,
#489,#490));
#1865=EDGE_LOOP('',(#491,#492,#493,#494));
#1866=EDGE_LOOP('',(#495,#496,#497));
#1867=EDGE_LOOP('',(#498,#499,#500,#501,#502,#503));
#1868=EDGE_LOOP('',(#504,#505,#506,#507,#508,#509,#510,#511,#512,#513,#514,
#515,#516,#517,#518,#519));
#1869=EDGE_LOOP('',(#520,#521,#522,#523));
#1870=EDGE_LOOP('',(#524,#525,#526,#527));
#1871=EDGE_LOOP('',(#528,#529,#530,#531));
#1872=EDGE_LOOP('',(#532,#533,#534,#535));
#1873=EDGE_LOOP('',(#536,#537,#538,#539));
#1874=EDGE_LOOP('',(#540,#541,#542,#543,#544,#545,#546,#547,#548,#549,#550,
#551));
#1875=EDGE_LOOP('',(#552,#553,#554,#555,#556,#557,#558));
#1876=EDGE_LOOP('',(#559,#560,#561,#562,#563,#564,#565,#566,#567));
#1877=EDGE_LOOP('',(#568,#569,#570,#571,#572,#573,#574,#575,#576));
#1878=EDGE_LOOP('',(#577,#578,#579,#580,#581,#582,#583,#584));
#1879=EDGE_LOOP('',(#585,#586,#587,#588,#589,#590,#591));
#1880=EDGE_LOOP('',(#592));
#1881=EDGE_LOOP('',(#593));
#1882=EDGE_LOOP('',(#594));
#1883=EDGE_LOOP('',(#595,#596,#597,#598));
#1884=EDGE_LOOP('',(#599));
#1885=EDGE_LOOP('',(#600));
#1886=EDGE_LOOP('',(#601));
#1887=EDGE_LOOP('',(#602,#603,#604,#605));
#1888=EDGE_LOOP('',(#606));
#1889=EDGE_LOOP('',(#607));
#1890=EDGE_LOOP('',(#608));
#1891=EDGE_LOOP('',(#609,#610,#611,#612));
#1892=EDGE_LOOP('',(#613,#614,#615,#616));
#1893=EDGE_LOOP('',(#617,#618,#619,#620));
#1894=EDGE_LOOP('',(#621));
#1895=EDGE_LOOP('',(#622));
#1896=EDGE_LOOP('',(#623));
#1897=EDGE_LOOP('',(#624,#625,#626,#627));
#1898=EDGE_LOOP('',(#628,#629,#630,#631));
#1899=EDGE_LOOP('',(#632,#633,#634,#635));
#1900=EDGE_LOOP('',(#636,#637,#638,#639));
#1901=EDGE_LOOP('',(#640,#641,#642,#643));
#1902=EDGE_LOOP('',(#644,#645,#646,#647));
#1903=EDGE_LOOP('',(#648,#649,#650,#651));
#1904=FACE_BOUND('',#1750,.T.);
#1905=FACE_BOUND('',#1751,.T.);
#1906=FACE_BOUND('',#1752,.T.);
#1907=FACE_BOUND('',#1753,.T.);
#1908=FACE_BOUND('',#1754,.T.);
#1909=FACE_BOUND('',#1755,.T.);
#1910=FACE_BOUND('',#1756,.T.);
#1911=FACE_BOUND('',#1757,.T.);
#1912=FACE_BOUND('',#1758,.T.);
#1913=FACE_BOUND('',#1759,.T.);
#1914=FACE_BOUND('',#1760,.T.);
#1915=FACE_BOUND('',#1761,.T.);
#1916=FACE_BOUND('',#1762,.T.);
#1917=FACE_BOUND('',#1763,.T.);
#1918=FACE_BOUND('',#1764,.T.);
#1919=FACE_BOUND('',#1765,.T.);
#1920=FACE_BOUND('',#1766,.T.);
#1921=FACE_BOUND('',#1767,.T.);
#1922=FACE_BOUND('',#1768,.T.);
#1923=FACE_BOUND('',#1769,.T.);
#1924=FACE_BOUND('',#1770,.T.);
#1925=FACE_BOUND('',#1771,.T.);
#1926=FACE_BOUND('',#1772,.T.);
#1927=FACE_BOUND('',#1773,.T.);
#1928=FACE_BOUND('',#1774,.T.);
#1929=FACE_BOUND('',#1775,.T.);
#1930=FACE_BOUND('',#1776,.T.);
#1931=FACE_BOUND('',#1777,.T.);
#1932=FACE_BOUND('',#1778,.T.);
#1933=FACE_BOUND('',#1779,.T.);
#1934=FACE_BOUND('',#1780,.T.);
#1935=FACE_BOUND('',#1781,.T.);
#1936=FACE_BOUND('',#1782,.T.);
#1937=FACE_BOUND('',#1783,.T.);
#1938=FACE_BOUND('',#1784,.T.);
#1939=FACE_BOUND('',#1785,.T.);
#1940=FACE_BOUND('',#1786,.T.);
#1941=FACE_BOUND('',#1787,.T.);
#1942=FACE_BOUND('',#1788,.T.);
#1943=FACE_BOUND('',#1789,.T.);
#1944=FACE_BOUND('',#1790,.T.);
#1945=FACE_BOUND('',#1791,.T.);
#1946=FACE_BOUND('',#1792,.T.);
#1947=FACE_BOUND('',#1793,.T.);
#1948=FACE_BOUND('',#1794,.T.);
#1949=FACE_BOUND('',#1795,.T.);
#1950=FACE_BOUND('',#1796,.T.);
#1951=FACE_BOUND('',#1797,.T.);
#1952=FACE_BOUND('',#1798,.T.);
#1953=FACE_BOUND('',#1799,.T.);
#1954=FACE_BOUND('',#1800,.T.);
#1955=FACE_BOUND('',#1801,.T.);
#1956=FACE_BOUND('',#1802,.T.);
#1957=FACE_BOUND('',#1803,.T.);
#1958=FACE_BOUND('',#1804,.T.);
#1959=FACE_BOUND('',#1805,.T.);
#1960=FACE_BOUND('',#1806,.T.);
#1961=FACE_BOUND('',#1807,.T.);
#1962=FACE_BOUND('',#1808,.T.);
#1963=FACE_BOUND('',#1809,.T.);
#1964=FACE_BOUND('',#1810,.T.);
#1965=FACE_BOUND('',#1811,.T.);
#1966=FACE_BOUND('',#1812,.T.);
#1967=FACE_BOUND('',#1813,.T.);
#1968=FACE_BOUND('',#1814,.T.);
#1969=FACE_BOUND('',#1815,.T.);
#1970=FACE_BOUND('',#1816,.T.);
#1971=FACE_BOUND('',#1817,.T.);
#1972=FACE_BOUND('',#1818,.T.);
#1973=FACE_BOUND('',#1819,.T.);
#1974=FACE_BOUND('',#1820,.T.);
#1975=FACE_BOUND('',#1821,.T.);
#1976=FACE_BOUND('',#1822,.T.);
#1977=FACE_BOUND('',#1823,.T.);
#1978=FACE_BOUND('',#1824,.T.);
#1979=FACE_BOUND('',#1825,.T.);
#1980=FACE_BOUND('',#1826,.T.);
#1981=FACE_BOUND('',#1827,.T.);
#1982=FACE_BOUND('',#1828,.T.);
#1983=FACE_BOUND('',#1829,.T.);
#1984=FACE_BOUND('',#1830,.T.);
#1985=FACE_BOUND('',#1831,.T.);
#1986=FACE_BOUND('',#1832,.T.);
#1987=FACE_BOUND('',#1833,.T.);
#1988=FACE_BOUND('',#1834,.T.);
#1989=FACE_BOUND('',#1835,.T.);
#1990=FACE_BOUND('',#1836,.T.);
#1991=FACE_BOUND('',#1837,.T.);
#1992=FACE_BOUND('',#1838,.T.);
#1993=FACE_BOUND('',#1839,.T.);
#1994=FACE_BOUND('',#1840,.T.);
#1995=FACE_BOUND('',#1841,.T.);
#1996=FACE_BOUND('',#1842,.T.);
#1997=FACE_BOUND('',#1843,.T.);
#1998=FACE_BOUND('',#1844,.T.);
#1999=FACE_BOUND('',#1845,.T.);
#2000=FACE_BOUND('',#1846,.T.);
#2001=FACE_BOUND('',#1847,.T.);
#2002=FACE_BOUND('',#1848,.T.);
#2003=FACE_BOUND('',#1849,.T.);
#2004=FACE_BOUND('',#1850,.T.);
#2005=FACE_BOUND('',#1851,.T.);
#2006=FACE_BOUND('',#1852,.T.);
#2007=FACE_BOUND('',#1853,.T.);
#2008=FACE_BOUND('',#1854,.T.);
#2009=FACE_BOUND('',#1855,.T.);
#2010=FACE_BOUND('',#1856,.T.);
#2011=FACE_BOUND('',#1857,.T.);
#2012=FACE_BOUND('',#1858,.T.);
#2013=FACE_BOUND('',#1859,.T.);
#2014=FACE_BOUND('',#1860,.T.);
#2015=FACE_BOUND('',#1861,.T.);
#2016=FACE_BOUND('',#1862,.T.);
#2017=FACE_BOUND('',#1863,.T.);
#2018=FACE_BOUND('',#1864,.T.);
#2019=FACE_BOUND('',#1865,.T.);
#2020=FACE_BOUND('',#1866,.T.);
#2021=FACE_BOUND('',#1867,.T.);
#2022=FACE_BOUND('',#1868,.T.);
#2023=FACE_BOUND('',#1869,.T.);
#2024=FACE_BOUND('',#1870,.T.);
#2025=FACE_BOUND('',#1871,.T.);
#2026=FACE_BOUND('',#1872,.T.);
#2027=FACE_BOUND('',#1873,.T.);
#2028=FACE_BOUND('',#1874,.T.);
#2029=FACE_BOUND('',#1875,.T.);
#2030=FACE_BOUND('',#1876,.T.);
#2031=FACE_BOUND('',#1877,.T.);
#2032=FACE_BOUND('',#1878,.T.);
#2033=FACE_BOUND('',#1879,.T.);
#2034=FACE_BOUND('',#1880,.T.);
#2035=FACE_BOUND('',#1881,.T.);
#2036=FACE_BOUND('',#1882,.T.);
#2037=FACE_BOUND('',#1883,.T.);
#2038=FACE_BOUND('',#1884,.T.);
#2039=FACE_BOUND('',#1885,.T.);
#2040=FACE_BOUND('',#1886,.T.);
#2041=FACE_BOUND('',#1887,.T.);
#2042=FACE_BOUND('',#1888,.T.);
#2043=FACE_BOUND('',#1889,.T.);
#2044=FACE_BOUND('',#1890,.T.);
#2045=FACE_BOUND('',#1891,.T.);
#2046=FACE_BOUND('',#1892,.T.);
#2047=FACE_BOUND('',#1893,.T.);
#2048=FACE_BOUND('',#1894,.T.);
#2049=FACE_BOUND('',#1895,.T.);
#2050=FACE_BOUND('',#1896,.T.);
#2051=FACE_BOUND('',#1897,.T.);
#2052=FACE_BOUND('',#1898,.T.);
#2053=FACE_BOUND('',#1899,.T.);
#2054=FACE_BOUND('',#1900,.T.);
#2055=FACE_BOUND('',#1901,.T.);
#2056=FACE_BOUND('',#1902,.T.);
#2057=FACE_BOUND('',#1903,.T.);
#2058=PLANE('',#2289);
#2059=PLANE('',#2290);
#2060=PLANE('',#2291);
#2061=PLANE('',#2292);
#2062=PLANE('',#2293);
#2063=PLANE('',#2294);
#2064=PLANE('',#2295);
#2065=PLANE('',#2296);
#2066=PLANE('',#2315);
#2067=PLANE('',#2316);
#2068=PLANE('',#2317);
#2069=PLANE('',#2322);
#2070=PLANE('',#2323);
#2071=PLANE('',#2324);
#2072=PLANE('',#2325);
#2073=PLANE('',#2326);
#2074=PLANE('',#2327);
#2075=PLANE('',#2328);
#2076=PLANE('',#2329);
#2077=PLANE('',#2330);
#2078=PLANE('',#2331);
#2079=PLANE('',#2332);
#2080=PLANE('',#2333);
#2081=PLANE('',#2334);
#2082=PLANE('',#2335);
#2083=PLANE('',#2336);
#2084=PLANE('',#2339);
#2085=PLANE('',#2340);
#2086=PLANE('',#2341);
#2087=PLANE('',#2342);
#2088=PLANE('',#2343);
#2089=PLANE('',#2344);
#2090=PLANE('',#2345);
#2091=PLANE('',#2346);
#2092=PLANE('',#2347);
#2093=PLANE('',#2348);
#2094=PLANE('',#2349);
#2095=PLANE('',#2350);
#2096=PLANE('',#2351);
#2097=PLANE('',#2352);
#2098=PLANE('',#2353);
#2099=PLANE('',#2354);
#2100=PLANE('',#2355);
#2101=PLANE('',#2356);
#2102=PLANE('',#2357);
#2103=PLANE('',#2358);
#2104=PLANE('',#2359);
#2105=PLANE('',#2360);
#2106=PLANE('',#2361);
#2107=PLANE('',#2362);
#2108=PLANE('',#2363);
#2109=PLANE('',#2364);
#2110=PLANE('',#2365);
#2111=PLANE('',#2366);
#2112=PLANE('',#2367);
#2113=PLANE('',#2368);
#2114=PLANE('',#2369);
#2115=PLANE('',#2370);
#2116=PLANE('',#2371);
#2117=PLANE('',#2372);
#2118=PLANE('',#2373);
#2119=PLANE('',#2374);
#2120=PLANE('',#2375);
#2121=PLANE('',#2376);
#2122=PLANE('',#2377);
#2123=PLANE('',#2378);
#2124=PLANE('',#2379);
#2125=PLANE('',#2380);
#2126=PLANE('',#2381);
#2127=PLANE('',#2382);
#2128=PLANE('',#2383);
#2129=PLANE('',#2384);
#2130=PLANE('',#2385);
#2131=PLANE('',#2386);
#2132=PLANE('',#2387);
#2133=PLANE('',#2388);
#2134=PLANE('',#2389);
#2135=PLANE('',#2390);
#2136=PLANE('',#2391);
#2137=PLANE('',#2392);
#2138=PLANE('',#2393);
#2139=PLANE('',#2394);
#2140=PLANE('',#2395);
#2141=PLANE('',#2396);
#2142=PLANE('',#2397);
#2143=PLANE('',#2398);
#2144=PLANE('',#2399);
#2145=PLANE('',#2400);
#2146=PLANE('',#2401);
#2147=PLANE('',#2402);
#2148=PLANE('',#2403);
#2149=PLANE('',#2404);
#2150=PLANE('',#2405);
#2151=PLANE('',#2406);
#2152=PLANE('',#2407);
#2153=PLANE('',#2408);
#2154=PLANE('',#2409);
#2155=PLANE('',#2410);
#2156=PLANE('',#2411);
#2157=PLANE('',#2412);
#2158=PLANE('',#2413);
#2159=PLANE('',#2414);
#2160=PLANE('',#2415);
#2161=PLANE('',#2416);
#2162=PLANE('',#2417);
#2163=ADVANCED_FACE('',(#1904,#1905,#1906),#2058,.F.);
#2164=ADVANCED_FACE('',(#1907,#1908),#2059,.F.);
#2165=ADVANCED_FACE('',(#1909,#1910,#1911),#2060,.T.);
#2166=ADVANCED_FACE('',(#1912),#2061,.T.);
#2167=ADVANCED_FACE('',(#1913,#1914),#2062,.F.);
#2168=ADVANCED_FACE('',(#1915),#2063,.F.);
#2169=ADVANCED_FACE('',(#1916),#2064,.F.);
#2170=ADVANCED_FACE('',(#1917),#2065,.F.);
#2171=ADVANCED_FACE('',(#1918,#1919),#28,.F.);
#2172=ADVANCED_FACE('',(#1920,#1921),#29,.F.);
#2173=ADVANCED_FACE('',(#1922,#1923),#30,.F.);
#2174=ADVANCED_FACE('',(#1924,#1925),#31,.F.);
#2175=ADVANCED_FACE('',(#1926,#1927),#32,.F.);
#2176=ADVANCED_FACE('',(#1928,#1929),#33,.F.);
#2177=ADVANCED_FACE('',(#1930),#2066,.T.);
#2178=ADVANCED_FACE('',(#1931,#1932),#2067,.F.);
#2179=ADVANCED_FACE('',(#1933,#1934),#2068,.F.);
#2180=ADVANCED_FACE('',(#1935,#1936),#34,.F.);
#2181=ADVANCED_FACE('',(#1937),#2069,.T.);
#2182=ADVANCED_FACE('',(#1938),#2070,.T.);
#2183=ADVANCED_FACE('',(#1939),#2071,.T.);
#2184=ADVANCED_FACE('',(#1940),#2072,.T.);
#2185=ADVANCED_FACE('',(#1941),#2073,.F.);
#2186=ADVANCED_FACE('',(#1942),#2074,.F.);
#2187=ADVANCED_FACE('',(#1943),#2075,.F.);
#2188=ADVANCED_FACE('',(#1944,#1945),#2076,.F.);
#2189=ADVANCED_FACE('',(#1946),#2077,.T.);
#2190=ADVANCED_FACE('',(#1947),#2078,.T.);
#2191=ADVANCED_FACE('',(#1948),#2079,.F.);
#2192=ADVANCED_FACE('',(#1949),#2080,.T.);
#2193=ADVANCED_FACE('',(#1950),#2081,.T.);
#2194=ADVANCED_FACE('',(#1951),#2082,.T.);
#2195=ADVANCED_FACE('',(#1952),#2083,.F.);
#2196=ADVANCED_FACE('',(#1953,#1954),#35,.F.);
#2197=ADVANCED_FACE('',(#1955),#2084,.F.);
#2198=ADVANCED_FACE('',(#1956),#2085,.F.);
#2199=ADVANCED_FACE('',(#1957),#2086,.T.);
#2200=ADVANCED_FACE('',(#1958),#2087,.T.);
#2201=ADVANCED_FACE('',(#1959),#2088,.F.);
#2202=ADVANCED_FACE('',(#1960),#2089,.F.);
#2203=ADVANCED_FACE('',(#1961),#2090,.T.);
#2204=ADVANCED_FACE('',(#1962),#2091,.T.);
#2205=ADVANCED_FACE('',(#1963),#2092,.T.);
#2206=ADVANCED_FACE('',(#1964),#2093,.F.);
#2207=ADVANCED_FACE('',(#1965),#2094,.F.);
#2208=ADVANCED_FACE('',(#1966),#2095,.T.);
#2209=ADVANCED_FACE('',(#1967),#2096,.F.);
#2210=ADVANCED_FACE('',(#1968),#2097,.F.);
#2211=ADVANCED_FACE('',(#1969),#2098,.T.);
#2212=ADVANCED_FACE('',(#1970),#2099,.T.);
#2213=ADVANCED_FACE('',(#1971),#2100,.F.);
#2214=ADVANCED_FACE('',(#1972),#2101,.F.);
#2215=ADVANCED_FACE('',(#1973),#2102,.T.);
#2216=ADVANCED_FACE('',(#1974),#2103,.T.);
#2217=ADVANCED_FACE('',(#1975),#2104,.T.);
#2218=ADVANCED_FACE('',(#1976),#2105,.F.);
#2219=ADVANCED_FACE('',(#1977),#2106,.T.);
#2220=ADVANCED_FACE('',(#1978),#2107,.F.);
#2221=ADVANCED_FACE('',(#1979),#2108,.T.);
#2222=ADVANCED_FACE('',(#1980),#2109,.F.);
#2223=ADVANCED_FACE('',(#1981),#2110,.T.);
#2224=ADVANCED_FACE('',(#1982),#2111,.T.);
#2225=ADVANCED_FACE('',(#1983),#2112,.F.);
#2226=ADVANCED_FACE('',(#1984),#2113,.T.);
#2227=ADVANCED_FACE('',(#1985),#2114,.T.);
#2228=ADVANCED_FACE('',(#1986),#2115,.T.);
#2229=ADVANCED_FACE('',(#1987),#2116,.T.);
#2230=ADVANCED_FACE('',(#1988),#2117,.F.);
#2231=ADVANCED_FACE('',(#1989),#2118,.F.);
#2232=ADVANCED_FACE('',(#1990),#2119,.F.);
#2233=ADVANCED_FACE('',(#1991),#2120,.F.);
#2234=ADVANCED_FACE('',(#1992,#1993,#1994),#2121,.T.);
#2235=ADVANCED_FACE('',(#1995),#2122,.T.);
#2236=ADVANCED_FACE('',(#1996,#1997,#1998),#2123,.F.);
#2237=ADVANCED_FACE('',(#1999),#2124,.F.);
#2238=ADVANCED_FACE('',(#2000),#2125,.T.);
#2239=ADVANCED_FACE('',(#2001,#2002),#2126,.T.);
#2240=ADVANCED_FACE('',(#2003),#2127,.T.);
#2241=ADVANCED_FACE('',(#2004),#2128,.T.);
#2242=ADVANCED_FACE('',(#2005),#2129,.T.);
#2243=ADVANCED_FACE('',(#2006),#2130,.T.);
#2244=ADVANCED_FACE('',(#2007),#2131,.T.);
#2245=ADVANCED_FACE('',(#2008),#2132,.F.);
#2246=ADVANCED_FACE('',(#2009),#2133,.T.);
#2247=ADVANCED_FACE('',(#2010),#2134,.F.);
#2248=ADVANCED_FACE('',(#2011),#2135,.T.);
#2249=ADVANCED_FACE('',(#2012),#2136,.T.);
#2250=ADVANCED_FACE('',(#2013),#2137,.T.);
#2251=ADVANCED_FACE('',(#2014),#2138,.F.);
#2252=ADVANCED_FACE('',(#2015),#2139,.F.);
#2253=ADVANCED_FACE('',(#2016),#2140,.T.);
#2254=ADVANCED_FACE('',(#2017,#2018),#2141,.T.);
#2255=ADVANCED_FACE('',(#2019),#2142,.F.);
#2256=ADVANCED_FACE('',(#2020),#2143,.T.);
#2257=ADVANCED_FACE('',(#2021),#2144,.T.);
#2258=ADVANCED_FACE('',(#2022,#2023,#2024,#2025,#2026),#2145,.T.);
#2259=ADVANCED_FACE('',(#2027,#2028),#2146,.T.);
#2260=ADVANCED_FACE('',(#2029),#2147,.F.);
#2261=ADVANCED_FACE('',(#2030),#2148,.T.);
#2262=ADVANCED_FACE('',(#2031),#2149,.F.);
#2263=ADVANCED_FACE('',(#2032),#2150,.T.);
#2264=ADVANCED_FACE('',(#2033),#2151,.T.);
#2265=ADVANCED_FACE('',(#2034,#2035,#2036,#2037),#2152,.F.);
#2266=ADVANCED_FACE('',(#2038,#2039,#2040,#2041),#2153,.F.);
#2267=ADVANCED_FACE('',(#2042,#2043,#2044,#2045),#2154,.T.);
#2268=ADVANCED_FACE('',(#2046),#2155,.F.);
#2269=ADVANCED_FACE('',(#2047),#2156,.F.);
#2270=ADVANCED_FACE('',(#2048,#2049,#2050,#2051),#2157,.T.);
#2271=ADVANCED_FACE('',(#2052,#2053),#2158,.T.);
#2272=ADVANCED_FACE('',(#2054),#2159,.T.);
#2273=ADVANCED_FACE('',(#2055),#2160,.F.);
#2274=ADVANCED_FACE('',(#2056),#2161,.F.);
#2275=ADVANCED_FACE('',(#2057),#2162,.T.);
#2276=CLOSED_SHELL('',(#2163,#2164,#2165,#2166,#2167,#2168,#2169,#2170,
#2171,#2172,#2173,#2174,#2175,#2176,#2177,#2178,#2179,#2180,#2181,#2182,
#2183,#2184,#2185,#2186,#2187,#2188,#2189,#2190,#2191,#2192,#2193,#2194,
#2195,#2196,#2197,#2198,#2199,#2200,#2201,#2202,#2203,#2204,#2205,#2206,
#2207,#2208,#2209,#2210,#2211,#2212,#2213,#2214,#2215,#2216,#2217,#2218,
#2219,#2220,#2221,#2222,#2223,#2224,#2225,#2226,#2227,#2228,#2229,#2230,
#2231,#2232,#2233,#2234,#2235,#2236,#2237,#2238,#2239,#2240,#2241,#2242,
#2243,#2244,#2245,#2246,#2247,#2248,#2249,#2250,#2251,#2252,#2253,#2254,
#2255,#2256,#2257,#2258,#2259,#2260,#2261,#2262,#2263,#2264,#2265,#2266,
#2267,#2268,#2269,#2270,#2271,#2272,#2273,#2274,#2275));
#2277=STYLED_ITEM('',(#2278),#2285);
#2278=PRESENTATION_STYLE_ASSIGNMENT((#2279));
#2279=SURFACE_STYLE_USAGE(.BOTH.,#2280);
#2280=SURFACE_SIDE_STYLE('',(#2281));
#2281=SURFACE_STYLE_FILL_AREA(#2282);
#2282=FILL_AREA_STYLE('',(#2283));
#2283=FILL_AREA_STYLE_COLOUR('',#2284);
#2284=COLOUR_RGB('',0.262745098039216,0.282352941176471,0.301960784313725);
#2285=MANIFOLD_SOLID_BREP('Part 1',#2276);
#2286=SHAPE_DEFINITION_REPRESENTATION(#3604,#2287);
#2287=SHAPE_REPRESENTATION('Part 1',(#2288),#3599);
#2288=AXIS2_PLACEMENT_3D('',#2970,#2418,#2419);
#2289=AXIS2_PLACEMENT_3D('',#2971,#2420,#2421);
#2290=AXIS2_PLACEMENT_3D('',#2996,#2434,#2435);
#2291=AXIS2_PLACEMENT_3D('',#3010,#2443,#2444);
#2292=AXIS2_PLACEMENT_3D('',#3032,#2456,#2457);
#2293=AXIS2_PLACEMENT_3D('',#3035,#2460,#2461);
#2294=AXIS2_PLACEMENT_3D('',#3052,#2470,#2471);
#2295=AXIS2_PLACEMENT_3D('',#3069,#2480,#2481);
#2296=AXIS2_PLACEMENT_3D('',#3078,#2486,#2487);
#2297=AXIS2_PLACEMENT_3D('',#3087,#2492,#2493);
#2298=AXIS2_PLACEMENT_3D('',#3088,#2494,#2495);
#2299=AXIS2_PLACEMENT_3D('',#3090,#2496,#2497);
#2300=AXIS2_PLACEMENT_3D('',#3092,#2498,#2499);
#2301=AXIS2_PLACEMENT_3D('',#3093,#2500,#2501);
#2302=AXIS2_PLACEMENT_3D('',#3095,#2502,#2503);
#2303=AXIS2_PLACEMENT_3D('',#3097,#2504,#2505);
#2304=AXIS2_PLACEMENT_3D('',#3098,#2506,#2507);
#2305=AXIS2_PLACEMENT_3D('',#3100,#2508,#2509);
#2306=AXIS2_PLACEMENT_3D('',#3102,#2510,#2511);
#2307=AXIS2_PLACEMENT_3D('',#3103,#2512,#2513);
#2308=AXIS2_PLACEMENT_3D('',#3105,#2514,#2515);
#2309=AXIS2_PLACEMENT_3D('',#3107,#2516,#2517);
#2310=AXIS2_PLACEMENT_3D('',#3108,#2518,#2519);
#2311=AXIS2_PLACEMENT_3D('',#3110,#2520,#2521);
#2312=AXIS2_PLACEMENT_3D('',#3112,#2522,#2523);
#2313=AXIS2_PLACEMENT_3D('',#3113,#2524,#2525);
#2314=AXIS2_PLACEMENT_3D('',#3115,#2526,#2527);
#2315=AXIS2_PLACEMENT_3D('',#3117,#2528,#2529);
#2316=AXIS2_PLACEMENT_3D('',#3126,#2534,#2535);
#2317=AXIS2_PLACEMENT_3D('',#3143,#2544,#2545);
#2318=AXIS2_PLACEMENT_3D('',#3144,#2546,#2547);
#2319=AXIS2_PLACEMENT_3D('',#3168,#2559,#2560);
#2320=AXIS2_PLACEMENT_3D('',#3169,#2561,#2562);
#2321=AXIS2_PLACEMENT_3D('',#3171,#2563,#2564);
#2322=AXIS2_PLACEMENT_3D('',#3173,#2565,#2566);
#2323=AXIS2_PLACEMENT_3D('',#3182,#2571,#2572);
#2324=AXIS2_PLACEMENT_3D('',#3191,#2577,#2578);
#2325=AXIS2_PLACEMENT_3D('',#3197,#2582,#2583);
#2326=AXIS2_PLACEMENT_3D('',#3203,#2587,#2588);
#2327=AXIS2_PLACEMENT_3D('',#3209,#2592,#2593);
#2328=AXIS2_PLACEMENT_3D('',#3212,#2596,#2597);
#2329=AXIS2_PLACEMENT_3D('',#3218,#2601,#2602);
#2330=AXIS2_PLACEMENT_3D('',#3228,#2608,#2609);
#2331=AXIS2_PLACEMENT_3D('',#3234,#2613,#2614);
#2332=AXIS2_PLACEMENT_3D('',#3238,#2617,#2618);
#2333=AXIS2_PLACEMENT_3D('',#3242,#2621,#2622);
#2334=AXIS2_PLACEMENT_3D('',#3246,#2625,#2626);
#2335=AXIS2_PLACEMENT_3D('',#3250,#2629,#2630);
#2336=AXIS2_PLACEMENT_3D('',#3254,#2633,#2634);
#2337=AXIS2_PLACEMENT_3D('',#3258,#2637,#2638);
#2338=AXIS2_PLACEMENT_3D('',#3259,#2639,#2640);
#2339=AXIS2_PLACEMENT_3D('',#3261,#2641,#2642);
#2340=AXIS2_PLACEMENT_3D('',#3267,#2646,#2647);
#2341=AXIS2_PLACEMENT_3D('',#3271,#2650,#2651);
#2342=AXIS2_PLACEMENT_3D('',#3275,#2654,#2655);
#2343=AXIS2_PLACEMENT_3D('',#3277,#2657,#2658);
#2344=AXIS2_PLACEMENT_3D('',#3283,#2662,#2663);
#2345=AXIS2_PLACEMENT_3D('',#3287,#2666,#2667);
#2346=AXIS2_PLACEMENT_3D('',#3291,#2670,#2671);
#2347=AXIS2_PLACEMENT_3D('',#3293,#2673,#2674);
#2348=AXIS2_PLACEMENT_3D('',#3296,#2677,#2678);
#2349=AXIS2_PLACEMENT_3D('',#3298,#2680,#2681);
#2350=AXIS2_PLACEMENT_3D('',#3300,#2683,#2684);
#2351=AXIS2_PLACEMENT_3D('',#3301,#2685,#2686);
#2352=AXIS2_PLACEMENT_3D('',#3307,#2690,#2691);
#2353=AXIS2_PLACEMENT_3D('',#3311,#2694,#2695);
#2354=AXIS2_PLACEMENT_3D('',#3315,#2698,#2699);
#2355=AXIS2_PLACEMENT_3D('',#3317,#2701,#2702);
#2356=AXIS2_PLACEMENT_3D('',#3323,#2706,#2707);
#2357=AXIS2_PLACEMENT_3D('',#3327,#2710,#2711);
#2358=AXIS2_PLACEMENT_3D('',#3331,#2714,#2715);
#2359=AXIS2_PLACEMENT_3D('',#3333,#2717,#2718);
#2360=AXIS2_PLACEMENT_3D('',#3334,#2719,#2720);
#2361=AXIS2_PLACEMENT_3D('',#3340,#2724,#2725);
#2362=AXIS2_PLACEMENT_3D('',#3344,#2728,#2729);
#2363=AXIS2_PLACEMENT_3D('',#3353,#2734,#2735);
#2364=AXIS2_PLACEMENT_3D('',#3362,#2740,#2741);
#2365=AXIS2_PLACEMENT_3D('',#3368,#2745,#2746);
#2366=AXIS2_PLACEMENT_3D('',#3372,#2749,#2750);
#2367=AXIS2_PLACEMENT_3D('',#3376,#2753,#2754);
#2368=AXIS2_PLACEMENT_3D('',#3378,#2756,#2757);
#2369=AXIS2_PLACEMENT_3D('',#3384,#2761,#2762);
#2370=AXIS2_PLACEMENT_3D('',#3388,#2765,#2766);
#2371=AXIS2_PLACEMENT_3D('',#3392,#2769,#2770);
#2372=AXIS2_PLACEMENT_3D('',#3398,#2774,#2775);
#2373=AXIS2_PLACEMENT_3D('',#3409,#2782,#2783);
#2374=AXIS2_PLACEMENT_3D('',#3414,#2787,#2788);
#2375=AXIS2_PLACEMENT_3D('',#3418,#2791,#2792);
#2376=AXIS2_PLACEMENT_3D('',#3422,#2795,#2796);
#2377=AXIS2_PLACEMENT_3D('',#3428,#2800,#2801);
#2378=AXIS2_PLACEMENT_3D('',#3432,#2804,#2805);
#2379=AXIS2_PLACEMENT_3D('',#3436,#2808,#2809);
#2380=AXIS2_PLACEMENT_3D('',#3443,#2814,#2815);
#2381=AXIS2_PLACEMENT_3D('',#3447,#2818,#2819);
#2382=AXIS2_PLACEMENT_3D('',#3451,#2822,#2823);
#2383=AXIS2_PLACEMENT_3D('',#3455,#2826,#2827);
#2384=AXIS2_PLACEMENT_3D('',#3461,#2831,#2832);
#2385=AXIS2_PLACEMENT_3D('',#3467,#2836,#2837);
#2386=AXIS2_PLACEMENT_3D('',#3473,#2841,#2842);
#2387=AXIS2_PLACEMENT_3D('',#3479,#2846,#2847);
#2388=AXIS2_PLACEMENT_3D('',#3482,#2850,#2851);
#2389=AXIS2_PLACEMENT_3D('',#3488,#2855,#2856);
#2390=AXIS2_PLACEMENT_3D('',#3494,#2860,#2861);
#2391=AXIS2_PLACEMENT_3D('',#3500,#2865,#2866);
#2392=AXIS2_PLACEMENT_3D('',#3503,#2869,#2870);
#2393=AXIS2_PLACEMENT_3D('',#3512,#2875,#2876);
#2394=AXIS2_PLACEMENT_3D('',#3518,#2880,#2881);
#2395=AXIS2_PLACEMENT_3D('',#3524,#2885,#2886);
#2396=AXIS2_PLACEMENT_3D('',#3527,#2889,#2890);
#2397=AXIS2_PLACEMENT_3D('',#3530,#2893,#2894);
#2398=AXIS2_PLACEMENT_3D('',#3532,#2896,#2897);
#2399=AXIS2_PLACEMENT_3D('',#3534,#2899,#2900);
#2400=AXIS2_PLACEMENT_3D('',#3540,#2904,#2905);
#2401=AXIS2_PLACEMENT_3D('',#3542,#2907,#2908);
#2402=AXIS2_PLACEMENT_3D('',#3550,#2914,#2915);
#2403=AXIS2_PLACEMENT_3D('',#3555,#2919,#2920);
#2404=AXIS2_PLACEMENT_3D('',#3560,#2924,#2925);
#2405=AXIS2_PLACEMENT_3D('',#3565,#2929,#2930);
#2406=AXIS2_PLACEMENT_3D('',#3568,#2933,#2934);
#2407=AXIS2_PLACEMENT_3D('',#3573,#2938,#2939);
#2408=AXIS2_PLACEMENT_3D('',#3574,#2940,#2941);
#2409=AXIS2_PLACEMENT_3D('',#3575,#2942,#2943);
#2410=AXIS2_PLACEMENT_3D('',#3577,#2945,#2946);
#2411=AXIS2_PLACEMENT_3D('',#3578,#2947,#2948);
#2412=AXIS2_PLACEMENT_3D('',#3580,#2950,#2951);
#2413=AXIS2_PLACEMENT_3D('',#3581,#2952,#2953);
#2414=AXIS2_PLACEMENT_3D('',#3590,#2958,#2959);
#2415=AXIS2_PLACEMENT_3D('',#3593,#2962,#2963);
#2416=AXIS2_PLACEMENT_3D('',#3595,#2965,#2966);
#2417=AXIS2_PLACEMENT_3D('',#3597,#2968,#2969);
#2418=DIRECTION('',(0.,0.,1.));
#2419=DIRECTION('',(1.,0.,0.));
#2420=DIRECTION('',(-1.,0.,1.23908819712629E-16));
#2421=DIRECTION('',(1.23908819712629E-16,0.,1.));
#2422=DIRECTION('',(-2.86596717914767E-32,-1.,-2.31296463463574E-16));
#2423=DIRECTION('',(1.23908819712629E-16,0.,1.));
#2424=DIRECTION('',(-1.43298358957384E-32,-1.,-1.15648231731787E-16));
#2425=DIRECTION('',(1.23908819712629E-16,0.,1.));
#2426=DIRECTION('',(-1.23908819712629E-16,0.,-1.));
#2427=DIRECTION('',(0.,-1.,0.));
#2428=DIRECTION('',(-1.23908819712629E-16,0.,-1.));
#2429=DIRECTION('',(0.,-1.,0.));
#2430=DIRECTION('',(-1.23908819712629E-16,0.,-1.));
#2431=DIRECTION('',(0.,1.,0.));
#2432=DIRECTION('',(1.23908819712629E-16,0.,1.));
#2433=DIRECTION('',(0.,1.,0.));
#2434=DIRECTION('',(2.3521674250533E-16,0.,1.));
#2435=DIRECTION('',(1.,0.,-2.3521674250533E-16));
#2436=DIRECTION('',(1.,3.08395284618099E-16,-2.3521674250533E-16));
#2437=DIRECTION('',(1.12522603847144E-16,-1.,-2.64672003351429E-32));
#2438=DIRECTION('',(1.,3.08395284618099E-16,-2.3521674250533E-16));
#2439=DIRECTION('',(1.12522603847144E-16,-1.,-2.64672003351429E-32));
#2440=DIRECTION('',(-1.,0.,2.3521674250533E-16));
#2441=DIRECTION('',(0.,1.,0.));
#2442=DIRECTION('',(1.,0.,-2.3521674250533E-16));
#2443=DIRECTION('',(-1.,0.,1.23908819712629E-16));
#2444=DIRECTION('',(1.23908819712629E-16,0.,1.));
#2445=DIRECTION('',(0.,-1.,0.));
#2446=DIRECTION('',(-1.23908819712629E-16,0.,-1.));
#2447=DIRECTION('',(0.,-1.,0.));
#2448=DIRECTION('',(-1.23908819712629E-16,0.,-1.));
#2449=DIRECTION('',(1.23908819712629E-16,0.,1.));
#2450=DIRECTION('',(-2.86596717914767E-32,-1.,-2.31296463463574E-16));
#2451=DIRECTION('',(1.23908819712629E-16,0.,1.));
#2452=DIRECTION('',(-1.43298358957384E-32,-1.,-1.15648231731787E-16));
#2453=DIRECTION('',(-1.23908819712629E-16,0.,-1.));
#2454=DIRECTION('',(0.,1.,0.));
#2455=DIRECTION('',(1.23908819712629E-16,0.,1.));
#2456=DIRECTION('',(1.17608371252665E-16,0.,1.));
#2457=DIRECTION('',(1.,0.,-1.17608371252665E-16));
#2458=DIRECTION('',(-1.,0.,1.17608371252665E-16));
#2459=DIRECTION('',(1.,0.,-1.17608371252665E-16));
#2460=DIRECTION('',(0.,-1.,0.));
#2461=DIRECTION('',(0.,0.,-1.));
#2462=DIRECTION('',(-1.96759980330538E-16,0.,1.));
#2463=DIRECTION('',(-1.,0.,0.));
#2464=DIRECTION('',(0.,0.,1.));
#2465=DIRECTION('',(-1.,0.,0.));
#2466=DIRECTION('',(1.,0.,0.));
#2467=DIRECTION('',(0.,0.,1.));
#2468=DIRECTION('',(1.,0.,0.));
#2469=DIRECTION('',(0.,0.,1.));
#2470=DIRECTION('',(0.,0.,1.));
#2471=DIRECTION('',(1.,0.,0.));
#2472=DIRECTION('',(0.,1.,0.));
#2473=DIRECTION('',(-1.,0.,0.));
#2474=DIRECTION('',(3.41607084500048E-16,1.,0.));
#2475=DIRECTION('',(1.,0.,0.));
#2476=DIRECTION('',(0.,1.,0.));
#2477=DIRECTION('',(-1.,0.,0.));
#2478=DIRECTION('',(0.,-1.,0.));
#2479=DIRECTION('',(-1.,0.,0.));
#2480=DIRECTION('',(-1.,0.,0.));
#2481=DIRECTION('',(0.,0.,1.));
#2482=DIRECTION('',(0.,-1.,0.));
#2483=DIRECTION('',(0.,-0.707106781186548,-0.707106781186547));
#2484=DIRECTION('',(0.,-1.,0.));
#2485=DIRECTION('',(0.,0.,-1.));
#2486=DIRECTION('',(-1.,0.,0.));
#2487=DIRECTION('',(0.,0.,1.));
#2488=DIRECTION('',(0.,-1.,0.));
#2489=DIRECTION('',(0.,0.,-1.));
#2490=DIRECTION('',(0.,-1.,0.));
#2491=DIRECTION('',(0.,0.707106781186548,-0.707106781186547));
#2492=DIRECTION('',(0.,0.,1.));
#2493=DIRECTION('',(1.,0.,0.));
#2494=DIRECTION('',(0.,0.,-1.));
#2495=DIRECTION('',(-1.,0.,0.));
#2496=DIRECTION('',(0.,0.,-1.));
#2497=DIRECTION('',(-1.,0.,0.));
#2498=DIRECTION('',(0.,0.,1.));
#2499=DIRECTION('',(1.,0.,0.));
#2500=DIRECTION('',(0.,0.,-1.));
#2501=DIRECTION('',(-1.,0.,0.));
#2502=DIRECTION('',(0.,0.,-1.));
#2503=DIRECTION('',(-1.,0.,0.));
#2504=DIRECTION('',(0.,0.,1.));
#2505=DIRECTION('',(1.,0.,0.));
#2506=DIRECTION('',(0.,0.,-1.));
#2507=DIRECTION('',(-1.,0.,0.));
#2508=DIRECTION('',(0.,0.,-1.));
#2509=DIRECTION('',(-1.,0.,0.));
#2510=DIRECTION('',(0.,0.,1.));
#2511=DIRECTION('',(1.,0.,0.));
#2512=DIRECTION('',(0.,0.,-1.));
#2513=DIRECTION('',(-1.,0.,0.));
#2514=DIRECTION('',(0.,0.,-1.));
#2515=DIRECTION('',(-1.,0.,0.));
#2516=DIRECTION('',(0.,0.,1.));
#2517=DIRECTION('',(1.,0.,0.));
#2518=DIRECTION('',(0.,0.,-1.));
#2519=DIRECTION('',(-1.,0.,0.));
#2520=DIRECTION('',(0.,0.,-1.));
#2521=DIRECTION('',(-1.,0.,0.));
#2522=DIRECTION('',(0.,0.,1.));
#2523=DIRECTION('',(1.,0.,0.));
#2524=DIRECTION('',(0.,0.,-1.));
#2525=DIRECTION('',(-1.,0.,0.));
#2526=DIRECTION('',(0.,0.,-1.));
#2527=DIRECTION('',(-1.,0.,0.));
#2528=DIRECTION('',(0.,0.,1.));
#2529=DIRECTION('',(1.,0.,0.));
#2530=DIRECTION('',(0.,-1.,0.));
#2531=DIRECTION('',(-1.,0.,0.));
#2532=DIRECTION('',(0.,-1.,0.));
#2533=DIRECTION('',(-1.,0.,0.));
#2534=DIRECTION('',(2.1350442781253E-16,0.,-1.));
#2535=DIRECTION('',(-1.,0.,-2.1350442781253E-16));
#2536=DIRECTION('',(-1.,0.,-2.1350442781253E-16));
#2537=DIRECTION('',(0.,1.,0.));
#2538=DIRECTION('',(-1.,0.,-2.1350442781253E-16));
#2539=DIRECTION('',(0.,1.,0.));
#2540=DIRECTION('',(1.,3.08395284618099E-16,2.1350442781253E-16));
#2541=DIRECTION('',(1.12522603847144E-16,-1.,2.40240741503605E-32));
#2542=DIRECTION('',(1.,3.08395284618099E-16,2.1350442781253E-16));
#2543=DIRECTION('',(1.12522603847144E-16,-1.,2.40240741503605E-32));
#2544=DIRECTION('',(0.,0.,1.));
#2545=DIRECTION('',(1.,0.,0.));
#2546=DIRECTION('',(0.,0.,1.));
#2547=DIRECTION('',(1.,0.,0.));
#2548=DIRECTION('',(0.707106781186546,0.707106781186549,0.));
#2549=DIRECTION('',(0.,1.,0.));
#2550=DIRECTION('',(1.,0.,0.));
#2551=DIRECTION('',(0.,1.,0.));
#2552=DIRECTION('',(0.707106781186546,0.707106781186549,0.));
#2553=DIRECTION('',(-0.707106781186549,0.707106781186546,0.));
#2554=DIRECTION('',(1.,0.,0.));
#2555=DIRECTION('',(0.,1.,0.));
#2556=DIRECTION('',(0.707106781186546,0.707106781186549,0.));
#2557=DIRECTION('',(1.,0.,0.));
#2558=DIRECTION('',(-0.707106781186549,0.707106781186546,0.));
#2559=DIRECTION('',(0.,0.,1.));
#2560=DIRECTION('',(1.,0.,0.));
#2561=DIRECTION('',(0.,0.,-1.));
#2562=DIRECTION('',(1.,0.,0.));
#2563=DIRECTION('',(0.,0.,1.));
#2564=DIRECTION('',(1.,0.,0.));
#2565=DIRECTION('',(0.707106781186546,0.707106781186549,0.));
#2566=DIRECTION('',(-0.707106781186549,0.707106781186546,0.));
#2567=DIRECTION('',(0.,0.,-1.));
#2568=DIRECTION('',(-0.707106781186549,0.707106781186546,0.));
#2569=DIRECTION('',(0.,0.,-1.));
#2570=DIRECTION('',(-0.707106781186549,0.707106781186546,0.));
#2571=DIRECTION('',(-0.707106781186549,0.707106781186546,0.));
#2572=DIRECTION('',(-0.707106781186546,-0.707106781186549,0.));
#2573=DIRECTION('',(-0.707106781186546,-0.707106781186549,0.));
#2574=DIRECTION('',(0.,0.,1.));
#2575=DIRECTION('',(-0.707106781186546,-0.707106781186549,0.));
#2576=DIRECTION('',(0.,0.,-1.));
#2577=DIRECTION('',(0.707106781186546,0.707106781186549,0.));
#2578=DIRECTION('',(-0.707106781186549,0.707106781186546,0.));
#2579=DIRECTION('',(-0.707106781186549,0.707106781186546,0.));
#2580=DIRECTION('',(0.,0.,-1.));
#2581=DIRECTION('',(-0.707106781186549,0.707106781186546,0.));
#2582=DIRECTION('',(1.,0.,0.));
#2583=DIRECTION('',(0.,0.,-1.));
#2584=DIRECTION('',(0.,0.,-1.));
#2585=DIRECTION('',(0.,1.,0.));
#2586=DIRECTION('',(0.,1.,0.));
#2587=DIRECTION('',(0.,-1.,0.));
#2588=DIRECTION('',(0.,0.,-1.));
#2589=DIRECTION('',(1.,0.,0.));
#2590=DIRECTION('',(0.,0.,-1.));
#2591=DIRECTION('',(1.,0.,0.));
#2592=DIRECTION('',(1.,0.,0.));
#2593=DIRECTION('',(0.,0.,-1.));
#2594=DIRECTION('',(0.,1.,0.));
#2595=DIRECTION('',(0.,1.,0.));
#2596=DIRECTION('',(-0.707106781186549,0.707106781186546,0.));
#2597=DIRECTION('',(-0.707106781186546,-0.707106781186549,0.));
#2598=DIRECTION('',(0.,0.,1.));
#2599=DIRECTION('',(-0.707106781186546,-0.707106781186549,0.));
#2600=DIRECTION('',(-0.707106781186546,-0.707106781186549,0.));
#2601=DIRECTION('',(0.,0.,1.));
#2602=DIRECTION('',(1.,0.,0.));
#2603=DIRECTION('',(0.,-1.,0.));
#2604=DIRECTION('',(1.,0.,0.));
#2605=DIRECTION('',(-0.707106781186549,0.707106781186546,0.));
#2606=DIRECTION('',(0.,-1.,0.));
#2607=DIRECTION('',(1.,0.,0.));
#2608=DIRECTION('',(0.707106781186546,0.707106781186549,0.));
#2609=DIRECTION('',(-0.707106781186549,0.707106781186546,0.));
#2610=DIRECTION('',(0.,0.,-1.));
#2611=DIRECTION('',(-0.707106781186549,0.707106781186546,0.));
#2612=DIRECTION('',(0.,0.,-1.));
#2613=DIRECTION('',(0.707106781186549,-0.707106781186546,0.));
#2614=DIRECTION('',(0.707106781186546,0.707106781186549,0.));
#2615=DIRECTION('',(0.,0.,1.));
#2616=DIRECTION('',(0.707106781186546,0.707106781186549,0.));
#2617=DIRECTION('',(1.,0.,0.));
#2618=DIRECTION('',(0.,0.,-1.));
#2619=DIRECTION('',(0.,1.,0.));
#2620=DIRECTION('',(0.,0.,-1.));
#2621=DIRECTION('',(0.,-1.,0.));
#2622=DIRECTION('',(0.,0.,-1.));
#2623=DIRECTION('',(0.,0.,-1.));
#2624=DIRECTION('',(1.,0.,0.));
#2625=DIRECTION('',(1.,0.,0.));
#2626=DIRECTION('',(0.,0.,-1.));
#2627=DIRECTION('',(0.,0.,1.));
#2628=DIRECTION('',(0.,1.,0.));
#2629=DIRECTION('',(0.707106781186549,-0.707106781186546,0.));
#2630=DIRECTION('',(0.707106781186546,0.707106781186549,0.));
#2631=DIRECTION('',(0.707106781186546,0.707106781186549,0.));
#2632=DIRECTION('',(0.,0.,-1.));
#2633=DIRECTION('',(0.707106781186546,0.707106781186549,0.));
#2634=DIRECTION('',(-0.707106781186549,0.707106781186546,0.));
#2635=DIRECTION('',(-0.707106781186549,0.707106781186546,0.));
#2636=DIRECTION('',(0.,0.,-1.));
#2637=DIRECTION('',(0.,0.,1.));
#2638=DIRECTION('',(1.,0.,0.));
#2639=DIRECTION('',(0.,0.,1.));
#2640=DIRECTION('',(1.,0.,0.));
#2641=DIRECTION('',(0.,-1.,0.));
#2642=DIRECTION('',(0.,0.,-1.));
#2643=DIRECTION('',(0.,0.,1.));
#2644=DIRECTION('',(1.,0.,0.));
#2645=DIRECTION('',(1.,0.,0.));
#2646=DIRECTION('',(0.,1.15648231731787E-16,-1.));
#2647=DIRECTION('',(0.,1.,1.15648231731787E-16));
#2648=DIRECTION('',(0.,-1.,-1.15648231731787E-16));
#2649=DIRECTION('',(1.,0.,0.));
#2650=DIRECTION('',(0.,-1.,0.));
#2651=DIRECTION('',(0.,0.,-1.));
#2652=DIRECTION('',(1.,0.,0.));
#2653=DIRECTION('',(0.,0.,1.));
#2654=DIRECTION('',(0.,2.31296463463574E-16,-1.));
#2655=DIRECTION('',(0.,1.,2.31296463463574E-16));
#2656=DIRECTION('',(0.,-1.,-2.31296463463574E-16));
#2657=DIRECTION('',(0.,0.,-1.));
#2658=DIRECTION('',(-1.,0.,0.));
#2659=DIRECTION('',(0.,-1.,0.));
#2660=DIRECTION('',(1.,0.,0.));
#2661=DIRECTION('',(1.,0.,0.));
#2662=DIRECTION('',(0.,1.,0.));
#2663=DIRECTION('',(0.,0.,1.));
#2664=DIRECTION('',(0.,0.,-1.));
#2665=DIRECTION('',(1.,0.,0.));
#2666=DIRECTION('',(0.,0.,-1.));
#2667=DIRECTION('',(-1.,0.,0.));
#2668=DIRECTION('',(1.,0.,0.));
#2669=DIRECTION('',(0.,-1.,0.));
#2670=DIRECTION('',(0.,1.,0.));
#2671=DIRECTION('',(0.,0.,1.));
#2672=DIRECTION('',(0.,0.,-1.));
#2673=DIRECTION('',(-1.,-1.12522603847144E-16,-2.1350442781253E-16));
#2674=DIRECTION('',(-2.1350442781253E-16,0.,1.));
#2675=DIRECTION('',(-2.1350442781253E-16,0.,1.));
#2676=DIRECTION('',(-2.1350442781253E-16,0.,1.));
#2677=DIRECTION('',(3.08395284618099E-16,-1.,6.58437587824696E-32));
#2678=DIRECTION('',(1.,3.08395284618099E-16,0.));
#2679=DIRECTION('',(-2.1350442781253E-16,0.,1.));
#2680=DIRECTION('',(-1.,-1.12522603847144E-16,-2.1350442781253E-16));
#2681=DIRECTION('',(-2.1350442781253E-16,0.,1.));
#2682=DIRECTION('',(-2.1350442781253E-16,0.,1.));
#2683=DIRECTION('',(3.08395284618099E-16,-1.,6.58437587824696E-32));
#2684=DIRECTION('',(1.,3.08395284618099E-16,0.));
#2685=DIRECTION('',(0.,1.15648231731787E-16,-1.));
#2686=DIRECTION('',(0.,1.,1.15648231731787E-16));
#2687=DIRECTION('',(1.,0.,0.));
#2688=DIRECTION('',(0.,1.,1.15648231731787E-16));
#2689=DIRECTION('',(1.,0.,0.));
#2690=DIRECTION('',(0.,-1.,0.));
#2691=DIRECTION('',(0.,0.,-1.));
#2692=DIRECTION('',(1.,0.,0.));
#2693=DIRECTION('',(0.,0.,-1.));
#2694=DIRECTION('',(0.,2.31296463463574E-16,-1.));
#2695=DIRECTION('',(0.,1.,2.31296463463574E-16));
#2696=DIRECTION('',(1.,0.,0.));
#2697=DIRECTION('',(0.,1.,2.31296463463574E-16));
#2698=DIRECTION('',(0.,-1.,0.));
#2699=DIRECTION('',(0.,0.,-1.));
#2700=DIRECTION('',(0.,0.,-1.));
#2701=DIRECTION('',(0.,1.,0.));
#2702=DIRECTION('',(0.,0.,1.));
#2703=DIRECTION('',(1.,0.,0.));
#2704=DIRECTION('',(0.,0.,1.));
#2705=DIRECTION('',(1.,0.,0.));
#2706=DIRECTION('',(0.,0.,-1.));
#2707=DIRECTION('',(-1.,0.,0.));
#2708=DIRECTION('',(1.,0.,0.));
#2709=DIRECTION('',(0.,1.,0.));
#2710=DIRECTION('',(0.,1.,0.));
#2711=DIRECTION('',(0.,0.,1.));
#2712=DIRECTION('',(1.,0.,0.));
#2713=DIRECTION('',(0.,0.,1.));
#2714=DIRECTION('',(0.,0.,-1.));
#2715=DIRECTION('',(-1.,0.,0.));
#2716=DIRECTION('',(0.,1.,0.));
#2717=DIRECTION('',(0.,1.,0.));
#2718=DIRECTION('',(-1.,0.,0.));
#2719=DIRECTION('',(0.707106781186547,-2.4155268595135E-16,0.707106781186548));
#2720=DIRECTION('',(-3.41607084500048E-16,-1.,0.));
#2721=DIRECTION('',(0.707106781186548,0.,-0.707106781186547));
#2722=DIRECTION('',(-0.707106781186548,-1.75842199336084E-15,0.707106781186547));
#2723=DIRECTION('',(-3.41607084500048E-16,-1.,0.));
#2724=DIRECTION('',(-0.577350269189625,-0.577350269189626,-0.577350269189627));
#2725=DIRECTION('',(0.,0.707106781186548,-0.707106781186547));
#2726=DIRECTION('',(1.64540693022728E-16,-0.707106781186548,0.707106781186547));
#2727=DIRECTION('',(-0.707106781186549,0.707106781186547,1.19609907444043E-16));
#2728=DIRECTION('',(0.,-1.,0.));
#2729=DIRECTION('',(0.,0.,-1.));
#2730=DIRECTION('',(1.,0.,0.));
#2731=DIRECTION('',(0.,0.,1.));
#2732=DIRECTION('',(1.,0.,0.));
#2733=DIRECTION('',(0.,0.,1.));
#2734=DIRECTION('',(0.,-1.,0.));
#2735=DIRECTION('',(0.,0.,-1.));
#2736=DIRECTION('',(1.,0.,0.));
#2737=DIRECTION('',(0.,0.,1.));
#2738=DIRECTION('',(1.,0.,0.));
#2739=DIRECTION('',(0.,0.,1.));
#2740=DIRECTION('',(-1.,0.,0.));
#2741=DIRECTION('',(0.,0.,1.));
#2742=DIRECTION('',(0.,-1.,0.));
#2743=DIRECTION('',(0.,0.,1.));
#2744=DIRECTION('',(0.,0.,1.));
#2745=DIRECTION('',(0.,1.,0.));
#2746=DIRECTION('',(0.,0.,1.));
#2747=DIRECTION('',(-1.,0.,0.));
#2748=DIRECTION('',(0.,0.,1.));
#2749=DIRECTION('',(-1.,0.,0.));
#2750=DIRECTION('',(0.,0.,1.));
#2751=DIRECTION('',(0.,-1.,0.));
#2752=DIRECTION('',(0.,0.,1.));
#2753=DIRECTION('',(0.,1.,0.));
#2754=DIRECTION('',(0.,0.,1.));
#2755=DIRECTION('',(-1.,0.,0.));
#2756=DIRECTION('',(0.,1.,0.));
#2757=DIRECTION('',(0.,0.,1.));
#2758=DIRECTION('',(0.,0.,-1.));
#2759=DIRECTION('',(0.,0.,-1.));
#2760=DIRECTION('',(1.,0.,0.));
#2761=DIRECTION('',(0.707106781186546,0.707106781186549,0.));
#2762=DIRECTION('',(-0.707106781186549,0.707106781186546,0.));
#2763=DIRECTION('',(0.707106781186549,-0.707106781186546,0.));
#2764=DIRECTION('',(0.,0.,-1.));
#2765=DIRECTION('',(1.,0.,0.));
#2766=DIRECTION('',(0.,0.,-1.));
#2767=DIRECTION('',(0.,0.,-1.));
#2768=DIRECTION('',(0.,-1.,0.));
#2769=DIRECTION('',(0.,1.,0.));
#2770=DIRECTION('',(0.,0.,1.));
#2771=DIRECTION('',(1.,0.,0.));
#2772=DIRECTION('',(0.,0.,-1.));
#2773=DIRECTION('',(1.,0.,0.));
#2774=DIRECTION('',(1.,-3.41607084500048E-16,0.));
#2775=DIRECTION('',(3.41607084500048E-16,1.,0.));
#2776=DIRECTION('',(0.,0.,1.));
#2777=DIRECTION('',(-3.41607084500048E-16,-1.,0.));
#2778=DIRECTION('',(-3.41607084500048E-16,-1.,0.));
#2779=DIRECTION('',(0.,0.,-1.));
#2780=DIRECTION('',(-3.41607084500048E-16,-1.,0.));
#2781=DIRECTION('',(0.,0.,-1.));
#2782=DIRECTION('',(0.,1.,0.));
#2783=DIRECTION('',(0.,0.,1.));
#2784=DIRECTION('',(1.,0.,0.));
#2785=DIRECTION('',(1.,0.,0.));
#2786=DIRECTION('',(0.,0.,-1.));
#2787=DIRECTION('',(-1.,0.,0.));
#2788=DIRECTION('',(0.,0.,1.));
#2789=DIRECTION('',(0.,1.,0.));
#2790=DIRECTION('',(0.,0.,-1.));
#2791=DIRECTION('',(-0.707106781186549,0.707106781186546,0.));
#2792=DIRECTION('',(-0.707106781186546,-0.707106781186549,0.));
#2793=DIRECTION('',(0.707106781186546,0.707106781186549,0.));
#2794=DIRECTION('',(0.,0.,-1.));
#2795=DIRECTION('',(-1.,0.,0.));
#2796=DIRECTION('',(0.,0.,1.));
#2797=DIRECTION('',(0.,0.,1.));
#2798=DIRECTION('',(0.,1.,0.));
#2799=DIRECTION('',(0.,0.,1.));
#2800=DIRECTION('',(0.,-1.,0.));
#2801=DIRECTION('',(1.,0.,0.));
#2802=DIRECTION('',(1.,0.,0.));
#2803=DIRECTION('',(0.,0.,1.));
#2804=DIRECTION('',(-1.,0.,0.));
#2805=DIRECTION('',(0.,0.,1.));
#2806=DIRECTION('',(0.,0.,1.));
#2807=DIRECTION('',(0.,1.,0.));
#2808=DIRECTION('',(0.,1.,0.));
#2809=DIRECTION('',(0.,0.,1.));
#2810=DIRECTION('',(1.96759980330538E-16,0.,-1.));
#2811=DIRECTION('',(1.,0.,0.));
#2812=DIRECTION('',(1.,0.,0.));
#2813=DIRECTION('',(1.,0.,0.));
#2814=DIRECTION('',(-0.707106781186547,-0.707106781186549,0.));
#2815=DIRECTION('',(0.,0.,1.));
#2816=DIRECTION('',(0.,0.,-1.));
#2817=DIRECTION('',(0.707106781186549,-0.707106781186547,0.));
#2818=DIRECTION('',(0.,0.,1.));
#2819=DIRECTION('',(1.,0.,0.));
#2820=DIRECTION('',(-1.,0.,0.));
#2821=DIRECTION('',(0.,-1.,0.));
#2822=DIRECTION('',(1.,0.,0.));
#2823=DIRECTION('',(0.,0.,-1.));
#2824=DIRECTION('',(0.,0.,-1.));
#2825=DIRECTION('',(0.,-1.,0.));
#2826=DIRECTION('',(0.,0.,1.));
#2827=DIRECTION('',(1.,0.,0.));
#2828=DIRECTION('',(0.,-1.,0.));
#2829=DIRECTION('',(-1.,0.,0.));
#2830=DIRECTION('',(0.,-1.,0.));
#2831=DIRECTION('',(0.,0.,1.));
#2832=DIRECTION('',(1.,0.,0.));
#2833=DIRECTION('',(-1.,0.,0.));
#2834=DIRECTION('',(0.,-1.,0.));
#2835=DIRECTION('',(0.,-1.,0.));
#2836=DIRECTION('',(-1.,0.,0.));
#2837=DIRECTION('',(0.,0.,1.));
#2838=DIRECTION('',(0.,-1.,0.));
#2839=DIRECTION('',(0.,-1.,0.));
#2840=DIRECTION('',(0.,0.,1.));
#2841=DIRECTION('',(0.,1.,0.));
#2842=DIRECTION('',(0.,0.,1.));
#2843=DIRECTION('',(-1.,0.,0.));
#2844=DIRECTION('',(-1.,0.,0.));
#2845=DIRECTION('',(0.,0.,1.));
#2846=DIRECTION('',(-1.,0.,0.));
#2847=DIRECTION('',(0.,0.,1.));
#2848=DIRECTION('',(0.,-1.,0.));
#2849=DIRECTION('',(0.,-1.,0.));
#2850=DIRECTION('',(1.,0.,0.));
#2851=DIRECTION('',(0.,0.,-1.));
#2852=DIRECTION('',(0.,0.,-1.));
#2853=DIRECTION('',(0.,-1.,0.));
#2854=DIRECTION('',(0.,0.,-1.));
#2855=DIRECTION('',(-1.,0.,0.));
#2856=DIRECTION('',(0.,0.,1.));
#2857=DIRECTION('',(0.,-1.,0.));
#2858=DIRECTION('',(0.,-1.,0.));
#2859=DIRECTION('',(0.,0.,1.));
#2860=DIRECTION('',(0.,-1.,0.));
#2861=DIRECTION('',(0.,0.,-1.));
#2862=DIRECTION('',(1.,0.,0.));
#2863=DIRECTION('',(1.,0.,0.));
#2864=DIRECTION('',(0.,0.,1.));
#2865=DIRECTION('',(-1.,0.,0.));
#2866=DIRECTION('',(0.,0.,1.));
#2867=DIRECTION('',(0.,-1.,0.));
#2868=DIRECTION('',(0.,-1.,0.));
#2869=DIRECTION('',(-1.,-2.04085114820801E-16,0.));
#2870=DIRECTION('',(2.04085114820801E-16,-1.,0.));
#2871=DIRECTION('',(2.04085114820801E-16,-1.,0.));
#2872=DIRECTION('',(0.,0.,1.));
#2873=DIRECTION('',(2.04085114820801E-16,-1.,0.));
#2874=DIRECTION('',(0.,0.,1.));
#2875=DIRECTION('',(0.,-1.,0.));
#2876=DIRECTION('',(0.,0.,-1.));
#2877=DIRECTION('',(1.,0.,0.));
#2878=DIRECTION('',(1.,0.,0.));
#2879=DIRECTION('',(0.,0.,1.));
#2880=DIRECTION('',(-1.,0.,0.));
#2881=DIRECTION('',(0.,0.,1.));
#2882=DIRECTION('',(0.,-1.,0.));
#2883=DIRECTION('',(0.,-1.,0.));
#2884=DIRECTION('',(0.,0.,1.));
#2885=DIRECTION('',(0.,-1.,0.));
#2886=DIRECTION('',(0.,0.,-1.));
#2887=DIRECTION('',(1.,0.,0.));
#2888=DIRECTION('',(1.,0.,0.));
#2889=DIRECTION('',(0.,0.,1.));
#2890=DIRECTION('',(1.,0.,0.));
#2891=DIRECTION('',(0.,1.,0.));
#2892=DIRECTION('',(0.707106781186548,0.707106781186548,0.));
#2893=DIRECTION('',(0.707106781186548,-0.707106781186548,0.));
#2894=DIRECTION('',(0.,0.,-1.));
#2895=DIRECTION('',(-0.707106781186548,-0.707106781186548,0.));
#2896=DIRECTION('',(-0.577350269189626,0.577350269189626,-0.577350269189626));
#2897=DIRECTION('',(-0.707106781186548,0.,0.707106781186547));
#2898=DIRECTION('',(0.,0.707106781186548,0.707106781186547));
#2899=DIRECTION('',(0.,-1.,0.));
#2900=DIRECTION('',(0.,0.,-1.));
#2901=DIRECTION('',(0.,0.,-1.));
#2902=DIRECTION('',(-1.,0.,0.));
#2903=DIRECTION('',(1.,0.,0.));
#2904=DIRECTION('',(0.,0.,1.));
#2905=DIRECTION('',(1.,0.,0.));
#2906=DIRECTION('',(0.,-1.,0.));
#2907=DIRECTION('',(0.,0.,-1.));
#2908=DIRECTION('',(1.,0.,0.));
#2909=DIRECTION('',(-1.,0.,0.));
#2910=DIRECTION('',(0.,-1.,0.));
#2911=DIRECTION('',(-1.,0.,0.));
#2912=DIRECTION('',(-1.,0.,0.));
#2913=DIRECTION('',(-1.,0.,0.));
#2914=DIRECTION('',(0.,-0.707106781186547,0.707106781186548));
#2915=DIRECTION('',(-1.,0.,0.));
#2916=DIRECTION('',(0.,-0.707106781186548,-0.707106781186547));
#2917=DIRECTION('',(-1.,0.,0.));
#2918=DIRECTION('',(1.,0.,0.));
#2919=DIRECTION('',(0.,-1.,0.));
#2920=DIRECTION('',(0.,0.,-1.));
#2921=DIRECTION('',(0.,0.,-1.));
#2922=DIRECTION('',(1.,0.,0.));
#2923=DIRECTION('',(-1.,0.,0.));
#2924=DIRECTION('',(0.,-1.,0.));
#2925=DIRECTION('',(0.,0.,-1.));
#2926=DIRECTION('',(1.,0.,0.));
#2927=DIRECTION('',(0.,0.,-1.));
#2928=DIRECTION('',(-1.,0.,0.));
#2929=DIRECTION('',(1.,0.,1.96759980330538E-16));
#2930=DIRECTION('',(1.96759980330538E-16,0.,-1.));
#2931=DIRECTION('',(0.,-1.,0.));
#2932=DIRECTION('',(0.,-1.,0.));
#2933=DIRECTION('',(0.,-0.707106781186547,-0.707106781186548));
#2934=DIRECTION('',(1.,0.,0.));
#2935=DIRECTION('',(0.,0.707106781186548,-0.707106781186547));
#2936=DIRECTION('',(1.,0.,0.));
#2937=DIRECTION('',(1.,0.,0.));
#2938=DIRECTION('',(0.,0.,-1.));
#2939=DIRECTION('',(-1.,0.,0.));
#2940=DIRECTION('',(0.,0.,-1.));
#2941=DIRECTION('',(-1.,0.,0.));
#2942=DIRECTION('',(0.,0.,-1.));
#2943=DIRECTION('',(1.,0.,0.));
#2944=DIRECTION('',(0.,1.,0.));
#2945=DIRECTION('',(-1.,0.,0.));
#2946=DIRECTION('',(0.,0.,1.));
#2947=DIRECTION('',(-1.,0.,0.));
#2948=DIRECTION('',(0.,0.,1.));
#2949=DIRECTION('',(0.,1.,0.));
#2950=DIRECTION('',(0.,0.,-1.));
#2951=DIRECTION('',(1.,0.,0.));
#2952=DIRECTION('',(0.,1.,0.));
#2953=DIRECTION('',(-1.,0.,0.));
#2954=DIRECTION('',(1.,0.,0.));
#2955=DIRECTION('',(0.,0.,1.));
#2956=DIRECTION('',(1.,0.,0.));
#2957=DIRECTION('',(0.,0.,1.));
#2958=DIRECTION('',(0.,0.,1.));
#2959=DIRECTION('',(1.,0.,0.));
#2960=DIRECTION('',(0.,1.,0.));
#2961=DIRECTION('',(0.,1.,0.));
#2962=DIRECTION('',(-1.,0.,0.));
#2963=DIRECTION('',(0.,0.,1.));
#2964=DIRECTION('',(0.,1.,0.));
#2965=DIRECTION('',(0.,0.,1.));
#2966=DIRECTION('',(1.,0.,0.));
#2967=DIRECTION('',(0.,1.,0.));
#2968=DIRECTION('',(-1.,0.,0.));
#2969=DIRECTION('',(0.,0.,1.));
#2970=CARTESIAN_POINT('',(0.,0.,0.));
#2971=CARTESIAN_POINT('',(-0.059,-0.1275,0.048));
#2972=CARTESIAN_POINT('',(-0.059,-0.1275,0.04));
#2973=CARTESIAN_POINT('',(-0.059,-0.0555,0.04));
#2974=CARTESIAN_POINT('',(-0.059,-0.0855,0.04));
#2975=CARTESIAN_POINT('',(-0.059,-0.0555,0.048));
#2976=CARTESIAN_POINT('',(-0.059,-0.0555,0.025));
#2977=CARTESIAN_POINT('',(-0.059,-0.1275,0.025));
#2978=CARTESIAN_POINT('',(-0.059,-0.0855,0.025));
#2979=CARTESIAN_POINT('',(-0.059,-0.0855,0.048));
#2980=CARTESIAN_POINT('',(-0.059,0.1195,0.048));
#2981=CARTESIAN_POINT('',(-0.059,0.1195,0.04));
#2982=CARTESIAN_POINT('',(-0.059,0.1195,0.025));
#2983=CARTESIAN_POINT('',(-0.059,-0.1275,0.04));
#2984=CARTESIAN_POINT('',(-0.059,0.1495,0.04));
#2985=CARTESIAN_POINT('',(-0.059,0.1495,0.048));
#2986=CARTESIAN_POINT('',(-0.059,0.1495,0.025));
#2987=CARTESIAN_POINT('',(-0.059,-0.1275,0.025));
#2988=CARTESIAN_POINT('',(-0.059,0.1595,0.048));
#2989=CARTESIAN_POINT('',(-0.059,0.1595,0.076));
#2990=CARTESIAN_POINT('',(-0.059,0.1595,0.02));
#2991=CARTESIAN_POINT('',(-0.059,-0.1275,0.076));
#2992=CARTESIAN_POINT('',(-0.059,-0.1275,0.076));
#2993=CARTESIAN_POINT('',(-0.059,-0.1275,0.048));
#2994=CARTESIAN_POINT('',(-0.059,-0.1275,0.02));
#2995=CARTESIAN_POINT('',(-0.059,-0.1275,0.02));
#2996=CARTESIAN_POINT('',(1.38777878078145E-17,-0.1275,0.076));
#2997=CARTESIAN_POINT('',(-4.78012691158053E-17,0.0725,0.076));
#2998=CARTESIAN_POINT('',(-0.045,0.0725,0.076));
#2999=CARTESIAN_POINT('',(0.045,0.0725,0.076));
#3000=CARTESIAN_POINT('',(-0.045,-0.1275,0.076));
#3001=CARTESIAN_POINT('',(-0.045,-0.1125,0.076));
#3002=CARTESIAN_POINT('',(9.25185853854298E-18,-0.1125,0.076));
#3003=CARTESIAN_POINT('',(0.045,-0.1125,0.076));
#3004=CARTESIAN_POINT('',(0.045,-0.1275,0.076));
#3005=CARTESIAN_POINT('',(1.38777878078145E-17,0.1595,0.076));
#3006=CARTESIAN_POINT('',(0.059,0.1595,0.076));
#3007=CARTESIAN_POINT('',(0.059,-0.1275,0.076));
#3008=CARTESIAN_POINT('',(0.059,-0.1275,0.076));
#3009=CARTESIAN_POINT('',(1.38777878078145E-17,-0.1275,0.076));
#3010=CARTESIAN_POINT('',(0.059,-0.1275,0.048));
#3011=CARTESIAN_POINT('',(0.059,-0.1275,0.04));
#3012=CARTESIAN_POINT('',(0.059,0.1495,0.04));
#3013=CARTESIAN_POINT('',(0.059,0.1195,0.04));
#3014=CARTESIAN_POINT('',(0.059,0.1195,0.048));
#3015=CARTESIAN_POINT('',(0.059,0.1195,0.025));
#3016=CARTESIAN_POINT('',(0.059,-0.1275,0.025));
#3017=CARTESIAN_POINT('',(0.059,0.1495,0.025));
#3018=CARTESIAN_POINT('',(0.059,0.1495,0.048));
#3019=CARTESIAN_POINT('',(0.059,-0.0555,0.048));
#3020=CARTESIAN_POINT('',(0.059,-0.0555,0.025));
#3021=CARTESIAN_POINT('',(0.059,-0.0555,0.04));
#3022=CARTESIAN_POINT('',(0.059,-0.1275,0.04));
#3023=CARTESIAN_POINT('',(0.059,-0.0855,0.04));
#3024=CARTESIAN_POINT('',(0.059,-0.0855,0.048));
#3025=CARTESIAN_POINT('',(0.059,-0.0855,0.025));
#3026=CARTESIAN_POINT('',(0.059,-0.1275,0.025));
#3027=CARTESIAN_POINT('',(0.059,0.1595,0.048));
#3028=CARTESIAN_POINT('',(0.059,0.1595,0.02));
#3029=CARTESIAN_POINT('',(0.059,-0.1275,0.02));
#3030=CARTESIAN_POINT('',(0.059,-0.1275,0.02));
#3031=CARTESIAN_POINT('',(0.059,-0.1275,0.048));
#3032=CARTESIAN_POINT('',(0.,-0.1275,0.02));
#3033=CARTESIAN_POINT('',(0.,0.1595,0.02));
#3034=CARTESIAN_POINT('',(0.,-0.1275,0.02));
#3035=CARTESIAN_POINT('',(5.55111512312578E-17,0.1625,0.02));
#3036=CARTESIAN_POINT('',(0.095,0.1625,0.02));
#3037=CARTESIAN_POINT('',(0.095,0.1625,0.01));
#3038=CARTESIAN_POINT('',(0.095,0.1625,0.275));
#3039=CARTESIAN_POINT('',(5.55111512312578E-17,0.1625,0.01));
#3040=CARTESIAN_POINT('',(-0.175,0.1625,0.01));
#3041=CARTESIAN_POINT('',(-0.175,0.1625,0.02));
#3042=CARTESIAN_POINT('',(-0.175,0.1625,0.275));
#3043=CARTESIAN_POINT('',(5.55111512312578E-17,0.1625,0.275));
#3044=CARTESIAN_POINT('',(0.,0.1625,0.015));
#3045=CARTESIAN_POINT('',(-0.064,0.1625,0.015));
#3046=CARTESIAN_POINT('',(0.064,0.1625,0.015));
#3047=CARTESIAN_POINT('',(0.064,0.1625,0.048));
#3048=CARTESIAN_POINT('',(0.064,0.1625,0.081));
#3049=CARTESIAN_POINT('',(0.,0.1625,0.081));
#3050=CARTESIAN_POINT('',(-0.064,0.1625,0.081));
#3051=CARTESIAN_POINT('',(-0.064,0.1625,0.048));
#3052=CARTESIAN_POINT('',(0.,0.,0.));
#3053=CARTESIAN_POINT('',(0.09,-2.77555756156289E-17,0.));
#3054=CARTESIAN_POINT('',(0.09,-0.1525,-1.38777878078145E-17));
#3055=CARTESIAN_POINT('',(0.09,-0.1325,0.));
#3056=CARTESIAN_POINT('',(-0.185,-0.1525,0.));
#3057=CARTESIAN_POINT('',(-0.175,-0.1525,0.));
#3058=CARTESIAN_POINT('',(-0.175,5.97812397875084E-17,0.));
#3059=CARTESIAN_POINT('',(-0.175,0.1525,0.));
#3060=CARTESIAN_POINT('',(0.,0.1525,0.));
#3061=CARTESIAN_POINT('',(0.09,0.1525,-1.47451495458029E-17));
#3062=CARTESIAN_POINT('',(0.09,-2.77555756156289E-17,0.));
#3063=CARTESIAN_POINT('',(0.09,0.1325,0.));
#3064=CARTESIAN_POINT('',(0.,0.1325,0.));
#3065=CARTESIAN_POINT('',(-0.155,0.1325,0.));
#3066=CARTESIAN_POINT('',(-0.155,0.,0.));
#3067=CARTESIAN_POINT('',(-0.155,-0.1325,0.));
#3068=CARTESIAN_POINT('',(0.,-0.1325,0.));
#3069=CARTESIAN_POINT('',(0.105,0.8375,0.005));
#3070=CARTESIAN_POINT('',(0.105,0.8375,0.005));
#3071=CARTESIAN_POINT('',(0.105,0.1575,0.005));
#3072=CARTESIAN_POINT('',(0.105,0.1325,0.005));
#3073=CARTESIAN_POINT('',(0.105,0.1625,0.01));
#3074=CARTESIAN_POINT('',(0.105,0.1625,0.01));
#3075=CARTESIAN_POINT('',(0.105,0.8375,0.01));
#3076=CARTESIAN_POINT('',(0.105,0.1325,0.01));
#3077=CARTESIAN_POINT('',(0.105,0.1325,0.01));
#3078=CARTESIAN_POINT('',(0.105,0.8375,0.005));
#3079=CARTESIAN_POINT('',(0.105,0.8375,0.005));
#3080=CARTESIAN_POINT('',(0.105,-0.1325,0.005));
#3081=CARTESIAN_POINT('',(0.105,-0.1575,0.005));
#3082=CARTESIAN_POINT('',(0.105,-0.1325,0.01));
#3083=CARTESIAN_POINT('',(0.105,-0.1325,0.01));
#3084=CARTESIAN_POINT('',(0.105,0.8375,0.01));
#3085=CARTESIAN_POINT('',(0.105,-0.1625,0.01));
#3086=CARTESIAN_POINT('',(0.105,-0.1525,0.));
#3087=CARTESIAN_POINT('',(0.1,-0.1375,-0.005));
#3088=CARTESIAN_POINT('',(0.1,-0.1375,0.01));
#3089=CARTESIAN_POINT('',(0.0975,-0.1375,0.01));
#3090=CARTESIAN_POINT('',(0.1,-0.1375,0.005));
#3091=CARTESIAN_POINT('',(0.0975,-0.1375,0.005));
#3092=CARTESIAN_POINT('',(0.1,-0.1525,-0.005));
#3093=CARTESIAN_POINT('',(0.1,-0.1525,0.01));
#3094=CARTESIAN_POINT('',(0.0975,-0.1525,0.01));
#3095=CARTESIAN_POINT('',(0.1,-0.1525,0.005));
#3096=CARTESIAN_POINT('',(0.0975,-0.1525,0.005));
#3097=CARTESIAN_POINT('',(0.1,-0.145,-0.005));
#3098=CARTESIAN_POINT('',(0.1,-0.145,0.01));
#3099=CARTESIAN_POINT('',(0.0975,-0.145,0.01));
#3100=CARTESIAN_POINT('',(0.1,-0.145,0.005));
#3101=CARTESIAN_POINT('',(0.0975,-0.145,0.005));
#3102=CARTESIAN_POINT('',(0.1,0.1375,-0.005));
#3103=CARTESIAN_POINT('',(0.1,0.1375,0.01));
#3104=CARTESIAN_POINT('',(0.0975,0.1375,0.01));
#3105=CARTESIAN_POINT('',(0.1,0.1375,0.005));
#3106=CARTESIAN_POINT('',(0.0975,0.1375,0.005));
#3107=CARTESIAN_POINT('',(0.1,0.145,-0.005));
#3108=CARTESIAN_POINT('',(0.1,0.145,0.01));
#3109=CARTESIAN_POINT('',(0.0975,0.145,0.01));
#3110=CARTESIAN_POINT('',(0.1,0.145,0.005));
#3111=CARTESIAN_POINT('',(0.0975,0.145,0.005));
#3112=CARTESIAN_POINT('',(0.1,0.1525,-0.005));
#3113=CARTESIAN_POINT('',(0.1,0.1525,0.01));
#3114=CARTESIAN_POINT('',(0.0975,0.1525,0.01));
#3115=CARTESIAN_POINT('',(0.1,0.1525,0.005));
#3116=CARTESIAN_POINT('',(0.0975,0.1525,0.005));
#3117=CARTESIAN_POINT('',(0.,0.,0.015));
#3118=CARTESIAN_POINT('',(-0.1745,0.,0.015));
#3119=CARTESIAN_POINT('',(-0.1745,0.145,0.015));
#3120=CARTESIAN_POINT('',(-0.1745,-0.145,0.015));
#3121=CARTESIAN_POINT('',(-0.1755,0.145,0.015));
#3122=CARTESIAN_POINT('',(-0.1765,0.145,0.015));
#3123=CARTESIAN_POINT('',(-0.1765,0.,0.015));
#3124=CARTESIAN_POINT('',(-0.1765,-0.145,0.015));
#3125=CARTESIAN_POINT('',(-0.1755,-0.145,0.015));
#3126=CARTESIAN_POINT('',(-2.77555756156289E-17,-0.1325,0.08));
#3127=CARTESIAN_POINT('',(-2.77555756156289E-17,0.1575,0.08));
#3128=CARTESIAN_POINT('',(0.065,0.1575,0.08));
#3129=CARTESIAN_POINT('',(-0.065,0.1575,0.08));
#3130=CARTESIAN_POINT('',(-0.065,-0.1325,0.08));
#3131=CARTESIAN_POINT('',(-0.065,-0.1325,0.08));
#3132=CARTESIAN_POINT('',(-2.77555756156289E-17,-0.1325,0.08));
#3133=CARTESIAN_POINT('',(0.065,-0.1325,0.08));
#3134=CARTESIAN_POINT('',(0.065,-0.1325,0.08));
#3135=CARTESIAN_POINT('',(-5.55111512312578E-17,0.0725,0.08));
#3136=CARTESIAN_POINT('',(-0.045,0.0725,0.08));
#3137=CARTESIAN_POINT('',(0.045,0.0725,0.08));
#3138=CARTESIAN_POINT('',(0.045,-0.02,0.08));
#3139=CARTESIAN_POINT('',(0.045,-0.1125,0.08));
#3140=CARTESIAN_POINT('',(-3.46944695195361E-17,-0.1125,0.08));
#3141=CARTESIAN_POINT('',(-0.045,-0.1125,0.08));
#3142=CARTESIAN_POINT('',(-0.045,-0.02,0.08));
#3143=CARTESIAN_POINT('',(-0.169393398282202,0.146893398282202,0.273));
#3144=CARTESIAN_POINT('',(-0.172928932188135,0.150428932188135,0.273));
#3145=CARTESIAN_POINT('',(-0.170428932188135,0.150428932188135,0.273));
#3146=CARTESIAN_POINT('',(-0.169393398282202,0.146893398282202,0.273));
#3147=CARTESIAN_POINT('',(-0.1745,0.141786796564404,0.273));
#3148=CARTESIAN_POINT('',(-0.16161522368915,0.154671572875254,0.273));
#3149=CARTESIAN_POINT('',(-0.1745,0.146893398282202,0.273));
#3150=CARTESIAN_POINT('',(-0.1745,0.145,0.273));
#3151=CARTESIAN_POINT('',(-0.169393398282202,0.145,0.273));
#3152=CARTESIAN_POINT('',(-0.1765,0.145,0.273));
#3153=CARTESIAN_POINT('',(-0.1765,0.146893398282202,0.273));
#3154=CARTESIAN_POINT('',(-0.1765,0.139786796564404,0.273));
#3155=CARTESIAN_POINT('',(-0.169393398282202,0.146893398282202,0.273));
#3156=CARTESIAN_POINT('',(-0.177171572875254,0.13911522368915,0.273));
#3157=CARTESIAN_POINT('',(-0.177171572875254,0.13911522368915,0.273));
#3158=CARTESIAN_POINT('',(-0.180556349186104,0.1425,0.273));
#3159=CARTESIAN_POINT('',(-0.1825,0.1425,0.273));
#3160=CARTESIAN_POINT('',(-0.18,0.1425,0.273));
#3161=CARTESIAN_POINT('',(-0.18,0.146464466094067,0.273));
#3162=CARTESIAN_POINT('',(-0.18,0.150428932188135,0.273));
#3163=CARTESIAN_POINT('',(-0.176464466094067,0.153964466094067,0.273));
#3164=CARTESIAN_POINT('',(-0.172928932188134,0.1575,0.273));
#3165=CARTESIAN_POINT('',(-0.168964466094068,0.1575,0.273));
#3166=CARTESIAN_POINT('',(-0.164443650813896,0.1575,0.273));
#3167=CARTESIAN_POINT('',(-0.16161522368915,0.154671572875254,0.273));
#3168=CARTESIAN_POINT('',(-0.172928932188134,-0.150428932188135,0.25));
#3169=CARTESIAN_POINT('',(-0.172928932188134,-0.150428932188135,0.275));
#3170=CARTESIAN_POINT('',(-0.170428932188134,-0.150428932188135,0.275));
#3171=CARTESIAN_POINT('',(-0.172928932188134,-0.150428932188135,0.273));
#3172=CARTESIAN_POINT('',(-0.170428932188134,-0.150428932188135,0.273));
#3173=CARTESIAN_POINT('',(-0.169393398282202,-0.146893398282202,0.1475));
#3174=CARTESIAN_POINT('',(-0.1745,-0.141786796564404,0.1475));
#3175=CARTESIAN_POINT('',(-0.1745,-0.141786796564404,0.275));
#3176=CARTESIAN_POINT('',(-0.1745,-0.141786796564404,0.273));
#3177=CARTESIAN_POINT('',(-0.169393398282202,-0.146893398282202,0.275));
#3178=CARTESIAN_POINT('',(-0.16161522368915,-0.154671572875254,0.275));
#3179=CARTESIAN_POINT('',(-0.16161522368915,-0.154671572875254,0.274));
#3180=CARTESIAN_POINT('',(-0.16161522368915,-0.154671572875254,0.273));
#3181=CARTESIAN_POINT('',(-0.169393398282202,-0.146893398282202,0.273));
#3182=CARTESIAN_POINT('',(-0.177171572875254,-0.13911522368915,0.274));
#3183=CARTESIAN_POINT('',(-0.177171572875254,-0.13911522368915,0.273));
#3184=CARTESIAN_POINT('',(-0.177171572875254,-0.13911522368915,0.273));
#3185=CARTESIAN_POINT('',(-0.180556349186104,-0.1425,0.273));
#3186=CARTESIAN_POINT('',(-0.180556349186104,-0.1425,0.275));
#3187=CARTESIAN_POINT('',(-0.180556349186104,-0.1425,0.275));
#3188=CARTESIAN_POINT('',(-0.177171572875254,-0.13911522368915,0.275));
#3189=CARTESIAN_POINT('',(-0.177171572875254,-0.13911522368915,0.275));
#3190=CARTESIAN_POINT('',(-0.177171572875254,-0.13911522368915,0.274));
#3191=CARTESIAN_POINT('',(-0.169393398282202,-0.146893398282202,0.1475));
#3192=CARTESIAN_POINT('',(-0.169393398282202,-0.146893398282202,0.275));
#3193=CARTESIAN_POINT('',(-0.1765,-0.139786796564404,0.275));
#3194=CARTESIAN_POINT('',(-0.1765,-0.139786796564404,0.1475));
#3195=CARTESIAN_POINT('',(-0.1765,-0.139786796564404,0.273));
#3196=CARTESIAN_POINT('',(-0.169393398282202,-0.146893398282202,0.273));
#3197=CARTESIAN_POINT('',(-0.1765,0.,0.492));
#3198=CARTESIAN_POINT('',(-0.1765,-0.145,0.492));
#3199=CARTESIAN_POINT('',(-0.1765,-0.145,0.275));
#3200=CARTESIAN_POINT('',(-0.1765,-0.145,0.273));
#3201=CARTESIAN_POINT('',(-0.1765,-0.146893398282202,0.273));
#3202=CARTESIAN_POINT('',(-0.1765,2.77555756156289E-17,0.275));
#3203=CARTESIAN_POINT('',(-0.1755,-0.145,0.492));
#3204=CARTESIAN_POINT('',(2.77555756156289E-17,-0.145,0.275));
#3205=CARTESIAN_POINT('',(-0.1745,-0.145,0.275));
#3206=CARTESIAN_POINT('',(-0.1745,-0.145,0.492));
#3207=CARTESIAN_POINT('',(-0.1745,-0.145,0.273));
#3208=CARTESIAN_POINT('',(-0.169393398282202,-0.145,0.273));
#3209=CARTESIAN_POINT('',(-0.1745,0.,0.492));
#3210=CARTESIAN_POINT('',(-0.1745,2.77555756156289E-17,0.275));
#3211=CARTESIAN_POINT('',(-0.1745,-0.146893398282202,0.273));
#3212=CARTESIAN_POINT('',(-0.16161522368915,-0.154671572875254,0.274));
#3213=CARTESIAN_POINT('',(-0.165,-0.158056349186104,0.275));
#3214=CARTESIAN_POINT('',(-0.165,-0.158056349186104,0.273));
#3215=CARTESIAN_POINT('',(-0.165,-0.158056349186104,0.275));
#3216=CARTESIAN_POINT('',(-0.16161522368915,-0.154671572875254,0.273));
#3217=CARTESIAN_POINT('',(-0.16161522368915,-0.154671572875254,0.275));
#3218=CARTESIAN_POINT('',(-0.169393398282202,-0.146893398282202,0.273));
#3219=CARTESIAN_POINT('',(-0.165,-0.16,0.273));
#3220=CARTESIAN_POINT('',(-0.165,-0.1575,0.273));
#3221=CARTESIAN_POINT('',(-0.168964466094068,-0.1575,0.273));
#3222=CARTESIAN_POINT('',(-0.172928932188134,-0.1575,0.273));
#3223=CARTESIAN_POINT('',(-0.176464466094067,-0.153964466094067,0.273));
#3224=CARTESIAN_POINT('',(-0.18,-0.150428932188134,0.273));
#3225=CARTESIAN_POINT('',(-0.18,-0.146464466094067,0.273));
#3226=CARTESIAN_POINT('',(-0.18,-0.1425,0.273));
#3227=CARTESIAN_POINT('',(-0.1825,-0.1425,0.273));
#3228=CARTESIAN_POINT('',(-0.16161522368915,0.154671572875254,0.274));
#3229=CARTESIAN_POINT('',(-0.164443650813896,0.1575,0.275));
#3230=CARTESIAN_POINT('',(-0.164443650813896,0.1575,0.275));
#3231=CARTESIAN_POINT('',(-0.16161522368915,0.154671572875254,0.275));
#3232=CARTESIAN_POINT('',(-0.16161522368915,0.154671572875254,0.275));
#3233=CARTESIAN_POINT('',(-0.16161522368915,0.154671572875254,0.274));
#3234=CARTESIAN_POINT('',(-0.169393398282202,0.146893398282202,0.1475));
#3235=CARTESIAN_POINT('',(-0.1745,0.141786796564404,0.1475));
#3236=CARTESIAN_POINT('',(-0.1745,0.141786796564404,0.275));
#3237=CARTESIAN_POINT('',(-0.169393398282202,0.146893398282202,0.275));
#3238=CARTESIAN_POINT('',(-0.1745,0.,0.492));
#3239=CARTESIAN_POINT('',(-0.1745,2.77555756156289E-17,0.275));
#3240=CARTESIAN_POINT('',(-0.1745,0.145,0.275));
#3241=CARTESIAN_POINT('',(-0.1745,0.145,0.492));
#3242=CARTESIAN_POINT('',(-0.1755,0.145,0.492));
#3243=CARTESIAN_POINT('',(-0.1765,0.145,0.492));
#3244=CARTESIAN_POINT('',(-0.1765,0.145,0.275));
#3245=CARTESIAN_POINT('',(2.77555756156289E-17,0.145,0.275));
#3246=CARTESIAN_POINT('',(-0.1765,0.,0.492));
#3247=CARTESIAN_POINT('',(-0.1765,0.139786796564404,0.1475));
#3248=CARTESIAN_POINT('',(-0.1765,0.139786796564404,0.275));
#3249=CARTESIAN_POINT('',(-0.1765,2.77555756156289E-17,0.275));
#3250=CARTESIAN_POINT('',(-0.169393398282202,0.146893398282202,0.1475));
#3251=CARTESIAN_POINT('',(-0.169393398282202,0.146893398282202,0.275));
#3252=CARTESIAN_POINT('',(-0.177171572875254,0.13911522368915,0.275));
#3253=CARTESIAN_POINT('',(-0.177171572875254,0.13911522368915,0.274));
#3254=CARTESIAN_POINT('',(-0.177171572875254,0.13911522368915,0.274));
#3255=CARTESIAN_POINT('',(-0.177171572875254,0.13911522368915,0.275));
#3256=CARTESIAN_POINT('',(-0.180556349186104,0.1425,0.275));
#3257=CARTESIAN_POINT('',(-0.180556349186104,0.1425,0.275));
#3258=CARTESIAN_POINT('',(-0.172928932188135,0.150428932188135,0.25));
#3259=CARTESIAN_POINT('',(-0.172928932188135,0.150428932188135,0.275));
#3260=CARTESIAN_POINT('',(-0.170428932188135,0.150428932188135,0.275));
#3261=CARTESIAN_POINT('',(-0.078,-0.0855,0.0325));
#3262=CARTESIAN_POINT('',(-0.065,-0.0855,0.05));
#3263=CARTESIAN_POINT('',(-0.065,-0.0855,0.025));
#3264=CARTESIAN_POINT('',(-0.065,-0.0855,0.04));
#3265=CARTESIAN_POINT('',(-0.078,-0.0855,0.04));
#3266=CARTESIAN_POINT('',(-0.078,-0.0855,0.025));
#3267=CARTESIAN_POINT('',(-0.078,-0.0705,0.025));
#3268=CARTESIAN_POINT('',(-0.065,-0.1325,0.025));
#3269=CARTESIAN_POINT('',(-0.065,-0.0555,0.025));
#3270=CARTESIAN_POINT('',(-0.078,-0.0555,0.025));
#3271=CARTESIAN_POINT('',(-0.078,-0.0555,0.0325));
#3272=CARTESIAN_POINT('',(-0.078,-0.0555,0.04));
#3273=CARTESIAN_POINT('',(-0.065,-0.0555,0.04));
#3274=CARTESIAN_POINT('',(-0.065,-0.0555,0.05));
#3275=CARTESIAN_POINT('',(-0.078,-0.0705,0.04));
#3276=CARTESIAN_POINT('',(-0.065,-0.1325,0.04));
#3277=CARTESIAN_POINT('',(-0.078,0.1345,0.025));
#3278=CARTESIAN_POINT('',(-0.065,-0.1325,0.025));
#3279=CARTESIAN_POINT('',(-0.065,0.1495,0.025));
#3280=CARTESIAN_POINT('',(-0.065,0.1195,0.025));
#3281=CARTESIAN_POINT('',(-0.078,0.1195,0.025));
#3282=CARTESIAN_POINT('',(-0.078,0.1495,0.025));
#3283=CARTESIAN_POINT('',(-0.078,0.1495,0.0325));
#3284=CARTESIAN_POINT('',(-0.065,0.1495,0.05));
#3285=CARTESIAN_POINT('',(-0.065,0.1495,0.04));
#3286=CARTESIAN_POINT('',(-0.078,0.1495,0.04));
#3287=CARTESIAN_POINT('',(-0.078,0.1345,0.04));
#3288=CARTESIAN_POINT('',(-0.078,0.1195,0.04));
#3289=CARTESIAN_POINT('',(-0.065,0.1195,0.04));
#3290=CARTESIAN_POINT('',(-0.065,-0.1325,0.04));
#3291=CARTESIAN_POINT('',(-0.078,0.1195,0.0325));
#3292=CARTESIAN_POINT('',(-0.065,0.1195,0.05));
#3293=CARTESIAN_POINT('',(0.045,-0.02,0.055));
#3294=CARTESIAN_POINT('',(0.045,-0.1125,0.055));
#3295=CARTESIAN_POINT('',(0.045,0.0725,0.055));
#3296=CARTESIAN_POINT('',(-2.93568588242229E-17,-0.1125,0.055));
#3297=CARTESIAN_POINT('',(-0.045,-0.1125,0.055));
#3298=CARTESIAN_POINT('',(-0.045,-0.02,0.055));
#3299=CARTESIAN_POINT('',(-0.045,0.0725,0.055));
#3300=CARTESIAN_POINT('',(-5.01735405359446E-17,0.0725,0.055));
#3301=CARTESIAN_POINT('',(-0.078,-0.0705,0.025));
#3302=CARTESIAN_POINT('',(-0.078,-0.0855,0.025));
#3303=CARTESIAN_POINT('',(0.065,-0.0855,0.025));
#3304=CARTESIAN_POINT('',(0.065,-0.0705,0.025));
#3305=CARTESIAN_POINT('',(0.065,-0.0555,0.025));
#3306=CARTESIAN_POINT('',(-0.078,-0.0555,0.025));
#3307=CARTESIAN_POINT('',(-0.078,-0.0855,0.0325));
#3308=CARTESIAN_POINT('',(-0.078,-0.0855,0.04));
#3309=CARTESIAN_POINT('',(0.065,-0.0855,0.04));
#3310=CARTESIAN_POINT('',(0.065,-0.0855,0.0325));
#3311=CARTESIAN_POINT('',(-0.078,-0.0705,0.04));
#3312=CARTESIAN_POINT('',(-0.078,-0.0555,0.04));
#3313=CARTESIAN_POINT('',(0.065,-0.0555,0.04));
#3314=CARTESIAN_POINT('',(0.065,-0.0705,0.04));
#3315=CARTESIAN_POINT('',(-0.078,-0.0555,0.0325));
#3316=CARTESIAN_POINT('',(0.065,-0.0555,0.0325));
#3317=CARTESIAN_POINT('',(-0.078,0.1495,0.0325));
#3318=CARTESIAN_POINT('',(-0.078,0.1495,0.025));
#3319=CARTESIAN_POINT('',(0.065,0.1495,0.025));
#3320=CARTESIAN_POINT('',(0.065,0.1495,0.0325));
#3321=CARTESIAN_POINT('',(0.065,0.1495,0.04));
#3322=CARTESIAN_POINT('',(-0.078,0.1495,0.04));
#3323=CARTESIAN_POINT('',(-0.078,0.1345,0.025));
#3324=CARTESIAN_POINT('',(-0.078,0.1195,0.025));
#3325=CARTESIAN_POINT('',(0.065,0.1195,0.025));
#3326=CARTESIAN_POINT('',(0.065,0.1345,0.025));
#3327=CARTESIAN_POINT('',(-0.078,0.1195,0.0325));
#3328=CARTESIAN_POINT('',(-0.078,0.1195,0.04));
#3329=CARTESIAN_POINT('',(0.065,0.1195,0.04));
#3330=CARTESIAN_POINT('',(0.065,0.1195,0.0325));
#3331=CARTESIAN_POINT('',(-0.078,0.1345,0.04));
#3332=CARTESIAN_POINT('',(0.065,0.1345,0.04));
#3333=CARTESIAN_POINT('',(5.55111512312578E-17,-0.1275,0.1425));
#3334=CARTESIAN_POINT('',(-0.185,0.,0.01));
#3335=CARTESIAN_POINT('',(-0.175,0.1525,-1.83995210002005E-18));
#3336=CARTESIAN_POINT('',(-0.185,0.1525,0.01));
#3337=CARTESIAN_POINT('',(-0.185,-0.1525,0.01));
#3338=CARTESIAN_POINT('',(-0.185,-0.1525,0.01));
#3339=CARTESIAN_POINT('',(-0.185,0.,0.01));
#3340=CARTESIAN_POINT('',(-0.185,-0.1525,0.01));
#3341=CARTESIAN_POINT('',(-0.175,-0.1575,0.005));
#3342=CARTESIAN_POINT('',(-0.175,-0.1625,0.01));
#3343=CARTESIAN_POINT('',(-0.185,-0.1525,0.01));
#3344=CARTESIAN_POINT('',(-0.14,-0.153,0.01));
#3345=CARTESIAN_POINT('',(-0.14,-0.153,0.02));
#3346=CARTESIAN_POINT('',(-0.1475,-0.153,0.02));
#3347=CARTESIAN_POINT('',(-0.1325,-0.153,0.02));
#3348=CARTESIAN_POINT('',(-0.1325,-0.153,0.01));
#3349=CARTESIAN_POINT('',(-0.1325,-0.153,0.01));
#3350=CARTESIAN_POINT('',(-0.14,-0.153,0.01));
#3351=CARTESIAN_POINT('',(-0.1475,-0.153,0.01));
#3352=CARTESIAN_POINT('',(-0.1475,-0.153,0.01));
#3353=CARTESIAN_POINT('',(-0.14,0.151,0.01));
#3354=CARTESIAN_POINT('',(-0.14,0.151,0.02));
#3355=CARTESIAN_POINT('',(-0.1475,0.151,0.02));
#3356=CARTESIAN_POINT('',(-0.1325,0.151,0.02));
#3357=CARTESIAN_POINT('',(-0.1475,0.151,0.01));
#3358=CARTESIAN_POINT('',(-0.1475,0.151,0.01));
#3359=CARTESIAN_POINT('',(-0.14,0.151,0.01));
#3360=CARTESIAN_POINT('',(-0.1325,0.151,0.01));
#3361=CARTESIAN_POINT('',(-0.1325,0.151,0.01));
#3362=CARTESIAN_POINT('',(-0.1765,0.,0.015));
#3363=CARTESIAN_POINT('',(-0.1765,0.,0.02));
#3364=CARTESIAN_POINT('',(-0.1765,0.145,0.02));
#3365=CARTESIAN_POINT('',(-0.1765,-0.145,0.02));
#3366=CARTESIAN_POINT('',(-0.1765,-0.145,0.015));
#3367=CARTESIAN_POINT('',(-0.1765,0.145,0.015));
#3368=CARTESIAN_POINT('',(-0.1755,-0.145,0.015));
#3369=CARTESIAN_POINT('',(-0.1755,-0.145,0.02));
#3370=CARTESIAN_POINT('',(-0.1745,-0.145,0.02));
#3371=CARTESIAN_POINT('',(-0.1745,-0.145,0.015));
#3372=CARTESIAN_POINT('',(-0.1745,0.,0.015));
#3373=CARTESIAN_POINT('',(-0.1745,0.,0.02));
#3374=CARTESIAN_POINT('',(-0.1745,0.145,0.02));
#3375=CARTESIAN_POINT('',(-0.1745,0.145,0.015));
#3376=CARTESIAN_POINT('',(-0.1755,0.145,0.015));
#3377=CARTESIAN_POINT('',(-0.1755,0.145,0.02));
#3378=CARTESIAN_POINT('',(-0.168964466094068,-0.1575,0.275));
#3379=CARTESIAN_POINT('',(-0.172928932188134,-0.1575,0.275));
#3380=CARTESIAN_POINT('',(-0.172928932188134,-0.1575,0.02));
#3381=CARTESIAN_POINT('',(-0.165,-0.1575,0.275));
#3382=CARTESIAN_POINT('',(-0.165,-0.1575,0.02));
#3383=CARTESIAN_POINT('',(-0.168964466094068,-0.1575,0.02));
#3384=CARTESIAN_POINT('',(-0.176464466094067,-0.153964466094067,0.275));
#3385=CARTESIAN_POINT('',(-0.176464466094067,-0.153964466094067,0.02));
#3386=CARTESIAN_POINT('',(-0.18,-0.150428932188134,0.02));
#3387=CARTESIAN_POINT('',(-0.18,-0.150428932188134,0.275));
#3388=CARTESIAN_POINT('',(-0.18,-0.146464466094067,0.275));
#3389=CARTESIAN_POINT('',(-0.18,-0.1425,0.275));
#3390=CARTESIAN_POINT('',(-0.18,-0.1425,0.02));
#3391=CARTESIAN_POINT('',(-0.18,-0.146464466094067,0.02));
#3392=CARTESIAN_POINT('',(-0.1825,-0.1425,0.275));
#3393=CARTESIAN_POINT('',(-0.1825,-0.1425,0.02));
#3394=CARTESIAN_POINT('',(-0.185,-0.1425,0.02));
#3395=CARTESIAN_POINT('',(-0.185,-0.1425,0.275));
#3396=CARTESIAN_POINT('',(-0.185,-0.1425,0.275));
#3397=CARTESIAN_POINT('',(-0.1825,-0.1425,0.275));
#3398=CARTESIAN_POINT('',(-0.185,0.,0.02));
#3399=CARTESIAN_POINT('',(-0.185,-0.1525,0.02));
#3400=CARTESIAN_POINT('',(-0.185,-0.1525,0.275));
#3401=CARTESIAN_POINT('',(-0.185,0.,0.275));
#3402=CARTESIAN_POINT('',(-0.185,0.,0.02));
#3403=CARTESIAN_POINT('',(-0.185,0.1425,0.02));
#3404=CARTESIAN_POINT('',(-0.185,0.1425,0.275));
#3405=CARTESIAN_POINT('',(-0.185,0.1425,0.275));
#3406=CARTESIAN_POINT('',(-0.185,0.,0.275));
#3407=CARTESIAN_POINT('',(-0.185,0.1525,0.275));
#3408=CARTESIAN_POINT('',(-0.185,0.1525,0.02));
#3409=CARTESIAN_POINT('',(-0.1825,0.1425,0.275));
#3410=CARTESIAN_POINT('',(-0.1825,0.1425,0.275));
#3411=CARTESIAN_POINT('',(-0.1825,0.1425,0.02));
#3412=CARTESIAN_POINT('',(-0.18,0.1425,0.02));
#3413=CARTESIAN_POINT('',(-0.18,0.1425,0.275));
#3414=CARTESIAN_POINT('',(-0.18,0.146464466094067,0.275));
#3415=CARTESIAN_POINT('',(-0.18,0.146464466094067,0.02));
#3416=CARTESIAN_POINT('',(-0.18,0.150428932188135,0.02));
#3417=CARTESIAN_POINT('',(-0.18,0.150428932188135,0.275));
#3418=CARTESIAN_POINT('',(-0.176464466094067,0.153964466094067,0.275));
#3419=CARTESIAN_POINT('',(-0.176464466094067,0.153964466094067,0.02));
#3420=CARTESIAN_POINT('',(-0.172928932188134,0.1575,0.02));
#3421=CARTESIAN_POINT('',(-0.172928932188134,0.1575,0.275));
#3422=CARTESIAN_POINT('',(-0.065,-0.1325,0.05));
#3423=CARTESIAN_POINT('',(-0.065,0.1575,0.05));
#3424=CARTESIAN_POINT('',(-0.065,0.1575,0.02));
#3425=CARTESIAN_POINT('',(-0.065,-0.1325,0.02));
#3426=CARTESIAN_POINT('',(-0.065,-0.1325,0.02));
#3427=CARTESIAN_POINT('',(-0.065,-0.1325,0.05));
#3428=CARTESIAN_POINT('',(8.32667268468867E-17,-0.1325,0.1475));
#3429=CARTESIAN_POINT('',(-0.168964466094068,-0.1325,0.02));
#3430=CARTESIAN_POINT('',(0.065,-0.1325,0.02));
#3431=CARTESIAN_POINT('',(0.065,-0.1325,0.05));
#3432=CARTESIAN_POINT('',(0.065,-0.1325,0.05));
#3433=CARTESIAN_POINT('',(0.065,0.1575,0.05));
#3434=CARTESIAN_POINT('',(0.065,0.1575,0.02));
#3435=CARTESIAN_POINT('',(0.065,-0.1325,0.02));
#3436=CARTESIAN_POINT('',(-0.168964466094068,0.1575,0.275));
#3437=CARTESIAN_POINT('',(0.095,0.1575,0.275));
#3438=CARTESIAN_POINT('',(0.095,0.1575,0.275));
#3439=CARTESIAN_POINT('',(0.095,0.1575,0.02));
#3440=CARTESIAN_POINT('',(-0.168964466094068,0.1575,0.275));
#3441=CARTESIAN_POINT('',(-0.168964466094068,0.1575,0.02));
#3442=CARTESIAN_POINT('',(-0.168964466094068,0.1575,0.02));
#3443=CARTESIAN_POINT('',(-0.175,-0.1625,0.02));
#3444=CARTESIAN_POINT('',(-0.175,-0.1625,0.));
#3445=CARTESIAN_POINT('',(-0.175,-0.1625,0.275));
#3446=CARTESIAN_POINT('',(-0.16875,-0.16875,0.275));
#3447=CARTESIAN_POINT('',(2.77555756156289E-17,2.77555756156289E-17,0.275));
#3448=CARTESIAN_POINT('',(-5.55111512312578E-17,-0.1625,0.275));
#3449=CARTESIAN_POINT('',(-0.165,-0.1625,0.275));
#3450=CARTESIAN_POINT('',(-0.165,-0.16,0.275));
#3451=CARTESIAN_POINT('',(-0.165,-0.16,0.275));
#3452=CARTESIAN_POINT('',(-0.165,-0.1625,0.275));
#3453=CARTESIAN_POINT('',(-0.165,-0.1625,0.02));
#3454=CARTESIAN_POINT('',(-0.165,-0.16,0.02));
#3455=CARTESIAN_POINT('',(0.,0.,0.01));
#3456=CARTESIAN_POINT('',(-0.1325,-0.1355,0.01));
#3457=CARTESIAN_POINT('',(-0.1325,-0.1325,0.01));
#3458=CARTESIAN_POINT('',(0.,-0.1325,0.01));
#3459=CARTESIAN_POINT('',(-0.1475,-0.1325,0.01));
#3460=CARTESIAN_POINT('',(-0.1475,-0.1355,0.01));
#3461=CARTESIAN_POINT('',(0.,0.,0.01));
#3462=CARTESIAN_POINT('',(0.,0.1325,0.01));
#3463=CARTESIAN_POINT('',(-0.1325,0.1325,0.01));
#3464=CARTESIAN_POINT('',(-0.1475,0.1325,0.01));
#3465=CARTESIAN_POINT('',(-0.1325,0.1335,0.01));
#3466=CARTESIAN_POINT('',(-0.1475,0.1335,0.01));
#3467=CARTESIAN_POINT('',(-0.1325,0.1335,0.01));
#3468=CARTESIAN_POINT('',(-0.1325,0.1335,0.02));
#3469=CARTESIAN_POINT('',(-0.1325,0.116,0.02));
#3470=CARTESIAN_POINT('',(-0.1325,0.1335,0.01));
#3471=CARTESIAN_POINT('',(-0.1325,0.116,0.01));
#3472=CARTESIAN_POINT('',(-0.1325,0.116,0.01));
#3473=CARTESIAN_POINT('',(-0.14,0.116,0.01));
#3474=CARTESIAN_POINT('',(-0.14,0.116,0.02));
#3475=CARTESIAN_POINT('',(-0.1475,0.116,0.02));
#3476=CARTESIAN_POINT('',(-0.14,0.116,0.01));
#3477=CARTESIAN_POINT('',(-0.1475,0.116,0.01));
#3478=CARTESIAN_POINT('',(-0.1475,0.116,0.01));
#3479=CARTESIAN_POINT('',(-0.1475,0.1335,0.01));
#3480=CARTESIAN_POINT('',(-0.1475,0.1335,0.02));
#3481=CARTESIAN_POINT('',(-0.1475,0.1335,0.01));
#3482=CARTESIAN_POINT('',(-0.155,0.,0.01));
#3483=CARTESIAN_POINT('',(-0.155,0.1325,0.01));
#3484=CARTESIAN_POINT('',(-0.155,0.1325,0.01));
#3485=CARTESIAN_POINT('',(-0.155,0.,0.01));
#3486=CARTESIAN_POINT('',(-0.155,-0.1325,0.01));
#3487=CARTESIAN_POINT('',(-0.155,-0.1325,0.01));
#3488=CARTESIAN_POINT('',(-0.1475,-0.1355,0.01));
#3489=CARTESIAN_POINT('',(-0.1475,-0.1355,0.02));
#3490=CARTESIAN_POINT('',(-0.1475,-0.118,0.02));
#3491=CARTESIAN_POINT('',(-0.1475,-0.1355,0.01));
#3492=CARTESIAN_POINT('',(-0.1475,-0.118,0.01));
#3493=CARTESIAN_POINT('',(-0.1475,-0.118,0.01));
#3494=CARTESIAN_POINT('',(-0.14,-0.118,0.01));
#3495=CARTESIAN_POINT('',(-0.14,-0.118,0.02));
#3496=CARTESIAN_POINT('',(-0.1325,-0.118,0.02));
#3497=CARTESIAN_POINT('',(-0.14,-0.118,0.01));
#3498=CARTESIAN_POINT('',(-0.1325,-0.118,0.01));
#3499=CARTESIAN_POINT('',(-0.1325,-0.118,0.01));
#3500=CARTESIAN_POINT('',(-0.1325,-0.1355,0.01));
#3501=CARTESIAN_POINT('',(-0.1325,-0.1355,0.02));
#3502=CARTESIAN_POINT('',(-0.1325,-0.1355,0.01));
#3503=CARTESIAN_POINT('',(-0.1225,-0.028,0.01));
#3504=CARTESIAN_POINT('',(-0.1225,-0.028,0.02));
#3505=CARTESIAN_POINT('',(-0.1225,0.006,0.02));
#3506=CARTESIAN_POINT('',(-0.1225,-0.062,0.02));
#3507=CARTESIAN_POINT('',(-0.1225,0.006,0.01));
#3508=CARTESIAN_POINT('',(-0.1225,0.006,0.01));
#3509=CARTESIAN_POINT('',(-0.1225,-0.028,0.01));
#3510=CARTESIAN_POINT('',(-0.1225,-0.062,0.01));
#3511=CARTESIAN_POINT('',(-0.1225,-0.062,0.01));
#3512=CARTESIAN_POINT('',(-0.13,-0.062,0.01));
#3513=CARTESIAN_POINT('',(-0.13,-0.062,0.02));
#3514=CARTESIAN_POINT('',(-0.1375,-0.062,0.02));
#3515=CARTESIAN_POINT('',(-0.13,-0.062,0.01));
#3516=CARTESIAN_POINT('',(-0.1375,-0.062,0.01));
#3517=CARTESIAN_POINT('',(-0.1375,-0.062,0.01));
#3518=CARTESIAN_POINT('',(-0.1375,-0.028,0.01));
#3519=CARTESIAN_POINT('',(-0.1375,-0.028,0.02));
#3520=CARTESIAN_POINT('',(-0.1375,0.006,0.02));
#3521=CARTESIAN_POINT('',(-0.1375,-0.028,0.01));
#3522=CARTESIAN_POINT('',(-0.1375,0.006,0.01));
#3523=CARTESIAN_POINT('',(-0.1375,0.006,0.01));
#3524=CARTESIAN_POINT('',(-0.13,0.006,0.01));
#3525=CARTESIAN_POINT('',(-0.13,0.006,0.02));
#3526=CARTESIAN_POINT('',(-0.13,0.006,0.01));
#3527=CARTESIAN_POINT('',(2.77555756156289E-17,2.77555756156289E-17,0.275));
#3528=CARTESIAN_POINT('',(0.095,2.77555756156289E-17,0.275));
#3529=CARTESIAN_POINT('',(-0.16875,0.16875,0.275));
#3530=CARTESIAN_POINT('',(-0.185,0.1525,0.02));
#3531=CARTESIAN_POINT('',(-0.18,0.1575,0.01));
#3532=CARTESIAN_POINT('',(-0.175,0.1525,0.));
#3533=CARTESIAN_POINT('',(-0.175,0.1525,0.));
#3534=CARTESIAN_POINT('',(-5.55111512312578E-17,-0.1625,0.02));
#3535=CARTESIAN_POINT('',(0.095,-0.1625,0.015));
#3536=CARTESIAN_POINT('',(0.095,-0.1625,0.02));
#3537=CARTESIAN_POINT('',(0.095,-0.1625,0.01));
#3538=CARTESIAN_POINT('',(-5.55111512312578E-17,-0.1625,0.02));
#3539=CARTESIAN_POINT('',(0.185,-0.1625,0.01));
#3540=CARTESIAN_POINT('',(0.,0.,0.02));
#3541=CARTESIAN_POINT('',(0.095,0.8375,0.02));
#3542=CARTESIAN_POINT('',(0.,2.77555756156289E-17,0.01));
#3543=CARTESIAN_POINT('',(0.,0.1325,0.01));
#3544=CARTESIAN_POINT('',(0.095,0.1325,0.01));
#3545=CARTESIAN_POINT('',(0.095,0.8375,0.01));
#3546=CARTESIAN_POINT('',(0.095,-0.1325,0.01));
#3547=CARTESIAN_POINT('',(0.,-0.1325,0.01));
#3548=CARTESIAN_POINT('',(0.,-0.1325,0.01));
#3549=CARTESIAN_POINT('',(0.,0.1325,0.01));
#3550=CARTESIAN_POINT('',(5.55111512312578E-17,0.1625,0.01));
#3551=CARTESIAN_POINT('',(0.09,0.1625,0.01));
#3552=CARTESIAN_POINT('',(0.09,0.1575,0.005));
#3553=CARTESIAN_POINT('',(5.55111512312578E-17,0.1625,0.01));
#3554=CARTESIAN_POINT('',(5.55111512312578E-17,0.1575,0.005));
#3555=CARTESIAN_POINT('',(0.,0.1325,0.01));
#3556=CARTESIAN_POINT('',(0.09,0.1325,0.01));
#3557=CARTESIAN_POINT('',(0.09,0.1325,0.005));
#3558=CARTESIAN_POINT('',(0.,0.1325,0.005));
#3559=CARTESIAN_POINT('',(0.,0.1325,0.01));
#3560=CARTESIAN_POINT('',(0.,-0.1325,0.01));
#3561=CARTESIAN_POINT('',(0.,-0.1325,0.005));
#3562=CARTESIAN_POINT('',(0.09,-0.1325,0.005));
#3563=CARTESIAN_POINT('',(0.09,-0.1325,0.01));
#3564=CARTESIAN_POINT('',(0.,-0.1325,0.01));
#3565=CARTESIAN_POINT('',(0.095,0.8375,0.161063114404679));
#3566=CARTESIAN_POINT('',(0.095,0.8375,0.01));
#3567=CARTESIAN_POINT('',(0.095,0.8375,0.01));
#3568=CARTESIAN_POINT('',(0.,-0.1525,0.));
#3569=CARTESIAN_POINT('',(0.09,-0.1525,0.));
#3570=CARTESIAN_POINT('',(0.09,-0.1575,0.005));
#3571=CARTESIAN_POINT('',(0.,-0.1575,0.005));
#3572=CARTESIAN_POINT('',(0.185,-0.1625,0.01));
#3573=CARTESIAN_POINT('',(0.185,0.8375,0.01));
#3574=CARTESIAN_POINT('',(0.185,0.8375,0.01));
#3575=CARTESIAN_POINT('',(0.1325,2.77555756156289E-17,0.005));
#3576=CARTESIAN_POINT('',(0.09,-2.77555756156289E-17,0.005));
#3577=CARTESIAN_POINT('',(0.09,-2.77555756156289E-17,0.005));
#3578=CARTESIAN_POINT('',(0.09,-2.77555756156289E-17,0.005));
#3579=CARTESIAN_POINT('',(0.09,-2.77555756156289E-17,0.005));
#3580=CARTESIAN_POINT('',(0.1325,2.77555756156289E-17,0.005));
#3581=CARTESIAN_POINT('',(-0.04,0.1595,0.1425));
#3582=CARTESIAN_POINT('',(0.,0.1595,0.015));
#3583=CARTESIAN_POINT('',(-0.064,0.1595,0.015));
#3584=CARTESIAN_POINT('',(0.064,0.1595,0.015));
#3585=CARTESIAN_POINT('',(-0.064,0.1595,0.048));
#3586=CARTESIAN_POINT('',(-0.064,0.1595,0.081));
#3587=CARTESIAN_POINT('',(0.,0.1595,0.081));
#3588=CARTESIAN_POINT('',(0.064,0.1595,0.081));
#3589=CARTESIAN_POINT('',(0.064,0.1595,0.048));
#3590=CARTESIAN_POINT('',(0.,0.1595,0.015));
#3591=CARTESIAN_POINT('',(-0.064,0.1595,0.015));
#3592=CARTESIAN_POINT('',(0.064,0.1595,0.015));
#3593=CARTESIAN_POINT('',(-0.064,0.1595,0.048));
#3594=CARTESIAN_POINT('',(-0.064,0.1595,0.081));
#3595=CARTESIAN_POINT('',(0.,0.1595,0.081));
#3596=CARTESIAN_POINT('',(0.064,0.1595,0.081));
#3597=CARTESIAN_POINT('',(0.064,0.1595,0.048));
#3598=MECHANICAL_DESIGN_GEOMETRIC_PRESENTATION_REPRESENTATION('',(#2277),
#3599);
#3599=(
GEOMETRIC_REPRESENTATION_CONTEXT(3)
GLOBAL_UNCERTAINTY_ASSIGNED_CONTEXT((#3600))
GLOBAL_UNIT_ASSIGNED_CONTEXT((#3603,#3602,#3601))
REPRESENTATION_CONTEXT('Part 1','TOP_LEVEL_ASSEMBLY_PART')
);
#3600=UNCERTAINTY_MEASURE_WITH_UNIT(LENGTH_MEASURE(1.E-8),#3603,
'DISTANCE_ACCURACY_VALUE','Maximum Tolerance applied to model');
#3601=(
NAMED_UNIT(*)
SI_UNIT($,.STERADIAN.)
SOLID_ANGLE_UNIT()
);
#3602=(
NAMED_UNIT(*)
PLANE_ANGLE_UNIT()
SI_UNIT($,.RADIAN.)
);
#3603=(
LENGTH_UNIT()
NAMED_UNIT(*)
SI_UNIT($,.METRE.)
);
#3604=PRODUCT_DEFINITION_SHAPE('','',#3605);
#3605=PRODUCT_DEFINITION('','',#3607,#3606);
#3606=PRODUCT_DEFINITION_CONTEXT('',#3613,'design');
#3607=PRODUCT_DEFINITION_FORMATION_WITH_SPECIFIED_SOURCE('','',#3609,
 .NOT_KNOWN.);
#3608=PRODUCT_RELATED_PRODUCT_CATEGORY('','',(#3609));
#3609=PRODUCT('Part 1','Part 1','Part 1',(#3611));
#3610=PRODUCT_CATEGORY('','');
#3611=PRODUCT_CONTEXT('',#3613,'mechanical');
#3612=APPLICATION_PROTOCOL_DEFINITION('international standard',
'ap242_managed_model_based_3d_engineering',2020,#3613);
#3613=APPLICATION_CONTEXT('managed model based 3d engineering');
ENDSEC;
END-ISO-10303-21;
