ISO-10303-21;
HEADER;
/* Generated by software containing ST-Developer
 * from STEP Tools, Inc. (www.steptools.com) 
 */
/* OPTION: using custom renumber hook */

FILE_DESCRIPTION(
/* description */ ('STEP AP242 Edition 2',
'CAx-IF Rec.Pracs.---Representation and Presentation of Product Manufa
cturing Information (PMI)---4.0---2014-10-13',
'CAx-IF Rec.Pracs.---3D Tessellated Geometry---0.4---2014-09-14','2;1',
'CAx-IF Rec.Pracs.---User Defined Attributes---1.5---2016-08-15'),
/* implementation_level */ '2;1');

FILE_NAME(
/* name */ 'Cover',
/* time_stamp */ '2026-06-13T05:31:31Z',
/* author */ (''),
/* organization */ (''),
/* preprocessor_version */ 'ST-DEVELOPER v20',
/* originating_system */ 'ONSHAPE BY PTC INC, 1.216',
/* authorisation */ '  ');

FILE_SCHEMA (('AP242_MANAGED_MODEL_BASED_3D_ENGINEERING_MIM_LF { 1 0 10303 442 3 1 4 }'));
ENDSEC;

DATA;
#10=SHAPE_REPRESENTATION_RELATIONSHIP('','',#2969,#11);
#11=ADVANCED_BREP_SHAPE_REPRESENTATION('',(#2967),#4656);
#12=CYLINDRICAL_SURFACE('',#3045,0.0025);
#13=CYLINDRICAL_SURFACE('',#3046,0.0025);
#14=CYLINDRICAL_SURFACE('',#3047,0.0025);
#15=CYLINDRICAL_SURFACE('',#3048,0.0025);
#16=CIRCLE('',#2976,0.0025);
#17=CIRCLE('',#2977,0.0025);
#18=CIRCLE('',#2979,0.0025);
#19=CIRCLE('',#2982,0.0025);
#20=CIRCLE('',#2985,0.0025);
#21=CIRCLE('',#3026,0.0025);
#22=CIRCLE('',#3031,0.0025);
#23=CIRCLE('',#3041,0.0025);
#24=ORIENTED_EDGE('',*,*,#838,.F.);
#25=ORIENTED_EDGE('',*,*,#839,.T.);
#26=ORIENTED_EDGE('',*,*,#840,.T.);
#27=ORIENTED_EDGE('',*,*,#841,.F.);
#28=ORIENTED_EDGE('',*,*,#842,.F.);
#29=ORIENTED_EDGE('',*,*,#843,.T.);
#30=ORIENTED_EDGE('',*,*,#844,.T.);
#31=ORIENTED_EDGE('',*,*,#845,.T.);
#32=ORIENTED_EDGE('',*,*,#846,.T.);
#33=ORIENTED_EDGE('',*,*,#847,.T.);
#34=ORIENTED_EDGE('',*,*,#848,.T.);
#35=ORIENTED_EDGE('',*,*,#849,.T.);
#36=ORIENTED_EDGE('',*,*,#850,.T.);
#37=ORIENTED_EDGE('',*,*,#851,.T.);
#38=ORIENTED_EDGE('',*,*,#852,.F.);
#39=ORIENTED_EDGE('',*,*,#853,.F.);
#40=ORIENTED_EDGE('',*,*,#854,.F.);
#41=ORIENTED_EDGE('',*,*,#855,.F.);
#42=ORIENTED_EDGE('',*,*,#856,.T.);
#43=ORIENTED_EDGE('',*,*,#857,.F.);
#44=ORIENTED_EDGE('',*,*,#858,.F.);
#45=ORIENTED_EDGE('',*,*,#859,.F.);
#46=ORIENTED_EDGE('',*,*,#860,.F.);
#47=ORIENTED_EDGE('',*,*,#861,.T.);
#48=ORIENTED_EDGE('',*,*,#862,.T.);
#49=ORIENTED_EDGE('',*,*,#863,.T.);
#50=ORIENTED_EDGE('',*,*,#864,.T.);
#51=ORIENTED_EDGE('',*,*,#865,.T.);
#52=ORIENTED_EDGE('',*,*,#866,.T.);
#53=ORIENTED_EDGE('',*,*,#867,.F.);
#54=ORIENTED_EDGE('',*,*,#868,.F.);
#55=ORIENTED_EDGE('',*,*,#869,.F.);
#56=ORIENTED_EDGE('',*,*,#870,.F.);
#57=ORIENTED_EDGE('',*,*,#871,.F.);
#58=ORIENTED_EDGE('',*,*,#872,.F.);
#59=ORIENTED_EDGE('',*,*,#873,.F.);
#60=ORIENTED_EDGE('',*,*,#874,.T.);
#61=ORIENTED_EDGE('',*,*,#875,.T.);
#62=ORIENTED_EDGE('',*,*,#876,.T.);
#63=ORIENTED_EDGE('',*,*,#877,.F.);
#64=ORIENTED_EDGE('',*,*,#878,.F.);
#65=ORIENTED_EDGE('',*,*,#879,.T.);
#66=ORIENTED_EDGE('',*,*,#880,.T.);
#67=ORIENTED_EDGE('',*,*,#881,.F.);
#68=ORIENTED_EDGE('',*,*,#882,.F.);
#69=ORIENTED_EDGE('',*,*,#883,.T.);
#70=ORIENTED_EDGE('',*,*,#884,.T.);
#71=ORIENTED_EDGE('',*,*,#885,.F.);
#72=ORIENTED_EDGE('',*,*,#886,.T.);
#73=ORIENTED_EDGE('',*,*,#887,.T.);
#74=ORIENTED_EDGE('',*,*,#888,.F.);
#75=ORIENTED_EDGE('',*,*,#889,.T.);
#76=ORIENTED_EDGE('',*,*,#890,.F.);
#77=ORIENTED_EDGE('',*,*,#891,.T.);
#78=ORIENTED_EDGE('',*,*,#892,.T.);
#79=ORIENTED_EDGE('',*,*,#893,.T.);
#80=ORIENTED_EDGE('',*,*,#894,.F.);
#81=ORIENTED_EDGE('',*,*,#895,.T.);
#82=ORIENTED_EDGE('',*,*,#896,.T.);
#83=ORIENTED_EDGE('',*,*,#897,.F.);
#84=ORIENTED_EDGE('',*,*,#898,.F.);
#85=ORIENTED_EDGE('',*,*,#899,.T.);
#86=ORIENTED_EDGE('',*,*,#900,.T.);
#87=ORIENTED_EDGE('',*,*,#901,.F.);
#88=ORIENTED_EDGE('',*,*,#902,.T.);
#89=ORIENTED_EDGE('',*,*,#903,.T.);
#90=ORIENTED_EDGE('',*,*,#904,.F.);
#91=ORIENTED_EDGE('',*,*,#905,.F.);
#92=ORIENTED_EDGE('',*,*,#906,.F.);
#93=ORIENTED_EDGE('',*,*,#907,.T.);
#94=ORIENTED_EDGE('',*,*,#908,.T.);
#95=ORIENTED_EDGE('',*,*,#909,.F.);
#96=ORIENTED_EDGE('',*,*,#910,.T.);
#97=ORIENTED_EDGE('',*,*,#911,.F.);
#98=ORIENTED_EDGE('',*,*,#912,.T.);
#99=ORIENTED_EDGE('',*,*,#913,.T.);
#100=ORIENTED_EDGE('',*,*,#914,.F.);
#101=ORIENTED_EDGE('',*,*,#915,.F.);
#102=ORIENTED_EDGE('',*,*,#916,.T.);
#103=ORIENTED_EDGE('',*,*,#917,.T.);
#104=ORIENTED_EDGE('',*,*,#918,.F.);
#105=ORIENTED_EDGE('',*,*,#919,.F.);
#106=ORIENTED_EDGE('',*,*,#920,.T.);
#107=ORIENTED_EDGE('',*,*,#921,.T.);
#108=ORIENTED_EDGE('',*,*,#922,.T.);
#109=ORIENTED_EDGE('',*,*,#923,.T.);
#110=ORIENTED_EDGE('',*,*,#924,.T.);
#111=ORIENTED_EDGE('',*,*,#925,.F.);
#112=ORIENTED_EDGE('',*,*,#926,.T.);
#113=ORIENTED_EDGE('',*,*,#927,.T.);
#114=ORIENTED_EDGE('',*,*,#928,.T.);
#115=ORIENTED_EDGE('',*,*,#929,.F.);
#116=ORIENTED_EDGE('',*,*,#930,.T.);
#117=ORIENTED_EDGE('',*,*,#931,.T.);
#118=ORIENTED_EDGE('',*,*,#932,.T.);
#119=ORIENTED_EDGE('',*,*,#933,.F.);
#120=ORIENTED_EDGE('',*,*,#934,.F.);
#121=ORIENTED_EDGE('',*,*,#935,.T.);
#122=ORIENTED_EDGE('',*,*,#936,.T.);
#123=ORIENTED_EDGE('',*,*,#937,.T.);
#124=ORIENTED_EDGE('',*,*,#938,.T.);
#125=ORIENTED_EDGE('',*,*,#939,.T.);
#126=ORIENTED_EDGE('',*,*,#940,.F.);
#127=ORIENTED_EDGE('',*,*,#941,.T.);
#128=ORIENTED_EDGE('',*,*,#942,.F.);
#129=ORIENTED_EDGE('',*,*,#943,.T.);
#130=ORIENTED_EDGE('',*,*,#944,.F.);
#131=ORIENTED_EDGE('',*,*,#945,.T.);
#132=ORIENTED_EDGE('',*,*,#946,.F.);
#133=ORIENTED_EDGE('',*,*,#947,.F.);
#134=ORIENTED_EDGE('',*,*,#948,.T.);
#135=ORIENTED_EDGE('',*,*,#949,.T.);
#136=ORIENTED_EDGE('',*,*,#950,.F.);
#137=ORIENTED_EDGE('',*,*,#951,.T.);
#138=ORIENTED_EDGE('',*,*,#952,.F.);
#139=ORIENTED_EDGE('',*,*,#953,.F.);
#140=ORIENTED_EDGE('',*,*,#954,.T.);
#141=ORIENTED_EDGE('',*,*,#955,.F.);
#142=ORIENTED_EDGE('',*,*,#956,.T.);
#143=ORIENTED_EDGE('',*,*,#957,.T.);
#144=ORIENTED_EDGE('',*,*,#958,.T.);
#145=ORIENTED_EDGE('',*,*,#959,.T.);
#146=ORIENTED_EDGE('',*,*,#960,.T.);
#147=ORIENTED_EDGE('',*,*,#961,.T.);
#148=ORIENTED_EDGE('',*,*,#962,.F.);
#149=ORIENTED_EDGE('',*,*,#963,.F.);
#150=ORIENTED_EDGE('',*,*,#937,.F.);
#151=ORIENTED_EDGE('',*,*,#964,.T.);
#152=ORIENTED_EDGE('',*,*,#963,.T.);
#153=ORIENTED_EDGE('',*,*,#965,.F.);
#154=ORIENTED_EDGE('',*,*,#966,.F.);
#155=ORIENTED_EDGE('',*,*,#967,.F.);
#156=ORIENTED_EDGE('',*,*,#968,.F.);
#157=ORIENTED_EDGE('',*,*,#969,.T.);
#158=ORIENTED_EDGE('',*,*,#970,.T.);
#159=ORIENTED_EDGE('',*,*,#971,.T.);
#160=ORIENTED_EDGE('',*,*,#972,.F.);
#161=ORIENTED_EDGE('',*,*,#973,.F.);
#162=ORIENTED_EDGE('',*,*,#974,.F.);
#163=ORIENTED_EDGE('',*,*,#975,.T.);
#164=ORIENTED_EDGE('',*,*,#976,.T.);
#165=ORIENTED_EDGE('',*,*,#968,.T.);
#166=ORIENTED_EDGE('',*,*,#977,.T.);
#167=ORIENTED_EDGE('',*,*,#912,.F.);
#168=ORIENTED_EDGE('',*,*,#978,.T.);
#169=ORIENTED_EDGE('',*,*,#979,.T.);
#170=ORIENTED_EDGE('',*,*,#980,.T.);
#171=ORIENTED_EDGE('',*,*,#926,.F.);
#172=ORIENTED_EDGE('',*,*,#981,.T.);
#173=ORIENTED_EDGE('',*,*,#982,.T.);
#174=ORIENTED_EDGE('',*,*,#983,.F.);
#175=ORIENTED_EDGE('',*,*,#984,.F.);
#176=ORIENTED_EDGE('',*,*,#985,.T.);
#177=ORIENTED_EDGE('',*,*,#986,.T.);
#178=ORIENTED_EDGE('',*,*,#987,.T.);
#179=ORIENTED_EDGE('',*,*,#988,.F.);
#180=ORIENTED_EDGE('',*,*,#989,.F.);
#181=ORIENTED_EDGE('',*,*,#990,.T.);
#182=ORIENTED_EDGE('',*,*,#991,.F.);
#183=ORIENTED_EDGE('',*,*,#992,.F.);
#184=ORIENTED_EDGE('',*,*,#993,.T.);
#185=ORIENTED_EDGE('',*,*,#994,.F.);
#186=ORIENTED_EDGE('',*,*,#995,.T.);
#187=ORIENTED_EDGE('',*,*,#996,.T.);
#188=ORIENTED_EDGE('',*,*,#997,.F.);
#189=ORIENTED_EDGE('',*,*,#998,.T.);
#190=ORIENTED_EDGE('',*,*,#999,.T.);
#191=ORIENTED_EDGE('',*,*,#1000,.F.);
#192=ORIENTED_EDGE('',*,*,#1001,.F.);
#193=ORIENTED_EDGE('',*,*,#1002,.T.);
#194=ORIENTED_EDGE('',*,*,#985,.F.);
#195=ORIENTED_EDGE('',*,*,#1003,.F.);
#196=ORIENTED_EDGE('',*,*,#854,.T.);
#197=ORIENTED_EDGE('',*,*,#1004,.T.);
#198=ORIENTED_EDGE('',*,*,#1005,.T.);
#199=ORIENTED_EDGE('',*,*,#1006,.F.);
#200=ORIENTED_EDGE('',*,*,#1007,.F.);
#201=ORIENTED_EDGE('',*,*,#1008,.F.);
#202=ORIENTED_EDGE('',*,*,#856,.F.);
#203=ORIENTED_EDGE('',*,*,#1009,.T.);
#204=ORIENTED_EDGE('',*,*,#983,.T.);
#205=ORIENTED_EDGE('',*,*,#1010,.T.);
#206=ORIENTED_EDGE('',*,*,#1011,.T.);
#207=ORIENTED_EDGE('',*,*,#1012,.F.);
#208=ORIENTED_EDGE('',*,*,#1013,.F.);
#209=ORIENTED_EDGE('',*,*,#1014,.T.);
#210=ORIENTED_EDGE('',*,*,#1015,.T.);
#211=ORIENTED_EDGE('',*,*,#1016,.F.);
#212=ORIENTED_EDGE('',*,*,#1017,.F.);
#213=ORIENTED_EDGE('',*,*,#1018,.F.);
#214=ORIENTED_EDGE('',*,*,#1019,.F.);
#215=ORIENTED_EDGE('',*,*,#1020,.T.);
#216=ORIENTED_EDGE('',*,*,#1021,.T.);
#217=ORIENTED_EDGE('',*,*,#1022,.T.);
#218=ORIENTED_EDGE('',*,*,#993,.F.);
#219=ORIENTED_EDGE('',*,*,#1023,.F.);
#220=ORIENTED_EDGE('',*,*,#1024,.T.);
#221=ORIENTED_EDGE('',*,*,#1025,.F.);
#222=ORIENTED_EDGE('',*,*,#1026,.F.);
#223=ORIENTED_EDGE('',*,*,#1027,.T.);
#224=ORIENTED_EDGE('',*,*,#1028,.T.);
#225=ORIENTED_EDGE('',*,*,#1029,.F.);
#226=ORIENTED_EDGE('',*,*,#1030,.F.);
#227=ORIENTED_EDGE('',*,*,#1031,.T.);
#228=ORIENTED_EDGE('',*,*,#991,.T.);
#229=ORIENTED_EDGE('',*,*,#1032,.T.);
#230=ORIENTED_EDGE('',*,*,#1033,.T.);
#231=ORIENTED_EDGE('',*,*,#1034,.F.);
#232=ORIENTED_EDGE('',*,*,#1035,.F.);
#233=ORIENTED_EDGE('',*,*,#1036,.T.);
#234=ORIENTED_EDGE('',*,*,#1037,.T.);
#235=ORIENTED_EDGE('',*,*,#1038,.F.);
#236=ORIENTED_EDGE('',*,*,#1039,.F.);
#237=ORIENTED_EDGE('',*,*,#1040,.T.);
#238=ORIENTED_EDGE('',*,*,#1041,.T.);
#239=ORIENTED_EDGE('',*,*,#921,.F.);
#240=ORIENTED_EDGE('',*,*,#1042,.T.);
#241=ORIENTED_EDGE('',*,*,#1043,.T.);
#242=ORIENTED_EDGE('',*,*,#1029,.T.);
#243=ORIENTED_EDGE('',*,*,#990,.F.);
#244=ORIENTED_EDGE('',*,*,#1022,.F.);
#245=ORIENTED_EDGE('',*,*,#1044,.F.);
#246=ORIENTED_EDGE('',*,*,#1045,.T.);
#247=ORIENTED_EDGE('',*,*,#858,.T.);
#248=ORIENTED_EDGE('',*,*,#1046,.F.);
#249=ORIENTED_EDGE('',*,*,#857,.T.);
#250=ORIENTED_EDGE('',*,*,#1008,.T.);
#251=ORIENTED_EDGE('',*,*,#982,.F.);
#252=ORIENTED_EDGE('',*,*,#1002,.F.);
#253=ORIENTED_EDGE('',*,*,#877,.T.);
#254=ORIENTED_EDGE('',*,*,#1047,.F.);
#255=ORIENTED_EDGE('',*,*,#970,.F.);
#256=ORIENTED_EDGE('',*,*,#1048,.F.);
#257=ORIENTED_EDGE('',*,*,#932,.F.);
#258=ORIENTED_EDGE('',*,*,#1049,.T.);
#259=ORIENTED_EDGE('',*,*,#1050,.F.);
#260=ORIENTED_EDGE('',*,*,#1046,.T.);
#261=ORIENTED_EDGE('',*,*,#1051,.F.);
#262=ORIENTED_EDGE('',*,*,#924,.F.);
#263=ORIENTED_EDGE('',*,*,#1052,.T.);
#264=ORIENTED_EDGE('',*,*,#860,.T.);
#265=ORIENTED_EDGE('',*,*,#1053,.F.);
#266=ORIENTED_EDGE('',*,*,#1054,.F.);
#267=ORIENTED_EDGE('',*,*,#1055,.F.);
#268=ORIENTED_EDGE('',*,*,#1053,.T.);
#269=ORIENTED_EDGE('',*,*,#859,.T.);
#270=ORIENTED_EDGE('',*,*,#1045,.F.);
#271=ORIENTED_EDGE('',*,*,#1056,.F.);
#272=ORIENTED_EDGE('',*,*,#972,.T.);
#273=ORIENTED_EDGE('',*,*,#1057,.T.);
#274=ORIENTED_EDGE('',*,*,#875,.F.);
#275=ORIENTED_EDGE('',*,*,#959,.F.);
#276=ORIENTED_EDGE('',*,*,#1058,.T.);
#277=ORIENTED_EDGE('',*,*,#870,.T.);
#278=ORIENTED_EDGE('',*,*,#1059,.F.);
#279=ORIENTED_EDGE('',*,*,#1060,.F.);
#280=ORIENTED_EDGE('',*,*,#943,.F.);
#281=ORIENTED_EDGE('',*,*,#1061,.T.);
#282=ORIENTED_EDGE('',*,*,#872,.T.);
#283=ORIENTED_EDGE('',*,*,#1062,.F.);
#284=ORIENTED_EDGE('',*,*,#957,.F.);
#285=ORIENTED_EDGE('',*,*,#958,.F.);
#286=ORIENTED_EDGE('',*,*,#1062,.T.);
#287=ORIENTED_EDGE('',*,*,#871,.T.);
#288=ORIENTED_EDGE('',*,*,#1058,.F.);
#289=ORIENTED_EDGE('',*,*,#960,.F.);
#290=ORIENTED_EDGE('',*,*,#1059,.T.);
#291=ORIENTED_EDGE('',*,*,#869,.T.);
#292=ORIENTED_EDGE('',*,*,#1063,.F.);
#293=ORIENTED_EDGE('',*,*,#961,.F.);
#294=ORIENTED_EDGE('',*,*,#1063,.T.);
#295=ORIENTED_EDGE('',*,*,#868,.T.);
#296=ORIENTED_EDGE('',*,*,#1064,.F.);
#297=ORIENTED_EDGE('',*,*,#939,.F.);
#298=ORIENTED_EDGE('',*,*,#1065,.T.);
#299=ORIENTED_EDGE('',*,*,#1066,.F.);
#300=ORIENTED_EDGE('',*,*,#1067,.T.);
#301=ORIENTED_EDGE('',*,*,#1068,.T.);
#302=ORIENTED_EDGE('',*,*,#862,.F.);
#303=ORIENTED_EDGE('',*,*,#1069,.F.);
#304=ORIENTED_EDGE('',*,*,#1070,.T.);
#305=ORIENTED_EDGE('',*,*,#1071,.T.);
#306=ORIENTED_EDGE('',*,*,#1072,.T.);
#307=ORIENTED_EDGE('',*,*,#1073,.T.);
#308=ORIENTED_EDGE('',*,*,#1074,.T.);
#309=ORIENTED_EDGE('',*,*,#866,.F.);
#310=ORIENTED_EDGE('',*,*,#1075,.F.);
#311=ORIENTED_EDGE('',*,*,#1076,.F.);
#312=ORIENTED_EDGE('',*,*,#1077,.T.);
#313=ORIENTED_EDGE('',*,*,#1075,.T.);
#314=ORIENTED_EDGE('',*,*,#865,.F.);
#315=ORIENTED_EDGE('',*,*,#1068,.F.);
#316=ORIENTED_EDGE('',*,*,#1078,.T.);
#317=ORIENTED_EDGE('',*,*,#1079,.T.);
#318=ORIENTED_EDGE('',*,*,#863,.F.);
#319=ORIENTED_EDGE('',*,*,#1080,.T.);
#320=ORIENTED_EDGE('',*,*,#919,.T.);
#321=ORIENTED_EDGE('',*,*,#1081,.T.);
#322=ORIENTED_EDGE('',*,*,#873,.T.);
#323=ORIENTED_EDGE('',*,*,#1061,.F.);
#324=ORIENTED_EDGE('',*,*,#942,.T.);
#325=ORIENTED_EDGE('',*,*,#1082,.T.);
#326=ORIENTED_EDGE('',*,*,#1083,.T.);
#327=ORIENTED_EDGE('',*,*,#1084,.T.);
#328=ORIENTED_EDGE('',*,*,#1085,.T.);
#329=ORIENTED_EDGE('',*,*,#1086,.F.);
#330=ORIENTED_EDGE('',*,*,#1069,.T.);
#331=ORIENTED_EDGE('',*,*,#861,.F.);
#332=ORIENTED_EDGE('',*,*,#1052,.F.);
#333=ORIENTED_EDGE('',*,*,#923,.F.);
#334=ORIENTED_EDGE('',*,*,#1087,.T.);
#335=ORIENTED_EDGE('',*,*,#1088,.T.);
#336=ORIENTED_EDGE('',*,*,#940,.T.);
#337=ORIENTED_EDGE('',*,*,#1064,.T.);
#338=ORIENTED_EDGE('',*,*,#867,.T.);
#339=ORIENTED_EDGE('',*,*,#1074,.F.);
#340=ORIENTED_EDGE('',*,*,#1089,.T.);
#341=ORIENTED_EDGE('',*,*,#1090,.T.);
#342=ORIENTED_EDGE('',*,*,#1091,.T.);
#343=ORIENTED_EDGE('',*,*,#1042,.F.);
#344=ORIENTED_EDGE('',*,*,#920,.F.);
#345=ORIENTED_EDGE('',*,*,#1080,.F.);
#346=ORIENTED_EDGE('',*,*,#1092,.F.);
#347=ORIENTED_EDGE('',*,*,#1082,.F.);
#348=ORIENTED_EDGE('',*,*,#941,.F.);
#349=ORIENTED_EDGE('',*,*,#1088,.F.);
#350=ORIENTED_EDGE('',*,*,#1093,.F.);
#351=ORIENTED_EDGE('',*,*,#1094,.F.);
#352=ORIENTED_EDGE('',*,*,#1083,.F.);
#353=ORIENTED_EDGE('',*,*,#1095,.F.);
#354=ORIENTED_EDGE('',*,*,#846,.F.);
#355=ORIENTED_EDGE('',*,*,#1092,.T.);
#356=ORIENTED_EDGE('',*,*,#1094,.T.);
#357=ORIENTED_EDGE('',*,*,#1096,.F.);
#358=ORIENTED_EDGE('',*,*,#1095,.T.);
#359=ORIENTED_EDGE('',*,*,#1093,.T.);
#360=ORIENTED_EDGE('',*,*,#1097,.F.);
#361=ORIENTED_EDGE('',*,*,#1096,.T.);
#362=ORIENTED_EDGE('',*,*,#849,.F.);
#363=ORIENTED_EDGE('',*,*,#1098,.F.);
#364=ORIENTED_EDGE('',*,*,#1040,.F.);
#365=ORIENTED_EDGE('',*,*,#1087,.F.);
#366=ORIENTED_EDGE('',*,*,#922,.F.);
#367=ORIENTED_EDGE('',*,*,#1041,.F.);
#368=ORIENTED_EDGE('',*,*,#1099,.F.);
#369=ORIENTED_EDGE('',*,*,#1090,.F.);
#370=ORIENTED_EDGE('',*,*,#1100,.F.);
#371=ORIENTED_EDGE('',*,*,#1085,.F.);
#372=ORIENTED_EDGE('',*,*,#1101,.F.);
#373=ORIENTED_EDGE('',*,*,#1097,.T.);
#374=ORIENTED_EDGE('',*,*,#1091,.F.);
#375=ORIENTED_EDGE('',*,*,#1102,.F.);
#376=ORIENTED_EDGE('',*,*,#847,.F.);
#377=ORIENTED_EDGE('',*,*,#1099,.T.);
#378=ORIENTED_EDGE('',*,*,#1098,.T.);
#379=ORIENTED_EDGE('',*,*,#1103,.F.);
#380=ORIENTED_EDGE('',*,*,#1102,.T.);
#381=ORIENTED_EDGE('',*,*,#1101,.T.);
#382=ORIENTED_EDGE('',*,*,#1104,.F.);
#383=ORIENTED_EDGE('',*,*,#1103,.T.);
#384=ORIENTED_EDGE('',*,*,#848,.F.);
#385=ORIENTED_EDGE('',*,*,#1104,.T.);
#386=ORIENTED_EDGE('',*,*,#1084,.F.);
#387=ORIENTED_EDGE('',*,*,#1105,.F.);
#388=ORIENTED_EDGE('',*,*,#1076,.T.);
#389=ORIENTED_EDGE('',*,*,#864,.F.);
#390=ORIENTED_EDGE('',*,*,#1079,.F.);
#391=ORIENTED_EDGE('',*,*,#1106,.F.);
#392=ORIENTED_EDGE('',*,*,#1107,.F.);
#393=ORIENTED_EDGE('',*,*,#1108,.T.);
#394=ORIENTED_EDGE('',*,*,#947,.T.);
#395=ORIENTED_EDGE('',*,*,#1109,.T.);
#396=ORIENTED_EDGE('',*,*,#1070,.F.);
#397=ORIENTED_EDGE('',*,*,#1086,.T.);
#398=ORIENTED_EDGE('',*,*,#1100,.T.);
#399=ORIENTED_EDGE('',*,*,#1089,.F.);
#400=ORIENTED_EDGE('',*,*,#1073,.F.);
#401=ORIENTED_EDGE('',*,*,#1110,.F.);
#402=ORIENTED_EDGE('',*,*,#1111,.T.);
#403=ORIENTED_EDGE('',*,*,#1112,.T.);
#404=ORIENTED_EDGE('',*,*,#971,.F.);
#405=ORIENTED_EDGE('',*,*,#1047,.T.);
#406=ORIENTED_EDGE('',*,*,#876,.F.);
#407=ORIENTED_EDGE('',*,*,#1057,.F.);
#408=ORIENTED_EDGE('',*,*,#874,.F.);
#409=ORIENTED_EDGE('',*,*,#1081,.F.);
#410=ORIENTED_EDGE('',*,*,#918,.T.);
#411=ORIENTED_EDGE('',*,*,#1113,.T.);
#412=ORIENTED_EDGE('',*,*,#1056,.T.);
#413=ORIENTED_EDGE('',*,*,#1072,.F.);
#414=ORIENTED_EDGE('',*,*,#1114,.F.);
#415=ORIENTED_EDGE('',*,*,#1115,.F.);
#416=ORIENTED_EDGE('',*,*,#1110,.T.);
#417=ORIENTED_EDGE('',*,*,#1116,.T.);
#418=ORIENTED_EDGE('',*,*,#1117,.T.);
#419=ORIENTED_EDGE('',*,*,#1118,.F.);
#420=ORIENTED_EDGE('',*,*,#1114,.T.);
#421=ORIENTED_EDGE('',*,*,#1071,.F.);
#422=ORIENTED_EDGE('',*,*,#1077,.F.);
#423=ORIENTED_EDGE('',*,*,#1105,.T.);
#424=ORIENTED_EDGE('',*,*,#1078,.F.);
#425=ORIENTED_EDGE('',*,*,#1067,.F.);
#426=ORIENTED_EDGE('',*,*,#1119,.F.);
#427=ORIENTED_EDGE('',*,*,#949,.F.);
#428=ORIENTED_EDGE('',*,*,#1120,.F.);
#429=ORIENTED_EDGE('',*,*,#1121,.F.);
#430=ORIENTED_EDGE('',*,*,#1119,.T.);
#431=ORIENTED_EDGE('',*,*,#1066,.T.);
#432=ORIENTED_EDGE('',*,*,#1109,.F.);
#433=ORIENTED_EDGE('',*,*,#950,.T.);
#434=ORIENTED_EDGE('',*,*,#1122,.F.);
#435=ORIENTED_EDGE('',*,*,#1111,.F.);
#436=ORIENTED_EDGE('',*,*,#1115,.T.);
#437=ORIENTED_EDGE('',*,*,#1118,.T.);
#438=ORIENTED_EDGE('',*,*,#944,.T.);
#439=ORIENTED_EDGE('',*,*,#1060,.T.);
#440=ORIENTED_EDGE('',*,*,#956,.F.);
#441=ORIENTED_EDGE('',*,*,#1123,.F.);
#442=ORIENTED_EDGE('',*,*,#1065,.F.);
#443=ORIENTED_EDGE('',*,*,#938,.F.);
#444=ORIENTED_EDGE('',*,*,#965,.T.);
#445=ORIENTED_EDGE('',*,*,#962,.T.);
#446=ORIENTED_EDGE('',*,*,#1124,.F.);
#447=ORIENTED_EDGE('',*,*,#945,.F.);
#448=ORIENTED_EDGE('',*,*,#1123,.T.);
#449=ORIENTED_EDGE('',*,*,#955,.T.);
#450=ORIENTED_EDGE('',*,*,#933,.T.);
#451=ORIENTED_EDGE('',*,*,#1048,.T.);
#452=ORIENTED_EDGE('',*,*,#969,.F.);
#453=ORIENTED_EDGE('',*,*,#978,.F.);
#454=ORIENTED_EDGE('',*,*,#973,.T.);
#455=ORIENTED_EDGE('',*,*,#1113,.F.);
#456=ORIENTED_EDGE('',*,*,#917,.F.);
#457=ORIENTED_EDGE('',*,*,#1125,.T.);
#458=ORIENTED_EDGE('',*,*,#1126,.F.);
#459=ORIENTED_EDGE('',*,*,#974,.T.);
#460=ORIENTED_EDGE('',*,*,#1125,.F.);
#461=ORIENTED_EDGE('',*,*,#916,.F.);
#462=ORIENTED_EDGE('',*,*,#1127,.T.);
#463=ORIENTED_EDGE('',*,*,#1128,.F.);
#464=ORIENTED_EDGE('',*,*,#1129,.T.);
#465=ORIENTED_EDGE('',*,*,#1130,.F.);
#466=ORIENTED_EDGE('',*,*,#1131,.F.);
#467=ORIENTED_EDGE('',*,*,#979,.F.);
#468=ORIENTED_EDGE('',*,*,#1132,.T.);
#469=ORIENTED_EDGE('',*,*,#1054,.T.);
#470=ORIENTED_EDGE('',*,*,#1055,.T.);
#471=ORIENTED_EDGE('',*,*,#1044,.T.);
#472=ORIENTED_EDGE('',*,*,#1050,.T.);
#473=ORIENTED_EDGE('',*,*,#1133,.F.);
#474=ORIENTED_EDGE('',*,*,#925,.T.);
#475=ORIENTED_EDGE('',*,*,#1051,.T.);
#476=ORIENTED_EDGE('',*,*,#1132,.F.);
#477=ORIENTED_EDGE('',*,*,#981,.F.);
#478=ORIENTED_EDGE('',*,*,#1049,.F.);
#479=ORIENTED_EDGE('',*,*,#931,.F.);
#480=ORIENTED_EDGE('',*,*,#1134,.T.);
#481=ORIENTED_EDGE('',*,*,#1133,.T.);
#482=ORIENTED_EDGE('',*,*,#1135,.F.);
#483=ORIENTED_EDGE('',*,*,#1128,.T.);
#484=ORIENTED_EDGE('',*,*,#1134,.F.);
#485=ORIENTED_EDGE('',*,*,#930,.F.);
#486=ORIENTED_EDGE('',*,*,#911,.T.);
#487=ORIENTED_EDGE('',*,*,#1127,.F.);
#488=ORIENTED_EDGE('',*,*,#910,.F.);
#489=ORIENTED_EDGE('',*,*,#966,.T.);
#490=ORIENTED_EDGE('',*,*,#934,.T.);
#491=ORIENTED_EDGE('',*,*,#951,.F.);
#492=ORIENTED_EDGE('',*,*,#1112,.F.);
#493=ORIENTED_EDGE('',*,*,#1121,.T.);
#494=ORIENTED_EDGE('',*,*,#855,.T.);
#495=ORIENTED_EDGE('',*,*,#1003,.T.);
#496=ORIENTED_EDGE('',*,*,#984,.T.);
#497=ORIENTED_EDGE('',*,*,#1009,.F.);
#498=ORIENTED_EDGE('',*,*,#1043,.F.);
#499=ORIENTED_EDGE('',*,*,#1024,.F.);
#500=ORIENTED_EDGE('',*,*,#1136,.T.);
#501=ORIENTED_EDGE('',*,*,#1030,.T.);
#502=ORIENTED_EDGE('',*,*,#1136,.F.);
#503=ORIENTED_EDGE('',*,*,#1023,.T.);
#504=ORIENTED_EDGE('',*,*,#992,.T.);
#505=ORIENTED_EDGE('',*,*,#1031,.F.);
#506=ORIENTED_EDGE('',*,*,#1137,.T.);
#507=ORIENTED_EDGE('',*,*,#999,.F.);
#508=ORIENTED_EDGE('',*,*,#1138,.F.);
#509=ORIENTED_EDGE('',*,*,#1032,.F.);
#510=ORIENTED_EDGE('',*,*,#1035,.T.);
#511=ORIENTED_EDGE('',*,*,#1139,.T.);
#512=ORIENTED_EDGE('',*,*,#1000,.T.);
#513=ORIENTED_EDGE('',*,*,#1137,.F.);
#514=ORIENTED_EDGE('',*,*,#1034,.T.);
#515=ORIENTED_EDGE('',*,*,#1140,.T.);
#516=ORIENTED_EDGE('',*,*,#1001,.T.);
#517=ORIENTED_EDGE('',*,*,#1139,.F.);
#518=ORIENTED_EDGE('',*,*,#1138,.T.);
#519=ORIENTED_EDGE('',*,*,#998,.F.);
#520=ORIENTED_EDGE('',*,*,#1140,.F.);
#521=ORIENTED_EDGE('',*,*,#1033,.F.);
#522=ORIENTED_EDGE('',*,*,#1141,.T.);
#523=ORIENTED_EDGE('',*,*,#1005,.F.);
#524=ORIENTED_EDGE('',*,*,#1142,.F.);
#525=ORIENTED_EDGE('',*,*,#1036,.F.);
#526=ORIENTED_EDGE('',*,*,#1039,.T.);
#527=ORIENTED_EDGE('',*,*,#1143,.T.);
#528=ORIENTED_EDGE('',*,*,#1006,.T.);
#529=ORIENTED_EDGE('',*,*,#1141,.F.);
#530=ORIENTED_EDGE('',*,*,#1038,.T.);
#531=ORIENTED_EDGE('',*,*,#1144,.T.);
#532=ORIENTED_EDGE('',*,*,#1007,.T.);
#533=ORIENTED_EDGE('',*,*,#1143,.F.);
#534=ORIENTED_EDGE('',*,*,#1142,.T.);
#535=ORIENTED_EDGE('',*,*,#1004,.F.);
#536=ORIENTED_EDGE('',*,*,#1144,.F.);
#537=ORIENTED_EDGE('',*,*,#1037,.F.);
#538=ORIENTED_EDGE('',*,*,#1145,.T.);
#539=ORIENTED_EDGE('',*,*,#1018,.T.);
#540=ORIENTED_EDGE('',*,*,#1146,.F.);
#541=ORIENTED_EDGE('',*,*,#1011,.F.);
#542=ORIENTED_EDGE('',*,*,#1012,.T.);
#543=ORIENTED_EDGE('',*,*,#1146,.T.);
#544=ORIENTED_EDGE('',*,*,#1021,.F.);
#545=ORIENTED_EDGE('',*,*,#1147,.F.);
#546=ORIENTED_EDGE('',*,*,#1013,.T.);
#547=ORIENTED_EDGE('',*,*,#1147,.T.);
#548=ORIENTED_EDGE('',*,*,#1020,.F.);
#549=ORIENTED_EDGE('',*,*,#1148,.F.);
#550=ORIENTED_EDGE('',*,*,#1148,.T.);
#551=ORIENTED_EDGE('',*,*,#1019,.T.);
#552=ORIENTED_EDGE('',*,*,#1145,.F.);
#553=ORIENTED_EDGE('',*,*,#1010,.F.);
#554=ORIENTED_EDGE('',*,*,#1149,.T.);
#555=ORIENTED_EDGE('',*,*,#1025,.T.);
#556=ORIENTED_EDGE('',*,*,#1150,.F.);
#557=ORIENTED_EDGE('',*,*,#1015,.F.);
#558=ORIENTED_EDGE('',*,*,#1016,.T.);
#559=ORIENTED_EDGE('',*,*,#1150,.T.);
#560=ORIENTED_EDGE('',*,*,#1028,.F.);
#561=ORIENTED_EDGE('',*,*,#1151,.F.);
#562=ORIENTED_EDGE('',*,*,#1017,.T.);
#563=ORIENTED_EDGE('',*,*,#1151,.T.);
#564=ORIENTED_EDGE('',*,*,#1027,.F.);
#565=ORIENTED_EDGE('',*,*,#1152,.F.);
#566=ORIENTED_EDGE('',*,*,#1152,.T.);
#567=ORIENTED_EDGE('',*,*,#1026,.T.);
#568=ORIENTED_EDGE('',*,*,#1149,.F.);
#569=ORIENTED_EDGE('',*,*,#1014,.F.);
#570=ORIENTED_EDGE('',*,*,#994,.T.);
#571=ORIENTED_EDGE('',*,*,#1153,.T.);
#572=ORIENTED_EDGE('',*,*,#986,.F.);
#573=ORIENTED_EDGE('',*,*,#1154,.F.);
#574=ORIENTED_EDGE('',*,*,#1154,.T.);
#575=ORIENTED_EDGE('',*,*,#989,.T.);
#576=ORIENTED_EDGE('',*,*,#1155,.F.);
#577=ORIENTED_EDGE('',*,*,#995,.F.);
#578=ORIENTED_EDGE('',*,*,#1155,.T.);
#579=ORIENTED_EDGE('',*,*,#988,.T.);
#580=ORIENTED_EDGE('',*,*,#1156,.F.);
#581=ORIENTED_EDGE('',*,*,#996,.F.);
#582=ORIENTED_EDGE('',*,*,#997,.T.);
#583=ORIENTED_EDGE('',*,*,#1156,.T.);
#584=ORIENTED_EDGE('',*,*,#987,.F.);
#585=ORIENTED_EDGE('',*,*,#1153,.F.);
#586=ORIENTED_EDGE('',*,*,#879,.F.);
#587=ORIENTED_EDGE('',*,*,#1157,.F.);
#588=ORIENTED_EDGE('',*,*,#1158,.T.);
#589=ORIENTED_EDGE('',*,*,#1159,.T.);
#590=ORIENTED_EDGE('',*,*,#878,.T.);
#591=ORIENTED_EDGE('',*,*,#1160,.F.);
#592=ORIENTED_EDGE('',*,*,#1161,.F.);
#593=ORIENTED_EDGE('',*,*,#1157,.T.);
#594=ORIENTED_EDGE('',*,*,#881,.T.);
#595=ORIENTED_EDGE('',*,*,#1162,.F.);
#596=ORIENTED_EDGE('',*,*,#1163,.F.);
#597=ORIENTED_EDGE('',*,*,#1160,.T.);
#598=ORIENTED_EDGE('',*,*,#880,.F.);
#599=ORIENTED_EDGE('',*,*,#1159,.F.);
#600=ORIENTED_EDGE('',*,*,#1164,.T.);
#601=ORIENTED_EDGE('',*,*,#1162,.T.);
#602=ORIENTED_EDGE('',*,*,#1158,.F.);
#603=ORIENTED_EDGE('',*,*,#1161,.T.);
#604=ORIENTED_EDGE('',*,*,#1163,.T.);
#605=ORIENTED_EDGE('',*,*,#1164,.F.);
#606=ORIENTED_EDGE('',*,*,#883,.F.);
#607=ORIENTED_EDGE('',*,*,#1165,.F.);
#608=ORIENTED_EDGE('',*,*,#1166,.T.);
#609=ORIENTED_EDGE('',*,*,#1167,.T.);
#610=ORIENTED_EDGE('',*,*,#882,.T.);
#611=ORIENTED_EDGE('',*,*,#1168,.F.);
#612=ORIENTED_EDGE('',*,*,#1169,.F.);
#613=ORIENTED_EDGE('',*,*,#1165,.T.);
#614=ORIENTED_EDGE('',*,*,#885,.T.);
#615=ORIENTED_EDGE('',*,*,#1170,.F.);
#616=ORIENTED_EDGE('',*,*,#1171,.F.);
#617=ORIENTED_EDGE('',*,*,#1168,.T.);
#618=ORIENTED_EDGE('',*,*,#884,.F.);
#619=ORIENTED_EDGE('',*,*,#1167,.F.);
#620=ORIENTED_EDGE('',*,*,#1172,.T.);
#621=ORIENTED_EDGE('',*,*,#1170,.T.);
#622=ORIENTED_EDGE('',*,*,#1166,.F.);
#623=ORIENTED_EDGE('',*,*,#1169,.T.);
#624=ORIENTED_EDGE('',*,*,#1171,.T.);
#625=ORIENTED_EDGE('',*,*,#1172,.F.);
#626=ORIENTED_EDGE('',*,*,#929,.T.);
#627=ORIENTED_EDGE('',*,*,#1173,.T.);
#628=ORIENTED_EDGE('',*,*,#1129,.F.);
#629=ORIENTED_EDGE('',*,*,#1135,.T.);
#630=ORIENTED_EDGE('',*,*,#980,.F.);
#631=ORIENTED_EDGE('',*,*,#1131,.T.);
#632=ORIENTED_EDGE('',*,*,#1174,.F.);
#633=ORIENTED_EDGE('',*,*,#927,.F.);
#634=ORIENTED_EDGE('',*,*,#1174,.T.);
#635=ORIENTED_EDGE('',*,*,#1130,.T.);
#636=ORIENTED_EDGE('',*,*,#1173,.F.);
#637=ORIENTED_EDGE('',*,*,#928,.F.);
#638=ORIENTED_EDGE('',*,*,#977,.F.);
#639=ORIENTED_EDGE('',*,*,#967,.T.);
#640=ORIENTED_EDGE('',*,*,#1175,.F.);
#641=ORIENTED_EDGE('',*,*,#913,.F.);
#642=ORIENTED_EDGE('',*,*,#915,.T.);
#643=ORIENTED_EDGE('',*,*,#1176,.T.);
#644=ORIENTED_EDGE('',*,*,#975,.F.);
#645=ORIENTED_EDGE('',*,*,#1126,.T.);
#646=ORIENTED_EDGE('',*,*,#914,.T.);
#647=ORIENTED_EDGE('',*,*,#1175,.T.);
#648=ORIENTED_EDGE('',*,*,#976,.F.);
#649=ORIENTED_EDGE('',*,*,#1176,.F.);
#650=ORIENTED_EDGE('',*,*,#1177,.T.);
#651=ORIENTED_EDGE('',*,*,#953,.T.);
#652=ORIENTED_EDGE('',*,*,#1178,.F.);
#653=ORIENTED_EDGE('',*,*,#935,.F.);
#654=ORIENTED_EDGE('',*,*,#1178,.T.);
#655=ORIENTED_EDGE('',*,*,#952,.T.);
#656=ORIENTED_EDGE('',*,*,#964,.F.);
#657=ORIENTED_EDGE('',*,*,#936,.F.);
#658=ORIENTED_EDGE('',*,*,#946,.T.);
#659=ORIENTED_EDGE('',*,*,#1124,.T.);
#660=ORIENTED_EDGE('',*,*,#954,.F.);
#661=ORIENTED_EDGE('',*,*,#1177,.F.);
#662=ORIENTED_EDGE('',*,*,#1107,.T.);
#663=ORIENTED_EDGE('',*,*,#1179,.T.);
#664=ORIENTED_EDGE('',*,*,#1116,.F.);
#665=ORIENTED_EDGE('',*,*,#1180,.F.);
#666=ORIENTED_EDGE('',*,*,#1106,.T.);
#667=ORIENTED_EDGE('',*,*,#1122,.T.);
#668=ORIENTED_EDGE('',*,*,#1117,.F.);
#669=ORIENTED_EDGE('',*,*,#1179,.F.);
#670=ORIENTED_EDGE('',*,*,#1180,.T.);
#671=ORIENTED_EDGE('',*,*,#1120,.T.);
#672=ORIENTED_EDGE('',*,*,#948,.F.);
#673=ORIENTED_EDGE('',*,*,#1108,.F.);
#674=ORIENTED_EDGE('',*,*,#887,.F.);
#675=ORIENTED_EDGE('',*,*,#1181,.F.);
#676=ORIENTED_EDGE('',*,*,#1182,.T.);
#677=ORIENTED_EDGE('',*,*,#1183,.T.);
#678=ORIENTED_EDGE('',*,*,#886,.F.);
#679=ORIENTED_EDGE('',*,*,#1184,.F.);
#680=ORIENTED_EDGE('',*,*,#1185,.T.);
#681=ORIENTED_EDGE('',*,*,#1186,.T.);
#682=ORIENTED_EDGE('',*,*,#1181,.T.);
#683=ORIENTED_EDGE('',*,*,#889,.F.);
#684=ORIENTED_EDGE('',*,*,#1187,.F.);
#685=ORIENTED_EDGE('',*,*,#1188,.T.);
#686=ORIENTED_EDGE('',*,*,#1184,.T.);
#687=ORIENTED_EDGE('',*,*,#888,.T.);
#688=ORIENTED_EDGE('',*,*,#1183,.F.);
#689=ORIENTED_EDGE('',*,*,#1189,.F.);
#690=ORIENTED_EDGE('',*,*,#1190,.F.);
#691=ORIENTED_EDGE('',*,*,#1187,.T.);
#692=ORIENTED_EDGE('',*,*,#1191,.F.);
#693=ORIENTED_EDGE('',*,*,#1185,.F.);
#694=ORIENTED_EDGE('',*,*,#1188,.F.);
#695=ORIENTED_EDGE('',*,*,#1190,.T.);
#696=ORIENTED_EDGE('',*,*,#891,.F.);
#697=ORIENTED_EDGE('',*,*,#1192,.F.);
#698=ORIENTED_EDGE('',*,*,#1193,.T.);
#699=ORIENTED_EDGE('',*,*,#1194,.T.);
#700=ORIENTED_EDGE('',*,*,#890,.T.);
#701=ORIENTED_EDGE('',*,*,#1195,.F.);
#702=ORIENTED_EDGE('',*,*,#1196,.F.);
#703=ORIENTED_EDGE('',*,*,#1192,.T.);
#704=ORIENTED_EDGE('',*,*,#893,.F.);
#705=ORIENTED_EDGE('',*,*,#1197,.F.);
#706=ORIENTED_EDGE('',*,*,#1198,.T.);
#707=ORIENTED_EDGE('',*,*,#1195,.T.);
#708=ORIENTED_EDGE('',*,*,#892,.F.);
#709=ORIENTED_EDGE('',*,*,#1194,.F.);
#710=ORIENTED_EDGE('',*,*,#1199,.T.);
#711=ORIENTED_EDGE('',*,*,#1197,.T.);
#712=ORIENTED_EDGE('',*,*,#895,.F.);
#713=ORIENTED_EDGE('',*,*,#1200,.F.);
#714=ORIENTED_EDGE('',*,*,#1201,.T.);
#715=ORIENTED_EDGE('',*,*,#1202,.T.);
#716=ORIENTED_EDGE('',*,*,#1203,.T.);
#717=ORIENTED_EDGE('',*,*,#894,.T.);
#718=ORIENTED_EDGE('',*,*,#1204,.F.);
#719=ORIENTED_EDGE('',*,*,#1205,.F.);
#720=ORIENTED_EDGE('',*,*,#1200,.T.);
#721=ORIENTED_EDGE('',*,*,#897,.T.);
#722=ORIENTED_EDGE('',*,*,#1206,.F.);
#723=ORIENTED_EDGE('',*,*,#1207,.F.);
#724=ORIENTED_EDGE('',*,*,#1208,.F.);
#725=ORIENTED_EDGE('',*,*,#1204,.T.);
#726=ORIENTED_EDGE('',*,*,#896,.F.);
#727=ORIENTED_EDGE('',*,*,#1203,.F.);
#728=ORIENTED_EDGE('',*,*,#1209,.T.);
#729=ORIENTED_EDGE('',*,*,#1206,.T.);
#730=ORIENTED_EDGE('',*,*,#1210,.F.);
#731=ORIENTED_EDGE('',*,*,#1201,.F.);
#732=ORIENTED_EDGE('',*,*,#1205,.T.);
#733=ORIENTED_EDGE('',*,*,#1208,.T.);
#734=ORIENTED_EDGE('',*,*,#899,.F.);
#735=ORIENTED_EDGE('',*,*,#1211,.F.);
#736=ORIENTED_EDGE('',*,*,#1212,.T.);
#737=ORIENTED_EDGE('',*,*,#838,.T.);
#738=ORIENTED_EDGE('',*,*,#1213,.T.);
#739=ORIENTED_EDGE('',*,*,#898,.T.);
#740=ORIENTED_EDGE('',*,*,#1214,.F.);
#741=ORIENTED_EDGE('',*,*,#1215,.F.);
#742=ORIENTED_EDGE('',*,*,#1211,.T.);
#743=ORIENTED_EDGE('',*,*,#901,.T.);
#744=ORIENTED_EDGE('',*,*,#1216,.F.);
#745=ORIENTED_EDGE('',*,*,#840,.F.);
#746=ORIENTED_EDGE('',*,*,#1217,.F.);
#747=ORIENTED_EDGE('',*,*,#1214,.T.);
#748=ORIENTED_EDGE('',*,*,#900,.F.);
#749=ORIENTED_EDGE('',*,*,#1213,.F.);
#750=ORIENTED_EDGE('',*,*,#841,.T.);
#751=ORIENTED_EDGE('',*,*,#1216,.T.);
#752=ORIENTED_EDGE('',*,*,#903,.F.);
#753=ORIENTED_EDGE('',*,*,#1218,.F.);
#754=ORIENTED_EDGE('',*,*,#1219,.T.);
#755=ORIENTED_EDGE('',*,*,#1220,.T.);
#756=ORIENTED_EDGE('',*,*,#902,.F.);
#757=ORIENTED_EDGE('',*,*,#1221,.F.);
#758=ORIENTED_EDGE('',*,*,#1222,.T.);
#759=ORIENTED_EDGE('',*,*,#1218,.T.);
#760=ORIENTED_EDGE('',*,*,#905,.T.);
#761=ORIENTED_EDGE('',*,*,#1223,.F.);
#762=ORIENTED_EDGE('',*,*,#1224,.F.);
#763=ORIENTED_EDGE('',*,*,#1221,.T.);
#764=ORIENTED_EDGE('',*,*,#904,.T.);
#765=ORIENTED_EDGE('',*,*,#1220,.F.);
#766=ORIENTED_EDGE('',*,*,#1225,.F.);
#767=ORIENTED_EDGE('',*,*,#1223,.T.);
#768=ORIENTED_EDGE('',*,*,#907,.F.);
#769=ORIENTED_EDGE('',*,*,#1226,.F.);
#770=ORIENTED_EDGE('',*,*,#1227,.T.);
#771=ORIENTED_EDGE('',*,*,#1228,.T.);
#772=ORIENTED_EDGE('',*,*,#906,.T.);
#773=ORIENTED_EDGE('',*,*,#1229,.F.);
#774=ORIENTED_EDGE('',*,*,#844,.F.);
#775=ORIENTED_EDGE('',*,*,#1230,.F.);
#776=ORIENTED_EDGE('',*,*,#1226,.T.);
#777=ORIENTED_EDGE('',*,*,#909,.T.);
#778=ORIENTED_EDGE('',*,*,#1231,.F.);
#779=ORIENTED_EDGE('',*,*,#845,.F.);
#780=ORIENTED_EDGE('',*,*,#1229,.T.);
#781=ORIENTED_EDGE('',*,*,#908,.F.);
#782=ORIENTED_EDGE('',*,*,#1228,.F.);
#783=ORIENTED_EDGE('',*,*,#1232,.T.);
#784=ORIENTED_EDGE('',*,*,#842,.T.);
#785=ORIENTED_EDGE('',*,*,#1231,.T.);
#786=ORIENTED_EDGE('',*,*,#1196,.T.);
#787=ORIENTED_EDGE('',*,*,#1198,.F.);
#788=ORIENTED_EDGE('',*,*,#1199,.F.);
#789=ORIENTED_EDGE('',*,*,#1193,.F.);
#790=ORIENTED_EDGE('',*,*,#1222,.F.);
#791=ORIENTED_EDGE('',*,*,#1224,.T.);
#792=ORIENTED_EDGE('',*,*,#1225,.T.);
#793=ORIENTED_EDGE('',*,*,#1219,.F.);
#794=ORIENTED_EDGE('',*,*,#1233,.F.);
#795=ORIENTED_EDGE('',*,*,#1207,.T.);
#796=ORIENTED_EDGE('',*,*,#1209,.F.);
#797=ORIENTED_EDGE('',*,*,#1202,.F.);
#798=ORIENTED_EDGE('',*,*,#1234,.F.);
#799=ORIENTED_EDGE('',*,*,#1235,.T.);
#800=ORIENTED_EDGE('',*,*,#1236,.T.);
#801=ORIENTED_EDGE('',*,*,#1212,.F.);
#802=ORIENTED_EDGE('',*,*,#1215,.T.);
#803=ORIENTED_EDGE('',*,*,#1217,.T.);
#804=ORIENTED_EDGE('',*,*,#1237,.T.);
#805=ORIENTED_EDGE('',*,*,#1232,.F.);
#806=ORIENTED_EDGE('',*,*,#1227,.F.);
#807=ORIENTED_EDGE('',*,*,#1230,.T.);
#808=ORIENTED_EDGE('',*,*,#1238,.T.);
#809=ORIENTED_EDGE('',*,*,#1239,.F.);
#810=ORIENTED_EDGE('',*,*,#1240,.F.);
#811=ORIENTED_EDGE('',*,*,#1189,.T.);
#812=ORIENTED_EDGE('',*,*,#1182,.F.);
#813=ORIENTED_EDGE('',*,*,#1186,.F.);
#814=ORIENTED_EDGE('',*,*,#850,.F.);
#815=ORIENTED_EDGE('',*,*,#1241,.F.);
#816=ORIENTED_EDGE('',*,*,#1234,.T.);
#817=ORIENTED_EDGE('',*,*,#1210,.T.);
#818=ORIENTED_EDGE('',*,*,#1233,.T.);
#819=ORIENTED_EDGE('',*,*,#1191,.T.);
#820=ORIENTED_EDGE('',*,*,#1240,.T.);
#821=ORIENTED_EDGE('',*,*,#1242,.T.);
#822=ORIENTED_EDGE('',*,*,#853,.T.);
#823=ORIENTED_EDGE('',*,*,#1243,.F.);
#824=ORIENTED_EDGE('',*,*,#1235,.F.);
#825=ORIENTED_EDGE('',*,*,#1241,.T.);
#826=ORIENTED_EDGE('',*,*,#852,.T.);
#827=ORIENTED_EDGE('',*,*,#1244,.F.);
#828=ORIENTED_EDGE('',*,*,#1238,.F.);
#829=ORIENTED_EDGE('',*,*,#843,.F.);
#830=ORIENTED_EDGE('',*,*,#1237,.F.);
#831=ORIENTED_EDGE('',*,*,#839,.F.);
#832=ORIENTED_EDGE('',*,*,#1236,.F.);
#833=ORIENTED_EDGE('',*,*,#1243,.T.);
#834=ORIENTED_EDGE('',*,*,#851,.F.);
#835=ORIENTED_EDGE('',*,*,#1242,.F.);
#836=ORIENTED_EDGE('',*,*,#1239,.T.);
#837=ORIENTED_EDGE('',*,*,#1244,.T.);
#838=EDGE_CURVE('',#1245,#1246,#1512,.T.);
#839=EDGE_CURVE('',#1245,#1247,#1513,.T.);
#840=EDGE_CURVE('',#1247,#1248,#1514,.T.);
#841=EDGE_CURVE('',#1246,#1248,#1515,.T.);
#842=EDGE_CURVE('',#1249,#1250,#1516,.T.);
#843=EDGE_CURVE('',#1249,#1251,#1517,.T.);
#844=EDGE_CURVE('',#1251,#1252,#1518,.T.);
#845=EDGE_CURVE('',#1252,#1250,#1519,.T.);
#846=EDGE_CURVE('',#1253,#1254,#1520,.T.);
#847=EDGE_CURVE('',#1254,#1255,#1521,.T.);
#848=EDGE_CURVE('',#1255,#1256,#1522,.T.);
#849=EDGE_CURVE('',#1256,#1253,#1523,.T.);
#850=EDGE_CURVE('',#1257,#1258,#1524,.T.);
#851=EDGE_CURVE('',#1258,#1259,#1525,.T.);
#852=EDGE_CURVE('',#1260,#1259,#1526,.T.);
#853=EDGE_CURVE('',#1257,#1260,#1527,.T.);
#854=EDGE_CURVE('',#1261,#1262,#1528,.T.);
#855=EDGE_CURVE('',#1263,#1261,#1529,.T.);
#856=EDGE_CURVE('',#1263,#1264,#1530,.T.);
#857=EDGE_CURVE('',#1265,#1264,#1531,.T.);
#858=EDGE_CURVE('',#1266,#1265,#1532,.T.);
#859=EDGE_CURVE('',#1267,#1266,#1533,.T.);
#860=EDGE_CURVE('',#1268,#1267,#1534,.T.);
#861=EDGE_CURVE('',#1268,#1269,#1535,.T.);
#862=EDGE_CURVE('',#1269,#1270,#1536,.T.);
#863=EDGE_CURVE('',#1270,#1271,#1537,.T.);
#864=EDGE_CURVE('',#1271,#1272,#1538,.T.);
#865=EDGE_CURVE('',#1272,#1273,#1539,.T.);
#866=EDGE_CURVE('',#1273,#1274,#1540,.T.);
#867=EDGE_CURVE('',#1275,#1274,#1541,.T.);
#868=EDGE_CURVE('',#1276,#1275,#1542,.T.);
#869=EDGE_CURVE('',#1277,#1276,#1543,.T.);
#870=EDGE_CURVE('',#1278,#1277,#1544,.T.);
#871=EDGE_CURVE('',#1279,#1278,#1545,.T.);
#872=EDGE_CURVE('',#1280,#1279,#1546,.T.);
#873=EDGE_CURVE('',#1281,#1280,#1547,.T.);
#874=EDGE_CURVE('',#1281,#1282,#1548,.T.);
#875=EDGE_CURVE('',#1282,#1283,#1549,.T.);
#876=EDGE_CURVE('',#1283,#1284,#1550,.T.);
#877=EDGE_CURVE('',#1262,#1284,#1551,.T.);
#878=EDGE_CURVE('',#1285,#1286,#1552,.T.);
#879=EDGE_CURVE('',#1285,#1287,#1553,.T.);
#880=EDGE_CURVE('',#1287,#1288,#1554,.T.);
#881=EDGE_CURVE('',#1286,#1288,#1555,.T.);
#882=EDGE_CURVE('',#1289,#1290,#1556,.T.);
#883=EDGE_CURVE('',#1289,#1291,#1557,.T.);
#884=EDGE_CURVE('',#1291,#1292,#1558,.T.);
#885=EDGE_CURVE('',#1290,#1292,#1559,.T.);
#886=EDGE_CURVE('',#1293,#1294,#1560,.T.);
#887=EDGE_CURVE('',#1294,#1295,#1561,.T.);
#888=EDGE_CURVE('',#1296,#1295,#1562,.T.);
#889=EDGE_CURVE('',#1296,#1293,#1563,.T.);
#890=EDGE_CURVE('',#1297,#1298,#1564,.T.);
#891=EDGE_CURVE('',#1297,#1299,#1565,.T.);
#892=EDGE_CURVE('',#1299,#1300,#1566,.T.);
#893=EDGE_CURVE('',#1300,#1298,#1567,.T.);
#894=EDGE_CURVE('',#1301,#1302,#1568,.T.);
#895=EDGE_CURVE('',#1301,#1303,#1569,.T.);
#896=EDGE_CURVE('',#1303,#1304,#1570,.T.);
#897=EDGE_CURVE('',#1302,#1304,#1571,.T.);
#898=EDGE_CURVE('',#1305,#1306,#1572,.T.);
#899=EDGE_CURVE('',#1305,#1307,#1573,.T.);
#900=EDGE_CURVE('',#1307,#1308,#1574,.T.);
#901=EDGE_CURVE('',#1306,#1308,#1575,.T.);
#902=EDGE_CURVE('',#1309,#1310,#1576,.T.);
#903=EDGE_CURVE('',#1310,#1311,#1577,.T.);
#904=EDGE_CURVE('',#1312,#1311,#1578,.T.);
#905=EDGE_CURVE('',#1309,#1312,#1579,.T.);
#906=EDGE_CURVE('',#1313,#1314,#1580,.T.);
#907=EDGE_CURVE('',#1313,#1315,#1581,.T.);
#908=EDGE_CURVE('',#1315,#1316,#1582,.T.);
#909=EDGE_CURVE('',#1314,#1316,#1583,.T.);
#910=EDGE_CURVE('',#1317,#1317,#16,.T.);
#911=EDGE_CURVE('',#1318,#1318,#17,.T.);
#912=EDGE_CURVE('',#1319,#1320,#1584,.T.);
#913=EDGE_CURVE('',#1320,#1321,#1585,.T.);
#914=EDGE_CURVE('',#1322,#1321,#1586,.T.);
#915=EDGE_CURVE('',#1323,#1322,#1587,.T.);
#916=EDGE_CURVE('',#1323,#1324,#1588,.T.);
#917=EDGE_CURVE('',#1324,#1325,#1589,.T.);
#918=EDGE_CURVE('',#1326,#1325,#1590,.T.);
#919=EDGE_CURVE('',#1327,#1326,#1591,.T.);
#920=EDGE_CURVE('',#1327,#1328,#1592,.T.);
#921=EDGE_CURVE('',#1328,#1329,#1593,.T.);
#922=EDGE_CURVE('',#1329,#1330,#1594,.F.);
#923=EDGE_CURVE('',#1330,#1331,#1595,.T.);
#924=EDGE_CURVE('',#1331,#1332,#1596,.T.);
#925=EDGE_CURVE('',#1333,#1332,#1597,.T.);
#926=EDGE_CURVE('',#1333,#1334,#1598,.T.);
#927=EDGE_CURVE('',#1334,#1335,#1599,.T.);
#928=EDGE_CURVE('',#1335,#1336,#1600,.T.);
#929=EDGE_CURVE('',#1337,#1336,#1601,.T.);
#930=EDGE_CURVE('',#1337,#1338,#1602,.T.);
#931=EDGE_CURVE('',#1338,#1339,#1603,.T.);
#932=EDGE_CURVE('',#1339,#1340,#1604,.T.);
#933=EDGE_CURVE('',#1319,#1340,#1605,.T.);
#934=EDGE_CURVE('',#1341,#1341,#18,.T.);
#935=EDGE_CURVE('',#1342,#1343,#1606,.T.);
#936=EDGE_CURVE('',#1343,#1344,#1607,.T.);
#937=EDGE_CURVE('',#1344,#1345,#1608,.T.);
#938=EDGE_CURVE('',#1345,#1346,#1609,.T.);
#939=EDGE_CURVE('',#1346,#1347,#1610,.T.);
#940=EDGE_CURVE('',#1348,#1347,#1611,.T.);
#941=EDGE_CURVE('',#1348,#1349,#1612,.F.);
#942=EDGE_CURVE('',#1350,#1349,#1613,.T.);
#943=EDGE_CURVE('',#1350,#1351,#1614,.T.);
#944=EDGE_CURVE('',#1352,#1351,#1615,.T.);
#945=EDGE_CURVE('',#1352,#1353,#1616,.T.);
#946=EDGE_CURVE('',#1342,#1353,#1617,.T.);
#947=EDGE_CURVE('',#1354,#1355,#1618,.T.);
#948=EDGE_CURVE('',#1354,#1356,#1619,.T.);
#949=EDGE_CURVE('',#1356,#1357,#1620,.T.);
#950=EDGE_CURVE('',#1355,#1357,#1621,.T.);
#951=EDGE_CURVE('',#1358,#1358,#19,.T.);
#952=EDGE_CURVE('',#1359,#1360,#1622,.T.);
#953=EDGE_CURVE('',#1361,#1359,#1623,.T.);
#954=EDGE_CURVE('',#1361,#1362,#1624,.T.);
#955=EDGE_CURVE('',#1363,#1362,#1625,.T.);
#956=EDGE_CURVE('',#1363,#1364,#1626,.T.);
#957=EDGE_CURVE('',#1364,#1365,#1627,.T.);
#958=EDGE_CURVE('',#1365,#1366,#1628,.T.);
#959=EDGE_CURVE('',#1366,#1367,#1629,.T.);
#960=EDGE_CURVE('',#1367,#1368,#1630,.T.);
#961=EDGE_CURVE('',#1368,#1369,#1631,.T.);
#962=EDGE_CURVE('',#1370,#1369,#1632,.T.);
#963=EDGE_CURVE('',#1360,#1370,#1633,.T.);
#964=EDGE_CURVE('',#1344,#1360,#1634,.T.);
#965=EDGE_CURVE('',#1345,#1370,#1635,.T.);
#966=EDGE_CURVE('',#1371,#1371,#20,.F.);
#967=EDGE_CURVE('',#1372,#1373,#1636,.T.);
#968=EDGE_CURVE('',#1374,#1372,#1637,.T.);
#969=EDGE_CURVE('',#1374,#1375,#1638,.T.);
#970=EDGE_CURVE('',#1375,#1376,#1639,.T.);
#971=EDGE_CURVE('',#1376,#1377,#1640,.T.);
#972=EDGE_CURVE('',#1378,#1377,#1641,.T.);
#973=EDGE_CURVE('',#1379,#1378,#1642,.T.);
#974=EDGE_CURVE('',#1380,#1379,#1643,.T.);
#975=EDGE_CURVE('',#1380,#1381,#1644,.T.);
#976=EDGE_CURVE('',#1381,#1373,#1645,.T.);
#977=EDGE_CURVE('',#1372,#1320,#1646,.T.);
#978=EDGE_CURVE('',#1319,#1374,#1647,.T.);
#979=EDGE_CURVE('',#1382,#1383,#1648,.T.);
#980=EDGE_CURVE('',#1383,#1334,#1649,.T.);
#981=EDGE_CURVE('',#1333,#1382,#1650,.T.);
#982=EDGE_CURVE('',#1384,#1385,#1651,.T.);
#983=EDGE_CURVE('',#1386,#1385,#1652,.T.);
#984=EDGE_CURVE('',#1387,#1386,#1653,.T.);
#985=EDGE_CURVE('',#1387,#1384,#1654,.T.);
#986=EDGE_CURVE('',#1388,#1389,#1655,.T.);
#987=EDGE_CURVE('',#1389,#1390,#1656,.T.);
#988=EDGE_CURVE('',#1391,#1390,#1657,.T.);
#989=EDGE_CURVE('',#1388,#1391,#1658,.T.);
#990=EDGE_CURVE('',#1392,#1393,#1659,.T.);
#991=EDGE_CURVE('',#1394,#1393,#1660,.T.);
#992=EDGE_CURVE('',#1395,#1394,#1661,.T.);
#993=EDGE_CURVE('',#1395,#1392,#1662,.T.);
#994=EDGE_CURVE('',#1396,#1397,#1663,.T.);
#995=EDGE_CURVE('',#1396,#1398,#1664,.T.);
#996=EDGE_CURVE('',#1398,#1399,#1665,.T.);
#997=EDGE_CURVE('',#1397,#1399,#1666,.T.);
#998=EDGE_CURVE('',#1400,#1401,#1667,.T.);
#999=EDGE_CURVE('',#1401,#1402,#1668,.T.);
#1000=EDGE_CURVE('',#1403,#1402,#1669,.T.);
#1001=EDGE_CURVE('',#1400,#1403,#1670,.T.);
#1002=EDGE_CURVE('',#1262,#1384,#1671,.T.);
#1003=EDGE_CURVE('',#1261,#1387,#1672,.T.);
#1004=EDGE_CURVE('',#1404,#1405,#1673,.T.);
#1005=EDGE_CURVE('',#1405,#1406,#1674,.T.);
#1006=EDGE_CURVE('',#1407,#1406,#1675,.T.);
#1007=EDGE_CURVE('',#1404,#1407,#1676,.T.);
#1008=EDGE_CURVE('',#1264,#1385,#1677,.T.);
#1009=EDGE_CURVE('',#1263,#1386,#1678,.T.);
#1010=EDGE_CURVE('',#1408,#1409,#1679,.T.);
#1011=EDGE_CURVE('',#1409,#1410,#1680,.T.);
#1012=EDGE_CURVE('',#1411,#1410,#1681,.T.);
#1013=EDGE_CURVE('',#1408,#1411,#1682,.T.);
#1014=EDGE_CURVE('',#1412,#1413,#1683,.T.);
#1015=EDGE_CURVE('',#1413,#1414,#1684,.T.);
#1016=EDGE_CURVE('',#1415,#1414,#1685,.T.);
#1017=EDGE_CURVE('',#1412,#1415,#1686,.T.);
#1018=EDGE_CURVE('',#1416,#1417,#1687,.T.);
#1019=EDGE_CURVE('',#1418,#1416,#1688,.T.);
#1020=EDGE_CURVE('',#1418,#1419,#1689,.T.);
#1021=EDGE_CURVE('',#1419,#1417,#1690,.T.);
#1022=EDGE_CURVE('',#1420,#1392,#1691,.T.);
#1023=EDGE_CURVE('',#1421,#1395,#1692,.T.);
#1024=EDGE_CURVE('',#1421,#1420,#1693,.T.);
#1025=EDGE_CURVE('',#1422,#1423,#1694,.T.);
#1026=EDGE_CURVE('',#1424,#1422,#1695,.T.);
#1027=EDGE_CURVE('',#1424,#1425,#1696,.T.);
#1028=EDGE_CURVE('',#1425,#1423,#1697,.T.);
#1029=EDGE_CURVE('',#1426,#1393,#1698,.T.);
#1030=EDGE_CURVE('',#1427,#1426,#1699,.T.);
#1031=EDGE_CURVE('',#1427,#1394,#1700,.T.);
#1032=EDGE_CURVE('',#1428,#1429,#1701,.T.);
#1033=EDGE_CURVE('',#1429,#1430,#1702,.T.);
#1034=EDGE_CURVE('',#1431,#1430,#1703,.T.);
#1035=EDGE_CURVE('',#1428,#1431,#1704,.T.);
#1036=EDGE_CURVE('',#1432,#1433,#1705,.T.);
#1037=EDGE_CURVE('',#1433,#1434,#1706,.T.);
#1038=EDGE_CURVE('',#1435,#1434,#1707,.T.);
#1039=EDGE_CURVE('',#1432,#1435,#1708,.T.);
#1040=EDGE_CURVE('',#1436,#1437,#1709,.T.);
#1041=EDGE_CURVE('',#1437,#1329,#1710,.T.);
#1042=EDGE_CURVE('',#1328,#1436,#1711,.T.);
#1043=EDGE_CURVE('',#1420,#1426,#1712,.T.);
#1044=EDGE_CURVE('',#1438,#1439,#1713,.T.);
#1045=EDGE_CURVE('',#1438,#1266,#1714,.T.);
#1046=EDGE_CURVE('',#1439,#1265,#1715,.T.);
#1047=EDGE_CURVE('',#1376,#1284,#1716,.T.);
#1048=EDGE_CURVE('',#1340,#1375,#1717,.T.);
#1049=EDGE_CURVE('',#1339,#1440,#1718,.T.);
#1050=EDGE_CURVE('',#1439,#1440,#1719,.T.);
#1051=EDGE_CURVE('',#1332,#1441,#1720,.T.);
#1052=EDGE_CURVE('',#1331,#1268,#1721,.T.);
#1053=EDGE_CURVE('',#1442,#1267,#1722,.T.);
#1054=EDGE_CURVE('',#1441,#1442,#1723,.T.);
#1055=EDGE_CURVE('',#1442,#1438,#1724,.T.);
#1056=EDGE_CURVE('',#1378,#1282,#1725,.T.);
#1057=EDGE_CURVE('',#1377,#1283,#1726,.T.);
#1058=EDGE_CURVE('',#1366,#1278,#1727,.T.);
#1059=EDGE_CURVE('',#1367,#1277,#1728,.T.);
#1060=EDGE_CURVE('',#1351,#1364,#1729,.T.);
#1061=EDGE_CURVE('',#1350,#1280,#1730,.T.);
#1062=EDGE_CURVE('',#1365,#1279,#1731,.T.);
#1063=EDGE_CURVE('',#1368,#1276,#1732,.T.);
#1064=EDGE_CURVE('',#1347,#1275,#1733,.T.);
#1065=EDGE_CURVE('',#1346,#1369,#1734,.T.);
#1066=EDGE_CURVE('',#1443,#1444,#1735,.T.);
#1067=EDGE_CURVE('',#1443,#1445,#1736,.T.);
#1068=EDGE_CURVE('',#1445,#1270,#1737,.T.);
#1069=EDGE_CURVE('',#1446,#1269,#1738,.T.);
#1070=EDGE_CURVE('',#1446,#1444,#1739,.T.);
#1071=EDGE_CURVE('',#1447,#1448,#1740,.T.);
#1072=EDGE_CURVE('',#1448,#1449,#1741,.T.);
#1073=EDGE_CURVE('',#1449,#1450,#1742,.T.);
#1074=EDGE_CURVE('',#1450,#1274,#1743,.T.);
#1075=EDGE_CURVE('',#1447,#1273,#1744,.T.);
#1076=EDGE_CURVE('',#1451,#1272,#1745,.T.);
#1077=EDGE_CURVE('',#1451,#1447,#1746,.T.);
#1078=EDGE_CURVE('',#1445,#1452,#1747,.T.);
#1079=EDGE_CURVE('',#1452,#1271,#1748,.T.);
#1080=EDGE_CURVE('',#1453,#1327,#1749,.T.);
#1081=EDGE_CURVE('',#1326,#1281,#1750,.T.);
#1082=EDGE_CURVE('',#1349,#1454,#1751,.T.);
#1083=EDGE_CURVE('',#1454,#1453,#1752,.T.);
#1084=EDGE_CURVE('',#1455,#1456,#1753,.T.);
#1085=EDGE_CURVE('',#1456,#1457,#1754,.T.);
#1086=EDGE_CURVE('',#1446,#1457,#1755,.T.);
#1087=EDGE_CURVE('',#1330,#1455,#1756,.T.);
#1088=EDGE_CURVE('',#1458,#1348,#1757,.T.);
#1089=EDGE_CURVE('',#1450,#1459,#1758,.T.);
#1090=EDGE_CURVE('',#1459,#1460,#1759,.T.);
#1091=EDGE_CURVE('',#1460,#1458,#1760,.T.);
#1092=EDGE_CURVE('',#1436,#1453,#1761,.T.);
#1093=EDGE_CURVE('',#1454,#1458,#1762,.F.);
#1094=EDGE_CURVE('',#1453,#1253,#1763,.T.);
#1095=EDGE_CURVE('',#1254,#1454,#1764,.T.);
#1096=EDGE_CURVE('',#1436,#1253,#1765,.T.);
#1097=EDGE_CURVE('',#1254,#1458,#1766,.F.);
#1098=EDGE_CURVE('',#1437,#1256,#1767,.F.);
#1099=EDGE_CURVE('',#1455,#1437,#1768,.F.);
#1100=EDGE_CURVE('',#1457,#1459,#1769,.T.);
#1101=EDGE_CURVE('',#1460,#1456,#1770,.T.);
#1102=EDGE_CURVE('',#1255,#1460,#1771,.T.);
#1103=EDGE_CURVE('',#1455,#1256,#1772,.T.);
#1104=EDGE_CURVE('',#1255,#1456,#1773,.T.);
#1105=EDGE_CURVE('',#1451,#1452,#1774,.T.);
#1106=EDGE_CURVE('',#1461,#1462,#1775,.T.);
#1107=EDGE_CURVE('',#1463,#1461,#1776,.T.);
#1108=EDGE_CURVE('',#1463,#1354,#1777,.T.);
#1109=EDGE_CURVE('',#1355,#1444,#1778,.T.);
#1110=EDGE_CURVE('',#1464,#1449,#1779,.T.);
#1111=EDGE_CURVE('',#1464,#1462,#1780,.T.);
#1112=EDGE_CURVE('',#1465,#1465,#21,.T.);
#1113=EDGE_CURVE('',#1325,#1378,#1781,.T.);
#1114=EDGE_CURVE('',#1466,#1448,#1782,.T.);
#1115=EDGE_CURVE('',#1464,#1466,#1783,.T.);
#1116=EDGE_CURVE('',#1467,#1468,#1784,.T.);
#1117=EDGE_CURVE('',#1468,#1469,#1785,.T.);
#1118=EDGE_CURVE('',#1466,#1469,#1786,.T.);
#1119=EDGE_CURVE('',#1357,#1443,#1787,.T.);
#1120=EDGE_CURVE('',#1467,#1356,#1788,.T.);
#1121=EDGE_CURVE('',#1470,#1470,#22,.F.);
#1122=EDGE_CURVE('',#1462,#1469,#1789,.T.);
#1123=EDGE_CURVE('',#1352,#1363,#1790,.T.);
#1124=EDGE_CURVE('',#1353,#1362,#1791,.T.);
#1125=EDGE_CURVE('',#1324,#1379,#1792,.T.);
#1126=EDGE_CURVE('',#1380,#1323,#1793,.T.);
#1127=EDGE_CURVE('',#1471,#1471,#23,.T.);
#1128=EDGE_CURVE('',#1472,#1473,#1794,.T.);
#1129=EDGE_CURVE('',#1472,#1474,#1795,.T.);
#1130=EDGE_CURVE('',#1475,#1474,#1796,.T.);
#1131=EDGE_CURVE('',#1383,#1475,#1797,.T.);
#1132=EDGE_CURVE('',#1382,#1441,#1798,.T.);
#1133=EDGE_CURVE('',#1473,#1440,#1799,.T.);
#1134=EDGE_CURVE('',#1338,#1473,#1800,.T.);
#1135=EDGE_CURVE('',#1472,#1337,#1801,.T.);
#1136=EDGE_CURVE('',#1421,#1427,#1802,.T.);
#1137=EDGE_CURVE('',#1428,#1402,#1803,.T.);
#1138=EDGE_CURVE('',#1429,#1401,#1804,.T.);
#1139=EDGE_CURVE('',#1431,#1403,#1805,.T.);
#1140=EDGE_CURVE('',#1430,#1400,#1806,.T.);
#1141=EDGE_CURVE('',#1432,#1406,#1807,.T.);
#1142=EDGE_CURVE('',#1433,#1405,#1808,.T.);
#1143=EDGE_CURVE('',#1435,#1407,#1809,.T.);
#1144=EDGE_CURVE('',#1434,#1404,#1810,.T.);
#1145=EDGE_CURVE('',#1409,#1416,#1811,.T.);
#1146=EDGE_CURVE('',#1410,#1417,#1812,.T.);
#1147=EDGE_CURVE('',#1411,#1419,#1813,.T.);
#1148=EDGE_CURVE('',#1408,#1418,#1814,.T.);
#1149=EDGE_CURVE('',#1413,#1422,#1815,.T.);
#1150=EDGE_CURVE('',#1414,#1423,#1816,.T.);
#1151=EDGE_CURVE('',#1415,#1425,#1817,.T.);
#1152=EDGE_CURVE('',#1412,#1424,#1818,.T.);
#1153=EDGE_CURVE('',#1397,#1389,#1819,.T.);
#1154=EDGE_CURVE('',#1396,#1388,#1820,.T.);
#1155=EDGE_CURVE('',#1398,#1391,#1821,.T.);
#1156=EDGE_CURVE('',#1399,#1390,#1822,.T.);
#1157=EDGE_CURVE('',#1476,#1285,#1823,.T.);
#1158=EDGE_CURVE('',#1476,#1477,#1824,.T.);
#1159=EDGE_CURVE('',#1477,#1287,#1825,.T.);
#1160=EDGE_CURVE('',#1478,#1286,#1826,.T.);
#1161=EDGE_CURVE('',#1476,#1478,#1827,.T.);
#1162=EDGE_CURVE('',#1479,#1288,#1828,.T.);
#1163=EDGE_CURVE('',#1478,#1479,#1829,.T.);
#1164=EDGE_CURVE('',#1477,#1479,#1830,.T.);
#1165=EDGE_CURVE('',#1480,#1289,#1831,.T.);
#1166=EDGE_CURVE('',#1480,#1481,#1832,.T.);
#1167=EDGE_CURVE('',#1481,#1291,#1833,.T.);
#1168=EDGE_CURVE('',#1482,#1290,#1834,.T.);
#1169=EDGE_CURVE('',#1480,#1482,#1835,.T.);
#1170=EDGE_CURVE('',#1483,#1292,#1836,.T.);
#1171=EDGE_CURVE('',#1482,#1483,#1837,.T.);
#1172=EDGE_CURVE('',#1481,#1483,#1838,.T.);
#1173=EDGE_CURVE('',#1336,#1474,#1839,.T.);
#1174=EDGE_CURVE('',#1335,#1475,#1840,.T.);
#1175=EDGE_CURVE('',#1321,#1373,#1841,.T.);
#1176=EDGE_CURVE('',#1322,#1381,#1842,.T.);
#1177=EDGE_CURVE('',#1342,#1361,#1843,.T.);
#1178=EDGE_CURVE('',#1343,#1359,#1844,.T.);
#1179=EDGE_CURVE('',#1461,#1468,#1845,.T.);
#1180=EDGE_CURVE('',#1463,#1467,#1846,.T.);
#1181=EDGE_CURVE('',#1484,#1294,#1847,.T.);
#1182=EDGE_CURVE('',#1484,#1485,#1848,.T.);
#1183=EDGE_CURVE('',#1485,#1295,#1849,.T.);
#1184=EDGE_CURVE('',#1486,#1293,#1850,.T.);
#1185=EDGE_CURVE('',#1486,#1487,#1851,.T.);
#1186=EDGE_CURVE('',#1487,#1484,#1852,.T.);
#1187=EDGE_CURVE('',#1488,#1296,#1853,.T.);
#1188=EDGE_CURVE('',#1488,#1486,#1854,.T.);
#1189=EDGE_CURVE('',#1489,#1485,#1855,.T.);
#1190=EDGE_CURVE('',#1488,#1489,#1856,.T.);
#1191=EDGE_CURVE('',#1487,#1489,#1857,.T.);
#1192=EDGE_CURVE('',#1490,#1297,#1858,.T.);
#1193=EDGE_CURVE('',#1490,#1491,#1859,.T.);
#1194=EDGE_CURVE('',#1491,#1299,#1860,.T.);
#1195=EDGE_CURVE('',#1492,#1298,#1861,.T.);
#1196=EDGE_CURVE('',#1490,#1492,#1862,.T.);
#1197=EDGE_CURVE('',#1493,#1300,#1863,.T.);
#1198=EDGE_CURVE('',#1493,#1492,#1864,.T.);
#1199=EDGE_CURVE('',#1491,#1493,#1865,.T.);
#1200=EDGE_CURVE('',#1494,#1301,#1866,.T.);
#1201=EDGE_CURVE('',#1494,#1495,#1867,.T.);
#1202=EDGE_CURVE('',#1495,#1496,#1868,.T.);
#1203=EDGE_CURVE('',#1496,#1303,#1869,.T.);
#1204=EDGE_CURVE('',#1497,#1302,#1870,.T.);
#1205=EDGE_CURVE('',#1494,#1497,#1871,.T.);
#1206=EDGE_CURVE('',#1498,#1304,#1872,.T.);
#1207=EDGE_CURVE('',#1499,#1498,#1873,.T.);
#1208=EDGE_CURVE('',#1497,#1499,#1874,.T.);
#1209=EDGE_CURVE('',#1496,#1498,#1875,.T.);
#1210=EDGE_CURVE('',#1495,#1499,#1876,.T.);
#1211=EDGE_CURVE('',#1500,#1305,#1877,.T.);
#1212=EDGE_CURVE('',#1500,#1245,#1878,.T.);
#1213=EDGE_CURVE('',#1246,#1307,#1879,.T.);
#1214=EDGE_CURVE('',#1501,#1306,#1880,.T.);
#1215=EDGE_CURVE('',#1500,#1501,#1881,.T.);
#1216=EDGE_CURVE('',#1248,#1308,#1882,.T.);
#1217=EDGE_CURVE('',#1501,#1247,#1883,.T.);
#1218=EDGE_CURVE('',#1502,#1310,#1884,.T.);
#1219=EDGE_CURVE('',#1502,#1503,#1885,.T.);
#1220=EDGE_CURVE('',#1503,#1311,#1886,.T.);
#1221=EDGE_CURVE('',#1504,#1309,#1887,.T.);
#1222=EDGE_CURVE('',#1504,#1502,#1888,.T.);
#1223=EDGE_CURVE('',#1505,#1312,#1889,.T.);
#1224=EDGE_CURVE('',#1504,#1505,#1890,.T.);
#1225=EDGE_CURVE('',#1505,#1503,#1891,.T.);
#1226=EDGE_CURVE('',#1506,#1313,#1892,.T.);
#1227=EDGE_CURVE('',#1506,#1507,#1893,.T.);
#1228=EDGE_CURVE('',#1507,#1315,#1894,.T.);
#1229=EDGE_CURVE('',#1252,#1314,#1895,.T.);
#1230=EDGE_CURVE('',#1506,#1251,#1896,.T.);
#1231=EDGE_CURVE('',#1250,#1316,#1897,.T.);
#1232=EDGE_CURVE('',#1507,#1249,#1898,.T.);
#1233=EDGE_CURVE('',#1499,#1487,#1899,.T.);
#1234=EDGE_CURVE('',#1508,#1495,#1900,.T.);
#1235=EDGE_CURVE('',#1508,#1509,#1901,.T.);
#1236=EDGE_CURVE('',#1509,#1245,#1902,.T.);
#1237=EDGE_CURVE('',#1247,#1249,#1903,.T.);
#1238=EDGE_CURVE('',#1251,#1510,#1904,.T.);
#1239=EDGE_CURVE('',#1511,#1510,#1905,.T.);
#1240=EDGE_CURVE('',#1489,#1511,#1906,.T.);
#1241=EDGE_CURVE('',#1508,#1257,#1907,.T.);
#1242=EDGE_CURVE('',#1511,#1258,#1908,.T.);
#1243=EDGE_CURVE('',#1509,#1260,#1909,.T.);
#1244=EDGE_CURVE('',#1510,#1259,#1910,.T.);
#1245=VERTEX_POINT('',#3837);
#1246=VERTEX_POINT('',#3838);
#1247=VERTEX_POINT('',#3840);
#1248=VERTEX_POINT('',#3842);
#1249=VERTEX_POINT('',#3846);
#1250=VERTEX_POINT('',#3847);
#1251=VERTEX_POINT('',#3849);
#1252=VERTEX_POINT('',#3851);
#1253=VERTEX_POINT('',#3855);
#1254=VERTEX_POINT('',#3856);
#1255=VERTEX_POINT('',#3858);
#1256=VERTEX_POINT('',#3860);
#1257=VERTEX_POINT('',#3863);
#1258=VERTEX_POINT('',#3864);
#1259=VERTEX_POINT('',#3866);
#1260=VERTEX_POINT('',#3868);
#1261=VERTEX_POINT('',#3872);
#1262=VERTEX_POINT('',#3873);
#1263=VERTEX_POINT('',#3875);
#1264=VERTEX_POINT('',#3877);
#1265=VERTEX_POINT('',#3879);
#1266=VERTEX_POINT('',#3881);
#1267=VERTEX_POINT('',#3883);
#1268=VERTEX_POINT('',#3885);
#1269=VERTEX_POINT('',#3887);
#1270=VERTEX_POINT('',#3889);
#1271=VERTEX_POINT('',#3891);
#1272=VERTEX_POINT('',#3893);
#1273=VERTEX_POINT('',#3895);
#1274=VERTEX_POINT('',#3897);
#1275=VERTEX_POINT('',#3899);
#1276=VERTEX_POINT('',#3901);
#1277=VERTEX_POINT('',#3903);
#1278=VERTEX_POINT('',#3905);
#1279=VERTEX_POINT('',#3907);
#1280=VERTEX_POINT('',#3909);
#1281=VERTEX_POINT('',#3911);
#1282=VERTEX_POINT('',#3913);
#1283=VERTEX_POINT('',#3915);
#1284=VERTEX_POINT('',#3917);
#1285=VERTEX_POINT('',#3920);
#1286=VERTEX_POINT('',#3921);
#1287=VERTEX_POINT('',#3923);
#1288=VERTEX_POINT('',#3925);
#1289=VERTEX_POINT('',#3928);
#1290=VERTEX_POINT('',#3929);
#1291=VERTEX_POINT('',#3931);
#1292=VERTEX_POINT('',#3933);
#1293=VERTEX_POINT('',#3936);
#1294=VERTEX_POINT('',#3937);
#1295=VERTEX_POINT('',#3939);
#1296=VERTEX_POINT('',#3941);
#1297=VERTEX_POINT('',#3944);
#1298=VERTEX_POINT('',#3945);
#1299=VERTEX_POINT('',#3947);
#1300=VERTEX_POINT('',#3949);
#1301=VERTEX_POINT('',#3952);
#1302=VERTEX_POINT('',#3953);
#1303=VERTEX_POINT('',#3955);
#1304=VERTEX_POINT('',#3957);
#1305=VERTEX_POINT('',#3960);
#1306=VERTEX_POINT('',#3961);
#1307=VERTEX_POINT('',#3963);
#1308=VERTEX_POINT('',#3965);
#1309=VERTEX_POINT('',#3968);
#1310=VERTEX_POINT('',#3969);
#1311=VERTEX_POINT('',#3971);
#1312=VERTEX_POINT('',#3973);
#1313=VERTEX_POINT('',#3976);
#1314=VERTEX_POINT('',#3977);
#1315=VERTEX_POINT('',#3979);
#1316=VERTEX_POINT('',#3981);
#1317=VERTEX_POINT('',#3985);
#1318=VERTEX_POINT('',#3987);
#1319=VERTEX_POINT('',#3989);
#1320=VERTEX_POINT('',#3990);
#1321=VERTEX_POINT('',#3992);
#1322=VERTEX_POINT('',#3994);
#1323=VERTEX_POINT('',#3996);
#1324=VERTEX_POINT('',#3998);
#1325=VERTEX_POINT('',#4000);
#1326=VERTEX_POINT('',#4002);
#1327=VERTEX_POINT('',#4004);
#1328=VERTEX_POINT('',#4006);
#1329=VERTEX_POINT('',#4008);
#1330=VERTEX_POINT('',#4010);
#1331=VERTEX_POINT('',#4012);
#1332=VERTEX_POINT('',#4014);
#1333=VERTEX_POINT('',#4016);
#1334=VERTEX_POINT('',#4018);
#1335=VERTEX_POINT('',#4020);
#1336=VERTEX_POINT('',#4022);
#1337=VERTEX_POINT('',#4024);
#1338=VERTEX_POINT('',#4026);
#1339=VERTEX_POINT('',#4028);
#1340=VERTEX_POINT('',#4030);
#1341=VERTEX_POINT('',#4034);
#1342=VERTEX_POINT('',#4036);
#1343=VERTEX_POINT('',#4037);
#1344=VERTEX_POINT('',#4039);
#1345=VERTEX_POINT('',#4041);
#1346=VERTEX_POINT('',#4043);
#1347=VERTEX_POINT('',#4045);
#1348=VERTEX_POINT('',#4047);
#1349=VERTEX_POINT('',#4049);
#1350=VERTEX_POINT('',#4051);
#1351=VERTEX_POINT('',#4053);
#1352=VERTEX_POINT('',#4055);
#1353=VERTEX_POINT('',#4057);
#1354=VERTEX_POINT('',#4061);
#1355=VERTEX_POINT('',#4062);
#1356=VERTEX_POINT('',#4064);
#1357=VERTEX_POINT('',#4066);
#1358=VERTEX_POINT('',#4070);
#1359=VERTEX_POINT('',#4072);
#1360=VERTEX_POINT('',#4073);
#1361=VERTEX_POINT('',#4075);
#1362=VERTEX_POINT('',#4077);
#1363=VERTEX_POINT('',#4079);
#1364=VERTEX_POINT('',#4081);
#1365=VERTEX_POINT('',#4083);
#1366=VERTEX_POINT('',#4085);
#1367=VERTEX_POINT('',#4087);
#1368=VERTEX_POINT('',#4089);
#1369=VERTEX_POINT('',#4091);
#1370=VERTEX_POINT('',#4093);
#1371=VERTEX_POINT('',#4100);
#1372=VERTEX_POINT('',#4102);
#1373=VERTEX_POINT('',#4103);
#1374=VERTEX_POINT('',#4105);
#1375=VERTEX_POINT('',#4107);
#1376=VERTEX_POINT('',#4109);
#1377=VERTEX_POINT('',#4111);
#1378=VERTEX_POINT('',#4113);
#1379=VERTEX_POINT('',#4115);
#1380=VERTEX_POINT('',#4117);
#1381=VERTEX_POINT('',#4119);
#1382=VERTEX_POINT('',#4126);
#1383=VERTEX_POINT('',#4127);
#1384=VERTEX_POINT('',#4132);
#1385=VERTEX_POINT('',#4133);
#1386=VERTEX_POINT('',#4135);
#1387=VERTEX_POINT('',#4137);
#1388=VERTEX_POINT('',#4140);
#1389=VERTEX_POINT('',#4141);
#1390=VERTEX_POINT('',#4143);
#1391=VERTEX_POINT('',#4145);
#1392=VERTEX_POINT('',#4149);
#1393=VERTEX_POINT('',#4150);
#1394=VERTEX_POINT('',#4152);
#1395=VERTEX_POINT('',#4154);
#1396=VERTEX_POINT('',#4157);
#1397=VERTEX_POINT('',#4158);
#1398=VERTEX_POINT('',#4160);
#1399=VERTEX_POINT('',#4162);
#1400=VERTEX_POINT('',#4166);
#1401=VERTEX_POINT('',#4167);
#1402=VERTEX_POINT('',#4169);
#1403=VERTEX_POINT('',#4171);
#1404=VERTEX_POINT('',#4176);
#1405=VERTEX_POINT('',#4177);
#1406=VERTEX_POINT('',#4179);
#1407=VERTEX_POINT('',#4181);
#1408=VERTEX_POINT('',#4187);
#1409=VERTEX_POINT('',#4188);
#1410=VERTEX_POINT('',#4190);
#1411=VERTEX_POINT('',#4192);
#1412=VERTEX_POINT('',#4195);
#1413=VERTEX_POINT('',#4196);
#1414=VERTEX_POINT('',#4198);
#1415=VERTEX_POINT('',#4200);
#1416=VERTEX_POINT('',#4204);
#1417=VERTEX_POINT('',#4205);
#1418=VERTEX_POINT('',#4207);
#1419=VERTEX_POINT('',#4209);
#1420=VERTEX_POINT('',#4212);
#1421=VERTEX_POINT('',#4214);
#1422=VERTEX_POINT('',#4217);
#1423=VERTEX_POINT('',#4218);
#1424=VERTEX_POINT('',#4220);
#1425=VERTEX_POINT('',#4222);
#1426=VERTEX_POINT('',#4226);
#1427=VERTEX_POINT('',#4228);
#1428=VERTEX_POINT('',#4231);
#1429=VERTEX_POINT('',#4232);
#1430=VERTEX_POINT('',#4234);
#1431=VERTEX_POINT('',#4236);
#1432=VERTEX_POINT('',#4239);
#1433=VERTEX_POINT('',#4240);
#1434=VERTEX_POINT('',#4242);
#1435=VERTEX_POINT('',#4244);
#1436=VERTEX_POINT('',#4248);
#1437=VERTEX_POINT('',#4249);
#1438=VERTEX_POINT('',#4255);
#1439=VERTEX_POINT('',#4256);
#1440=VERTEX_POINT('',#4263);
#1441=VERTEX_POINT('',#4267);
#1442=VERTEX_POINT('',#4270);
#1443=VERTEX_POINT('',#4292);
#1444=VERTEX_POINT('',#4293);
#1445=VERTEX_POINT('',#4295);
#1446=VERTEX_POINT('',#4298);
#1447=VERTEX_POINT('',#4302);
#1448=VERTEX_POINT('',#4303);
#1449=VERTEX_POINT('',#4305);
#1450=VERTEX_POINT('',#4307);
#1451=VERTEX_POINT('',#4312);
#1452=VERTEX_POINT('',#4316);
#1453=VERTEX_POINT('',#4320);
#1454=VERTEX_POINT('',#4323);
#1455=VERTEX_POINT('',#4327);
#1456=VERTEX_POINT('',#4328);
#1457=VERTEX_POINT('',#4330);
#1458=VERTEX_POINT('',#4335);
#1459=VERTEX_POINT('',#4337);
#1460=VERTEX_POINT('',#4339);
#1461=VERTEX_POINT('',#4370);
#1462=VERTEX_POINT('',#4371);
#1463=VERTEX_POINT('',#4373);
#1464=VERTEX_POINT('',#4377);
#1465=VERTEX_POINT('',#4380);
#1466=VERTEX_POINT('',#4386);
#1467=VERTEX_POINT('',#4390);
#1468=VERTEX_POINT('',#4391);
#1469=VERTEX_POINT('',#4393);
#1470=VERTEX_POINT('',#4398);
#1471=VERTEX_POINT('',#4414);
#1472=VERTEX_POINT('',#4416);
#1473=VERTEX_POINT('',#4417);
#1474=VERTEX_POINT('',#4419);
#1475=VERTEX_POINT('',#4421);
#1476=VERTEX_POINT('',#4480);
#1477=VERTEX_POINT('',#4482);
#1478=VERTEX_POINT('',#4486);
#1479=VERTEX_POINT('',#4490);
#1480=VERTEX_POINT('',#4497);
#1481=VERTEX_POINT('',#4499);
#1482=VERTEX_POINT('',#4503);
#1483=VERTEX_POINT('',#4507);
#1484=VERTEX_POINT('',#4534);
#1485=VERTEX_POINT('',#4536);
#1486=VERTEX_POINT('',#4540);
#1487=VERTEX_POINT('',#4542);
#1488=VERTEX_POINT('',#4546);
#1489=VERTEX_POINT('',#4550);
#1490=VERTEX_POINT('',#4556);
#1491=VERTEX_POINT('',#4558);
#1492=VERTEX_POINT('',#4562);
#1493=VERTEX_POINT('',#4566);
#1494=VERTEX_POINT('',#4572);
#1495=VERTEX_POINT('',#4574);
#1496=VERTEX_POINT('',#4576);
#1497=VERTEX_POINT('',#4580);
#1498=VERTEX_POINT('',#4584);
#1499=VERTEX_POINT('',#4586);
#1500=VERTEX_POINT('',#4594);
#1501=VERTEX_POINT('',#4599);
#1502=VERTEX_POINT('',#4607);
#1503=VERTEX_POINT('',#4609);
#1504=VERTEX_POINT('',#4613);
#1505=VERTEX_POINT('',#4617);
#1506=VERTEX_POINT('',#4623);
#1507=VERTEX_POINT('',#4625);
#1508=VERTEX_POINT('',#4637);
#1509=VERTEX_POINT('',#4639);
#1510=VERTEX_POINT('',#4643);
#1511=VERTEX_POINT('',#4645);
#1512=LINE('',#3836,#1911);
#1513=LINE('',#3839,#1912);
#1514=LINE('',#3841,#1913);
#1515=LINE('',#3843,#1914);
#1516=LINE('',#3845,#1915);
#1517=LINE('',#3848,#1916);
#1518=LINE('',#3850,#1917);
#1519=LINE('',#3852,#1918);
#1520=LINE('',#3854,#1919);
#1521=LINE('',#3857,#1920);
#1522=LINE('',#3859,#1921);
#1523=LINE('',#3861,#1922);
#1524=LINE('',#3862,#1923);
#1525=LINE('',#3865,#1924);
#1526=LINE('',#3867,#1925);
#1527=LINE('',#3869,#1926);
#1528=LINE('',#3871,#1927);
#1529=LINE('',#3874,#1928);
#1530=LINE('',#3876,#1929);
#1531=LINE('',#3878,#1930);
#1532=LINE('',#3880,#1931);
#1533=LINE('',#3882,#1932);
#1534=LINE('',#3884,#1933);
#1535=LINE('',#3886,#1934);
#1536=LINE('',#3888,#1935);
#1537=LINE('',#3890,#1936);
#1538=LINE('',#3892,#1937);
#1539=LINE('',#3894,#1938);
#1540=LINE('',#3896,#1939);
#1541=LINE('',#3898,#1940);
#1542=LINE('',#3900,#1941);
#1543=LINE('',#3902,#1942);
#1544=LINE('',#3904,#1943);
#1545=LINE('',#3906,#1944);
#1546=LINE('',#3908,#1945);
#1547=LINE('',#3910,#1946);
#1548=LINE('',#3912,#1947);
#1549=LINE('',#3914,#1948);
#1550=LINE('',#3916,#1949);
#1551=LINE('',#3918,#1950);
#1552=LINE('',#3919,#1951);
#1553=LINE('',#3922,#1952);
#1554=LINE('',#3924,#1953);
#1555=LINE('',#3926,#1954);
#1556=LINE('',#3927,#1955);
#1557=LINE('',#3930,#1956);
#1558=LINE('',#3932,#1957);
#1559=LINE('',#3934,#1958);
#1560=LINE('',#3935,#1959);
#1561=LINE('',#3938,#1960);
#1562=LINE('',#3940,#1961);
#1563=LINE('',#3942,#1962);
#1564=LINE('',#3943,#1963);
#1565=LINE('',#3946,#1964);
#1566=LINE('',#3948,#1965);
#1567=LINE('',#3950,#1966);
#1568=LINE('',#3951,#1967);
#1569=LINE('',#3954,#1968);
#1570=LINE('',#3956,#1969);
#1571=LINE('',#3958,#1970);
#1572=LINE('',#3959,#1971);
#1573=LINE('',#3962,#1972);
#1574=LINE('',#3964,#1973);
#1575=LINE('',#3966,#1974);
#1576=LINE('',#3967,#1975);
#1577=LINE('',#3970,#1976);
#1578=LINE('',#3972,#1977);
#1579=LINE('',#3974,#1978);
#1580=LINE('',#3975,#1979);
#1581=LINE('',#3978,#1980);
#1582=LINE('',#3980,#1981);
#1583=LINE('',#3982,#1982);
#1584=LINE('',#3988,#1983);
#1585=LINE('',#3991,#1984);
#1586=LINE('',#3993,#1985);
#1587=LINE('',#3995,#1986);
#1588=LINE('',#3997,#1987);
#1589=LINE('',#3999,#1988);
#1590=LINE('',#4001,#1989);
#1591=LINE('',#4003,#1990);
#1592=LINE('',#4005,#1991);
#1593=LINE('',#4007,#1992);
#1594=LINE('',#4009,#1993);
#1595=LINE('',#4011,#1994);
#1596=LINE('',#4013,#1995);
#1597=LINE('',#4015,#1996);
#1598=LINE('',#4017,#1997);
#1599=LINE('',#4019,#1998);
#1600=LINE('',#4021,#1999);
#1601=LINE('',#4023,#2000);
#1602=LINE('',#4025,#2001);
#1603=LINE('',#4027,#2002);
#1604=LINE('',#4029,#2003);
#1605=LINE('',#4031,#2004);
#1606=LINE('',#4035,#2005);
#1607=LINE('',#4038,#2006);
#1608=LINE('',#4040,#2007);
#1609=LINE('',#4042,#2008);
#1610=LINE('',#4044,#2009);
#1611=LINE('',#4046,#2010);
#1612=LINE('',#4048,#2011);
#1613=LINE('',#4050,#2012);
#1614=LINE('',#4052,#2013);
#1615=LINE('',#4054,#2014);
#1616=LINE('',#4056,#2015);
#1617=LINE('',#4058,#2016);
#1618=LINE('',#4060,#2017);
#1619=LINE('',#4063,#2018);
#1620=LINE('',#4065,#2019);
#1621=LINE('',#4067,#2020);
#1622=LINE('',#4071,#2021);
#1623=LINE('',#4074,#2022);
#1624=LINE('',#4076,#2023);
#1625=LINE('',#4078,#2024);
#1626=LINE('',#4080,#2025);
#1627=LINE('',#4082,#2026);
#1628=LINE('',#4084,#2027);
#1629=LINE('',#4086,#2028);
#1630=LINE('',#4088,#2029);
#1631=LINE('',#4090,#2030);
#1632=LINE('',#4092,#2031);
#1633=LINE('',#4094,#2032);
#1634=LINE('',#4096,#2033);
#1635=LINE('',#4097,#2034);
#1636=LINE('',#4101,#2035);
#1637=LINE('',#4104,#2036);
#1638=LINE('',#4106,#2037);
#1639=LINE('',#4108,#2038);
#1640=LINE('',#4110,#2039);
#1641=LINE('',#4112,#2040);
#1642=LINE('',#4114,#2041);
#1643=LINE('',#4116,#2042);
#1644=LINE('',#4118,#2043);
#1645=LINE('',#4120,#2044);
#1646=LINE('',#4122,#2045);
#1647=LINE('',#4123,#2046);
#1648=LINE('',#4125,#2047);
#1649=LINE('',#4128,#2048);
#1650=LINE('',#4129,#2049);
#1651=LINE('',#4131,#2050);
#1652=LINE('',#4134,#2051);
#1653=LINE('',#4136,#2052);
#1654=LINE('',#4138,#2053);
#1655=LINE('',#4139,#2054);
#1656=LINE('',#4142,#2055);
#1657=LINE('',#4144,#2056);
#1658=LINE('',#4146,#2057);
#1659=LINE('',#4148,#2058);
#1660=LINE('',#4151,#2059);
#1661=LINE('',#4153,#2060);
#1662=LINE('',#4155,#2061);
#1663=LINE('',#4156,#2062);
#1664=LINE('',#4159,#2063);
#1665=LINE('',#4161,#2064);
#1666=LINE('',#4163,#2065);
#1667=LINE('',#4165,#2066);
#1668=LINE('',#4168,#2067);
#1669=LINE('',#4170,#2068);
#1670=LINE('',#4172,#2069);
#1671=LINE('',#4173,#2070);
#1672=LINE('',#4174,#2071);
#1673=LINE('',#4175,#2072);
#1674=LINE('',#4178,#2073);
#1675=LINE('',#4180,#2074);
#1676=LINE('',#4182,#2075);
#1677=LINE('',#4184,#2076);
#1678=LINE('',#4185,#2077);
#1679=LINE('',#4186,#2078);
#1680=LINE('',#4189,#2079);
#1681=LINE('',#4191,#2080);
#1682=LINE('',#4193,#2081);
#1683=LINE('',#4194,#2082);
#1684=LINE('',#4197,#2083);
#1685=LINE('',#4199,#2084);
#1686=LINE('',#4201,#2085);
#1687=LINE('',#4203,#2086);
#1688=LINE('',#4206,#2087);
#1689=LINE('',#4208,#2088);
#1690=LINE('',#4210,#2089);
#1691=LINE('',#4211,#2090);
#1692=LINE('',#4213,#2091);
#1693=LINE('',#4215,#2092);
#1694=LINE('',#4216,#2093);
#1695=LINE('',#4219,#2094);
#1696=LINE('',#4221,#2095);
#1697=LINE('',#4223,#2096);
#1698=LINE('',#4225,#2097);
#1699=LINE('',#4227,#2098);
#1700=LINE('',#4229,#2099);
#1701=LINE('',#4230,#2100);
#1702=LINE('',#4233,#2101);
#1703=LINE('',#4235,#2102);
#1704=LINE('',#4237,#2103);
#1705=LINE('',#4238,#2104);
#1706=LINE('',#4241,#2105);
#1707=LINE('',#4243,#2106);
#1708=LINE('',#4245,#2107);
#1709=LINE('',#4247,#2108);
#1710=LINE('',#4250,#2109);
#1711=LINE('',#4251,#2110);
#1712=LINE('',#4252,#2111);
#1713=LINE('',#4254,#2112);
#1714=LINE('',#4257,#2113);
#1715=LINE('',#4258,#2114);
#1716=LINE('',#4260,#2115);
#1717=LINE('',#4261,#2116);
#1718=LINE('',#4262,#2117);
#1719=LINE('',#4264,#2118);
#1720=LINE('',#4266,#2119);
#1721=LINE('',#4268,#2120);
#1722=LINE('',#4269,#2121);
#1723=LINE('',#4271,#2122);
#1724=LINE('',#4273,#2123);
#1725=LINE('',#4275,#2124);
#1726=LINE('',#4276,#2125);
#1727=LINE('',#4278,#2126);
#1728=LINE('',#4279,#2127);
#1729=LINE('',#4281,#2128);
#1730=LINE('',#4282,#2129);
#1731=LINE('',#4283,#2130);
#1732=LINE('',#4286,#2131);
#1733=LINE('',#4288,#2132);
#1734=LINE('',#4289,#2133);
#1735=LINE('',#4291,#2134);
#1736=LINE('',#4294,#2135);
#1737=LINE('',#4296,#2136);
#1738=LINE('',#4297,#2137);
#1739=LINE('',#4299,#2138);
#1740=LINE('',#4301,#2139);
#1741=LINE('',#4304,#2140);
#1742=LINE('',#4306,#2141);
#1743=LINE('',#4308,#2142);
#1744=LINE('',#4309,#2143);
#1745=LINE('',#4311,#2144);
#1746=LINE('',#4313,#2145);
#1747=LINE('',#4315,#2146);
#1748=LINE('',#4317,#2147);
#1749=LINE('',#4319,#2148);
#1750=LINE('',#4321,#2149);
#1751=LINE('',#4322,#2150);
#1752=LINE('',#4324,#2151);
#1753=LINE('',#4326,#2152);
#1754=LINE('',#4329,#2153);
#1755=LINE('',#4331,#2154);
#1756=LINE('',#4332,#2155);
#1757=LINE('',#4334,#2156);
#1758=LINE('',#4336,#2157);
#1759=LINE('',#4338,#2158);
#1760=LINE('',#4340,#2159);
#1761=LINE('',#4342,#2160);
#1762=LINE('',#4344,#2161);
#1763=LINE('',#4346,#2162);
#1764=LINE('',#4347,#2163);
#1765=LINE('',#4349,#2164);
#1766=LINE('',#4351,#2165);
#1767=LINE('',#4353,#2166);
#1768=LINE('',#4355,#2167);
#1769=LINE('',#4357,#2168);
#1770=LINE('',#4358,#2169);
#1771=LINE('',#4360,#2170);
#1772=LINE('',#4362,#2171);
#1773=LINE('',#4364,#2172);
#1774=LINE('',#4367,#2173);
#1775=LINE('',#4369,#2174);
#1776=LINE('',#4372,#2175);
#1777=LINE('',#4374,#2176);
#1778=LINE('',#4375,#2177);
#1779=LINE('',#4376,#2178);
#1780=LINE('',#4378,#2179);
#1781=LINE('',#4383,#2180);
#1782=LINE('',#4385,#2181);
#1783=LINE('',#4387,#2182);
#1784=LINE('',#4389,#2183);
#1785=LINE('',#4392,#2184);
#1786=LINE('',#4394,#2185);
#1787=LINE('',#4395,#2186);
#1788=LINE('',#4396,#2187);
#1789=LINE('',#4401,#2188);
#1790=LINE('',#4403,#2189);
#1791=LINE('',#4406,#2190);
#1792=LINE('',#4409,#2191);
#1793=LINE('',#4411,#2192);
#1794=LINE('',#4415,#2193);
#1795=LINE('',#4418,#2194);
#1796=LINE('',#4420,#2195);
#1797=LINE('',#4422,#2196);
#1798=LINE('',#4423,#2197);
#1799=LINE('',#4424,#2198);
#1800=LINE('',#4427,#2199);
#1801=LINE('',#4429,#2200);
#1802=LINE('',#4436,#2201);
#1803=LINE('',#4439,#2202);
#1804=LINE('',#4440,#2203);
#1805=LINE('',#4442,#2204);
#1806=LINE('',#4444,#2205);
#1807=LINE('',#4447,#2206);
#1808=LINE('',#4448,#2207);
#1809=LINE('',#4450,#2208);
#1810=LINE('',#4452,#2209);
#1811=LINE('',#4455,#2210);
#1812=LINE('',#4456,#2211);
#1813=LINE('',#4458,#2212);
#1814=LINE('',#4460,#2213);
#1815=LINE('',#4463,#2214);
#1816=LINE('',#4464,#2215);
#1817=LINE('',#4466,#2216);
#1818=LINE('',#4468,#2217);
#1819=LINE('',#4471,#2218);
#1820=LINE('',#4472,#2219);
#1821=LINE('',#4474,#2220);
#1822=LINE('',#4476,#2221);
#1823=LINE('',#4479,#2222);
#1824=LINE('',#4481,#2223);
#1825=LINE('',#4483,#2224);
#1826=LINE('',#4485,#2225);
#1827=LINE('',#4487,#2226);
#1828=LINE('',#4489,#2227);
#1829=LINE('',#4491,#2228);
#1830=LINE('',#4493,#2229);
#1831=LINE('',#4496,#2230);
#1832=LINE('',#4498,#2231);
#1833=LINE('',#4500,#2232);
#1834=LINE('',#4502,#2233);
#1835=LINE('',#4504,#2234);
#1836=LINE('',#4506,#2235);
#1837=LINE('',#4508,#2236);
#1838=LINE('',#4510,#2237);
#1839=LINE('',#4513,#2238);
#1840=LINE('',#4515,#2239);
#1841=LINE('',#4518,#2240);
#1842=LINE('',#4520,#2241);
#1843=LINE('',#4523,#2242);
#1844=LINE('',#4524,#2243);
#1845=LINE('',#4528,#2244);
#1846=LINE('',#4529,#2245);
#1847=LINE('',#4533,#2246);
#1848=LINE('',#4535,#2247);
#1849=LINE('',#4537,#2248);
#1850=LINE('',#4539,#2249);
#1851=LINE('',#4541,#2250);
#1852=LINE('',#4543,#2251);
#1853=LINE('',#4545,#2252);
#1854=LINE('',#4547,#2253);
#1855=LINE('',#4549,#2254);
#1856=LINE('',#4551,#2255);
#1857=LINE('',#4553,#2256);
#1858=LINE('',#4555,#2257);
#1859=LINE('',#4557,#2258);
#1860=LINE('',#4559,#2259);
#1861=LINE('',#4561,#2260);
#1862=LINE('',#4563,#2261);
#1863=LINE('',#4565,#2262);
#1864=LINE('',#4567,#2263);
#1865=LINE('',#4569,#2264);
#1866=LINE('',#4571,#2265);
#1867=LINE('',#4573,#2266);
#1868=LINE('',#4575,#2267);
#1869=LINE('',#4577,#2268);
#1870=LINE('',#4579,#2269);
#1871=LINE('',#4581,#2270);
#1872=LINE('',#4583,#2271);
#1873=LINE('',#4585,#2272);
#1874=LINE('',#4587,#2273);
#1875=LINE('',#4589,#2274);
#1876=LINE('',#4591,#2275);
#1877=LINE('',#4593,#2276);
#1878=LINE('',#4595,#2277);
#1879=LINE('',#4596,#2278);
#1880=LINE('',#4598,#2279);
#1881=LINE('',#4600,#2280);
#1882=LINE('',#4602,#2281);
#1883=LINE('',#4603,#2282);
#1884=LINE('',#4606,#2283);
#1885=LINE('',#4608,#2284);
#1886=LINE('',#4610,#2285);
#1887=LINE('',#4612,#2286);
#1888=LINE('',#4614,#2287);
#1889=LINE('',#4616,#2288);
#1890=LINE('',#4618,#2289);
#1891=LINE('',#4620,#2290);
#1892=LINE('',#4622,#2291);
#1893=LINE('',#4624,#2292);
#1894=LINE('',#4626,#2293);
#1895=LINE('',#4628,#2294);
#1896=LINE('',#4629,#2295);
#1897=LINE('',#4631,#2296);
#1898=LINE('',#4633,#2297);
#1899=LINE('',#4635,#2298);
#1900=LINE('',#4636,#2299);
#1901=LINE('',#4638,#2300);
#1902=LINE('',#4640,#2301);
#1903=LINE('',#4641,#2302);
#1904=LINE('',#4642,#2303);
#1905=LINE('',#4644,#2304);
#1906=LINE('',#4646,#2305);
#1907=LINE('',#4648,#2306);
#1908=LINE('',#4649,#2307);
#1909=LINE('',#4651,#2308);
#1910=LINE('',#4653,#2309);
#1911=VECTOR('',#3129,1.);
#1912=VECTOR('',#3130,1.);
#1913=VECTOR('',#3131,1.);
#1914=VECTOR('',#3132,1.);
#1915=VECTOR('',#3135,1.);
#1916=VECTOR('',#3136,1.);
#1917=VECTOR('',#3137,1.);
#1918=VECTOR('',#3138,1.);
#1919=VECTOR('',#3141,1.);
#1920=VECTOR('',#3142,1.);
#1921=VECTOR('',#3143,1.);
#1922=VECTOR('',#3144,1.);
#1923=VECTOR('',#3145,1.);
#1924=VECTOR('',#3146,1.);
#1925=VECTOR('',#3147,1.);
#1926=VECTOR('',#3148,1.);
#1927=VECTOR('',#3151,1.);
#1928=VECTOR('',#3152,1.);
#1929=VECTOR('',#3153,1.);
#1930=VECTOR('',#3154,1.);
#1931=VECTOR('',#3155,1.);
#1932=VECTOR('',#3156,1.);
#1933=VECTOR('',#3157,1.);
#1934=VECTOR('',#3158,1.);
#1935=VECTOR('',#3159,1.);
#1936=VECTOR('',#3160,1.);
#1937=VECTOR('',#3161,1.);
#1938=VECTOR('',#3162,1.);
#1939=VECTOR('',#3163,1.);
#1940=VECTOR('',#3164,1.);
#1941=VECTOR('',#3165,1.);
#1942=VECTOR('',#3166,1.);
#1943=VECTOR('',#3167,1.);
#1944=VECTOR('',#3168,1.);
#1945=VECTOR('',#3169,1.);
#1946=VECTOR('',#3170,1.);
#1947=VECTOR('',#3171,1.);
#1948=VECTOR('',#3172,1.);
#1949=VECTOR('',#3173,1.);
#1950=VECTOR('',#3174,1.);
#1951=VECTOR('',#3175,1.);
#1952=VECTOR('',#3176,1.);
#1953=VECTOR('',#3177,1.);
#1954=VECTOR('',#3178,1.);
#1955=VECTOR('',#3179,1.);
#1956=VECTOR('',#3180,1.);
#1957=VECTOR('',#3181,1.);
#1958=VECTOR('',#3182,1.);
#1959=VECTOR('',#3183,1.);
#1960=VECTOR('',#3184,1.);
#1961=VECTOR('',#3185,1.);
#1962=VECTOR('',#3186,1.);
#1963=VECTOR('',#3187,1.);
#1964=VECTOR('',#3188,1.);
#1965=VECTOR('',#3189,1.);
#1966=VECTOR('',#3190,1.);
#1967=VECTOR('',#3191,1.);
#1968=VECTOR('',#3192,1.);
#1969=VECTOR('',#3193,1.);
#1970=VECTOR('',#3194,1.);
#1971=VECTOR('',#3195,1.);
#1972=VECTOR('',#3196,1.);
#1973=VECTOR('',#3197,1.);
#1974=VECTOR('',#3198,1.);
#1975=VECTOR('',#3199,1.);
#1976=VECTOR('',#3200,1.);
#1977=VECTOR('',#3201,1.);
#1978=VECTOR('',#3202,1.);
#1979=VECTOR('',#3203,1.);
#1980=VECTOR('',#3204,1.);
#1981=VECTOR('',#3205,1.);
#1982=VECTOR('',#3206,1.);
#1983=VECTOR('',#3213,1.);
#1984=VECTOR('',#3214,1.);
#1985=VECTOR('',#3215,1.);
#1986=VECTOR('',#3216,1.);
#1987=VECTOR('',#3217,1.);
#1988=VECTOR('',#3218,1.);
#1989=VECTOR('',#3219,1.);
#1990=VECTOR('',#3220,1.);
#1991=VECTOR('',#3221,1.);
#1992=VECTOR('',#3222,1.);
#1993=VECTOR('',#3223,1.);
#1994=VECTOR('',#3224,1.);
#1995=VECTOR('',#3225,1.);
#1996=VECTOR('',#3226,1.);
#1997=VECTOR('',#3227,1.);
#1998=VECTOR('',#3228,1.);
#1999=VECTOR('',#3229,1.);
#2000=VECTOR('',#3230,1.);
#2001=VECTOR('',#3231,1.);
#2002=VECTOR('',#3232,1.);
#2003=VECTOR('',#3233,1.);
#2004=VECTOR('',#3234,1.);
#2005=VECTOR('',#3239,1.);
#2006=VECTOR('',#3240,1.);
#2007=VECTOR('',#3241,1.);
#2008=VECTOR('',#3242,1.);
#2009=VECTOR('',#3243,1.);
#2010=VECTOR('',#3244,1.);
#2011=VECTOR('',#3245,1.);
#2012=VECTOR('',#3246,1.);
#2013=VECTOR('',#3247,1.);
#2014=VECTOR('',#3248,1.);
#2015=VECTOR('',#3249,1.);
#2016=VECTOR('',#3250,1.);
#2017=VECTOR('',#3253,1.);
#2018=VECTOR('',#3254,1.);
#2019=VECTOR('',#3255,1.);
#2020=VECTOR('',#3256,1.);
#2021=VECTOR('',#3261,1.);
#2022=VECTOR('',#3262,1.);
#2023=VECTOR('',#3263,1.);
#2024=VECTOR('',#3264,1.);
#2025=VECTOR('',#3265,1.);
#2026=VECTOR('',#3266,1.);
#2027=VECTOR('',#3267,1.);
#2028=VECTOR('',#3268,1.);
#2029=VECTOR('',#3269,1.);
#2030=VECTOR('',#3270,1.);
#2031=VECTOR('',#3271,1.);
#2032=VECTOR('',#3272,1.);
#2033=VECTOR('',#3275,1.);
#2034=VECTOR('',#3276,1.);
#2035=VECTOR('',#3281,1.);
#2036=VECTOR('',#3282,1.);
#2037=VECTOR('',#3283,1.);
#2038=VECTOR('',#3284,1.);
#2039=VECTOR('',#3285,1.);
#2040=VECTOR('',#3286,1.);
#2041=VECTOR('',#3287,1.);
#2042=VECTOR('',#3288,1.);
#2043=VECTOR('',#3289,1.);
#2044=VECTOR('',#3290,1.);
#2045=VECTOR('',#3293,1.);
#2046=VECTOR('',#3294,1.);
#2047=VECTOR('',#3297,1.);
#2048=VECTOR('',#3298,1.);
#2049=VECTOR('',#3299,1.);
#2050=VECTOR('',#3302,1.);
#2051=VECTOR('',#3303,1.);
#2052=VECTOR('',#3304,1.);
#2053=VECTOR('',#3305,1.);
#2054=VECTOR('',#3306,1.);
#2055=VECTOR('',#3307,1.);
#2056=VECTOR('',#3308,1.);
#2057=VECTOR('',#3309,1.);
#2058=VECTOR('',#3312,1.);
#2059=VECTOR('',#3313,1.);
#2060=VECTOR('',#3314,1.);
#2061=VECTOR('',#3315,1.);
#2062=VECTOR('',#3316,1.);
#2063=VECTOR('',#3317,1.);
#2064=VECTOR('',#3318,1.);
#2065=VECTOR('',#3319,1.);
#2066=VECTOR('',#3322,1.);
#2067=VECTOR('',#3323,1.);
#2068=VECTOR('',#3324,1.);
#2069=VECTOR('',#3325,1.);
#2070=VECTOR('',#3326,1.);
#2071=VECTOR('',#3327,1.);
#2072=VECTOR('',#3328,1.);
#2073=VECTOR('',#3329,1.);
#2074=VECTOR('',#3330,1.);
#2075=VECTOR('',#3331,1.);
#2076=VECTOR('',#3334,1.);
#2077=VECTOR('',#3335,1.);
#2078=VECTOR('',#3336,1.);
#2079=VECTOR('',#3337,1.);
#2080=VECTOR('',#3338,1.);
#2081=VECTOR('',#3339,1.);
#2082=VECTOR('',#3340,1.);
#2083=VECTOR('',#3341,1.);
#2084=VECTOR('',#3342,1.);
#2085=VECTOR('',#3343,1.);
#2086=VECTOR('',#3346,1.);
#2087=VECTOR('',#3347,1.);
#2088=VECTOR('',#3348,1.);
#2089=VECTOR('',#3349,1.);
#2090=VECTOR('',#3350,1.);
#2091=VECTOR('',#3351,1.);
#2092=VECTOR('',#3352,1.);
#2093=VECTOR('',#3353,1.);
#2094=VECTOR('',#3354,1.);
#2095=VECTOR('',#3355,1.);
#2096=VECTOR('',#3356,1.);
#2097=VECTOR('',#3359,1.);
#2098=VECTOR('',#3360,1.);
#2099=VECTOR('',#3361,1.);
#2100=VECTOR('',#3362,1.);
#2101=VECTOR('',#3363,1.);
#2102=VECTOR('',#3364,1.);
#2103=VECTOR('',#3365,1.);
#2104=VECTOR('',#3366,1.);
#2105=VECTOR('',#3367,1.);
#2106=VECTOR('',#3368,1.);
#2107=VECTOR('',#3369,1.);
#2108=VECTOR('',#3372,1.);
#2109=VECTOR('',#3373,1.);
#2110=VECTOR('',#3374,1.);
#2111=VECTOR('',#3375,1.);
#2112=VECTOR('',#3378,1.);
#2113=VECTOR('',#3379,1.);
#2114=VECTOR('',#3380,1.);
#2115=VECTOR('',#3383,1.);
#2116=VECTOR('',#3384,1.);
#2117=VECTOR('',#3385,1.);
#2118=VECTOR('',#3386,1.);
#2119=VECTOR('',#3389,1.);
#2120=VECTOR('',#3390,1.);
#2121=VECTOR('',#3391,1.);
#2122=VECTOR('',#3392,1.);
#2123=VECTOR('',#3395,1.);
#2124=VECTOR('',#3398,1.);
#2125=VECTOR('',#3399,1.);
#2126=VECTOR('',#3402,1.);
#2127=VECTOR('',#3403,1.);
#2128=VECTOR('',#3406,1.);
#2129=VECTOR('',#3407,1.);
#2130=VECTOR('',#3408,1.);
#2131=VECTOR('',#3413,1.);
#2132=VECTOR('',#3416,1.);
#2133=VECTOR('',#3417,1.);
#2134=VECTOR('',#3420,1.);
#2135=VECTOR('',#3421,1.);
#2136=VECTOR('',#3422,1.);
#2137=VECTOR('',#3423,1.);
#2138=VECTOR('',#3424,1.);
#2139=VECTOR('',#3427,1.);
#2140=VECTOR('',#3428,1.);
#2141=VECTOR('',#3429,1.);
#2142=VECTOR('',#3430,1.);
#2143=VECTOR('',#3431,1.);
#2144=VECTOR('',#3434,1.);
#2145=VECTOR('',#3435,1.);
#2146=VECTOR('',#3438,1.);
#2147=VECTOR('',#3439,1.);
#2148=VECTOR('',#3442,1.);
#2149=VECTOR('',#3443,1.);
#2150=VECTOR('',#3444,1.);
#2151=VECTOR('',#3445,1.);
#2152=VECTOR('',#3448,1.);
#2153=VECTOR('',#3449,1.);
#2154=VECTOR('',#3450,1.);
#2155=VECTOR('',#3451,1.);
#2156=VECTOR('',#3454,1.);
#2157=VECTOR('',#3455,1.);
#2158=VECTOR('',#3456,1.);
#2159=VECTOR('',#3457,1.);
#2160=VECTOR('',#3460,1.);
#2161=VECTOR('',#3463,1.);
#2162=VECTOR('',#3466,1.);
#2163=VECTOR('',#3467,1.);
#2164=VECTOR('',#3470,1.);
#2165=VECTOR('',#3473,1.);
#2166=VECTOR('',#3476,1.);
#2167=VECTOR('',#3479,1.);
#2168=VECTOR('',#3482,1.);
#2169=VECTOR('',#3483,1.);
#2170=VECTOR('',#3486,1.);
#2171=VECTOR('',#3489,1.);
#2172=VECTOR('',#3492,1.);
#2173=VECTOR('',#3497,1.);
#2174=VECTOR('',#3500,1.);
#2175=VECTOR('',#3501,1.);
#2176=VECTOR('',#3502,1.);
#2177=VECTOR('',#3503,1.);
#2178=VECTOR('',#3504,1.);
#2179=VECTOR('',#3505,1.);
#2180=VECTOR('',#3512,1.);
#2181=VECTOR('',#3515,1.);
#2182=VECTOR('',#3516,1.);
#2183=VECTOR('',#3519,1.);
#2184=VECTOR('',#3520,1.);
#2185=VECTOR('',#3521,1.);
#2186=VECTOR('',#3522,1.);
#2187=VECTOR('',#3523,1.);
#2188=VECTOR('',#3530,1.);
#2189=VECTOR('',#3533,1.);
#2190=VECTOR('',#3538,1.);
#2191=VECTOR('',#3543,1.);
#2192=VECTOR('',#3546,1.);
#2193=VECTOR('',#3551,1.);
#2194=VECTOR('',#3552,1.);
#2195=VECTOR('',#3553,1.);
#2196=VECTOR('',#3554,1.);
#2197=VECTOR('',#3555,1.);
#2198=VECTOR('',#3556,1.);
#2199=VECTOR('',#3561,1.);
#2200=VECTOR('',#3564,1.);
#2201=VECTOR('',#3577,1.);
#2202=VECTOR('',#3582,1.);
#2203=VECTOR('',#3583,1.);
#2204=VECTOR('',#3586,1.);
#2205=VECTOR('',#3589,1.);
#2206=VECTOR('',#3594,1.);
#2207=VECTOR('',#3595,1.);
#2208=VECTOR('',#3598,1.);
#2209=VECTOR('',#3601,1.);
#2210=VECTOR('',#3606,1.);
#2211=VECTOR('',#3607,1.);
#2212=VECTOR('',#3610,1.);
#2213=VECTOR('',#3613,1.);
#2214=VECTOR('',#3618,1.);
#2215=VECTOR('',#3619,1.);
#2216=VECTOR('',#3622,1.);
#2217=VECTOR('',#3625,1.);
#2218=VECTOR('',#3630,1.);
#2219=VECTOR('',#3631,1.);
#2220=VECTOR('',#3634,1.);
#2221=VECTOR('',#3637,1.);
#2222=VECTOR('',#3642,1.);
#2223=VECTOR('',#3643,1.);
#2224=VECTOR('',#3644,1.);
#2225=VECTOR('',#3647,1.);
#2226=VECTOR('',#3648,1.);
#2227=VECTOR('',#3651,1.);
#2228=VECTOR('',#3652,1.);
#2229=VECTOR('',#3655,1.);
#2230=VECTOR('',#3660,1.);
#2231=VECTOR('',#3661,1.);
#2232=VECTOR('',#3662,1.);
#2233=VECTOR('',#3665,1.);
#2234=VECTOR('',#3666,1.);
#2235=VECTOR('',#3669,1.);
#2236=VECTOR('',#3670,1.);
#2237=VECTOR('',#3673,1.);
#2238=VECTOR('',#3678,1.);
#2239=VECTOR('',#3681,1.);
#2240=VECTOR('',#3686,1.);
#2241=VECTOR('',#3689,1.);
#2242=VECTOR('',#3694,1.);
#2243=VECTOR('',#3695,1.);
#2244=VECTOR('',#3702,1.);
#2245=VECTOR('',#3703,1.);
#2246=VECTOR('',#3710,1.);
#2247=VECTOR('',#3711,1.);
#2248=VECTOR('',#3712,1.);
#2249=VECTOR('',#3715,1.);
#2250=VECTOR('',#3716,1.);
#2251=VECTOR('',#3717,1.);
#2252=VECTOR('',#3720,1.);
#2253=VECTOR('',#3721,1.);
#2254=VECTOR('',#3724,1.);
#2255=VECTOR('',#3725,1.);
#2256=VECTOR('',#3728,1.);
#2257=VECTOR('',#3731,1.);
#2258=VECTOR('',#3732,1.);
#2259=VECTOR('',#3733,1.);
#2260=VECTOR('',#3736,1.);
#2261=VECTOR('',#3737,1.);
#2262=VECTOR('',#3740,1.);
#2263=VECTOR('',#3741,1.);
#2264=VECTOR('',#3744,1.);
#2265=VECTOR('',#3747,1.);
#2266=VECTOR('',#3748,1.);
#2267=VECTOR('',#3749,1.);
#2268=VECTOR('',#3750,1.);
#2269=VECTOR('',#3753,1.);
#2270=VECTOR('',#3754,1.);
#2271=VECTOR('',#3757,1.);
#2272=VECTOR('',#3758,1.);
#2273=VECTOR('',#3759,1.);
#2274=VECTOR('',#3762,1.);
#2275=VECTOR('',#3765,1.);
#2276=VECTOR('',#3768,1.);
#2277=VECTOR('',#3769,1.);
#2278=VECTOR('',#3770,1.);
#2279=VECTOR('',#3773,1.);
#2280=VECTOR('',#3774,1.);
#2281=VECTOR('',#3777,1.);
#2282=VECTOR('',#3778,1.);
#2283=VECTOR('',#3783,1.);
#2284=VECTOR('',#3784,1.);
#2285=VECTOR('',#3785,1.);
#2286=VECTOR('',#3788,1.);
#2287=VECTOR('',#3789,1.);
#2288=VECTOR('',#3792,1.);
#2289=VECTOR('',#3793,1.);
#2290=VECTOR('',#3796,1.);
#2291=VECTOR('',#3799,1.);
#2292=VECTOR('',#3800,1.);
#2293=VECTOR('',#3801,1.);
#2294=VECTOR('',#3804,1.);
#2295=VECTOR('',#3805,1.);
#2296=VECTOR('',#3808,1.);
#2297=VECTOR('',#3811,1.);
#2298=VECTOR('',#3814,1.);
#2299=VECTOR('',#3815,1.);
#2300=VECTOR('',#3816,1.);
#2301=VECTOR('',#3817,1.);
#2302=VECTOR('',#3818,1.);
#2303=VECTOR('',#3819,1.);
#2304=VECTOR('',#3820,1.);
#2305=VECTOR('',#3821,1.);
#2306=VECTOR('',#3824,1.);
#2307=VECTOR('',#3825,1.);
#2308=VECTOR('',#3828,1.);
#2309=VECTOR('',#3831,1.);
#2310=EDGE_LOOP('',(#24,#25,#26,#27));
#2311=EDGE_LOOP('',(#28,#29,#30,#31));
#2312=EDGE_LOOP('',(#32,#33,#34,#35));
#2313=EDGE_LOOP('',(#36,#37,#38,#39));
#2314=EDGE_LOOP('',(#40,#41,#42,#43,#44,#45,#46,#47,#48,#49,#50,#51,#52,
#53,#54,#55,#56,#57,#58,#59,#60,#61,#62,#63));
#2315=EDGE_LOOP('',(#64,#65,#66,#67));
#2316=EDGE_LOOP('',(#68,#69,#70,#71));
#2317=EDGE_LOOP('',(#72,#73,#74,#75));
#2318=EDGE_LOOP('',(#76,#77,#78,#79));
#2319=EDGE_LOOP('',(#80,#81,#82,#83));
#2320=EDGE_LOOP('',(#84,#85,#86,#87));
#2321=EDGE_LOOP('',(#88,#89,#90,#91));
#2322=EDGE_LOOP('',(#92,#93,#94,#95));
#2323=EDGE_LOOP('',(#96));
#2324=EDGE_LOOP('',(#97));
#2325=EDGE_LOOP('',(#98,#99,#100,#101,#102,#103,#104,#105,#106,#107,#108,
#109,#110,#111,#112,#113,#114,#115,#116,#117,#118,#119));
#2326=EDGE_LOOP('',(#120));
#2327=EDGE_LOOP('',(#121,#122,#123,#124,#125,#126,#127,#128,#129,#130,#131,
#132));
#2328=EDGE_LOOP('',(#133,#134,#135,#136));
#2329=EDGE_LOOP('',(#137));
#2330=EDGE_LOOP('',(#138,#139,#140,#141,#142,#143,#144,#145,#146,#147,#148,
#149));
#2331=EDGE_LOOP('',(#150,#151,#152,#153));
#2332=EDGE_LOOP('',(#154));
#2333=EDGE_LOOP('',(#155,#156,#157,#158,#159,#160,#161,#162,#163,#164));
#2334=EDGE_LOOP('',(#165,#166,#167,#168));
#2335=EDGE_LOOP('',(#169,#170,#171,#172));
#2336=EDGE_LOOP('',(#173,#174,#175,#176));
#2337=EDGE_LOOP('',(#177,#178,#179,#180));
#2338=EDGE_LOOP('',(#181,#182,#183,#184));
#2339=EDGE_LOOP('',(#185,#186,#187,#188));
#2340=EDGE_LOOP('',(#189,#190,#191,#192));
#2341=EDGE_LOOP('',(#193,#194,#195,#196));
#2342=EDGE_LOOP('',(#197,#198,#199,#200));
#2343=EDGE_LOOP('',(#201,#202,#203,#204));
#2344=EDGE_LOOP('',(#205,#206,#207,#208));
#2345=EDGE_LOOP('',(#209,#210,#211,#212));
#2346=EDGE_LOOP('',(#213,#214,#215,#216));
#2347=EDGE_LOOP('',(#217,#218,#219,#220));
#2348=EDGE_LOOP('',(#221,#222,#223,#224));
#2349=EDGE_LOOP('',(#225,#226,#227,#228));
#2350=EDGE_LOOP('',(#229,#230,#231,#232));
#2351=EDGE_LOOP('',(#233,#234,#235,#236));
#2352=EDGE_LOOP('',(#237,#238,#239,#240));
#2353=EDGE_LOOP('',(#241,#242,#243,#244));
#2354=EDGE_LOOP('',(#245,#246,#247,#248));
#2355=EDGE_LOOP('',(#249,#250,#251,#252,#253,#254,#255,#256,#257,#258,#259,
#260));
#2356=EDGE_LOOP('',(#261,#262,#263,#264,#265,#266));
#2357=EDGE_LOOP('',(#267,#268,#269,#270));
#2358=EDGE_LOOP('',(#271,#272,#273,#274));
#2359=EDGE_LOOP('',(#275,#276,#277,#278));
#2360=EDGE_LOOP('',(#279,#280,#281,#282,#283,#284));
#2361=EDGE_LOOP('',(#285,#286,#287,#288));
#2362=EDGE_LOOP('',(#289,#290,#291,#292));
#2363=EDGE_LOOP('',(#293,#294,#295,#296,#297,#298));
#2364=EDGE_LOOP('',(#299,#300,#301,#302,#303,#304));
#2365=EDGE_LOOP('',(#305,#306,#307,#308,#309,#310));
#2366=EDGE_LOOP('',(#311,#312,#313,#314));
#2367=EDGE_LOOP('',(#315,#316,#317,#318));
#2368=EDGE_LOOP('',(#319,#320,#321,#322,#323,#324,#325,#326));
#2369=EDGE_LOOP('',(#327,#328,#329,#330,#331,#332,#333,#334));
#2370=EDGE_LOOP('',(#335,#336,#337,#338,#339,#340,#341,#342));
#2371=EDGE_LOOP('',(#343,#344,#345,#346));
#2372=EDGE_LOOP('',(#347,#348,#349,#350));
#2373=EDGE_LOOP('',(#351,#352,#353,#354));
#2374=EDGE_LOOP('',(#355,#356,#357));
#2375=EDGE_LOOP('',(#358,#359,#360));
#2376=EDGE_LOOP('',(#361,#362,#363,#364));
#2377=EDGE_LOOP('',(#365,#366,#367,#368));
#2378=EDGE_LOOP('',(#369,#370,#371,#372));
#2379=EDGE_LOOP('',(#373,#374,#375,#376));
#2380=EDGE_LOOP('',(#377,#378,#379));
#2381=EDGE_LOOP('',(#380,#381,#382));
#2382=EDGE_LOOP('',(#383,#384,#385,#386));
#2383=EDGE_LOOP('',(#387,#388,#389,#390));
#2384=EDGE_LOOP('',(#391,#392,#393,#394,#395,#396,#397,#398,#399,#400,#401,
#402));
#2385=EDGE_LOOP('',(#403));
#2386=EDGE_LOOP('',(#404,#405,#406,#407));
#2387=EDGE_LOOP('',(#408,#409,#410,#411,#412));
#2388=EDGE_LOOP('',(#413,#414,#415,#416));
#2389=EDGE_LOOP('',(#417,#418,#419,#420,#421,#422,#423,#424,#425,#426,#427,
#428));
#2390=EDGE_LOOP('',(#429));
#2391=EDGE_LOOP('',(#430,#431,#432,#433));
#2392=EDGE_LOOP('',(#434,#435,#436,#437));
#2393=EDGE_LOOP('',(#438,#439,#440,#441));
#2394=EDGE_LOOP('',(#442,#443,#444,#445));
#2395=EDGE_LOOP('',(#446,#447,#448,#449));
#2396=EDGE_LOOP('',(#450,#451,#452,#453));
#2397=EDGE_LOOP('',(#454,#455,#456,#457));
#2398=EDGE_LOOP('',(#458,#459,#460,#461));
#2399=EDGE_LOOP('',(#462));
#2400=EDGE_LOOP('',(#463,#464,#465,#466,#467,#468,#469,#470,#471,#472,#473));
#2401=EDGE_LOOP('',(#474,#475,#476,#477));
#2402=EDGE_LOOP('',(#478,#479,#480,#481));
#2403=EDGE_LOOP('',(#482,#483,#484,#485));
#2404=EDGE_LOOP('',(#486));
#2405=EDGE_LOOP('',(#487));
#2406=EDGE_LOOP('',(#488));
#2407=EDGE_LOOP('',(#489));
#2408=EDGE_LOOP('',(#490));
#2409=EDGE_LOOP('',(#491));
#2410=EDGE_LOOP('',(#492));
#2411=EDGE_LOOP('',(#493));
#2412=EDGE_LOOP('',(#494,#495,#496,#497));
#2413=EDGE_LOOP('',(#498,#499,#500,#501));
#2414=EDGE_LOOP('',(#502,#503,#504,#505));
#2415=EDGE_LOOP('',(#506,#507,#508,#509));
#2416=EDGE_LOOP('',(#510,#511,#512,#513));
#2417=EDGE_LOOP('',(#514,#515,#516,#517));
#2418=EDGE_LOOP('',(#518,#519,#520,#521));
#2419=EDGE_LOOP('',(#522,#523,#524,#525));
#2420=EDGE_LOOP('',(#526,#527,#528,#529));
#2421=EDGE_LOOP('',(#530,#531,#532,#533));
#2422=EDGE_LOOP('',(#534,#535,#536,#537));
#2423=EDGE_LOOP('',(#538,#539,#540,#541));
#2424=EDGE_LOOP('',(#542,#543,#544,#545));
#2425=EDGE_LOOP('',(#546,#547,#548,#549));
#2426=EDGE_LOOP('',(#550,#551,#552,#553));
#2427=EDGE_LOOP('',(#554,#555,#556,#557));
#2428=EDGE_LOOP('',(#558,#559,#560,#561));
#2429=EDGE_LOOP('',(#562,#563,#564,#565));
#2430=EDGE_LOOP('',(#566,#567,#568,#569));
#2431=EDGE_LOOP('',(#570,#571,#572,#573));
#2432=EDGE_LOOP('',(#574,#575,#576,#577));
#2433=EDGE_LOOP('',(#578,#579,#580,#581));
#2434=EDGE_LOOP('',(#582,#583,#584,#585));
#2435=EDGE_LOOP('',(#586,#587,#588,#589));
#2436=EDGE_LOOP('',(#590,#591,#592,#593));
#2437=EDGE_LOOP('',(#594,#595,#596,#597));
#2438=EDGE_LOOP('',(#598,#599,#600,#601));
#2439=EDGE_LOOP('',(#602,#603,#604,#605));
#2440=EDGE_LOOP('',(#606,#607,#608,#609));
#2441=EDGE_LOOP('',(#610,#611,#612,#613));
#2442=EDGE_LOOP('',(#614,#615,#616,#617));
#2443=EDGE_LOOP('',(#618,#619,#620,#621));
#2444=EDGE_LOOP('',(#622,#623,#624,#625));
#2445=EDGE_LOOP('',(#626,#627,#628,#629));
#2446=EDGE_LOOP('',(#630,#631,#632,#633));
#2447=EDGE_LOOP('',(#634,#635,#636,#637));
#2448=EDGE_LOOP('',(#638,#639,#640,#641));
#2449=EDGE_LOOP('',(#642,#643,#644,#645));
#2450=EDGE_LOOP('',(#646,#647,#648,#649));
#2451=EDGE_LOOP('',(#650,#651,#652,#653));
#2452=EDGE_LOOP('',(#654,#655,#656,#657));
#2453=EDGE_LOOP('',(#658,#659,#660,#661));
#2454=EDGE_LOOP('',(#662,#663,#664,#665));
#2455=EDGE_LOOP('',(#666,#667,#668,#669));
#2456=EDGE_LOOP('',(#670,#671,#672,#673));
#2457=EDGE_LOOP('',(#674,#675,#676,#677));
#2458=EDGE_LOOP('',(#678,#679,#680,#681,#682));
#2459=EDGE_LOOP('',(#683,#684,#685,#686));
#2460=EDGE_LOOP('',(#687,#688,#689,#690,#691));
#2461=EDGE_LOOP('',(#692,#693,#694,#695));
#2462=EDGE_LOOP('',(#696,#697,#698,#699));
#2463=EDGE_LOOP('',(#700,#701,#702,#703));
#2464=EDGE_LOOP('',(#704,#705,#706,#707));
#2465=EDGE_LOOP('',(#708,#709,#710,#711));
#2466=EDGE_LOOP('',(#712,#713,#714,#715,#716));
#2467=EDGE_LOOP('',(#717,#718,#719,#720));
#2468=EDGE_LOOP('',(#721,#722,#723,#724,#725));
#2469=EDGE_LOOP('',(#726,#727,#728,#729));
#2470=EDGE_LOOP('',(#730,#731,#732,#733));
#2471=EDGE_LOOP('',(#734,#735,#736,#737,#738));
#2472=EDGE_LOOP('',(#739,#740,#741,#742));
#2473=EDGE_LOOP('',(#743,#744,#745,#746,#747));
#2474=EDGE_LOOP('',(#748,#749,#750,#751));
#2475=EDGE_LOOP('',(#752,#753,#754,#755));
#2476=EDGE_LOOP('',(#756,#757,#758,#759));
#2477=EDGE_LOOP('',(#760,#761,#762,#763));
#2478=EDGE_LOOP('',(#764,#765,#766,#767));
#2479=EDGE_LOOP('',(#768,#769,#770,#771));
#2480=EDGE_LOOP('',(#772,#773,#774,#775,#776));
#2481=EDGE_LOOP('',(#777,#778,#779,#780));
#2482=EDGE_LOOP('',(#781,#782,#783,#784,#785));
#2483=EDGE_LOOP('',(#786,#787,#788,#789));
#2484=EDGE_LOOP('',(#790,#791,#792,#793));
#2485=EDGE_LOOP('',(#794,#795,#796,#797,#798,#799,#800,#801,#802,#803,#804,
#805,#806,#807,#808,#809,#810,#811,#812,#813));
#2486=EDGE_LOOP('',(#814,#815,#816,#817,#818,#819,#820,#821));
#2487=EDGE_LOOP('',(#822,#823,#824,#825));
#2488=EDGE_LOOP('',(#826,#827,#828,#829,#830,#831,#832,#833));
#2489=EDGE_LOOP('',(#834,#835,#836,#837));
#2490=FACE_BOUND('',#2310,.T.);
#2491=FACE_BOUND('',#2311,.T.);
#2492=FACE_BOUND('',#2312,.T.);
#2493=FACE_BOUND('',#2313,.T.);
#2494=FACE_BOUND('',#2314,.T.);
#2495=FACE_BOUND('',#2315,.T.);
#2496=FACE_BOUND('',#2316,.T.);
#2497=FACE_BOUND('',#2317,.T.);
#2498=FACE_BOUND('',#2318,.T.);
#2499=FACE_BOUND('',#2319,.T.);
#2500=FACE_BOUND('',#2320,.T.);
#2501=FACE_BOUND('',#2321,.T.);
#2502=FACE_BOUND('',#2322,.T.);
#2503=FACE_BOUND('',#2323,.T.);
#2504=FACE_BOUND('',#2324,.T.);
#2505=FACE_BOUND('',#2325,.T.);
#2506=FACE_BOUND('',#2326,.T.);
#2507=FACE_BOUND('',#2327,.T.);
#2508=FACE_BOUND('',#2328,.T.);
#2509=FACE_BOUND('',#2329,.T.);
#2510=FACE_BOUND('',#2330,.T.);
#2511=FACE_BOUND('',#2331,.T.);
#2512=FACE_BOUND('',#2332,.T.);
#2513=FACE_BOUND('',#2333,.T.);
#2514=FACE_BOUND('',#2334,.T.);
#2515=FACE_BOUND('',#2335,.T.);
#2516=FACE_BOUND('',#2336,.T.);
#2517=FACE_BOUND('',#2337,.T.);
#2518=FACE_BOUND('',#2338,.T.);
#2519=FACE_BOUND('',#2339,.T.);
#2520=FACE_BOUND('',#2340,.T.);
#2521=FACE_BOUND('',#2341,.T.);
#2522=FACE_BOUND('',#2342,.T.);
#2523=FACE_BOUND('',#2343,.T.);
#2524=FACE_BOUND('',#2344,.T.);
#2525=FACE_BOUND('',#2345,.T.);
#2526=FACE_BOUND('',#2346,.T.);
#2527=FACE_BOUND('',#2347,.T.);
#2528=FACE_BOUND('',#2348,.T.);
#2529=FACE_BOUND('',#2349,.T.);
#2530=FACE_BOUND('',#2350,.T.);
#2531=FACE_BOUND('',#2351,.T.);
#2532=FACE_BOUND('',#2352,.T.);
#2533=FACE_BOUND('',#2353,.T.);
#2534=FACE_BOUND('',#2354,.T.);
#2535=FACE_BOUND('',#2355,.T.);
#2536=FACE_BOUND('',#2356,.T.);
#2537=FACE_BOUND('',#2357,.T.);
#2538=FACE_BOUND('',#2358,.T.);
#2539=FACE_BOUND('',#2359,.T.);
#2540=FACE_BOUND('',#2360,.T.);
#2541=FACE_BOUND('',#2361,.T.);
#2542=FACE_BOUND('',#2362,.T.);
#2543=FACE_BOUND('',#2363,.T.);
#2544=FACE_BOUND('',#2364,.T.);
#2545=FACE_BOUND('',#2365,.T.);
#2546=FACE_BOUND('',#2366,.T.);
#2547=FACE_BOUND('',#2367,.T.);
#2548=FACE_BOUND('',#2368,.T.);
#2549=FACE_BOUND('',#2369,.T.);
#2550=FACE_BOUND('',#2370,.T.);
#2551=FACE_BOUND('',#2371,.T.);
#2552=FACE_BOUND('',#2372,.T.);
#2553=FACE_BOUND('',#2373,.T.);
#2554=FACE_BOUND('',#2374,.T.);
#2555=FACE_BOUND('',#2375,.T.);
#2556=FACE_BOUND('',#2376,.T.);
#2557=FACE_BOUND('',#2377,.T.);
#2558=FACE_BOUND('',#2378,.T.);
#2559=FACE_BOUND('',#2379,.T.);
#2560=FACE_BOUND('',#2380,.T.);
#2561=FACE_BOUND('',#2381,.T.);
#2562=FACE_BOUND('',#2382,.T.);
#2563=FACE_BOUND('',#2383,.T.);
#2564=FACE_BOUND('',#2384,.T.);
#2565=FACE_BOUND('',#2385,.T.);
#2566=FACE_BOUND('',#2386,.T.);
#2567=FACE_BOUND('',#2387,.T.);
#2568=FACE_BOUND('',#2388,.T.);
#2569=FACE_BOUND('',#2389,.T.);
#2570=FACE_BOUND('',#2390,.T.);
#2571=FACE_BOUND('',#2391,.T.);
#2572=FACE_BOUND('',#2392,.T.);
#2573=FACE_BOUND('',#2393,.T.);
#2574=FACE_BOUND('',#2394,.T.);
#2575=FACE_BOUND('',#2395,.T.);
#2576=FACE_BOUND('',#2396,.T.);
#2577=FACE_BOUND('',#2397,.T.);
#2578=FACE_BOUND('',#2398,.T.);
#2579=FACE_BOUND('',#2399,.T.);
#2580=FACE_BOUND('',#2400,.T.);
#2581=FACE_BOUND('',#2401,.T.);
#2582=FACE_BOUND('',#2402,.T.);
#2583=FACE_BOUND('',#2403,.T.);
#2584=FACE_BOUND('',#2404,.T.);
#2585=FACE_BOUND('',#2405,.T.);
#2586=FACE_BOUND('',#2406,.T.);
#2587=FACE_BOUND('',#2407,.T.);
#2588=FACE_BOUND('',#2408,.T.);
#2589=FACE_BOUND('',#2409,.T.);
#2590=FACE_BOUND('',#2410,.T.);
#2591=FACE_BOUND('',#2411,.T.);
#2592=FACE_BOUND('',#2412,.T.);
#2593=FACE_BOUND('',#2413,.T.);
#2594=FACE_BOUND('',#2414,.T.);
#2595=FACE_BOUND('',#2415,.T.);
#2596=FACE_BOUND('',#2416,.T.);
#2597=FACE_BOUND('',#2417,.T.);
#2598=FACE_BOUND('',#2418,.T.);
#2599=FACE_BOUND('',#2419,.T.);
#2600=FACE_BOUND('',#2420,.T.);
#2601=FACE_BOUND('',#2421,.T.);
#2602=FACE_BOUND('',#2422,.T.);
#2603=FACE_BOUND('',#2423,.T.);
#2604=FACE_BOUND('',#2424,.T.);
#2605=FACE_BOUND('',#2425,.T.);
#2606=FACE_BOUND('',#2426,.T.);
#2607=FACE_BOUND('',#2427,.T.);
#2608=FACE_BOUND('',#2428,.T.);
#2609=FACE_BOUND('',#2429,.T.);
#2610=FACE_BOUND('',#2430,.T.);
#2611=FACE_BOUND('',#2431,.T.);
#2612=FACE_BOUND('',#2432,.T.);
#2613=FACE_BOUND('',#2433,.T.);
#2614=FACE_BOUND('',#2434,.T.);
#2615=FACE_BOUND('',#2435,.T.);
#2616=FACE_BOUND('',#2436,.T.);
#2617=FACE_BOUND('',#2437,.T.);
#2618=FACE_BOUND('',#2438,.T.);
#2619=FACE_BOUND('',#2439,.T.);
#2620=FACE_BOUND('',#2440,.T.);
#2621=FACE_BOUND('',#2441,.T.);
#2622=FACE_BOUND('',#2442,.T.);
#2623=FACE_BOUND('',#2443,.T.);
#2624=FACE_BOUND('',#2444,.T.);
#2625=FACE_BOUND('',#2445,.T.);
#2626=FACE_BOUND('',#2446,.T.);
#2627=FACE_BOUND('',#2447,.T.);
#2628=FACE_BOUND('',#2448,.T.);
#2629=FACE_BOUND('',#2449,.T.);
#2630=FACE_BOUND('',#2450,.T.);
#2631=FACE_BOUND('',#2451,.T.);
#2632=FACE_BOUND('',#2452,.T.);
#2633=FACE_BOUND('',#2453,.T.);
#2634=FACE_BOUND('',#2454,.T.);
#2635=FACE_BOUND('',#2455,.T.);
#2636=FACE_BOUND('',#2456,.T.);
#2637=FACE_BOUND('',#2457,.T.);
#2638=FACE_BOUND('',#2458,.T.);
#2639=FACE_BOUND('',#2459,.T.);
#2640=FACE_BOUND('',#2460,.T.);
#2641=FACE_BOUND('',#2461,.T.);
#2642=FACE_BOUND('',#2462,.T.);
#2643=FACE_BOUND('',#2463,.T.);
#2644=FACE_BOUND('',#2464,.T.);
#2645=FACE_BOUND('',#2465,.T.);
#2646=FACE_BOUND('',#2466,.T.);
#2647=FACE_BOUND('',#2467,.T.);
#2648=FACE_BOUND('',#2468,.T.);
#2649=FACE_BOUND('',#2469,.T.);
#2650=FACE_BOUND('',#2470,.T.);
#2651=FACE_BOUND('',#2471,.T.);
#2652=FACE_BOUND('',#2472,.T.);
#2653=FACE_BOUND('',#2473,.T.);
#2654=FACE_BOUND('',#2474,.T.);
#2655=FACE_BOUND('',#2475,.T.);
#2656=FACE_BOUND('',#2476,.T.);
#2657=FACE_BOUND('',#2477,.T.);
#2658=FACE_BOUND('',#2478,.T.);
#2659=FACE_BOUND('',#2479,.T.);
#2660=FACE_BOUND('',#2480,.T.);
#2661=FACE_BOUND('',#2481,.T.);
#2662=FACE_BOUND('',#2482,.T.);
#2663=FACE_BOUND('',#2483,.T.);
#2664=FACE_BOUND('',#2484,.T.);
#2665=FACE_BOUND('',#2485,.T.);
#2666=FACE_BOUND('',#2486,.T.);
#2667=FACE_BOUND('',#2487,.T.);
#2668=FACE_BOUND('',#2488,.T.);
#2669=FACE_BOUND('',#2489,.T.);
#2670=PLANE('',#2971);
#2671=PLANE('',#2972);
#2672=PLANE('',#2973);
#2673=PLANE('',#2974);
#2674=PLANE('',#2975);
#2675=PLANE('',#2978);
#2676=PLANE('',#2980);
#2677=PLANE('',#2981);
#2678=PLANE('',#2983);
#2679=PLANE('',#2984);
#2680=PLANE('',#2986);
#2681=PLANE('',#2987);
#2682=PLANE('',#2988);
#2683=PLANE('',#2989);
#2684=PLANE('',#2990);
#2685=PLANE('',#2991);
#2686=PLANE('',#2992);
#2687=PLANE('',#2993);
#2688=PLANE('',#2994);
#2689=PLANE('',#2995);
#2690=PLANE('',#2996);
#2691=PLANE('',#2997);
#2692=PLANE('',#2998);
#2693=PLANE('',#2999);
#2694=PLANE('',#3000);
#2695=PLANE('',#3001);
#2696=PLANE('',#3002);
#2697=PLANE('',#3003);
#2698=PLANE('',#3004);
#2699=PLANE('',#3005);
#2700=PLANE('',#3006);
#2701=PLANE('',#3007);
#2702=PLANE('',#3008);
#2703=PLANE('',#3009);
#2704=PLANE('',#3010);
#2705=PLANE('',#3011);
#2706=PLANE('',#3012);
#2707=PLANE('',#3013);
#2708=PLANE('',#3014);
#2709=PLANE('',#3015);
#2710=PLANE('',#3016);
#2711=PLANE('',#3017);
#2712=PLANE('',#3018);
#2713=PLANE('',#3019);
#2714=PLANE('',#3020);
#2715=PLANE('',#3021);
#2716=PLANE('',#3022);
#2717=PLANE('',#3023);
#2718=PLANE('',#3024);
#2719=PLANE('',#3025);
#2720=PLANE('',#3027);
#2721=PLANE('',#3028);
#2722=PLANE('',#3029);
#2723=PLANE('',#3030);
#2724=PLANE('',#3032);
#2725=PLANE('',#3033);
#2726=PLANE('',#3034);
#2727=PLANE('',#3035);
#2728=PLANE('',#3036);
#2729=PLANE('',#3037);
#2730=PLANE('',#3038);
#2731=PLANE('',#3039);
#2732=PLANE('',#3040);
#2733=PLANE('',#3042);
#2734=PLANE('',#3043);
#2735=PLANE('',#3044);
#2736=PLANE('',#3049);
#2737=PLANE('',#3050);
#2738=PLANE('',#3051);
#2739=PLANE('',#3052);
#2740=PLANE('',#3053);
#2741=PLANE('',#3054);
#2742=PLANE('',#3055);
#2743=PLANE('',#3056);
#2744=PLANE('',#3057);
#2745=PLANE('',#3058);
#2746=PLANE('',#3059);
#2747=PLANE('',#3060);
#2748=PLANE('',#3061);
#2749=PLANE('',#3062);
#2750=PLANE('',#3063);
#2751=PLANE('',#3064);
#2752=PLANE('',#3065);
#2753=PLANE('',#3066);
#2754=PLANE('',#3067);
#2755=PLANE('',#3068);
#2756=PLANE('',#3069);
#2757=PLANE('',#3070);
#2758=PLANE('',#3071);
#2759=PLANE('',#3072);
#2760=PLANE('',#3073);
#2761=PLANE('',#3074);
#2762=PLANE('',#3075);
#2763=PLANE('',#3076);
#2764=PLANE('',#3077);
#2765=PLANE('',#3078);
#2766=PLANE('',#3079);
#2767=PLANE('',#3080);
#2768=PLANE('',#3081);
#2769=PLANE('',#3082);
#2770=PLANE('',#3083);
#2771=PLANE('',#3084);
#2772=PLANE('',#3085);
#2773=PLANE('',#3086);
#2774=PLANE('',#3087);
#2775=PLANE('',#3088);
#2776=PLANE('',#3089);
#2777=PLANE('',#3090);
#2778=PLANE('',#3091);
#2779=PLANE('',#3092);
#2780=PLANE('',#3093);
#2781=PLANE('',#3094);
#2782=PLANE('',#3095);
#2783=PLANE('',#3096);
#2784=PLANE('',#3097);
#2785=PLANE('',#3098);
#2786=PLANE('',#3099);
#2787=PLANE('',#3100);
#2788=PLANE('',#3101);
#2789=PLANE('',#3102);
#2790=PLANE('',#3103);
#2791=PLANE('',#3104);
#2792=PLANE('',#3105);
#2793=PLANE('',#3106);
#2794=PLANE('',#3107);
#2795=PLANE('',#3108);
#2796=PLANE('',#3109);
#2797=PLANE('',#3110);
#2798=PLANE('',#3111);
#2799=PLANE('',#3112);
#2800=PLANE('',#3113);
#2801=PLANE('',#3114);
#2802=PLANE('',#3115);
#2803=PLANE('',#3116);
#2804=PLANE('',#3117);
#2805=PLANE('',#3118);
#2806=PLANE('',#3119);
#2807=PLANE('',#3120);
#2808=PLANE('',#3121);
#2809=PLANE('',#3122);
#2810=PLANE('',#3123);
#2811=PLANE('',#3124);
#2812=ADVANCED_FACE('',(#2490),#2670,.T.);
#2813=ADVANCED_FACE('',(#2491),#2671,.T.);
#2814=ADVANCED_FACE('',(#2492,#2493),#2672,.F.);
#2815=ADVANCED_FACE('',(#2494,#2495,#2496,#2497,#2498,#2499,#2500,#2501,
#2502),#2673,.T.);
#2816=ADVANCED_FACE('',(#2503,#2504,#2505),#2674,.T.);
#2817=ADVANCED_FACE('',(#2506,#2507),#2675,.T.);
#2818=ADVANCED_FACE('',(#2508),#2676,.T.);
#2819=ADVANCED_FACE('',(#2509,#2510),#2677,.F.);
#2820=ADVANCED_FACE('',(#2511),#2678,.T.);
#2821=ADVANCED_FACE('',(#2512,#2513),#2679,.F.);
#2822=ADVANCED_FACE('',(#2514),#2680,.T.);
#2823=ADVANCED_FACE('',(#2515),#2681,.T.);
#2824=ADVANCED_FACE('',(#2516,#2517),#2682,.F.);
#2825=ADVANCED_FACE('',(#2518,#2519),#2683,.F.);
#2826=ADVANCED_FACE('',(#2520,#2521,#2522),#2684,.F.);
#2827=ADVANCED_FACE('',(#2523,#2524,#2525),#2685,.T.);
#2828=ADVANCED_FACE('',(#2526,#2527,#2528),#2686,.F.);
#2829=ADVANCED_FACE('',(#2529,#2530,#2531),#2687,.T.);
#2830=ADVANCED_FACE('',(#2532,#2533),#2688,.F.);
#2831=ADVANCED_FACE('',(#2534),#2689,.F.);
#2832=ADVANCED_FACE('',(#2535),#2690,.F.);
#2833=ADVANCED_FACE('',(#2536),#2691,.F.);
#2834=ADVANCED_FACE('',(#2537),#2692,.F.);
#2835=ADVANCED_FACE('',(#2538),#2693,.T.);
#2836=ADVANCED_FACE('',(#2539),#2694,.F.);
#2837=ADVANCED_FACE('',(#2540),#2695,.F.);
#2838=ADVANCED_FACE('',(#2541),#2696,.F.);
#2839=ADVANCED_FACE('',(#2542),#2697,.F.);
#2840=ADVANCED_FACE('',(#2543),#2698,.F.);
#2841=ADVANCED_FACE('',(#2544),#2699,.T.);
#2842=ADVANCED_FACE('',(#2545),#2700,.T.);
#2843=ADVANCED_FACE('',(#2546),#2701,.T.);
#2844=ADVANCED_FACE('',(#2547),#2702,.T.);
#2845=ADVANCED_FACE('',(#2548),#2703,.T.);
#2846=ADVANCED_FACE('',(#2549),#2704,.F.);
#2847=ADVANCED_FACE('',(#2550),#2705,.T.);
#2848=ADVANCED_FACE('',(#2551),#2706,.T.);
#2849=ADVANCED_FACE('',(#2552),#2707,.F.);
#2850=ADVANCED_FACE('',(#2553),#2708,.T.);
#2851=ADVANCED_FACE('',(#2554),#2709,.T.);
#2852=ADVANCED_FACE('',(#2555),#2710,.T.);
#2853=ADVANCED_FACE('',(#2556),#2711,.F.);
#2854=ADVANCED_FACE('',(#2557),#2712,.F.);
#2855=ADVANCED_FACE('',(#2558),#2713,.T.);
#2856=ADVANCED_FACE('',(#2559),#2714,.T.);
#2857=ADVANCED_FACE('',(#2560),#2715,.T.);
#2858=ADVANCED_FACE('',(#2561),#2716,.T.);
#2859=ADVANCED_FACE('',(#2562),#2717,.F.);
#2860=ADVANCED_FACE('',(#2563),#2718,.T.);
#2861=ADVANCED_FACE('',(#2564,#2565),#2719,.T.);
#2862=ADVANCED_FACE('',(#2566),#2720,.T.);
#2863=ADVANCED_FACE('',(#2567),#2721,.T.);
#2864=ADVANCED_FACE('',(#2568),#2722,.F.);
#2865=ADVANCED_FACE('',(#2569,#2570),#2723,.F.);
#2866=ADVANCED_FACE('',(#2571),#2724,.T.);
#2867=ADVANCED_FACE('',(#2572),#2725,.T.);
#2868=ADVANCED_FACE('',(#2573),#2726,.F.);
#2869=ADVANCED_FACE('',(#2574),#2727,.T.);
#2870=ADVANCED_FACE('',(#2575),#2728,.T.);
#2871=ADVANCED_FACE('',(#2576),#2729,.F.);
#2872=ADVANCED_FACE('',(#2577),#2730,.T.);
#2873=ADVANCED_FACE('',(#2578),#2731,.T.);
#2874=ADVANCED_FACE('',(#2579,#2580),#2732,.F.);
#2875=ADVANCED_FACE('',(#2581),#2733,.F.);
#2876=ADVANCED_FACE('',(#2582),#2734,.T.);
#2877=ADVANCED_FACE('',(#2583),#2735,.T.);
#2878=ADVANCED_FACE('',(#2584,#2585),#12,.F.);
#2879=ADVANCED_FACE('',(#2586,#2587),#13,.F.);
#2880=ADVANCED_FACE('',(#2588,#2589),#14,.F.);
#2881=ADVANCED_FACE('',(#2590,#2591),#15,.F.);
#2882=ADVANCED_FACE('',(#2592),#2736,.T.);
#2883=ADVANCED_FACE('',(#2593),#2737,.T.);
#2884=ADVANCED_FACE('',(#2594),#2738,.T.);
#2885=ADVANCED_FACE('',(#2595),#2739,.T.);
#2886=ADVANCED_FACE('',(#2596),#2740,.F.);
#2887=ADVANCED_FACE('',(#2597),#2741,.F.);
#2888=ADVANCED_FACE('',(#2598),#2742,.T.);
#2889=ADVANCED_FACE('',(#2599),#2743,.T.);
#2890=ADVANCED_FACE('',(#2600),#2744,.F.);
#2891=ADVANCED_FACE('',(#2601),#2745,.F.);
#2892=ADVANCED_FACE('',(#2602),#2746,.T.);
#2893=ADVANCED_FACE('',(#2603),#2747,.T.);
#2894=ADVANCED_FACE('',(#2604),#2748,.F.);
#2895=ADVANCED_FACE('',(#2605),#2749,.F.);
#2896=ADVANCED_FACE('',(#2606),#2750,.T.);
#2897=ADVANCED_FACE('',(#2607),#2751,.T.);
#2898=ADVANCED_FACE('',(#2608),#2752,.F.);
#2899=ADVANCED_FACE('',(#2609),#2753,.F.);
#2900=ADVANCED_FACE('',(#2610),#2754,.T.);
#2901=ADVANCED_FACE('',(#2611),#2755,.T.);
#2902=ADVANCED_FACE('',(#2612),#2756,.F.);
#2903=ADVANCED_FACE('',(#2613),#2757,.F.);
#2904=ADVANCED_FACE('',(#2614),#2758,.T.);
#2905=ADVANCED_FACE('',(#2615),#2759,.T.);
#2906=ADVANCED_FACE('',(#2616),#2760,.F.);
#2907=ADVANCED_FACE('',(#2617),#2761,.F.);
#2908=ADVANCED_FACE('',(#2618),#2762,.T.);
#2909=ADVANCED_FACE('',(#2619),#2763,.T.);
#2910=ADVANCED_FACE('',(#2620),#2764,.T.);
#2911=ADVANCED_FACE('',(#2621),#2765,.F.);
#2912=ADVANCED_FACE('',(#2622),#2766,.F.);
#2913=ADVANCED_FACE('',(#2623),#2767,.T.);
#2914=ADVANCED_FACE('',(#2624),#2768,.T.);
#2915=ADVANCED_FACE('',(#2625),#2769,.F.);
#2916=ADVANCED_FACE('',(#2626),#2770,.T.);
#2917=ADVANCED_FACE('',(#2627),#2771,.T.);
#2918=ADVANCED_FACE('',(#2628),#2772,.T.);
#2919=ADVANCED_FACE('',(#2629),#2773,.F.);
#2920=ADVANCED_FACE('',(#2630),#2774,.F.);
#2921=ADVANCED_FACE('',(#2631),#2775,.T.);
#2922=ADVANCED_FACE('',(#2632),#2776,.T.);
#2923=ADVANCED_FACE('',(#2633),#2777,.F.);
#2924=ADVANCED_FACE('',(#2634),#2778,.F.);
#2925=ADVANCED_FACE('',(#2635),#2779,.F.);
#2926=ADVANCED_FACE('',(#2636),#2780,.T.);
#2927=ADVANCED_FACE('',(#2637),#2781,.T.);
#2928=ADVANCED_FACE('',(#2638),#2782,.T.);
#2929=ADVANCED_FACE('',(#2639),#2783,.T.);
#2930=ADVANCED_FACE('',(#2640),#2784,.F.);
#2931=ADVANCED_FACE('',(#2641),#2785,.T.);
#2932=ADVANCED_FACE('',(#2642),#2786,.T.);
#2933=ADVANCED_FACE('',(#2643),#2787,.F.);
#2934=ADVANCED_FACE('',(#2644),#2788,.T.);
#2935=ADVANCED_FACE('',(#2645),#2789,.T.);
#2936=ADVANCED_FACE('',(#2646),#2790,.T.);
#2937=ADVANCED_FACE('',(#2647),#2791,.F.);
#2938=ADVANCED_FACE('',(#2648),#2792,.F.);
#2939=ADVANCED_FACE('',(#2649),#2793,.T.);
#2940=ADVANCED_FACE('',(#2650),#2794,.T.);
#2941=ADVANCED_FACE('',(#2651),#2795,.T.);
#2942=ADVANCED_FACE('',(#2652),#2796,.F.);
#2943=ADVANCED_FACE('',(#2653),#2797,.F.);
#2944=ADVANCED_FACE('',(#2654),#2798,.T.);
#2945=ADVANCED_FACE('',(#2655),#2799,.T.);
#2946=ADVANCED_FACE('',(#2656),#2800,.T.);
#2947=ADVANCED_FACE('',(#2657),#2801,.F.);
#2948=ADVANCED_FACE('',(#2658),#2802,.F.);
#2949=ADVANCED_FACE('',(#2659),#2803,.T.);
#2950=ADVANCED_FACE('',(#2660),#2804,.F.);
#2951=ADVANCED_FACE('',(#2661),#2805,.F.);
#2952=ADVANCED_FACE('',(#2662),#2806,.T.);
#2953=ADVANCED_FACE('',(#2663,#2664,#2665),#2807,.T.);
#2954=ADVANCED_FACE('',(#2666),#2808,.T.);
#2955=ADVANCED_FACE('',(#2667),#2809,.F.);
#2956=ADVANCED_FACE('',(#2668),#2810,.F.);
#2957=ADVANCED_FACE('',(#2669),#2811,.T.);
#2958=CLOSED_SHELL('',(#2812,#2813,#2814,#2815,#2816,#2817,#2818,#2819,
#2820,#2821,#2822,#2823,#2824,#2825,#2826,#2827,#2828,#2829,#2830,#2831,
#2832,#2833,#2834,#2835,#2836,#2837,#2838,#2839,#2840,#2841,#2842,#2843,
#2844,#2845,#2846,#2847,#2848,#2849,#2850,#2851,#2852,#2853,#2854,#2855,
#2856,#2857,#2858,#2859,#2860,#2861,#2862,#2863,#2864,#2865,#2866,#2867,
#2868,#2869,#2870,#2871,#2872,#2873,#2874,#2875,#2876,#2877,#2878,#2879,
#2880,#2881,#2882,#2883,#2884,#2885,#2886,#2887,#2888,#2889,#2890,#2891,
#2892,#2893,#2894,#2895,#2896,#2897,#2898,#2899,#2900,#2901,#2902,#2903,
#2904,#2905,#2906,#2907,#2908,#2909,#2910,#2911,#2912,#2913,#2914,#2915,
#2916,#2917,#2918,#2919,#2920,#2921,#2922,#2923,#2924,#2925,#2926,#2927,
#2928,#2929,#2930,#2931,#2932,#2933,#2934,#2935,#2936,#2937,#2938,#2939,
#2940,#2941,#2942,#2943,#2944,#2945,#2946,#2947,#2948,#2949,#2950,#2951,
#2952,#2953,#2954,#2955,#2956,#2957));
#2959=STYLED_ITEM('',(#2960),#2967);
#2960=PRESENTATION_STYLE_ASSIGNMENT((#2961));
#2961=SURFACE_STYLE_USAGE(.BOTH.,#2962);
#2962=SURFACE_SIDE_STYLE('',(#2963));
#2963=SURFACE_STYLE_FILL_AREA(#2964);
#2964=FILL_AREA_STYLE('',(#2965));
#2965=FILL_AREA_STYLE_COLOUR('',#2966);
#2966=COLOUR_RGB('',0.262745098039216,0.282352941176471,0.301960784313725);
#2967=MANIFOLD_SOLID_BREP('Part 1',#2958);
#2968=SHAPE_DEFINITION_REPRESENTATION(#4661,#2969);
#2969=SHAPE_REPRESENTATION('Part 1',(#2970),#4656);
#2970=AXIS2_PLACEMENT_3D('',#3834,#3125,#3126);
#2971=AXIS2_PLACEMENT_3D('',#3835,#3127,#3128);
#2972=AXIS2_PLACEMENT_3D('',#3844,#3133,#3134);
#2973=AXIS2_PLACEMENT_3D('',#3853,#3139,#3140);
#2974=AXIS2_PLACEMENT_3D('',#3870,#3149,#3150);
#2975=AXIS2_PLACEMENT_3D('',#3983,#3207,#3208);
#2976=AXIS2_PLACEMENT_3D('',#3984,#3209,#3210);
#2977=AXIS2_PLACEMENT_3D('',#3986,#3211,#3212);
#2978=AXIS2_PLACEMENT_3D('',#4032,#3235,#3236);
#2979=AXIS2_PLACEMENT_3D('',#4033,#3237,#3238);
#2980=AXIS2_PLACEMENT_3D('',#4059,#3251,#3252);
#2981=AXIS2_PLACEMENT_3D('',#4068,#3257,#3258);
#2982=AXIS2_PLACEMENT_3D('',#4069,#3259,#3260);
#2983=AXIS2_PLACEMENT_3D('',#4095,#3273,#3274);
#2984=AXIS2_PLACEMENT_3D('',#4098,#3277,#3278);
#2985=AXIS2_PLACEMENT_3D('',#4099,#3279,#3280);
#2986=AXIS2_PLACEMENT_3D('',#4121,#3291,#3292);
#2987=AXIS2_PLACEMENT_3D('',#4124,#3295,#3296);
#2988=AXIS2_PLACEMENT_3D('',#4130,#3300,#3301);
#2989=AXIS2_PLACEMENT_3D('',#4147,#3310,#3311);
#2990=AXIS2_PLACEMENT_3D('',#4164,#3320,#3321);
#2991=AXIS2_PLACEMENT_3D('',#4183,#3332,#3333);
#2992=AXIS2_PLACEMENT_3D('',#4202,#3344,#3345);
#2993=AXIS2_PLACEMENT_3D('',#4224,#3357,#3358);
#2994=AXIS2_PLACEMENT_3D('',#4246,#3370,#3371);
#2995=AXIS2_PLACEMENT_3D('',#4253,#3376,#3377);
#2996=AXIS2_PLACEMENT_3D('',#4259,#3381,#3382);
#2997=AXIS2_PLACEMENT_3D('',#4265,#3387,#3388);
#2998=AXIS2_PLACEMENT_3D('',#4272,#3393,#3394);
#2999=AXIS2_PLACEMENT_3D('',#4274,#3396,#3397);
#3000=AXIS2_PLACEMENT_3D('',#4277,#3400,#3401);
#3001=AXIS2_PLACEMENT_3D('',#4280,#3404,#3405);
#3002=AXIS2_PLACEMENT_3D('',#4284,#3409,#3410);
#3003=AXIS2_PLACEMENT_3D('',#4285,#3411,#3412);
#3004=AXIS2_PLACEMENT_3D('',#4287,#3414,#3415);
#3005=AXIS2_PLACEMENT_3D('',#4290,#3418,#3419);
#3006=AXIS2_PLACEMENT_3D('',#4300,#3425,#3426);
#3007=AXIS2_PLACEMENT_3D('',#4310,#3432,#3433);
#3008=AXIS2_PLACEMENT_3D('',#4314,#3436,#3437);
#3009=AXIS2_PLACEMENT_3D('',#4318,#3440,#3441);
#3010=AXIS2_PLACEMENT_3D('',#4325,#3446,#3447);
#3011=AXIS2_PLACEMENT_3D('',#4333,#3452,#3453);
#3012=AXIS2_PLACEMENT_3D('',#4341,#3458,#3459);
#3013=AXIS2_PLACEMENT_3D('',#4343,#3461,#3462);
#3014=AXIS2_PLACEMENT_3D('',#4345,#3464,#3465);
#3015=AXIS2_PLACEMENT_3D('',#4348,#3468,#3469);
#3016=AXIS2_PLACEMENT_3D('',#4350,#3471,#3472);
#3017=AXIS2_PLACEMENT_3D('',#4352,#3474,#3475);
#3018=AXIS2_PLACEMENT_3D('',#4354,#3477,#3478);
#3019=AXIS2_PLACEMENT_3D('',#4356,#3480,#3481);
#3020=AXIS2_PLACEMENT_3D('',#4359,#3484,#3485);
#3021=AXIS2_PLACEMENT_3D('',#4361,#3487,#3488);
#3022=AXIS2_PLACEMENT_3D('',#4363,#3490,#3491);
#3023=AXIS2_PLACEMENT_3D('',#4365,#3493,#3494);
#3024=AXIS2_PLACEMENT_3D('',#4366,#3495,#3496);
#3025=AXIS2_PLACEMENT_3D('',#4368,#3498,#3499);
#3026=AXIS2_PLACEMENT_3D('',#4379,#3506,#3507);
#3027=AXIS2_PLACEMENT_3D('',#4381,#3508,#3509);
#3028=AXIS2_PLACEMENT_3D('',#4382,#3510,#3511);
#3029=AXIS2_PLACEMENT_3D('',#4384,#3513,#3514);
#3030=AXIS2_PLACEMENT_3D('',#4388,#3517,#3518);
#3031=AXIS2_PLACEMENT_3D('',#4397,#3524,#3525);
#3032=AXIS2_PLACEMENT_3D('',#4399,#3526,#3527);
#3033=AXIS2_PLACEMENT_3D('',#4400,#3528,#3529);
#3034=AXIS2_PLACEMENT_3D('',#4402,#3531,#3532);
#3035=AXIS2_PLACEMENT_3D('',#4404,#3534,#3535);
#3036=AXIS2_PLACEMENT_3D('',#4405,#3536,#3537);
#3037=AXIS2_PLACEMENT_3D('',#4407,#3539,#3540);
#3038=AXIS2_PLACEMENT_3D('',#4408,#3541,#3542);
#3039=AXIS2_PLACEMENT_3D('',#4410,#3544,#3545);
#3040=AXIS2_PLACEMENT_3D('',#4412,#3547,#3548);
#3041=AXIS2_PLACEMENT_3D('',#4413,#3549,#3550);
#3042=AXIS2_PLACEMENT_3D('',#4425,#3557,#3558);
#3043=AXIS2_PLACEMENT_3D('',#4426,#3559,#3560);
#3044=AXIS2_PLACEMENT_3D('',#4428,#3562,#3563);
#3045=AXIS2_PLACEMENT_3D('',#4430,#3565,#3566);
#3046=AXIS2_PLACEMENT_3D('',#4431,#3567,#3568);
#3047=AXIS2_PLACEMENT_3D('',#4432,#3569,#3570);
#3048=AXIS2_PLACEMENT_3D('',#4433,#3571,#3572);
#3049=AXIS2_PLACEMENT_3D('',#4434,#3573,#3574);
#3050=AXIS2_PLACEMENT_3D('',#4435,#3575,#3576);
#3051=AXIS2_PLACEMENT_3D('',#4437,#3578,#3579);
#3052=AXIS2_PLACEMENT_3D('',#4438,#3580,#3581);
#3053=AXIS2_PLACEMENT_3D('',#4441,#3584,#3585);
#3054=AXIS2_PLACEMENT_3D('',#4443,#3587,#3588);
#3055=AXIS2_PLACEMENT_3D('',#4445,#3590,#3591);
#3056=AXIS2_PLACEMENT_3D('',#4446,#3592,#3593);
#3057=AXIS2_PLACEMENT_3D('',#4449,#3596,#3597);
#3058=AXIS2_PLACEMENT_3D('',#4451,#3599,#3600);
#3059=AXIS2_PLACEMENT_3D('',#4453,#3602,#3603);
#3060=AXIS2_PLACEMENT_3D('',#4454,#3604,#3605);
#3061=AXIS2_PLACEMENT_3D('',#4457,#3608,#3609);
#3062=AXIS2_PLACEMENT_3D('',#4459,#3611,#3612);
#3063=AXIS2_PLACEMENT_3D('',#4461,#3614,#3615);
#3064=AXIS2_PLACEMENT_3D('',#4462,#3616,#3617);
#3065=AXIS2_PLACEMENT_3D('',#4465,#3620,#3621);
#3066=AXIS2_PLACEMENT_3D('',#4467,#3623,#3624);
#3067=AXIS2_PLACEMENT_3D('',#4469,#3626,#3627);
#3068=AXIS2_PLACEMENT_3D('',#4470,#3628,#3629);
#3069=AXIS2_PLACEMENT_3D('',#4473,#3632,#3633);
#3070=AXIS2_PLACEMENT_3D('',#4475,#3635,#3636);
#3071=AXIS2_PLACEMENT_3D('',#4477,#3638,#3639);
#3072=AXIS2_PLACEMENT_3D('',#4478,#3640,#3641);
#3073=AXIS2_PLACEMENT_3D('',#4484,#3645,#3646);
#3074=AXIS2_PLACEMENT_3D('',#4488,#3649,#3650);
#3075=AXIS2_PLACEMENT_3D('',#4492,#3653,#3654);
#3076=AXIS2_PLACEMENT_3D('',#4494,#3656,#3657);
#3077=AXIS2_PLACEMENT_3D('',#4495,#3658,#3659);
#3078=AXIS2_PLACEMENT_3D('',#4501,#3663,#3664);
#3079=AXIS2_PLACEMENT_3D('',#4505,#3667,#3668);
#3080=AXIS2_PLACEMENT_3D('',#4509,#3671,#3672);
#3081=AXIS2_PLACEMENT_3D('',#4511,#3674,#3675);
#3082=AXIS2_PLACEMENT_3D('',#4512,#3676,#3677);
#3083=AXIS2_PLACEMENT_3D('',#4514,#3679,#3680);
#3084=AXIS2_PLACEMENT_3D('',#4516,#3682,#3683);
#3085=AXIS2_PLACEMENT_3D('',#4517,#3684,#3685);
#3086=AXIS2_PLACEMENT_3D('',#4519,#3687,#3688);
#3087=AXIS2_PLACEMENT_3D('',#4521,#3690,#3691);
#3088=AXIS2_PLACEMENT_3D('',#4522,#3692,#3693);
#3089=AXIS2_PLACEMENT_3D('',#4525,#3696,#3697);
#3090=AXIS2_PLACEMENT_3D('',#4526,#3698,#3699);
#3091=AXIS2_PLACEMENT_3D('',#4527,#3700,#3701);
#3092=AXIS2_PLACEMENT_3D('',#4530,#3704,#3705);
#3093=AXIS2_PLACEMENT_3D('',#4531,#3706,#3707);
#3094=AXIS2_PLACEMENT_3D('',#4532,#3708,#3709);
#3095=AXIS2_PLACEMENT_3D('',#4538,#3713,#3714);
#3096=AXIS2_PLACEMENT_3D('',#4544,#3718,#3719);
#3097=AXIS2_PLACEMENT_3D('',#4548,#3722,#3723);
#3098=AXIS2_PLACEMENT_3D('',#4552,#3726,#3727);
#3099=AXIS2_PLACEMENT_3D('',#4554,#3729,#3730);
#3100=AXIS2_PLACEMENT_3D('',#4560,#3734,#3735);
#3101=AXIS2_PLACEMENT_3D('',#4564,#3738,#3739);
#3102=AXIS2_PLACEMENT_3D('',#4568,#3742,#3743);
#3103=AXIS2_PLACEMENT_3D('',#4570,#3745,#3746);
#3104=AXIS2_PLACEMENT_3D('',#4578,#3751,#3752);
#3105=AXIS2_PLACEMENT_3D('',#4582,#3755,#3756);
#3106=AXIS2_PLACEMENT_3D('',#4588,#3760,#3761);
#3107=AXIS2_PLACEMENT_3D('',#4590,#3763,#3764);
#3108=AXIS2_PLACEMENT_3D('',#4592,#3766,#3767);
#3109=AXIS2_PLACEMENT_3D('',#4597,#3771,#3772);
#3110=AXIS2_PLACEMENT_3D('',#4601,#3775,#3776);
#3111=AXIS2_PLACEMENT_3D('',#4604,#3779,#3780);
#3112=AXIS2_PLACEMENT_3D('',#4605,#3781,#3782);
#3113=AXIS2_PLACEMENT_3D('',#4611,#3786,#3787);
#3114=AXIS2_PLACEMENT_3D('',#4615,#3790,#3791);
#3115=AXIS2_PLACEMENT_3D('',#4619,#3794,#3795);
#3116=AXIS2_PLACEMENT_3D('',#4621,#3797,#3798);
#3117=AXIS2_PLACEMENT_3D('',#4627,#3802,#3803);
#3118=AXIS2_PLACEMENT_3D('',#4630,#3806,#3807);
#3119=AXIS2_PLACEMENT_3D('',#4632,#3809,#3810);
#3120=AXIS2_PLACEMENT_3D('',#4634,#3812,#3813);
#3121=AXIS2_PLACEMENT_3D('',#4647,#3822,#3823);
#3122=AXIS2_PLACEMENT_3D('',#4650,#3826,#3827);
#3123=AXIS2_PLACEMENT_3D('',#4652,#3829,#3830);
#3124=AXIS2_PLACEMENT_3D('',#4654,#3832,#3833);
#3125=DIRECTION('',(0.,0.,1.));
#3126=DIRECTION('',(1.,0.,0.));
#3127=DIRECTION('',(0.,0.,1.));
#3128=DIRECTION('',(1.,0.,0.));
#3129=DIRECTION('',(-7.93016446160826E-16,-1.,0.));
#3130=DIRECTION('',(-1.,0.,0.));
#3131=DIRECTION('',(-3.96508223080413E-16,-1.,0.));
#3132=DIRECTION('',(-1.,0.,0.));
#3133=DIRECTION('',(0.,0.,1.));
#3134=DIRECTION('',(1.,0.,0.));
#3135=DIRECTION('',(0.,-1.,0.));
#3136=DIRECTION('',(-1.,0.,0.));
#3137=DIRECTION('',(0.,-1.,0.));
#3138=DIRECTION('',(1.,0.,0.));
#3139=DIRECTION('',(0.,0.,1.));
#3140=DIRECTION('',(1.,0.,0.));
#3141=DIRECTION('',(-3.41607084500048E-16,-1.,0.));
#3142=DIRECTION('',(-1.,0.,0.));
#3143=DIRECTION('',(3.41607084500048E-16,1.,0.));
#3144=DIRECTION('',(1.,0.,0.));
#3145=DIRECTION('',(-1.,0.,0.));
#3146=DIRECTION('',(0.,-1.,0.));
#3147=DIRECTION('',(-1.,0.,0.));
#3148=DIRECTION('',(0.,-1.,0.));
#3149=DIRECTION('',(0.,0.,1.));
#3150=DIRECTION('',(1.,0.,0.));
#3151=DIRECTION('',(0.,1.,0.));
#3152=DIRECTION('',(1.,0.,0.));
#3153=DIRECTION('',(0.,1.,0.));
#3154=DIRECTION('',(1.,0.,0.));
#3155=DIRECTION('',(0.707106781186548,0.707106781186548,0.));
#3156=DIRECTION('',(0.,1.,0.));
#3157=DIRECTION('',(1.,0.,0.));
#3158=DIRECTION('',(-3.41607084500048E-16,-1.,0.));
#3159=DIRECTION('',(1.,0.,0.));
#3160=DIRECTION('',(0.,-1.,0.));
#3161=DIRECTION('',(0.70710678118655,-0.707106781186545,0.));
#3162=DIRECTION('',(1.,0.,0.));
#3163=DIRECTION('',(0.,-1.,0.));
#3164=DIRECTION('',(-1.,0.,0.));
#3165=DIRECTION('',(0.,-1.,0.));
#3166=DIRECTION('',(-1.,0.,0.));
#3167=DIRECTION('',(-0.707106781186549,-0.707106781186546,0.));
#3168=DIRECTION('',(0.,-1.,0.));
#3169=DIRECTION('',(-1.,0.,0.));
#3170=DIRECTION('',(-3.41607084500048E-16,-1.,0.));
#3171=DIRECTION('',(-1.,0.,0.));
#3172=DIRECTION('',(0.,1.,0.));
#3173=DIRECTION('',(-0.707106781186548,0.707106781186548,0.));
#3174=DIRECTION('',(1.,0.,0.));
#3175=DIRECTION('',(5.74253288599219E-16,-1.,0.));
#3176=DIRECTION('',(1.,0.,0.));
#3177=DIRECTION('',(5.74253288599219E-16,-1.,0.));
#3178=DIRECTION('',(1.,0.,0.));
#3179=DIRECTION('',(-1.,0.,0.));
#3180=DIRECTION('',(0.,-1.,0.));
#3181=DIRECTION('',(-1.,0.,0.));
#3182=DIRECTION('',(0.,-1.,0.));
#3183=DIRECTION('',(0.,-1.,0.));
#3184=DIRECTION('',(-1.,0.,0.));
#3185=DIRECTION('',(0.,-1.,0.));
#3186=DIRECTION('',(1.,0.,0.));
#3187=DIRECTION('',(-4.08170229641602E-16,-1.,0.));
#3188=DIRECTION('',(1.,-4.62592926927147E-16,0.));
#3189=DIRECTION('',(-4.08170229641602E-16,-1.,0.));
#3190=DIRECTION('',(-1.,9.25185853854294E-16,0.));
#3191=DIRECTION('',(-1.,0.,0.));
#3192=DIRECTION('',(0.,-1.,0.));
#3193=DIRECTION('',(-1.,9.25185853854296E-16,0.));
#3194=DIRECTION('',(-3.96508223080413E-16,-1.,0.));
#3195=DIRECTION('',(-1.,0.,0.));
#3196=DIRECTION('',(-7.93016446160826E-16,-1.,0.));
#3197=DIRECTION('',(-1.,0.,0.));
#3198=DIRECTION('',(-3.96508223080413E-16,-1.,0.));
#3199=DIRECTION('',(1.,0.,0.));
#3200=DIRECTION('',(0.,-1.,0.));
#3201=DIRECTION('',(1.,4.62592926927148E-16,0.));
#3202=DIRECTION('',(0.,-1.,0.));
#3203=DIRECTION('',(0.,-1.,0.));
#3204=DIRECTION('',(1.,0.,0.));
#3205=DIRECTION('',(0.,-1.,0.));
#3206=DIRECTION('',(1.,0.,0.));
#3207=DIRECTION('',(0.,0.,1.));
#3208=DIRECTION('',(1.,0.,0.));
#3209=DIRECTION('',(0.,0.,-1.));
#3210=DIRECTION('',(1.,0.,0.));
#3211=DIRECTION('',(0.,0.,1.));
#3212=DIRECTION('',(1.,0.,0.));
#3213=DIRECTION('',(0.707106781186548,-0.707106781186548,0.));
#3214=DIRECTION('',(-5.74253288599219E-16,1.,0.));
#3215=DIRECTION('',(-1.,0.,0.));
#3216=DIRECTION('',(-5.74253288599219E-16,1.,0.));
#3217=DIRECTION('',(0.707106781186548,-0.707106781186548,0.));
#3218=DIRECTION('',(0.707106781186548,0.707106781186548,0.));
#3219=DIRECTION('',(-1.,0.,0.));
#3220=DIRECTION('',(-3.41607084500048E-16,-1.,0.));
#3221=DIRECTION('',(-0.707106781186548,0.707106781186548,0.));
#3222=DIRECTION('',(-1.,0.,0.));
#3223=DIRECTION('',(0.707106781186548,0.707106781186548,0.));
#3224=DIRECTION('',(-3.41607084500048E-16,-1.,0.));
#3225=DIRECTION('',(1.,0.,0.));
#3226=DIRECTION('',(-0.707106781186548,0.707106781186548,0.));
#3227=DIRECTION('',(0.707106781186548,0.707106781186548,0.));
#3228=DIRECTION('',(0.,1.,0.));
#3229=DIRECTION('',(1.,0.,0.));
#3230=DIRECTION('',(0.,1.,0.));
#3231=DIRECTION('',(0.707106781186548,0.707106781186548,0.));
#3232=DIRECTION('',(-0.707106781186548,0.707106781186548,0.));
#3233=DIRECTION('',(1.,0.,0.));
#3234=DIRECTION('',(0.707106781186548,0.707106781186548,0.));
#3235=DIRECTION('',(0.,0.,1.));
#3236=DIRECTION('',(1.,0.,0.));
#3237=DIRECTION('',(0.,0.,1.));
#3238=DIRECTION('',(1.,0.,0.));
#3239=DIRECTION('',(-1.,0.,0.));
#3240=DIRECTION('',(-5.74253288599219E-16,1.,0.));
#3241=DIRECTION('',(-0.707106781186549,-0.707106781186546,0.));
#3242=DIRECTION('',(0.707106781186546,-0.707106781186549,0.));
#3243=DIRECTION('',(0.,-1.,0.));
#3244=DIRECTION('',(-1.,0.,0.));
#3245=DIRECTION('',(-0.707106781186548,-0.707106781186548,0.));
#3246=DIRECTION('',(-3.41607084500048E-16,-1.,0.));
#3247=DIRECTION('',(-1.,0.,0.));
#3248=DIRECTION('',(0.707106781186546,-0.707106781186549,0.));
#3249=DIRECTION('',(-0.707106781186549,-0.707106781186546,0.));
#3250=DIRECTION('',(-5.74253288599219E-16,1.,0.));
#3251=DIRECTION('',(0.707106781186545,0.70710678118655,0.));
#3252=DIRECTION('',(-0.70710678118655,0.707106781186545,0.));
#3253=DIRECTION('',(-0.70710678118655,0.707106781186545,0.));
#3254=DIRECTION('',(0.,0.,-1.));
#3255=DIRECTION('',(-0.70710678118655,0.707106781186545,0.));
#3256=DIRECTION('',(0.,0.,-1.));
#3257=DIRECTION('',(0.,0.,1.));
#3258=DIRECTION('',(1.,0.,0.));
#3259=DIRECTION('',(0.,0.,1.));
#3260=DIRECTION('',(1.,0.,0.));
#3261=DIRECTION('',(-5.74253288599219E-16,1.,0.));
#3262=DIRECTION('',(-1.,0.,0.));
#3263=DIRECTION('',(-5.74253288599219E-16,1.,0.));
#3264=DIRECTION('',(-0.707106781186549,-0.707106781186546,0.));
#3265=DIRECTION('',(0.707106781186546,-0.707106781186549,0.));
#3266=DIRECTION('',(-1.,0.,0.));
#3267=DIRECTION('',(0.,-1.,0.));
#3268=DIRECTION('',(-0.707106781186549,-0.707106781186546,0.));
#3269=DIRECTION('',(-1.,0.,0.));
#3270=DIRECTION('',(0.,-1.,0.));
#3271=DIRECTION('',(0.707106781186546,-0.707106781186549,0.));
#3272=DIRECTION('',(-0.707106781186549,-0.707106781186546,0.));
#3273=DIRECTION('',(-0.707106781186546,0.707106781186549,0.));
#3274=DIRECTION('',(-0.707106781186549,-0.707106781186546,0.));
#3275=DIRECTION('',(0.,0.,-1.));
#3276=DIRECTION('',(0.,0.,-1.));
#3277=DIRECTION('',(0.,0.,1.));
#3278=DIRECTION('',(1.,0.,0.));
#3279=DIRECTION('',(0.,0.,1.));
#3280=DIRECTION('',(1.,0.,0.));
#3281=DIRECTION('',(-5.74253288599219E-16,1.,0.));
#3282=DIRECTION('',(0.707106781186548,-0.707106781186548,0.));
#3283=DIRECTION('',(0.707106781186548,0.707106781186548,0.));
#3284=DIRECTION('',(1.,0.,0.));
#3285=DIRECTION('',(0.707106781186548,-0.707106781186548,0.));
#3286=DIRECTION('',(0.,1.,0.));
#3287=DIRECTION('',(0.707106781186548,0.707106781186548,0.));
#3288=DIRECTION('',(0.707106781186548,-0.707106781186548,0.));
#3289=DIRECTION('',(-5.74253288599219E-16,1.,0.));
#3290=DIRECTION('',(-1.,0.,0.));
#3291=DIRECTION('',(-0.707106781186548,-0.707106781186548,0.));
#3292=DIRECTION('',(0.707106781186548,-0.707106781186548,0.));
#3293=DIRECTION('',(0.,0.,1.));
#3294=DIRECTION('',(0.,0.,-1.));
#3295=DIRECTION('',(0.707106781186548,-0.707106781186548,0.));
#3296=DIRECTION('',(0.707106781186548,0.707106781186548,0.));
#3297=DIRECTION('',(0.707106781186548,0.707106781186548,0.));
#3298=DIRECTION('',(0.,0.,1.));
#3299=DIRECTION('',(0.,0.,-1.));
#3300=DIRECTION('',(2.1350442781253E-16,0.,-1.));
#3301=DIRECTION('',(-1.,0.,-2.1350442781253E-16));
#3302=DIRECTION('',(-1.,0.,-2.1350442781253E-16));
#3303=DIRECTION('',(0.,1.,0.));
#3304=DIRECTION('',(-1.,0.,-2.1350442781253E-16));
#3305=DIRECTION('',(0.,1.,0.));
#3306=DIRECTION('',(1.,3.08395284618099E-16,2.1350442781253E-16));
#3307=DIRECTION('',(1.12522603847144E-16,-1.,2.40240741503605E-32));
#3308=DIRECTION('',(1.,3.08395284618099E-16,2.1350442781253E-16));
#3309=DIRECTION('',(1.12522603847144E-16,-1.,2.40240741503605E-32));
#3310=DIRECTION('',(2.3521674250533E-16,0.,1.));
#3311=DIRECTION('',(1.,0.,-2.3521674250533E-16));
#3312=DIRECTION('',(1.,0.,-2.3521674250533E-16));
#3313=DIRECTION('',(0.,1.,0.));
#3314=DIRECTION('',(1.,0.,-2.3521674250533E-16));
#3315=DIRECTION('',(0.,1.,0.));
#3316=DIRECTION('',(1.,3.08395284618099E-16,-2.3521674250533E-16));
#3317=DIRECTION('',(1.12522603847144E-16,-1.,-2.64672003351429E-32));
#3318=DIRECTION('',(1.,3.08395284618099E-16,-2.3521674250533E-16));
#3319=DIRECTION('',(1.12522603847144E-16,-1.,-2.64672003351429E-32));
#3320=DIRECTION('',(-1.,0.,0.));
#3321=DIRECTION('',(0.,0.,1.));
#3322=DIRECTION('',(0.,0.,1.));
#3323=DIRECTION('',(0.,1.,0.));
#3324=DIRECTION('',(0.,0.,1.));
#3325=DIRECTION('',(0.,1.,0.));
#3326=DIRECTION('',(0.,0.,1.));
#3327=DIRECTION('',(0.,0.,1.));
#3328=DIRECTION('',(0.,1.,2.31296463463574E-16));
#3329=DIRECTION('',(0.,0.,-1.));
#3330=DIRECTION('',(0.,1.,1.15648231731787E-16));
#3331=DIRECTION('',(0.,0.,-1.));
#3332=DIRECTION('',(-1.,0.,0.));
#3333=DIRECTION('',(0.,0.,1.));
#3334=DIRECTION('',(0.,0.,1.));
#3335=DIRECTION('',(0.,0.,1.));
#3336=DIRECTION('',(0.,-1.,0.));
#3337=DIRECTION('',(0.,0.,-1.));
#3338=DIRECTION('',(0.,-1.,0.));
#3339=DIRECTION('',(0.,0.,-1.));
#3340=DIRECTION('',(0.,0.,1.));
#3341=DIRECTION('',(0.,-1.,-2.31296463463574E-16));
#3342=DIRECTION('',(0.,0.,1.));
#3343=DIRECTION('',(0.,-1.,-1.15648231731787E-16));
#3344=DIRECTION('',(-1.,0.,1.23908819712629E-16));
#3345=DIRECTION('',(1.23908819712629E-16,0.,1.));
#3346=DIRECTION('',(-1.23908819712629E-16,0.,-1.));
#3347=DIRECTION('',(0.,-1.,0.));
#3348=DIRECTION('',(-1.23908819712629E-16,0.,-1.));
#3349=DIRECTION('',(0.,-1.,0.));
#3350=DIRECTION('',(1.23908819712629E-16,0.,1.));
#3351=DIRECTION('',(1.23908819712629E-16,0.,1.));
#3352=DIRECTION('',(0.,1.,0.));
#3353=DIRECTION('',(-2.86596717914767E-32,-1.,-2.31296463463574E-16));
#3354=DIRECTION('',(1.23908819712629E-16,0.,1.));
#3355=DIRECTION('',(-1.43298358957384E-32,-1.,-1.15648231731787E-16));
#3356=DIRECTION('',(1.23908819712629E-16,0.,1.));
#3357=DIRECTION('',(-1.,0.,1.23908819712629E-16));
#3358=DIRECTION('',(1.23908819712629E-16,0.,1.));
#3359=DIRECTION('',(1.23908819712629E-16,0.,1.));
#3360=DIRECTION('',(0.,1.,0.));
#3361=DIRECTION('',(1.23908819712629E-16,0.,1.));
#3362=DIRECTION('',(0.,-1.,0.));
#3363=DIRECTION('',(-1.23908819712629E-16,0.,-1.));
#3364=DIRECTION('',(0.,-1.,0.));
#3365=DIRECTION('',(-1.23908819712629E-16,0.,-1.));
#3366=DIRECTION('',(1.23908819712629E-16,0.,1.));
#3367=DIRECTION('',(-2.86596717914767E-32,-1.,-2.31296463463574E-16));
#3368=DIRECTION('',(1.23908819712629E-16,0.,1.));
#3369=DIRECTION('',(-1.43298358957384E-32,-1.,-1.15648231731787E-16));
#3370=DIRECTION('',(0.,-1.,0.));
#3371=DIRECTION('',(0.,0.,-1.));
#3372=DIRECTION('',(-1.,0.,0.));
#3373=DIRECTION('',(0.,0.,1.));
#3374=DIRECTION('',(0.,0.,-1.));
#3375=DIRECTION('',(1.,0.,-1.17608371252665E-16));
#3376=DIRECTION('',(-0.707106781186548,0.707106781186548,0.));
#3377=DIRECTION('',(-0.707106781186548,-0.707106781186548,0.));
#3378=DIRECTION('',(0.707106781186548,0.707106781186548,0.));
#3379=DIRECTION('',(0.,0.,-1.));
#3380=DIRECTION('',(0.,0.,-1.));
#3381=DIRECTION('',(0.,1.,0.));
#3382=DIRECTION('',(0.,0.,1.));
#3383=DIRECTION('',(0.,0.,-1.));
#3384=DIRECTION('',(0.,0.,-1.));
#3385=DIRECTION('',(0.,0.,-1.));
#3386=DIRECTION('',(1.,0.,0.));
#3387=DIRECTION('',(0.,1.,0.));
#3388=DIRECTION('',(0.,0.,1.));
#3389=DIRECTION('',(0.,0.,-1.));
#3390=DIRECTION('',(0.,0.,-1.));
#3391=DIRECTION('',(0.,0.,-1.));
#3392=DIRECTION('',(1.,0.,0.));
#3393=DIRECTION('',(-1.,0.,0.));
#3394=DIRECTION('',(0.,0.,1.));
#3395=DIRECTION('',(0.,1.,0.));
#3396=DIRECTION('',(-1.,0.,0.));
#3397=DIRECTION('',(0.,0.,1.));
#3398=DIRECTION('',(0.,0.,-1.));
#3399=DIRECTION('',(0.,0.,-1.));
#3400=DIRECTION('',(0.707106781186546,-0.707106781186549,0.));
#3401=DIRECTION('',(0.707106781186549,0.707106781186546,0.));
#3402=DIRECTION('',(0.,0.,-1.));
#3403=DIRECTION('',(0.,0.,-1.));
#3404=DIRECTION('',(0.,-1.,0.));
#3405=DIRECTION('',(0.,0.,-1.));
#3406=DIRECTION('',(0.,0.,-1.));
#3407=DIRECTION('',(0.,0.,-1.));
#3408=DIRECTION('',(0.,0.,-1.));
#3409=DIRECTION('',(1.,0.,0.));
#3410=DIRECTION('',(0.,0.,-1.));
#3411=DIRECTION('',(0.,-1.,0.));
#3412=DIRECTION('',(0.,0.,-1.));
#3413=DIRECTION('',(0.,0.,-1.));
#3414=DIRECTION('',(1.,0.,0.));
#3415=DIRECTION('',(0.,0.,-1.));
#3416=DIRECTION('',(0.,0.,-1.));
#3417=DIRECTION('',(0.,0.,-1.));
#3418=DIRECTION('',(0.,1.,0.));
#3419=DIRECTION('',(0.,0.,1.));
#3420=DIRECTION('',(0.,0.,1.));
#3421=DIRECTION('',(1.,0.,0.));
#3422=DIRECTION('',(0.,0.,-1.));
#3423=DIRECTION('',(0.,0.,-1.));
#3424=DIRECTION('',(1.,0.,0.));
#3425=DIRECTION('',(1.,0.,0.));
#3426=DIRECTION('',(0.,0.,-1.));
#3427=DIRECTION('',(0.,-1.,0.));
#3428=DIRECTION('',(0.,0.,1.));
#3429=DIRECTION('',(0.,-1.,0.));
#3430=DIRECTION('',(0.,0.,-1.));
#3431=DIRECTION('',(0.,0.,-1.));
#3432=DIRECTION('',(0.,1.,0.));
#3433=DIRECTION('',(0.,0.,1.));
#3434=DIRECTION('',(0.,0.,-1.));
#3435=DIRECTION('',(1.,0.,0.));
#3436=DIRECTION('',(1.,0.,0.));
#3437=DIRECTION('',(0.,0.,-1.));
#3438=DIRECTION('',(0.,-1.,0.));
#3439=DIRECTION('',(0.,0.,-1.));
#3440=DIRECTION('',(1.,-3.41607084500048E-16,0.));
#3441=DIRECTION('',(3.41607084500048E-16,1.,0.));
#3442=DIRECTION('',(0.,0.,1.));
#3443=DIRECTION('',(0.,0.,-1.));
#3444=DIRECTION('',(0.,0.,-1.));
#3445=DIRECTION('',(3.41607084500048E-16,1.,0.));
#3446=DIRECTION('',(1.,-3.41607084500048E-16,0.));
#3447=DIRECTION('',(3.41607084500048E-16,1.,0.));
#3448=DIRECTION('',(-3.41607084500048E-16,-1.,0.));
#3449=DIRECTION('',(0.,0.,1.));
#3450=DIRECTION('',(-3.41607084500048E-16,-1.,0.));
#3451=DIRECTION('',(0.,0.,-1.));
#3452=DIRECTION('',(0.,-1.,0.));
#3453=DIRECTION('',(0.,0.,-1.));
#3454=DIRECTION('',(0.,0.,1.));
#3455=DIRECTION('',(-1.,0.,0.));
#3456=DIRECTION('',(0.,0.,-1.));
#3457=DIRECTION('',(1.,0.,0.));
#3458=DIRECTION('',(0.707106781186548,0.707106781186548,0.));
#3459=DIRECTION('',(0.,0.,1.));
#3460=DIRECTION('',(0.707106781186548,-0.707106781186548,0.));
#3461=DIRECTION('',(-0.707106781186548,0.707106781186548,0.));
#3462=DIRECTION('',(0.,0.,-1.));
#3463=DIRECTION('',(0.707106781186548,0.707106781186548,0.));
#3464=DIRECTION('',(0.707106781186547,-2.4155268595135E-16,-0.707106781186548));
#3465=DIRECTION('',(3.41607084500048E-16,1.,0.));
#3466=DIRECTION('',(-0.707106781186548,-2.32248400940087E-32,-0.707106781186547));
#3467=DIRECTION('',(0.707106781186548,0.,0.707106781186547));
#3468=DIRECTION('',(0.577350269189626,0.577350269189626,-0.577350269189626));
#3469=DIRECTION('',(-0.707106781186548,0.,-0.707106781186547));
#3470=DIRECTION('',(0.,-0.707106781186548,-0.707106781186547));
#3471=DIRECTION('',(0.577350269189626,-0.577350269189626,-0.577350269189626));
#3472=DIRECTION('',(-0.707106781186548,0.,-0.707106781186547));
#3473=DIRECTION('',(0.,0.707106781186548,-0.707106781186547));
#3474=DIRECTION('',(0.,-0.707106781186547,0.707106781186548));
#3475=DIRECTION('',(-1.,0.,0.));
#3476=DIRECTION('',(0.,0.707106781186548,0.707106781186547));
#3477=DIRECTION('',(0.707106781186548,-0.707106781186548,0.));
#3478=DIRECTION('',(0.,0.,-1.));
#3479=DIRECTION('',(-0.707106781186548,-0.707106781186548,0.));
#3480=DIRECTION('',(-0.707106781186547,-0.707106781186549,0.));
#3481=DIRECTION('',(0.,0.,1.));
#3482=DIRECTION('',(0.707106781186549,-0.707106781186547,0.));
#3483=DIRECTION('',(-0.707106781186549,0.707106781186547,1.19609907444043E-16));
#3484=DIRECTION('',(0.,-0.707106781186547,-0.707106781186548));
#3485=DIRECTION('',(1.,0.,0.));
#3486=DIRECTION('',(1.64540693022728E-16,-0.707106781186548,0.707106781186547));
#3487=DIRECTION('',(-0.577350269189626,0.577350269189626,-0.577350269189626));
#3488=DIRECTION('',(-0.707106781186548,0.,0.707106781186547));
#3489=DIRECTION('',(0.707106781186548,0.,-0.707106781186547));
#3490=DIRECTION('',(-0.577350269189625,-0.577350269189626,-0.577350269189627));
#3491=DIRECTION('',(0.,0.707106781186548,-0.707106781186547));
#3492=DIRECTION('',(-0.707106781186548,-1.75842199336084E-15,0.707106781186547));
#3493=DIRECTION('',(0.707106781186547,-2.4155268595135E-16,0.707106781186548));
#3494=DIRECTION('',(-3.41607084500048E-16,-1.,0.));
#3495=DIRECTION('',(0.707106781186545,0.70710678118655,0.));
#3496=DIRECTION('',(-0.70710678118655,0.707106781186545,0.));
#3497=DIRECTION('',(-0.70710678118655,0.707106781186545,0.));
#3498=DIRECTION('',(0.,0.,1.));
#3499=DIRECTION('',(1.,0.,0.));
#3500=DIRECTION('',(0.,1.,0.));
#3501=DIRECTION('',(1.,0.,0.));
#3502=DIRECTION('',(0.,1.,0.));
#3503=DIRECTION('',(-0.707106781186545,-0.70710678118655,0.));
#3504=DIRECTION('',(-0.707106781186545,-0.70710678118655,0.));
#3505=DIRECTION('',(-0.70710678118655,0.707106781186545,0.));
#3506=DIRECTION('',(0.,0.,-1.));
#3507=DIRECTION('',(1.,0.,0.));
#3508=DIRECTION('',(-0.707106781186548,-0.707106781186548,0.));
#3509=DIRECTION('',(0.707106781186548,-0.707106781186548,0.));
#3510=DIRECTION('',(0.,-1.,0.));
#3511=DIRECTION('',(0.,0.,-1.));
#3512=DIRECTION('',(0.,0.,-1.));
#3513=DIRECTION('',(-0.70710678118655,0.707106781186545,0.));
#3514=DIRECTION('',(-0.707106781186545,-0.70710678118655,0.));
#3515=DIRECTION('',(-0.707106781186545,-0.70710678118655,0.));
#3516=DIRECTION('',(0.,0.,-1.));
#3517=DIRECTION('',(0.,0.,1.));
#3518=DIRECTION('',(1.,0.,0.));
#3519=DIRECTION('',(1.,0.,0.));
#3520=DIRECTION('',(0.,1.,0.));
#3521=DIRECTION('',(-0.70710678118655,0.707106781186545,0.));
#3522=DIRECTION('',(-0.707106781186545,-0.70710678118655,0.));
#3523=DIRECTION('',(0.,1.,0.));
#3524=DIRECTION('',(0.,0.,1.));
#3525=DIRECTION('',(1.,0.,0.));
#3526=DIRECTION('',(-0.70710678118655,0.707106781186545,0.));
#3527=DIRECTION('',(-0.707106781186545,-0.70710678118655,0.));
#3528=DIRECTION('',(0.707106781186545,0.70710678118655,0.));
#3529=DIRECTION('',(-0.70710678118655,0.707106781186545,0.));
#3530=DIRECTION('',(0.,0.,-1.));
#3531=DIRECTION('',(-0.707106781186549,-0.707106781186546,0.));
#3532=DIRECTION('',(0.707106781186546,-0.707106781186549,0.));
#3533=DIRECTION('',(0.,0.,-1.));
#3534=DIRECTION('',(-0.707106781186549,-0.707106781186546,0.));
#3535=DIRECTION('',(0.707106781186546,-0.707106781186549,0.));
#3536=DIRECTION('',(-0.707106781186546,0.707106781186549,0.));
#3537=DIRECTION('',(-0.707106781186549,-0.707106781186546,0.));
#3538=DIRECTION('',(0.,0.,-1.));
#3539=DIRECTION('',(0.707106781186548,-0.707106781186548,0.));
#3540=DIRECTION('',(0.707106781186548,0.707106781186548,0.));
#3541=DIRECTION('',(0.707106781186548,-0.707106781186548,0.));
#3542=DIRECTION('',(0.707106781186548,0.707106781186548,0.));
#3543=DIRECTION('',(0.,0.,-1.));
#3544=DIRECTION('',(-0.707106781186548,-0.707106781186548,0.));
#3545=DIRECTION('',(0.707106781186548,-0.707106781186548,0.));
#3546=DIRECTION('',(0.,0.,1.));
#3547=DIRECTION('',(0.,0.,1.));
#3548=DIRECTION('',(1.,0.,0.));
#3549=DIRECTION('',(0.,0.,1.));
#3550=DIRECTION('',(1.,0.,0.));
#3551=DIRECTION('',(0.707106781186548,0.707106781186548,0.));
#3552=DIRECTION('',(0.,1.,0.));
#3553=DIRECTION('',(1.,0.,0.));
#3554=DIRECTION('',(0.,1.,0.));
#3555=DIRECTION('',(-0.707106781186548,0.707106781186548,0.));
#3556=DIRECTION('',(-0.707106781186548,0.707106781186548,0.));
#3557=DIRECTION('',(0.707106781186548,0.707106781186548,0.));
#3558=DIRECTION('',(-0.707106781186548,0.707106781186548,0.));
#3559=DIRECTION('',(0.707106781186548,0.707106781186548,0.));
#3560=DIRECTION('',(-0.707106781186548,0.707106781186548,0.));
#3561=DIRECTION('',(0.,0.,-1.));
#3562=DIRECTION('',(0.707106781186548,-0.707106781186548,0.));
#3563=DIRECTION('',(0.707106781186548,0.707106781186548,0.));
#3564=DIRECTION('',(0.,0.,1.));
#3565=DIRECTION('',(0.,0.,1.));
#3566=DIRECTION('',(1.,0.,0.));
#3567=DIRECTION('',(0.,0.,1.));
#3568=DIRECTION('',(1.,0.,0.));
#3569=DIRECTION('',(0.,0.,1.));
#3570=DIRECTION('',(1.,0.,0.));
#3571=DIRECTION('',(0.,0.,1.));
#3572=DIRECTION('',(1.,0.,0.));
#3573=DIRECTION('',(0.,-1.,0.));
#3574=DIRECTION('',(1.,0.,0.));
#3575=DIRECTION('',(1.17608371252665E-16,0.,1.));
#3576=DIRECTION('',(1.,0.,-1.17608371252665E-16));
#3577=DIRECTION('',(1.,0.,-1.17608371252665E-16));
#3578=DIRECTION('',(0.,1.,0.));
#3579=DIRECTION('',(-1.,0.,0.));
#3580=DIRECTION('',(0.,0.,-1.));
#3581=DIRECTION('',(-1.,0.,0.));
#3582=DIRECTION('',(1.,0.,0.));
#3583=DIRECTION('',(1.,0.,0.));
#3584=DIRECTION('',(0.,1.,0.));
#3585=DIRECTION('',(0.,0.,1.));
#3586=DIRECTION('',(1.,0.,0.));
#3587=DIRECTION('',(0.,0.,-1.));
#3588=DIRECTION('',(-1.,0.,0.));
#3589=DIRECTION('',(1.,0.,0.));
#3590=DIRECTION('',(0.,1.,0.));
#3591=DIRECTION('',(0.,0.,1.));
#3592=DIRECTION('',(0.,-1.,0.));
#3593=DIRECTION('',(0.,0.,-1.));
#3594=DIRECTION('',(1.,0.,0.));
#3595=DIRECTION('',(1.,0.,0.));
#3596=DIRECTION('',(0.,1.15648231731787E-16,-1.));
#3597=DIRECTION('',(0.,1.,1.15648231731787E-16));
#3598=DIRECTION('',(1.,0.,0.));
#3599=DIRECTION('',(0.,-1.,0.));
#3600=DIRECTION('',(0.,0.,-1.));
#3601=DIRECTION('',(1.,0.,0.));
#3602=DIRECTION('',(0.,2.31296463463574E-16,-1.));
#3603=DIRECTION('',(0.,1.,2.31296463463574E-16));
#3604=DIRECTION('',(0.,1.,0.));
#3605=DIRECTION('',(0.,0.,1.));
#3606=DIRECTION('',(1.,0.,0.));
#3607=DIRECTION('',(1.,0.,0.));
#3608=DIRECTION('',(0.,0.,-1.));
#3609=DIRECTION('',(-1.,0.,0.));
#3610=DIRECTION('',(1.,0.,0.));
#3611=DIRECTION('',(0.,1.,0.));
#3612=DIRECTION('',(0.,0.,1.));
#3613=DIRECTION('',(1.,0.,0.));
#3614=DIRECTION('',(0.,0.,-1.));
#3615=DIRECTION('',(-1.,0.,0.));
#3616=DIRECTION('',(0.,2.31296463463574E-16,-1.));
#3617=DIRECTION('',(0.,1.,2.31296463463574E-16));
#3618=DIRECTION('',(1.,0.,0.));
#3619=DIRECTION('',(1.,0.,0.));
#3620=DIRECTION('',(0.,-1.,0.));
#3621=DIRECTION('',(0.,0.,-1.));
#3622=DIRECTION('',(1.,0.,0.));
#3623=DIRECTION('',(0.,1.15648231731787E-16,-1.));
#3624=DIRECTION('',(0.,1.,1.15648231731787E-16));
#3625=DIRECTION('',(1.,0.,0.));
#3626=DIRECTION('',(0.,-1.,0.));
#3627=DIRECTION('',(0.,0.,-1.));
#3628=DIRECTION('',(3.08395284618099E-16,-1.,6.58437587824696E-32));
#3629=DIRECTION('',(1.,3.08395284618099E-16,0.));
#3630=DIRECTION('',(-2.1350442781253E-16,0.,1.));
#3631=DIRECTION('',(-2.1350442781253E-16,0.,1.));
#3632=DIRECTION('',(-1.,-1.12522603847144E-16,-2.1350442781253E-16));
#3633=DIRECTION('',(-2.1350442781253E-16,0.,1.));
#3634=DIRECTION('',(-2.1350442781253E-16,0.,1.));
#3635=DIRECTION('',(3.08395284618099E-16,-1.,6.58437587824696E-32));
#3636=DIRECTION('',(1.,3.08395284618099E-16,0.));
#3637=DIRECTION('',(-2.1350442781253E-16,0.,1.));
#3638=DIRECTION('',(-1.,-1.12522603847144E-16,-2.1350442781253E-16));
#3639=DIRECTION('',(-2.1350442781253E-16,0.,1.));
#3640=DIRECTION('',(0.,-1.,0.));
#3641=DIRECTION('',(0.,0.,-1.));
#3642=DIRECTION('',(0.,0.,1.));
#3643=DIRECTION('',(1.,0.,0.));
#3644=DIRECTION('',(0.,0.,1.));
#3645=DIRECTION('',(-1.,-5.74253288599219E-16,0.));
#3646=DIRECTION('',(5.74253288599219E-16,-1.,0.));
#3647=DIRECTION('',(0.,0.,1.));
#3648=DIRECTION('',(5.74253288599219E-16,-1.,0.));
#3649=DIRECTION('',(0.,-1.,0.));
#3650=DIRECTION('',(0.,0.,-1.));
#3651=DIRECTION('',(0.,0.,1.));
#3652=DIRECTION('',(1.,0.,0.));
#3653=DIRECTION('',(-1.,-5.74253288599219E-16,0.));
#3654=DIRECTION('',(5.74253288599219E-16,-1.,0.));
#3655=DIRECTION('',(5.74253288599219E-16,-1.,0.));
#3656=DIRECTION('',(0.,0.,1.));
#3657=DIRECTION('',(1.,0.,0.));
#3658=DIRECTION('',(-1.,0.,0.));
#3659=DIRECTION('',(0.,0.,1.));
#3660=DIRECTION('',(0.,0.,1.));
#3661=DIRECTION('',(0.,-1.,0.));
#3662=DIRECTION('',(0.,0.,1.));
#3663=DIRECTION('',(0.,1.,0.));
#3664=DIRECTION('',(0.,0.,1.));
#3665=DIRECTION('',(0.,0.,1.));
#3666=DIRECTION('',(-1.,0.,0.));
#3667=DIRECTION('',(-1.,0.,0.));
#3668=DIRECTION('',(0.,0.,1.));
#3669=DIRECTION('',(0.,0.,1.));
#3670=DIRECTION('',(0.,-1.,0.));
#3671=DIRECTION('',(0.,1.,0.));
#3672=DIRECTION('',(0.,0.,1.));
#3673=DIRECTION('',(-1.,0.,0.));
#3674=DIRECTION('',(0.,0.,1.));
#3675=DIRECTION('',(1.,0.,0.));
#3676=DIRECTION('',(1.,0.,0.));
#3677=DIRECTION('',(0.,0.,-1.));
#3678=DIRECTION('',(0.,0.,-1.));
#3679=DIRECTION('',(1.,0.,0.));
#3680=DIRECTION('',(0.,0.,-1.));
#3681=DIRECTION('',(0.,0.,-1.));
#3682=DIRECTION('',(0.,-1.,0.));
#3683=DIRECTION('',(0.,0.,-1.));
#3684=DIRECTION('',(1.,5.74253288599219E-16,0.));
#3685=DIRECTION('',(-5.74253288599219E-16,1.,0.));
#3686=DIRECTION('',(0.,0.,-1.));
#3687=DIRECTION('',(1.,5.74253288599219E-16,0.));
#3688=DIRECTION('',(-5.74253288599219E-16,1.,0.));
#3689=DIRECTION('',(0.,0.,-1.));
#3690=DIRECTION('',(0.,1.,0.));
#3691=DIRECTION('',(0.,0.,1.));
#3692=DIRECTION('',(0.,1.,0.));
#3693=DIRECTION('',(0.,0.,1.));
#3694=DIRECTION('',(0.,0.,-1.));
#3695=DIRECTION('',(0.,0.,-1.));
#3696=DIRECTION('',(1.,5.74253288599219E-16,0.));
#3697=DIRECTION('',(-5.74253288599219E-16,1.,0.));
#3698=DIRECTION('',(1.,5.74253288599219E-16,0.));
#3699=DIRECTION('',(-5.74253288599219E-16,1.,0.));
#3700=DIRECTION('',(0.,-1.,0.));
#3701=DIRECTION('',(0.,0.,-1.));
#3702=DIRECTION('',(0.,0.,-1.));
#3703=DIRECTION('',(0.,0.,-1.));
#3704=DIRECTION('',(1.,0.,0.));
#3705=DIRECTION('',(0.,0.,-1.));
#3706=DIRECTION('',(1.,0.,0.));
#3707=DIRECTION('',(0.,0.,-1.));
#3708=DIRECTION('',(0.,1.,0.));
#3709=DIRECTION('',(0.,0.,1.));
#3710=DIRECTION('',(0.,0.,1.));
#3711=DIRECTION('',(-1.,0.,0.));
#3712=DIRECTION('',(0.,0.,1.));
#3713=DIRECTION('',(-1.,0.,0.));
#3714=DIRECTION('',(0.,0.,1.));
#3715=DIRECTION('',(0.,0.,1.));
#3716=DIRECTION('',(0.,-1.,0.));
#3717=DIRECTION('',(0.,-1.,0.));
#3718=DIRECTION('',(0.,-1.,0.));
#3719=DIRECTION('',(0.,0.,-1.));
#3720=DIRECTION('',(0.,0.,1.));
#3721=DIRECTION('',(1.,0.,0.));
#3722=DIRECTION('',(-1.,0.,0.));
#3723=DIRECTION('',(0.,0.,1.));
#3724=DIRECTION('',(0.,-1.,0.));
#3725=DIRECTION('',(0.,-1.,0.));
#3726=DIRECTION('',(0.,0.,1.));
#3727=DIRECTION('',(1.,0.,0.));
#3728=DIRECTION('',(-1.,0.,0.));
#3729=DIRECTION('',(-4.62592926927147E-16,-1.,0.));
#3730=DIRECTION('',(1.,-4.62592926927147E-16,0.));
#3731=DIRECTION('',(0.,0.,1.));
#3732=DIRECTION('',(1.,-4.62592926927147E-16,0.));
#3733=DIRECTION('',(0.,0.,1.));
#3734=DIRECTION('',(-1.,4.08170229641602E-16,0.));
#3735=DIRECTION('',(-4.08170229641602E-16,-1.,0.));
#3736=DIRECTION('',(0.,0.,1.));
#3737=DIRECTION('',(-4.08170229641602E-16,-1.,0.));
#3738=DIRECTION('',(9.25185853854294E-16,1.,0.));
#3739=DIRECTION('',(-1.,9.25185853854294E-16,0.));
#3740=DIRECTION('',(0.,0.,1.));
#3741=DIRECTION('',(-1.,9.25185853854294E-16,0.));
#3742=DIRECTION('',(-1.,4.08170229641602E-16,0.));
#3743=DIRECTION('',(-4.08170229641602E-16,-1.,0.));
#3744=DIRECTION('',(-4.08170229641602E-16,-1.,0.));
#3745=DIRECTION('',(-1.,0.,0.));
#3746=DIRECTION('',(0.,0.,1.));
#3747=DIRECTION('',(0.,0.,1.));
#3748=DIRECTION('',(0.,-1.,0.));
#3749=DIRECTION('',(0.,-1.,0.));
#3750=DIRECTION('',(0.,0.,1.));
#3751=DIRECTION('',(0.,1.,0.));
#3752=DIRECTION('',(0.,0.,1.));
#3753=DIRECTION('',(0.,0.,1.));
#3754=DIRECTION('',(-1.,0.,0.));
#3755=DIRECTION('',(-1.,3.96508223080413E-16,0.));
#3756=DIRECTION('',(-3.96508223080413E-16,-1.,0.));
#3757=DIRECTION('',(0.,0.,1.));
#3758=DIRECTION('',(-3.96508223080413E-16,-1.,0.));
#3759=DIRECTION('',(-3.96508223080413E-16,-1.,0.));
#3760=DIRECTION('',(9.25185853854296E-16,1.,0.));
#3761=DIRECTION('',(-1.,9.25185853854296E-16,0.));
#3762=DIRECTION('',(-1.,9.25185853854296E-16,0.));
#3763=DIRECTION('',(0.,0.,1.));
#3764=DIRECTION('',(1.,0.,0.));
#3765=DIRECTION('',(-1.,0.,0.));
#3766=DIRECTION('',(-1.,7.93016446160826E-16,0.));
#3767=DIRECTION('',(-7.93016446160826E-16,-1.,0.));
#3768=DIRECTION('',(0.,0.,1.));
#3769=DIRECTION('',(-7.93016446160826E-16,-1.,0.));
#3770=DIRECTION('',(0.,0.,1.));
#3771=DIRECTION('',(0.,1.,0.));
#3772=DIRECTION('',(0.,0.,1.));
#3773=DIRECTION('',(0.,0.,1.));
#3774=DIRECTION('',(-1.,0.,0.));
#3775=DIRECTION('',(-1.,3.96508223080413E-16,0.));
#3776=DIRECTION('',(-3.96508223080413E-16,-1.,0.));
#3777=DIRECTION('',(0.,0.,1.));
#3778=DIRECTION('',(-3.96508223080413E-16,-1.,0.));
#3779=DIRECTION('',(0.,1.,0.));
#3780=DIRECTION('',(0.,0.,1.));
#3781=DIRECTION('',(-1.,0.,0.));
#3782=DIRECTION('',(0.,0.,1.));
#3783=DIRECTION('',(0.,0.,1.));
#3784=DIRECTION('',(0.,-1.,0.));
#3785=DIRECTION('',(0.,0.,1.));
#3786=DIRECTION('',(0.,-1.,0.));
#3787=DIRECTION('',(0.,0.,-1.));
#3788=DIRECTION('',(0.,0.,1.));
#3789=DIRECTION('',(1.,0.,0.));
#3790=DIRECTION('',(-1.,0.,0.));
#3791=DIRECTION('',(0.,0.,1.));
#3792=DIRECTION('',(0.,0.,1.));
#3793=DIRECTION('',(0.,-1.,0.));
#3794=DIRECTION('',(4.62592926927148E-16,-1.,0.));
#3795=DIRECTION('',(1.,4.62592926927148E-16,0.));
#3796=DIRECTION('',(1.,4.62592926927148E-16,0.));
#3797=DIRECTION('',(0.,-1.,0.));
#3798=DIRECTION('',(0.,0.,-1.));
#3799=DIRECTION('',(0.,0.,1.));
#3800=DIRECTION('',(1.,0.,0.));
#3801=DIRECTION('',(0.,0.,1.));
#3802=DIRECTION('',(-1.,0.,0.));
#3803=DIRECTION('',(0.,0.,1.));
#3804=DIRECTION('',(0.,0.,1.));
#3805=DIRECTION('',(0.,-1.,0.));
#3806=DIRECTION('',(0.,-1.,0.));
#3807=DIRECTION('',(0.,0.,-1.));
#3808=DIRECTION('',(0.,0.,1.));
#3809=DIRECTION('',(-1.,0.,0.));
#3810=DIRECTION('',(0.,0.,1.));
#3811=DIRECTION('',(0.,-1.,0.));
#3812=DIRECTION('',(0.,0.,-1.));
#3813=DIRECTION('',(1.,0.,0.));
#3814=DIRECTION('',(-1.,0.,0.));
#3815=DIRECTION('',(-1.,0.,0.));
#3816=DIRECTION('',(0.,-1.,0.));
#3817=DIRECTION('',(-1.,0.,0.));
#3818=DIRECTION('',(-1.,0.,0.));
#3819=DIRECTION('',(-1.,0.,0.));
#3820=DIRECTION('',(0.,-1.,0.));
#3821=DIRECTION('',(-1.,0.,0.));
#3822=DIRECTION('',(0.,-1.,0.));
#3823=DIRECTION('',(0.,0.,-1.));
#3824=DIRECTION('',(0.,0.,-1.));
#3825=DIRECTION('',(0.,0.,-1.));
#3826=DIRECTION('',(1.,0.,0.));
#3827=DIRECTION('',(0.,0.,-1.));
#3828=DIRECTION('',(0.,0.,-1.));
#3829=DIRECTION('',(0.,-1.,0.));
#3830=DIRECTION('',(0.,0.,-1.));
#3831=DIRECTION('',(0.,0.,-1.));
#3832=DIRECTION('',(1.,0.,0.));
#3833=DIRECTION('',(0.,0.,-1.));
#3834=CARTESIAN_POINT('',(0.,0.,0.));
#3835=CARTESIAN_POINT('',(0.,0.,0.01));
#3836=CARTESIAN_POINT('',(0.1375,-0.1355,0.01));
#3837=CARTESIAN_POINT('',(0.1375,-0.1325,0.01));
#3838=CARTESIAN_POINT('',(0.1375,-0.153,0.01));
#3839=CARTESIAN_POINT('',(0.,-0.1325,0.01));
#3840=CARTESIAN_POINT('',(0.1225,-0.1325,0.01));
#3841=CARTESIAN_POINT('',(0.1225,-0.1355,0.01));
#3842=CARTESIAN_POINT('',(0.1225,-0.153,0.01));
#3843=CARTESIAN_POINT('',(0.13,-0.153,0.01));
#3844=CARTESIAN_POINT('',(0.,0.,0.01));
#3845=CARTESIAN_POINT('',(-0.1225,-0.1355,0.01));
#3846=CARTESIAN_POINT('',(-0.1225,-0.1325,0.01));
#3847=CARTESIAN_POINT('',(-0.1225,-0.153,0.01));
#3848=CARTESIAN_POINT('',(0.,-0.1325,0.01));
#3849=CARTESIAN_POINT('',(-0.1375,-0.1325,0.01));
#3850=CARTESIAN_POINT('',(-0.1375,-0.1355,0.01));
#3851=CARTESIAN_POINT('',(-0.1375,-0.153,0.01));
#3852=CARTESIAN_POINT('',(-0.13,-0.153,0.01));
#3853=CARTESIAN_POINT('',(0.,0.,0.));
#3854=CARTESIAN_POINT('',(0.165,-0.1625,0.));
#3855=CARTESIAN_POINT('',(0.165,0.1525,0.));
#3856=CARTESIAN_POINT('',(0.165,-0.1525,0.));
#3857=CARTESIAN_POINT('',(-0.175,-0.1525,0.));
#3858=CARTESIAN_POINT('',(-0.165,-0.1525,0.));
#3859=CARTESIAN_POINT('',(-0.165,5.63651689425079E-17,0.));
#3860=CARTESIAN_POINT('',(-0.165,0.1525,0.));
#3861=CARTESIAN_POINT('',(0.,0.1525,0.));
#3862=CARTESIAN_POINT('',(0.,0.1325,0.));
#3863=CARTESIAN_POINT('',(0.145,0.1325,0.));
#3864=CARTESIAN_POINT('',(-0.145,0.1325,0.));
#3865=CARTESIAN_POINT('',(-0.145,0.,0.));
#3866=CARTESIAN_POINT('',(-0.145,-0.1325,0.));
#3867=CARTESIAN_POINT('',(0.,-0.1325,0.));
#3868=CARTESIAN_POINT('',(0.145,-0.1325,0.));
#3869=CARTESIAN_POINT('',(0.145,0.,0.));
#3870=CARTESIAN_POINT('',(0.,0.,0.02));
#3871=CARTESIAN_POINT('',(0.065,-0.1325,0.02));
#3872=CARTESIAN_POINT('',(0.065,-0.1325,0.02));
#3873=CARTESIAN_POINT('',(0.065,0.1575,0.02));
#3874=CARTESIAN_POINT('',(-0.158964466094068,-0.1325,0.02));
#3875=CARTESIAN_POINT('',(-0.065,-0.1325,0.02));
#3876=CARTESIAN_POINT('',(-0.065,-0.1325,0.02));
#3877=CARTESIAN_POINT('',(-0.065,0.1575,0.02));
#3878=CARTESIAN_POINT('',(-0.158964466094068,0.1575,0.02));
#3879=CARTESIAN_POINT('',(-0.162928932188135,0.1575,0.02));
#3880=CARTESIAN_POINT('',(-0.166464466094068,0.153964466094067,0.02));
#3881=CARTESIAN_POINT('',(-0.17,0.150428932188135,0.02));
#3882=CARTESIAN_POINT('',(-0.17,0.146464466094067,0.02));
#3883=CARTESIAN_POINT('',(-0.17,0.1425,0.02));
#3884=CARTESIAN_POINT('',(-0.1725,0.1425,0.02));
#3885=CARTESIAN_POINT('',(-0.175,0.1425,0.02));
#3886=CARTESIAN_POINT('',(-0.175,0.,0.02));
#3887=CARTESIAN_POINT('',(-0.175,-0.1425,0.02));
#3888=CARTESIAN_POINT('',(-0.1725,-0.1425,0.02));
#3889=CARTESIAN_POINT('',(-0.17,-0.1425,0.02));
#3890=CARTESIAN_POINT('',(-0.17,-0.146464466094067,0.02));
#3891=CARTESIAN_POINT('',(-0.17,-0.150428932188134,0.02));
#3892=CARTESIAN_POINT('',(-0.166464466094068,-0.153964466094067,0.02));
#3893=CARTESIAN_POINT('',(-0.162928932188135,-0.1575,0.02));
#3894=CARTESIAN_POINT('',(-0.158964466094068,-0.1575,0.02));
#3895=CARTESIAN_POINT('',(-0.155,-0.1575,0.02));
#3896=CARTESIAN_POINT('',(-0.155,-0.16,0.02));
#3897=CARTESIAN_POINT('',(-0.155,-0.1625,0.02));
#3898=CARTESIAN_POINT('',(-5.55111512312578E-17,-0.1625,0.02));
#3899=CARTESIAN_POINT('',(0.155,-0.1625,0.02));
#3900=CARTESIAN_POINT('',(0.155,-0.16,0.02));
#3901=CARTESIAN_POINT('',(0.155,-0.1575,0.02));
#3902=CARTESIAN_POINT('',(0.158964466094068,-0.1575,0.02));
#3903=CARTESIAN_POINT('',(0.162928932188135,-0.1575,0.02));
#3904=CARTESIAN_POINT('',(0.166464466094068,-0.153964466094067,0.02));
#3905=CARTESIAN_POINT('',(0.17,-0.150428932188134,0.02));
#3906=CARTESIAN_POINT('',(0.17,-0.146464466094067,0.02));
#3907=CARTESIAN_POINT('',(0.17,-0.1425,0.02));
#3908=CARTESIAN_POINT('',(0.1725,-0.1425,0.02));
#3909=CARTESIAN_POINT('',(0.175,-0.1425,0.02));
#3910=CARTESIAN_POINT('',(0.175,0.,0.02));
#3911=CARTESIAN_POINT('',(0.175,0.1425,0.02));
#3912=CARTESIAN_POINT('',(0.1725,0.1425,0.02));
#3913=CARTESIAN_POINT('',(0.17,0.1425,0.02));
#3914=CARTESIAN_POINT('',(0.17,0.146464466094067,0.02));
#3915=CARTESIAN_POINT('',(0.17,0.150428932188134,0.02));
#3916=CARTESIAN_POINT('',(0.166464466094068,0.153964466094067,0.02));
#3917=CARTESIAN_POINT('',(0.162928932188135,0.1575,0.02));
#3918=CARTESIAN_POINT('',(-0.158964466094068,0.1575,0.02));
#3919=CARTESIAN_POINT('',(0.1645,1.11022302462516E-16,0.02));
#3920=CARTESIAN_POINT('',(0.1645,0.145,0.02));
#3921=CARTESIAN_POINT('',(0.1645,-0.145,0.02));
#3922=CARTESIAN_POINT('',(0.1655,0.145,0.02));
#3923=CARTESIAN_POINT('',(0.1665,0.145,0.02));
#3924=CARTESIAN_POINT('',(0.1665,1.11022302462516E-16,0.02));
#3925=CARTESIAN_POINT('',(0.1665,-0.145,0.02));
#3926=CARTESIAN_POINT('',(0.1655,-0.145,0.02));
#3927=CARTESIAN_POINT('',(-0.1655,0.145,0.02));
#3928=CARTESIAN_POINT('',(-0.1645,0.145,0.02));
#3929=CARTESIAN_POINT('',(-0.1665,0.145,0.02));
#3930=CARTESIAN_POINT('',(-0.1645,0.,0.02));
#3931=CARTESIAN_POINT('',(-0.1645,-0.145,0.02));
#3932=CARTESIAN_POINT('',(-0.1655,-0.145,0.02));
#3933=CARTESIAN_POINT('',(-0.1665,-0.145,0.02));
#3934=CARTESIAN_POINT('',(-0.1665,0.,0.02));
#3935=CARTESIAN_POINT('',(-0.1225,0.1335,0.02));
#3936=CARTESIAN_POINT('',(-0.1225,0.151,0.02));
#3937=CARTESIAN_POINT('',(-0.1225,0.116,0.02));
#3938=CARTESIAN_POINT('',(-0.13,0.116,0.02));
#3939=CARTESIAN_POINT('',(-0.1375,0.116,0.02));
#3940=CARTESIAN_POINT('',(-0.1375,0.1335,0.02));
#3941=CARTESIAN_POINT('',(-0.1375,0.151,0.02));
#3942=CARTESIAN_POINT('',(-0.13,0.151,0.02));
#3943=CARTESIAN_POINT('',(0.1125,-0.028,0.02));
#3944=CARTESIAN_POINT('',(0.1125,0.006,0.02));
#3945=CARTESIAN_POINT('',(0.1125,-0.062,0.02));
#3946=CARTESIAN_POINT('',(0.12,0.006,0.02));
#3947=CARTESIAN_POINT('',(0.1275,0.006,0.02));
#3948=CARTESIAN_POINT('',(0.1275,-0.028,0.02));
#3949=CARTESIAN_POINT('',(0.1275,-0.062,0.02));
#3950=CARTESIAN_POINT('',(0.12,-0.062,0.02));
#3951=CARTESIAN_POINT('',(0.13,0.151,0.02));
#3952=CARTESIAN_POINT('',(0.1375,0.151,0.02));
#3953=CARTESIAN_POINT('',(0.1225,0.151,0.02));
#3954=CARTESIAN_POINT('',(0.1375,0.1335,0.02));
#3955=CARTESIAN_POINT('',(0.1375,0.116,0.02));
#3956=CARTESIAN_POINT('',(0.13,0.116,0.02));
#3957=CARTESIAN_POINT('',(0.1225,0.116,0.02));
#3958=CARTESIAN_POINT('',(0.1225,0.1335,0.02));
#3959=CARTESIAN_POINT('',(0.13,-0.118,0.02));
#3960=CARTESIAN_POINT('',(0.1375,-0.118,0.02));
#3961=CARTESIAN_POINT('',(0.1225,-0.118,0.02));
#3962=CARTESIAN_POINT('',(0.1375,-0.1355,0.02));
#3963=CARTESIAN_POINT('',(0.1375,-0.153,0.02));
#3964=CARTESIAN_POINT('',(0.13,-0.153,0.02));
#3965=CARTESIAN_POINT('',(0.1225,-0.153,0.02));
#3966=CARTESIAN_POINT('',(0.1225,-0.1355,0.02));
#3967=CARTESIAN_POINT('',(-0.12,0.006,0.02));
#3968=CARTESIAN_POINT('',(-0.1275,0.006,0.02));
#3969=CARTESIAN_POINT('',(-0.1125,0.006,0.02));
#3970=CARTESIAN_POINT('',(-0.1125,-0.028,0.02));
#3971=CARTESIAN_POINT('',(-0.1125,-0.062,0.02));
#3972=CARTESIAN_POINT('',(-0.12,-0.062,0.02));
#3973=CARTESIAN_POINT('',(-0.1275,-0.062,0.02));
#3974=CARTESIAN_POINT('',(-0.1275,-0.028,0.02));
#3975=CARTESIAN_POINT('',(-0.1375,-0.1355,0.02));
#3976=CARTESIAN_POINT('',(-0.1375,-0.118,0.02));
#3977=CARTESIAN_POINT('',(-0.1375,-0.153,0.02));
#3978=CARTESIAN_POINT('',(-0.13,-0.118,0.02));
#3979=CARTESIAN_POINT('',(-0.1225,-0.118,0.02));
#3980=CARTESIAN_POINT('',(-0.1225,-0.1355,0.02));
#3981=CARTESIAN_POINT('',(-0.1225,-0.153,0.02));
#3982=CARTESIAN_POINT('',(-0.13,-0.153,0.02));
#3983=CARTESIAN_POINT('',(2.77555756156289E-17,2.77555756156289E-17,0.275));
#3984=CARTESIAN_POINT('',(0.162928932188135,0.150428932188135,0.275));
#3985=CARTESIAN_POINT('',(0.165428932188135,0.150428932188135,0.275));
#3986=CARTESIAN_POINT('',(-0.162928932188135,0.150428932188135,0.275));
#3987=CARTESIAN_POINT('',(-0.160428932188135,0.150428932188135,0.275));
#3988=CARTESIAN_POINT('',(0.159254310985676,0.147032485578728,0.275));
#3989=CARTESIAN_POINT('',(0.15161522368915,0.154671572875254,0.275));
#3990=CARTESIAN_POINT('',(0.1645,0.141786796564404,0.275));
#3991=CARTESIAN_POINT('',(0.1645,1.222202415902E-16,0.275));
#3992=CARTESIAN_POINT('',(0.1645,0.145,0.275));
#3993=CARTESIAN_POINT('',(2.77555756156289E-17,0.145,0.275));
#3994=CARTESIAN_POINT('',(0.1665,0.145,0.275));
#3995=CARTESIAN_POINT('',(0.1665,1.23368748167399E-16,0.275));
#3996=CARTESIAN_POINT('',(0.1665,0.139786796564404,0.275));
#3997=CARTESIAN_POINT('',(0.159254310985676,0.147032485578728,0.275));
#3998=CARTESIAN_POINT('',(0.166893398282202,0.139393398282202,0.275));
#3999=CARTESIAN_POINT('',(0.166893398282202,0.139393398282202,0.275));
#4000=CARTESIAN_POINT('',(0.17,0.1425,0.275));
#4001=CARTESIAN_POINT('',(0.1725,0.1425,0.275));
#4002=CARTESIAN_POINT('',(0.175,0.1425,0.275));
#4003=CARTESIAN_POINT('',(0.175,0.,0.275));
#4004=CARTESIAN_POINT('',(0.175,0.1525,0.275));
#4005=CARTESIAN_POINT('',(0.16375,0.16375,0.275));
#4006=CARTESIAN_POINT('',(0.165,0.1625,0.275));
#4007=CARTESIAN_POINT('',(5.55111512312578E-17,0.1625,0.275));
#4008=CARTESIAN_POINT('',(-0.165,0.1625,0.275));
#4009=CARTESIAN_POINT('',(-0.16375,0.16375,0.275));
#4010=CARTESIAN_POINT('',(-0.175,0.1525,0.275));
#4011=CARTESIAN_POINT('',(-0.175,0.,0.275));
#4012=CARTESIAN_POINT('',(-0.175,0.1425,0.275));
#4013=CARTESIAN_POINT('',(-0.1725,0.1425,0.275));
#4014=CARTESIAN_POINT('',(-0.170556349186104,0.1425,0.275));
#4015=CARTESIAN_POINT('',(-0.167171572875254,0.13911522368915,0.275));
#4016=CARTESIAN_POINT('',(-0.167171572875254,0.13911522368915,0.275));
#4017=CARTESIAN_POINT('',(-0.159393398282202,0.146893398282202,0.275));
#4018=CARTESIAN_POINT('',(-0.1665,0.139786796564404,0.275));
#4019=CARTESIAN_POINT('',(-0.1665,2.77555756156289E-17,0.275));
#4020=CARTESIAN_POINT('',(-0.1665,0.145,0.275));
#4021=CARTESIAN_POINT('',(2.77555756156289E-17,0.145,0.275));
#4022=CARTESIAN_POINT('',(-0.1645,0.145,0.275));
#4023=CARTESIAN_POINT('',(-0.1645,2.77555756156289E-17,0.275));
#4024=CARTESIAN_POINT('',(-0.1645,0.141786796564404,0.275));
#4025=CARTESIAN_POINT('',(-0.159393398282202,0.146893398282202,0.275));
#4026=CARTESIAN_POINT('',(-0.15161522368915,0.154671572875254,0.275));
#4027=CARTESIAN_POINT('',(-0.15161522368915,0.154671572875254,0.275));
#4028=CARTESIAN_POINT('',(-0.154443650813896,0.1575,0.275));
#4029=CARTESIAN_POINT('',(-0.158964466094068,0.1575,0.275));
#4030=CARTESIAN_POINT('',(0.154443650813896,0.1575,0.275));
#4031=CARTESIAN_POINT('',(0.15161522368915,0.154671572875254,0.275));
#4032=CARTESIAN_POINT('',(2.77555756156289E-17,2.77555756156289E-17,0.275));
#4033=CARTESIAN_POINT('',(0.162928932188135,-0.150428932188135,0.275));
#4034=CARTESIAN_POINT('',(0.165428932188135,-0.150428932188135,0.275));
#4035=CARTESIAN_POINT('',(2.77555756156289E-17,-0.145,0.275));
#4036=CARTESIAN_POINT('',(0.1665,-0.145,0.275));
#4037=CARTESIAN_POINT('',(0.1645,-0.145,0.275));
#4038=CARTESIAN_POINT('',(0.1645,1.222202415902E-16,0.275));
#4039=CARTESIAN_POINT('',(0.1645,-0.141786796564403,0.275));
#4040=CARTESIAN_POINT('',(0.159393398282202,-0.146893398282202,0.275));
#4041=CARTESIAN_POINT('',(0.15161522368915,-0.154671572875254,0.275));
#4042=CARTESIAN_POINT('',(0.15161522368915,-0.154671572875254,0.275));
#4043=CARTESIAN_POINT('',(0.155,-0.158056349186104,0.275));
#4044=CARTESIAN_POINT('',(0.155,-0.16,0.275));
#4045=CARTESIAN_POINT('',(0.155,-0.1625,0.275));
#4046=CARTESIAN_POINT('',(-5.55111512312578E-17,-0.1625,0.275));
#4047=CARTESIAN_POINT('',(0.165,-0.1625,0.275));
#4048=CARTESIAN_POINT('',(0.16375,-0.16375,0.275));
#4049=CARTESIAN_POINT('',(0.175,-0.1525,0.275));
#4050=CARTESIAN_POINT('',(0.175,0.,0.275));
#4051=CARTESIAN_POINT('',(0.175,-0.1425,0.275));
#4052=CARTESIAN_POINT('',(0.1725,-0.1425,0.275));
#4053=CARTESIAN_POINT('',(0.170556349186104,-0.1425,0.275));
#4054=CARTESIAN_POINT('',(0.167171572875254,-0.13911522368915,0.275));
#4055=CARTESIAN_POINT('',(0.167171572875254,-0.13911522368915,0.275));
#4056=CARTESIAN_POINT('',(0.159393398282202,-0.146893398282202,0.275));
#4057=CARTESIAN_POINT('',(0.1665,-0.139786796564403,0.275));
#4058=CARTESIAN_POINT('',(0.1665,1.23368748167399E-16,0.275));
#4059=CARTESIAN_POINT('',(-0.159393398282202,-0.146893398282202,0.1475));
#4060=CARTESIAN_POINT('',(-0.159393398282202,-0.146893398282202,0.275));
#4061=CARTESIAN_POINT('',(-0.1665,-0.139786796564404,0.275));
#4062=CARTESIAN_POINT('',(-0.167171572875254,-0.13911522368915,0.275));
#4063=CARTESIAN_POINT('',(-0.1665,-0.139786796564404,0.1475));
#4064=CARTESIAN_POINT('',(-0.1665,-0.139786796564404,0.273));
#4065=CARTESIAN_POINT('',(-0.159393398282202,-0.146893398282202,0.273));
#4066=CARTESIAN_POINT('',(-0.167171572875254,-0.13911522368915,0.273));
#4067=CARTESIAN_POINT('',(-0.167171572875254,-0.13911522368915,0.274));
#4068=CARTESIAN_POINT('',(0.159393398282202,-0.146893398282202,0.273));
#4069=CARTESIAN_POINT('',(0.162928932188135,-0.150428932188135,0.273));
#4070=CARTESIAN_POINT('',(0.165428932188135,-0.150428932188135,0.273));
#4071=CARTESIAN_POINT('',(0.1645,-0.146893398282202,0.273));
#4072=CARTESIAN_POINT('',(0.1645,-0.145,0.273));
#4073=CARTESIAN_POINT('',(0.1645,-0.141786796564403,0.273));
#4074=CARTESIAN_POINT('',(0.159393398282202,-0.145,0.273));
#4075=CARTESIAN_POINT('',(0.1665,-0.145,0.273));
#4076=CARTESIAN_POINT('',(0.1665,-0.146893398282202,0.273));
#4077=CARTESIAN_POINT('',(0.1665,-0.139786796564403,0.273));
#4078=CARTESIAN_POINT('',(0.159393398282202,-0.146893398282202,0.273));
#4079=CARTESIAN_POINT('',(0.167171572875254,-0.13911522368915,0.273));
#4080=CARTESIAN_POINT('',(0.167171572875254,-0.13911522368915,0.273));
#4081=CARTESIAN_POINT('',(0.170556349186104,-0.1425,0.273));
#4082=CARTESIAN_POINT('',(0.1725,-0.1425,0.273));
#4083=CARTESIAN_POINT('',(0.17,-0.1425,0.273));
#4084=CARTESIAN_POINT('',(0.17,-0.146464466094067,0.273));
#4085=CARTESIAN_POINT('',(0.17,-0.150428932188134,0.273));
#4086=CARTESIAN_POINT('',(0.166464466094068,-0.153964466094067,0.273));
#4087=CARTESIAN_POINT('',(0.162928932188135,-0.1575,0.273));
#4088=CARTESIAN_POINT('',(0.158964466094068,-0.1575,0.273));
#4089=CARTESIAN_POINT('',(0.155,-0.1575,0.273));
#4090=CARTESIAN_POINT('',(0.155,-0.16,0.273));
#4091=CARTESIAN_POINT('',(0.155,-0.158056349186104,0.273));
#4092=CARTESIAN_POINT('',(0.15161522368915,-0.154671572875254,0.273));
#4093=CARTESIAN_POINT('',(0.15161522368915,-0.154671572875254,0.273));
#4094=CARTESIAN_POINT('',(0.159393398282202,-0.146893398282202,0.273));
#4095=CARTESIAN_POINT('',(0.159393398282202,-0.146893398282202,0.1475));
#4096=CARTESIAN_POINT('',(0.1645,-0.141786796564403,0.1475));
#4097=CARTESIAN_POINT('',(0.15161522368915,-0.154671572875254,0.274));
#4098=CARTESIAN_POINT('',(0.159254310985676,0.147032485578728,0.273));
#4099=CARTESIAN_POINT('',(0.162928932188135,0.150428932188135,0.273));
#4100=CARTESIAN_POINT('',(0.165428932188135,0.150428932188135,0.273));
#4101=CARTESIAN_POINT('',(0.1645,0.147032485578728,0.273));
#4102=CARTESIAN_POINT('',(0.1645,0.141786796564404,0.273));
#4103=CARTESIAN_POINT('',(0.1645,0.145,0.273));
#4104=CARTESIAN_POINT('',(0.159254310985676,0.147032485578728,0.273));
#4105=CARTESIAN_POINT('',(0.15161522368915,0.154671572875254,0.273));
#4106=CARTESIAN_POINT('',(0.15161522368915,0.154671572875254,0.273));
#4107=CARTESIAN_POINT('',(0.154443650813896,0.1575,0.273));
#4108=CARTESIAN_POINT('',(-0.158964466094068,0.1575,0.273));
#4109=CARTESIAN_POINT('',(0.162928932188135,0.1575,0.273));
#4110=CARTESIAN_POINT('',(0.166325378797542,0.154103553390594,0.273));
#4111=CARTESIAN_POINT('',(0.17,0.150428932188135,0.273));
#4112=CARTESIAN_POINT('',(0.17,0.146464466094067,0.273));
#4113=CARTESIAN_POINT('',(0.17,0.1425,0.273));
#4114=CARTESIAN_POINT('',(0.166893398282202,0.139393398282202,0.273));
#4115=CARTESIAN_POINT('',(0.166893398282202,0.139393398282202,0.273));
#4116=CARTESIAN_POINT('',(0.159254310985676,0.147032485578728,0.273));
#4117=CARTESIAN_POINT('',(0.1665,0.139786796564404,0.273));
#4118=CARTESIAN_POINT('',(0.1665,0.147032485578728,0.273));
#4119=CARTESIAN_POINT('',(0.1665,0.145,0.273));
#4120=CARTESIAN_POINT('',(0.159254310985676,0.145,0.273));
#4121=CARTESIAN_POINT('',(0.159254310985676,0.147032485578728,0.1475));
#4122=CARTESIAN_POINT('',(0.1645,0.141786796564404,0.1475));
#4123=CARTESIAN_POINT('',(0.15161522368915,0.154671572875254,0.274));
#4124=CARTESIAN_POINT('',(-0.159393398282202,0.146893398282202,0.1475));
#4125=CARTESIAN_POINT('',(-0.159393398282202,0.146893398282202,0.273));
#4126=CARTESIAN_POINT('',(-0.167171572875254,0.13911522368915,0.273));
#4127=CARTESIAN_POINT('',(-0.1665,0.139786796564404,0.273));
#4128=CARTESIAN_POINT('',(-0.1665,0.139786796564404,0.1475));
#4129=CARTESIAN_POINT('',(-0.167171572875254,0.13911522368915,0.274));
#4130=CARTESIAN_POINT('',(-2.77555756156289E-17,-0.1325,0.08));
#4131=CARTESIAN_POINT('',(-2.77555756156289E-17,0.1575,0.08));
#4132=CARTESIAN_POINT('',(0.065,0.1575,0.08));
#4133=CARTESIAN_POINT('',(-0.065,0.1575,0.08));
#4134=CARTESIAN_POINT('',(-0.065,-0.1325,0.08));
#4135=CARTESIAN_POINT('',(-0.065,-0.1325,0.08));
#4136=CARTESIAN_POINT('',(-2.77555756156289E-17,-0.1325,0.08));
#4137=CARTESIAN_POINT('',(0.065,-0.1325,0.08));
#4138=CARTESIAN_POINT('',(0.065,-0.1325,0.08));
#4139=CARTESIAN_POINT('',(-5.55111512312578E-17,0.0725,0.08));
#4140=CARTESIAN_POINT('',(-0.045,0.0725,0.08));
#4141=CARTESIAN_POINT('',(0.045,0.0725,0.08));
#4142=CARTESIAN_POINT('',(0.045,-0.02,0.08));
#4143=CARTESIAN_POINT('',(0.045,-0.1125,0.08));
#4144=CARTESIAN_POINT('',(-3.46944695195361E-17,-0.1125,0.08));
#4145=CARTESIAN_POINT('',(-0.045,-0.1125,0.08));
#4146=CARTESIAN_POINT('',(-0.045,-0.02,0.08));
#4147=CARTESIAN_POINT('',(1.38777878078145E-17,-0.1275,0.076));
#4148=CARTESIAN_POINT('',(1.38777878078145E-17,0.1625,0.076));
#4149=CARTESIAN_POINT('',(-0.059,0.1625,0.076));
#4150=CARTESIAN_POINT('',(0.059,0.1625,0.076));
#4151=CARTESIAN_POINT('',(0.059,-0.1275,0.076));
#4152=CARTESIAN_POINT('',(0.059,-0.1275,0.076));
#4153=CARTESIAN_POINT('',(1.38777878078145E-17,-0.1275,0.076));
#4154=CARTESIAN_POINT('',(-0.059,-0.1275,0.076));
#4155=CARTESIAN_POINT('',(-0.059,-0.1275,0.076));
#4156=CARTESIAN_POINT('',(-4.78012691158053E-17,0.0725,0.076));
#4157=CARTESIAN_POINT('',(-0.045,0.0725,0.076));
#4158=CARTESIAN_POINT('',(0.045,0.0725,0.076));
#4159=CARTESIAN_POINT('',(-0.045,-0.1275,0.076));
#4160=CARTESIAN_POINT('',(-0.045,-0.1125,0.076));
#4161=CARTESIAN_POINT('',(9.25185853854297E-18,-0.1125,0.076));
#4162=CARTESIAN_POINT('',(0.045,-0.1125,0.076));
#4163=CARTESIAN_POINT('',(0.045,-0.1275,0.076));
#4164=CARTESIAN_POINT('',(0.065,-0.1325,0.05));
#4165=CARTESIAN_POINT('',(0.065,0.1195,0.0325));
#4166=CARTESIAN_POINT('',(0.065,0.1195,0.025));
#4167=CARTESIAN_POINT('',(0.065,0.1195,0.04));
#4168=CARTESIAN_POINT('',(0.065,0.1345,0.04));
#4169=CARTESIAN_POINT('',(0.065,0.1495,0.04));
#4170=CARTESIAN_POINT('',(0.065,0.1495,0.0325));
#4171=CARTESIAN_POINT('',(0.065,0.1495,0.025));
#4172=CARTESIAN_POINT('',(0.065,0.1345,0.025));
#4173=CARTESIAN_POINT('',(0.065,0.1575,0.05));
#4174=CARTESIAN_POINT('',(0.065,-0.1325,0.05));
#4175=CARTESIAN_POINT('',(0.065,-0.0705,0.04));
#4176=CARTESIAN_POINT('',(0.065,-0.0855,0.04));
#4177=CARTESIAN_POINT('',(0.065,-0.0555,0.04));
#4178=CARTESIAN_POINT('',(0.065,-0.0555,0.0325));
#4179=CARTESIAN_POINT('',(0.065,-0.0555,0.025));
#4180=CARTESIAN_POINT('',(0.065,-0.0705,0.025));
#4181=CARTESIAN_POINT('',(0.065,-0.0855,0.025));
#4182=CARTESIAN_POINT('',(0.065,-0.0855,0.0325));
#4183=CARTESIAN_POINT('',(-0.065,-0.1325,0.05));
#4184=CARTESIAN_POINT('',(-0.065,0.1575,0.05));
#4185=CARTESIAN_POINT('',(-0.065,-0.1325,0.05));
#4186=CARTESIAN_POINT('',(-0.065,-0.1325,0.04));
#4187=CARTESIAN_POINT('',(-0.065,0.1495,0.04));
#4188=CARTESIAN_POINT('',(-0.065,0.1195,0.04));
#4189=CARTESIAN_POINT('',(-0.065,0.1195,0.05));
#4190=CARTESIAN_POINT('',(-0.065,0.1195,0.025));
#4191=CARTESIAN_POINT('',(-0.065,-0.1325,0.025));
#4192=CARTESIAN_POINT('',(-0.065,0.1495,0.025));
#4193=CARTESIAN_POINT('',(-0.065,0.1495,0.05));
#4194=CARTESIAN_POINT('',(-0.065,-0.0555,0.05));
#4195=CARTESIAN_POINT('',(-0.065,-0.0555,0.025));
#4196=CARTESIAN_POINT('',(-0.065,-0.0555,0.04));
#4197=CARTESIAN_POINT('',(-0.065,-0.1325,0.04));
#4198=CARTESIAN_POINT('',(-0.065,-0.0855,0.04));
#4199=CARTESIAN_POINT('',(-0.065,-0.0855,0.05));
#4200=CARTESIAN_POINT('',(-0.065,-0.0855,0.025));
#4201=CARTESIAN_POINT('',(-0.065,-0.1325,0.025));
#4202=CARTESIAN_POINT('',(-0.059,-0.1275,0.048));
#4203=CARTESIAN_POINT('',(-0.059,0.1195,0.048));
#4204=CARTESIAN_POINT('',(-0.059,0.1195,0.04));
#4205=CARTESIAN_POINT('',(-0.059,0.1195,0.025));
#4206=CARTESIAN_POINT('',(-0.059,-0.1275,0.04));
#4207=CARTESIAN_POINT('',(-0.059,0.1495,0.04));
#4208=CARTESIAN_POINT('',(-0.059,0.1495,0.048));
#4209=CARTESIAN_POINT('',(-0.059,0.1495,0.025));
#4210=CARTESIAN_POINT('',(-0.059,-0.1275,0.025));
#4211=CARTESIAN_POINT('',(-0.059,0.1625,0.048));
#4212=CARTESIAN_POINT('',(-0.059,0.1625,0.02));
#4213=CARTESIAN_POINT('',(-0.059,-0.1275,0.048));
#4214=CARTESIAN_POINT('',(-0.059,-0.1275,0.02));
#4215=CARTESIAN_POINT('',(-0.059,-0.1275,0.02));
#4216=CARTESIAN_POINT('',(-0.059,-0.1275,0.04));
#4217=CARTESIAN_POINT('',(-0.059,-0.0555,0.04));
#4218=CARTESIAN_POINT('',(-0.059,-0.0855,0.04));
#4219=CARTESIAN_POINT('',(-0.059,-0.0555,0.048));
#4220=CARTESIAN_POINT('',(-0.059,-0.0555,0.025));
#4221=CARTESIAN_POINT('',(-0.059,-0.1275,0.025));
#4222=CARTESIAN_POINT('',(-0.059,-0.0855,0.025));
#4223=CARTESIAN_POINT('',(-0.059,-0.0855,0.048));
#4224=CARTESIAN_POINT('',(0.059,-0.1275,0.048));
#4225=CARTESIAN_POINT('',(0.059,0.1625,0.048));
#4226=CARTESIAN_POINT('',(0.059,0.1625,0.02));
#4227=CARTESIAN_POINT('',(0.059,-0.1275,0.02));
#4228=CARTESIAN_POINT('',(0.059,-0.1275,0.02));
#4229=CARTESIAN_POINT('',(0.059,-0.1275,0.048));
#4230=CARTESIAN_POINT('',(0.059,-0.1275,0.04));
#4231=CARTESIAN_POINT('',(0.059,0.1495,0.04));
#4232=CARTESIAN_POINT('',(0.059,0.1195,0.04));
#4233=CARTESIAN_POINT('',(0.059,0.1195,0.048));
#4234=CARTESIAN_POINT('',(0.059,0.1195,0.025));
#4235=CARTESIAN_POINT('',(0.059,-0.1275,0.025));
#4236=CARTESIAN_POINT('',(0.059,0.1495,0.025));
#4237=CARTESIAN_POINT('',(0.059,0.1495,0.048));
#4238=CARTESIAN_POINT('',(0.059,-0.0555,0.048));
#4239=CARTESIAN_POINT('',(0.059,-0.0555,0.025));
#4240=CARTESIAN_POINT('',(0.059,-0.0555,0.04));
#4241=CARTESIAN_POINT('',(0.059,-0.1275,0.04));
#4242=CARTESIAN_POINT('',(0.059,-0.0855,0.04));
#4243=CARTESIAN_POINT('',(0.059,-0.0855,0.048));
#4244=CARTESIAN_POINT('',(0.059,-0.0855,0.025));
#4245=CARTESIAN_POINT('',(0.059,-0.1275,0.025));
#4246=CARTESIAN_POINT('',(5.55111512312578E-17,0.1625,0.02));
#4247=CARTESIAN_POINT('',(5.55111512312578E-17,0.1625,0.01));
#4248=CARTESIAN_POINT('',(0.165,0.1625,0.01));
#4249=CARTESIAN_POINT('',(-0.165,0.1625,0.01));
#4250=CARTESIAN_POINT('',(-0.165,0.1625,0.02));
#4251=CARTESIAN_POINT('',(0.165,0.1625,0.));
#4252=CARTESIAN_POINT('',(0.,0.1625,0.02));
#4253=CARTESIAN_POINT('',(-0.166464466094068,0.153964466094067,0.275));
#4254=CARTESIAN_POINT('',(-0.166464466094068,0.153964466094067,0.273));
#4255=CARTESIAN_POINT('',(-0.17,0.150428932188135,0.273));
#4256=CARTESIAN_POINT('',(-0.162928932188135,0.1575,0.273));
#4257=CARTESIAN_POINT('',(-0.17,0.150428932188135,0.275));
#4258=CARTESIAN_POINT('',(-0.162928932188135,0.1575,0.275));
#4259=CARTESIAN_POINT('',(-0.158964466094068,0.1575,0.275));
#4260=CARTESIAN_POINT('',(0.162928932188135,0.1575,0.275));
#4261=CARTESIAN_POINT('',(0.154443650813896,0.1575,0.275));
#4262=CARTESIAN_POINT('',(-0.154443650813896,0.1575,0.275));
#4263=CARTESIAN_POINT('',(-0.154443650813896,0.1575,0.273));
#4264=CARTESIAN_POINT('',(-0.158964466094068,0.1575,0.273));
#4265=CARTESIAN_POINT('',(-0.1725,0.1425,0.275));
#4266=CARTESIAN_POINT('',(-0.170556349186104,0.1425,0.275));
#4267=CARTESIAN_POINT('',(-0.170556349186104,0.1425,0.273));
#4268=CARTESIAN_POINT('',(-0.175,0.1425,0.275));
#4269=CARTESIAN_POINT('',(-0.17,0.1425,0.275));
#4270=CARTESIAN_POINT('',(-0.17,0.1425,0.273));
#4271=CARTESIAN_POINT('',(-0.1725,0.1425,0.273));
#4272=CARTESIAN_POINT('',(-0.17,0.146464466094067,0.275));
#4273=CARTESIAN_POINT('',(-0.17,0.146464466094067,0.273));
#4274=CARTESIAN_POINT('',(0.17,0.146464466094067,0.275));
#4275=CARTESIAN_POINT('',(0.17,0.1425,0.275));
#4276=CARTESIAN_POINT('',(0.17,0.150428932188134,0.275));
#4277=CARTESIAN_POINT('',(0.166464466094068,-0.153964466094067,0.275));
#4278=CARTESIAN_POINT('',(0.17,-0.150428932188134,0.275));
#4279=CARTESIAN_POINT('',(0.162928932188135,-0.1575,0.275));
#4280=CARTESIAN_POINT('',(0.1725,-0.1425,0.275));
#4281=CARTESIAN_POINT('',(0.170556349186104,-0.1425,0.275));
#4282=CARTESIAN_POINT('',(0.175,-0.1425,0.275));
#4283=CARTESIAN_POINT('',(0.17,-0.1425,0.275));
#4284=CARTESIAN_POINT('',(0.17,-0.146464466094067,0.275));
#4285=CARTESIAN_POINT('',(0.158964466094068,-0.1575,0.275));
#4286=CARTESIAN_POINT('',(0.155,-0.1575,0.275));
#4287=CARTESIAN_POINT('',(0.155,-0.16,0.275));
#4288=CARTESIAN_POINT('',(0.155,-0.1625,0.275));
#4289=CARTESIAN_POINT('',(0.155,-0.158056349186104,0.275));
#4290=CARTESIAN_POINT('',(-0.1725,-0.1425,0.275));
#4291=CARTESIAN_POINT('',(-0.170556349186104,-0.1425,0.275));
#4292=CARTESIAN_POINT('',(-0.170556349186104,-0.1425,0.273));
#4293=CARTESIAN_POINT('',(-0.170556349186104,-0.1425,0.275));
#4294=CARTESIAN_POINT('',(-0.1725,-0.1425,0.273));
#4295=CARTESIAN_POINT('',(-0.17,-0.1425,0.273));
#4296=CARTESIAN_POINT('',(-0.17,-0.1425,0.275));
#4297=CARTESIAN_POINT('',(-0.175,-0.1425,0.275));
#4298=CARTESIAN_POINT('',(-0.175,-0.1425,0.275));
#4299=CARTESIAN_POINT('',(-0.1725,-0.1425,0.275));
#4300=CARTESIAN_POINT('',(-0.155,-0.16,0.275));
#4301=CARTESIAN_POINT('',(-0.155,-0.16,0.273));
#4302=CARTESIAN_POINT('',(-0.155,-0.1575,0.273));
#4303=CARTESIAN_POINT('',(-0.155,-0.158056349186104,0.273));
#4304=CARTESIAN_POINT('',(-0.155,-0.158056349186104,0.275));
#4305=CARTESIAN_POINT('',(-0.155,-0.158056349186104,0.275));
#4306=CARTESIAN_POINT('',(-0.155,-0.16,0.275));
#4307=CARTESIAN_POINT('',(-0.155,-0.1625,0.275));
#4308=CARTESIAN_POINT('',(-0.155,-0.1625,0.275));
#4309=CARTESIAN_POINT('',(-0.155,-0.1575,0.275));
#4310=CARTESIAN_POINT('',(-0.158964466094068,-0.1575,0.275));
#4311=CARTESIAN_POINT('',(-0.162928932188135,-0.1575,0.275));
#4312=CARTESIAN_POINT('',(-0.162928932188135,-0.1575,0.273));
#4313=CARTESIAN_POINT('',(-0.158964466094068,-0.1575,0.273));
#4314=CARTESIAN_POINT('',(-0.17,-0.146464466094067,0.275));
#4315=CARTESIAN_POINT('',(-0.17,-0.146464466094067,0.273));
#4316=CARTESIAN_POINT('',(-0.17,-0.150428932188134,0.273));
#4317=CARTESIAN_POINT('',(-0.17,-0.150428932188134,0.275));
#4318=CARTESIAN_POINT('',(0.175,0.,0.02));
#4319=CARTESIAN_POINT('',(0.175,0.1525,0.02));
#4320=CARTESIAN_POINT('',(0.175,0.1525,0.01));
#4321=CARTESIAN_POINT('',(0.175,0.1425,0.275));
#4322=CARTESIAN_POINT('',(0.175,-0.1525,0.02));
#4323=CARTESIAN_POINT('',(0.175,-0.1525,0.01));
#4324=CARTESIAN_POINT('',(0.175,0.1625,0.01));
#4325=CARTESIAN_POINT('',(-0.175,0.,0.02));
#4326=CARTESIAN_POINT('',(-0.175,0.,0.01));
#4327=CARTESIAN_POINT('',(-0.175,0.1525,0.01));
#4328=CARTESIAN_POINT('',(-0.175,-0.1525,0.01));
#4329=CARTESIAN_POINT('',(-0.175,-0.1525,0.02));
#4330=CARTESIAN_POINT('',(-0.175,-0.1525,0.275));
#4331=CARTESIAN_POINT('',(-0.175,0.,0.275));
#4332=CARTESIAN_POINT('',(-0.175,0.1525,0.02));
#4333=CARTESIAN_POINT('',(-5.55111512312578E-17,-0.1625,0.02));
#4334=CARTESIAN_POINT('',(0.165,-0.1625,0.02));
#4335=CARTESIAN_POINT('',(0.165,-0.1625,0.01));
#4336=CARTESIAN_POINT('',(-5.55111512312578E-17,-0.1625,0.275));
#4337=CARTESIAN_POINT('',(-0.165,-0.1625,0.275));
#4338=CARTESIAN_POINT('',(-0.165,-0.1625,0.));
#4339=CARTESIAN_POINT('',(-0.165,-0.1625,0.01));
#4340=CARTESIAN_POINT('',(0.175,-0.1625,0.01));
#4341=CARTESIAN_POINT('',(0.165,0.1625,0.02));
#4342=CARTESIAN_POINT('',(0.175,0.1525,0.01));
#4343=CARTESIAN_POINT('',(0.175,-0.1525,0.02));
#4344=CARTESIAN_POINT('',(0.17,-0.1575,0.01));
#4345=CARTESIAN_POINT('',(0.165,-5.63651689425079E-17,0.));
#4346=CARTESIAN_POINT('',(0.175,0.1525,0.01));
#4347=CARTESIAN_POINT('',(0.165,-0.1525,-1.70803542250025E-18));
#4348=CARTESIAN_POINT('',(0.175,0.1525,0.01));
#4349=CARTESIAN_POINT('',(0.165,0.1575,0.005));
#4350=CARTESIAN_POINT('',(0.165,-0.1525,0.));
#4351=CARTESIAN_POINT('',(0.165,-0.1525,0.));
#4352=CARTESIAN_POINT('',(5.55111512312578E-17,0.1625,0.01));
#4353=CARTESIAN_POINT('',(-0.165,0.1525,0.));
#4354=CARTESIAN_POINT('',(-0.175,0.1525,0.02));
#4355=CARTESIAN_POINT('',(-0.17,0.1575,0.01));
#4356=CARTESIAN_POINT('',(-0.165,-0.1625,0.02));
#4357=CARTESIAN_POINT('',(-0.16375,-0.16375,0.275));
#4358=CARTESIAN_POINT('',(-0.175,-0.1525,0.01));
#4359=CARTESIAN_POINT('',(0.,-0.1525,0.));
#4360=CARTESIAN_POINT('',(-0.165,-0.1575,0.005));
#4361=CARTESIAN_POINT('',(-0.165,0.1525,0.));
#4362=CARTESIAN_POINT('',(-0.165,0.1525,-1.83995210002005E-18));
#4363=CARTESIAN_POINT('',(-0.175,-0.1525,0.01));
#4364=CARTESIAN_POINT('',(-0.175,-0.1525,0.01));
#4365=CARTESIAN_POINT('',(-0.175,0.,0.01));
#4366=CARTESIAN_POINT('',(-0.166464466094068,-0.153964466094067,0.275));
#4367=CARTESIAN_POINT('',(-0.166464466094068,-0.153964466094067,0.273));
#4368=CARTESIAN_POINT('',(2.77555756156289E-17,2.77555756156289E-17,0.275));
#4369=CARTESIAN_POINT('',(-0.1645,2.77555756156289E-17,0.275));
#4370=CARTESIAN_POINT('',(-0.1645,-0.145,0.275));
#4371=CARTESIAN_POINT('',(-0.1645,-0.141786796564404,0.275));
#4372=CARTESIAN_POINT('',(2.77555756156289E-17,-0.145,0.275));
#4373=CARTESIAN_POINT('',(-0.1665,-0.145,0.275));
#4374=CARTESIAN_POINT('',(-0.1665,2.77555756156289E-17,0.275));
#4375=CARTESIAN_POINT('',(-0.167171572875254,-0.13911522368915,0.275));
#4376=CARTESIAN_POINT('',(-0.15161522368915,-0.154671572875254,0.275));
#4377=CARTESIAN_POINT('',(-0.15161522368915,-0.154671572875254,0.275));
#4378=CARTESIAN_POINT('',(-0.159393398282202,-0.146893398282202,0.275));
#4379=CARTESIAN_POINT('',(-0.162928932188135,-0.150428932188135,0.275));
#4380=CARTESIAN_POINT('',(-0.160428932188135,-0.150428932188135,0.275));
#4381=CARTESIAN_POINT('',(0.166464466094068,0.153964466094067,0.275));
#4382=CARTESIAN_POINT('',(0.1725,0.1425,0.275));
#4383=CARTESIAN_POINT('',(0.17,0.1425,0.275));
#4384=CARTESIAN_POINT('',(-0.15161522368915,-0.154671572875254,0.274));
#4385=CARTESIAN_POINT('',(-0.15161522368915,-0.154671572875254,0.273));
#4386=CARTESIAN_POINT('',(-0.15161522368915,-0.154671572875254,0.273));
#4387=CARTESIAN_POINT('',(-0.15161522368915,-0.154671572875254,0.274));
#4388=CARTESIAN_POINT('',(-0.159393398282202,-0.146893398282202,0.273));
#4389=CARTESIAN_POINT('',(-0.159393398282202,-0.145,0.273));
#4390=CARTESIAN_POINT('',(-0.1665,-0.145,0.273));
#4391=CARTESIAN_POINT('',(-0.1645,-0.145,0.273));
#4392=CARTESIAN_POINT('',(-0.1645,-0.146893398282202,0.273));
#4393=CARTESIAN_POINT('',(-0.1645,-0.141786796564404,0.273));
#4394=CARTESIAN_POINT('',(-0.159393398282202,-0.146893398282202,0.273));
#4395=CARTESIAN_POINT('',(-0.167171572875254,-0.13911522368915,0.273));
#4396=CARTESIAN_POINT('',(-0.1665,-0.146893398282202,0.273));
#4397=CARTESIAN_POINT('',(-0.162928932188135,-0.150428932188135,0.273));
#4398=CARTESIAN_POINT('',(-0.160428932188135,-0.150428932188135,0.273));
#4399=CARTESIAN_POINT('',(-0.167171572875254,-0.13911522368915,0.274));
#4400=CARTESIAN_POINT('',(-0.159393398282202,-0.146893398282202,0.1475));
#4401=CARTESIAN_POINT('',(-0.1645,-0.141786796564404,0.1475));
#4402=CARTESIAN_POINT('',(0.167171572875254,-0.13911522368915,0.274));
#4403=CARTESIAN_POINT('',(0.167171572875254,-0.13911522368915,0.274));
#4404=CARTESIAN_POINT('',(0.15161522368915,-0.154671572875254,0.274));
#4405=CARTESIAN_POINT('',(0.159393398282202,-0.146893398282202,0.1475));
#4406=CARTESIAN_POINT('',(0.1665,-0.139786796564403,0.1475));
#4407=CARTESIAN_POINT('',(0.15161522368915,0.154671572875254,0.274));
#4408=CARTESIAN_POINT('',(0.166893398282202,0.139393398282202,0.274));
#4409=CARTESIAN_POINT('',(0.166893398282202,0.139393398282202,0.274));
#4410=CARTESIAN_POINT('',(0.159254310985676,0.147032485578728,0.1475));
#4411=CARTESIAN_POINT('',(0.1665,0.139786796564404,0.1475));
#4412=CARTESIAN_POINT('',(-0.159393398282202,0.146893398282202,0.273));
#4413=CARTESIAN_POINT('',(-0.162928932188135,0.150428932188135,0.273));
#4414=CARTESIAN_POINT('',(-0.160428932188135,0.150428932188135,0.273));
#4415=CARTESIAN_POINT('',(-0.159393398282202,0.146893398282202,0.273));
#4416=CARTESIAN_POINT('',(-0.1645,0.141786796564404,0.273));
#4417=CARTESIAN_POINT('',(-0.15161522368915,0.154671572875254,0.273));
#4418=CARTESIAN_POINT('',(-0.1645,0.146893398282202,0.273));
#4419=CARTESIAN_POINT('',(-0.1645,0.145,0.273));
#4420=CARTESIAN_POINT('',(-0.159393398282202,0.145,0.273));
#4421=CARTESIAN_POINT('',(-0.1665,0.145,0.273));
#4422=CARTESIAN_POINT('',(-0.1665,0.146893398282202,0.273));
#4423=CARTESIAN_POINT('',(-0.167171572875254,0.13911522368915,0.273));
#4424=CARTESIAN_POINT('',(-0.15161522368915,0.154671572875254,0.273));
#4425=CARTESIAN_POINT('',(-0.167171572875254,0.13911522368915,0.274));
#4426=CARTESIAN_POINT('',(-0.15161522368915,0.154671572875254,0.274));
#4427=CARTESIAN_POINT('',(-0.15161522368915,0.154671572875254,0.274));
#4428=CARTESIAN_POINT('',(-0.159393398282202,0.146893398282202,0.1475));
#4429=CARTESIAN_POINT('',(-0.1645,0.141786796564404,0.1475));
#4430=CARTESIAN_POINT('',(-0.162928932188135,0.150428932188135,0.25));
#4431=CARTESIAN_POINT('',(0.162928932188135,0.150428932188135,0.25));
#4432=CARTESIAN_POINT('',(0.162928932188135,-0.150428932188135,0.25));
#4433=CARTESIAN_POINT('',(-0.162928932188135,-0.150428932188135,0.25));
#4434=CARTESIAN_POINT('',(8.32667268468867E-17,-0.1325,0.1475));
#4435=CARTESIAN_POINT('',(0.,-0.1275,0.02));
#4436=CARTESIAN_POINT('',(0.,-0.1275,0.02));
#4437=CARTESIAN_POINT('',(5.55111512312578E-17,-0.1275,0.1425));
#4438=CARTESIAN_POINT('',(-0.078,0.1345,0.04));
#4439=CARTESIAN_POINT('',(-0.078,0.1495,0.04));
#4440=CARTESIAN_POINT('',(-0.078,0.1195,0.04));
#4441=CARTESIAN_POINT('',(-0.078,0.1495,0.0325));
#4442=CARTESIAN_POINT('',(-0.078,0.1495,0.025));
#4443=CARTESIAN_POINT('',(-0.078,0.1345,0.025));
#4444=CARTESIAN_POINT('',(-0.078,0.1195,0.025));
#4445=CARTESIAN_POINT('',(-0.078,0.1195,0.0325));
#4446=CARTESIAN_POINT('',(-0.078,-0.0555,0.0325));
#4447=CARTESIAN_POINT('',(-0.078,-0.0555,0.025));
#4448=CARTESIAN_POINT('',(-0.078,-0.0555,0.04));
#4449=CARTESIAN_POINT('',(-0.078,-0.0705,0.025));
#4450=CARTESIAN_POINT('',(-0.078,-0.0855,0.025));
#4451=CARTESIAN_POINT('',(-0.078,-0.0855,0.0325));
#4452=CARTESIAN_POINT('',(-0.078,-0.0855,0.04));
#4453=CARTESIAN_POINT('',(-0.078,-0.0705,0.04));
#4454=CARTESIAN_POINT('',(-0.078,0.1195,0.0325));
#4455=CARTESIAN_POINT('',(-0.078,0.1195,0.04));
#4456=CARTESIAN_POINT('',(-0.078,0.1195,0.025));
#4457=CARTESIAN_POINT('',(-0.078,0.1345,0.025));
#4458=CARTESIAN_POINT('',(-0.078,0.1495,0.025));
#4459=CARTESIAN_POINT('',(-0.078,0.1495,0.0325));
#4460=CARTESIAN_POINT('',(-0.078,0.1495,0.04));
#4461=CARTESIAN_POINT('',(-0.078,0.1345,0.04));
#4462=CARTESIAN_POINT('',(-0.078,-0.0705,0.04));
#4463=CARTESIAN_POINT('',(-0.078,-0.0555,0.04));
#4464=CARTESIAN_POINT('',(-0.078,-0.0855,0.04));
#4465=CARTESIAN_POINT('',(-0.078,-0.0855,0.0325));
#4466=CARTESIAN_POINT('',(-0.078,-0.0855,0.025));
#4467=CARTESIAN_POINT('',(-0.078,-0.0705,0.025));
#4468=CARTESIAN_POINT('',(-0.078,-0.0555,0.025));
#4469=CARTESIAN_POINT('',(-0.078,-0.0555,0.0325));
#4470=CARTESIAN_POINT('',(-5.01735405359446E-17,0.0725,0.055));
#4471=CARTESIAN_POINT('',(0.045,0.0725,0.055));
#4472=CARTESIAN_POINT('',(-0.045,0.0725,0.055));
#4473=CARTESIAN_POINT('',(-0.045,-0.02,0.055));
#4474=CARTESIAN_POINT('',(-0.045,-0.1125,0.055));
#4475=CARTESIAN_POINT('',(-2.93568588242229E-17,-0.1125,0.055));
#4476=CARTESIAN_POINT('',(0.045,-0.1125,0.055));
#4477=CARTESIAN_POINT('',(0.045,-0.02,0.055));
#4478=CARTESIAN_POINT('',(0.1655,0.145,0.015));
#4479=CARTESIAN_POINT('',(0.1645,0.145,0.015));
#4480=CARTESIAN_POINT('',(0.1645,0.145,0.015));
#4481=CARTESIAN_POINT('',(0.1655,0.145,0.015));
#4482=CARTESIAN_POINT('',(0.1665,0.145,0.015));
#4483=CARTESIAN_POINT('',(0.1665,0.145,0.015));
#4484=CARTESIAN_POINT('',(0.1645,1.11022302462516E-16,0.015));
#4485=CARTESIAN_POINT('',(0.1645,-0.145,0.015));
#4486=CARTESIAN_POINT('',(0.1645,-0.145,0.015));
#4487=CARTESIAN_POINT('',(0.1645,1.11022302462516E-16,0.015));
#4488=CARTESIAN_POINT('',(0.1655,-0.145,0.015));
#4489=CARTESIAN_POINT('',(0.1665,-0.145,0.015));
#4490=CARTESIAN_POINT('',(0.1665,-0.145,0.015));
#4491=CARTESIAN_POINT('',(0.1655,-0.145,0.015));
#4492=CARTESIAN_POINT('',(0.1665,1.11022302462516E-16,0.015));
#4493=CARTESIAN_POINT('',(0.1665,1.11022302462516E-16,0.015));
#4494=CARTESIAN_POINT('',(0.,0.,0.015));
#4495=CARTESIAN_POINT('',(-0.1645,0.,0.015));
#4496=CARTESIAN_POINT('',(-0.1645,0.145,0.015));
#4497=CARTESIAN_POINT('',(-0.1645,0.145,0.015));
#4498=CARTESIAN_POINT('',(-0.1645,0.,0.015));
#4499=CARTESIAN_POINT('',(-0.1645,-0.145,0.015));
#4500=CARTESIAN_POINT('',(-0.1645,-0.145,0.015));
#4501=CARTESIAN_POINT('',(-0.1655,0.145,0.015));
#4502=CARTESIAN_POINT('',(-0.1665,0.145,0.015));
#4503=CARTESIAN_POINT('',(-0.1665,0.145,0.015));
#4504=CARTESIAN_POINT('',(-0.1655,0.145,0.015));
#4505=CARTESIAN_POINT('',(-0.1665,0.,0.015));
#4506=CARTESIAN_POINT('',(-0.1665,-0.145,0.015));
#4507=CARTESIAN_POINT('',(-0.1665,-0.145,0.015));
#4508=CARTESIAN_POINT('',(-0.1665,0.,0.015));
#4509=CARTESIAN_POINT('',(-0.1655,-0.145,0.015));
#4510=CARTESIAN_POINT('',(-0.1655,-0.145,0.015));
#4511=CARTESIAN_POINT('',(0.,0.,0.015));
#4512=CARTESIAN_POINT('',(-0.1645,0.,0.492));
#4513=CARTESIAN_POINT('',(-0.1645,0.145,0.492));
#4514=CARTESIAN_POINT('',(-0.1665,0.,0.492));
#4515=CARTESIAN_POINT('',(-0.1665,0.145,0.492));
#4516=CARTESIAN_POINT('',(-0.1655,0.145,0.492));
#4517=CARTESIAN_POINT('',(0.1645,1.11022302462516E-16,0.492));
#4518=CARTESIAN_POINT('',(0.1645,0.145,0.492));
#4519=CARTESIAN_POINT('',(0.1665,1.11022302462516E-16,0.492));
#4520=CARTESIAN_POINT('',(0.1665,0.145,0.492));
#4521=CARTESIAN_POINT('',(0.1655,0.145,0.492));
#4522=CARTESIAN_POINT('',(0.1655,-0.145,0.492));
#4523=CARTESIAN_POINT('',(0.1665,-0.145,0.492));
#4524=CARTESIAN_POINT('',(0.1645,-0.145,0.492));
#4525=CARTESIAN_POINT('',(0.1645,1.11022302462516E-16,0.492));
#4526=CARTESIAN_POINT('',(0.1665,1.11022302462516E-16,0.492));
#4527=CARTESIAN_POINT('',(-0.1655,-0.145,0.492));
#4528=CARTESIAN_POINT('',(-0.1645,-0.145,0.492));
#4529=CARTESIAN_POINT('',(-0.1665,-0.145,0.492));
#4530=CARTESIAN_POINT('',(-0.1645,0.,0.492));
#4531=CARTESIAN_POINT('',(-0.1665,0.,0.492));
#4532=CARTESIAN_POINT('',(-0.13,0.116,0.01));
#4533=CARTESIAN_POINT('',(-0.1225,0.116,0.01));
#4534=CARTESIAN_POINT('',(-0.1225,0.116,0.01));
#4535=CARTESIAN_POINT('',(-0.13,0.116,0.01));
#4536=CARTESIAN_POINT('',(-0.1375,0.116,0.01));
#4537=CARTESIAN_POINT('',(-0.1375,0.116,0.01));
#4538=CARTESIAN_POINT('',(-0.1225,0.1335,0.01));
#4539=CARTESIAN_POINT('',(-0.1225,0.151,0.01));
#4540=CARTESIAN_POINT('',(-0.1225,0.151,0.01));
#4541=CARTESIAN_POINT('',(-0.1225,0.1335,0.01));
#4542=CARTESIAN_POINT('',(-0.1225,0.1325,0.01));
#4543=CARTESIAN_POINT('',(-0.1225,0.1335,0.01));
#4544=CARTESIAN_POINT('',(-0.13,0.151,0.01));
#4545=CARTESIAN_POINT('',(-0.1375,0.151,0.01));
#4546=CARTESIAN_POINT('',(-0.1375,0.151,0.01));
#4547=CARTESIAN_POINT('',(-0.13,0.151,0.01));
#4548=CARTESIAN_POINT('',(-0.1375,0.1335,0.01));
#4549=CARTESIAN_POINT('',(-0.1375,0.1335,0.01));
#4550=CARTESIAN_POINT('',(-0.1375,0.1325,0.01));
#4551=CARTESIAN_POINT('',(-0.1375,0.1335,0.01));
#4552=CARTESIAN_POINT('',(0.,0.,0.01));
#4553=CARTESIAN_POINT('',(0.,0.1325,0.01));
#4554=CARTESIAN_POINT('',(0.12,0.006,0.01));
#4555=CARTESIAN_POINT('',(0.1125,0.006,0.01));
#4556=CARTESIAN_POINT('',(0.1125,0.006,0.01));
#4557=CARTESIAN_POINT('',(0.12,0.006,0.01));
#4558=CARTESIAN_POINT('',(0.1275,0.006,0.01));
#4559=CARTESIAN_POINT('',(0.1275,0.006,0.01));
#4560=CARTESIAN_POINT('',(0.1125,-0.028,0.01));
#4561=CARTESIAN_POINT('',(0.1125,-0.062,0.01));
#4562=CARTESIAN_POINT('',(0.1125,-0.062,0.01));
#4563=CARTESIAN_POINT('',(0.1125,-0.028,0.01));
#4564=CARTESIAN_POINT('',(0.12,-0.062,0.01));
#4565=CARTESIAN_POINT('',(0.1275,-0.062,0.01));
#4566=CARTESIAN_POINT('',(0.1275,-0.062,0.01));
#4567=CARTESIAN_POINT('',(0.12,-0.062,0.01));
#4568=CARTESIAN_POINT('',(0.1275,-0.028,0.01));
#4569=CARTESIAN_POINT('',(0.1275,-0.028,0.01));
#4570=CARTESIAN_POINT('',(0.1375,0.1335,0.01));
#4571=CARTESIAN_POINT('',(0.1375,0.151,0.01));
#4572=CARTESIAN_POINT('',(0.1375,0.151,0.01));
#4573=CARTESIAN_POINT('',(0.1375,0.1335,0.01));
#4574=CARTESIAN_POINT('',(0.1375,0.1325,0.01));
#4575=CARTESIAN_POINT('',(0.1375,0.1335,0.01));
#4576=CARTESIAN_POINT('',(0.1375,0.116,0.01));
#4577=CARTESIAN_POINT('',(0.1375,0.116,0.01));
#4578=CARTESIAN_POINT('',(0.13,0.151,0.01));
#4579=CARTESIAN_POINT('',(0.1225,0.151,0.01));
#4580=CARTESIAN_POINT('',(0.1225,0.151,0.01));
#4581=CARTESIAN_POINT('',(0.13,0.151,0.01));
#4582=CARTESIAN_POINT('',(0.1225,0.1335,0.01));
#4583=CARTESIAN_POINT('',(0.1225,0.116,0.01));
#4584=CARTESIAN_POINT('',(0.1225,0.116,0.01));
#4585=CARTESIAN_POINT('',(0.1225,0.1335,0.01));
#4586=CARTESIAN_POINT('',(0.1225,0.1325,0.01));
#4587=CARTESIAN_POINT('',(0.1225,0.1335,0.01));
#4588=CARTESIAN_POINT('',(0.13,0.116,0.01));
#4589=CARTESIAN_POINT('',(0.13,0.116,0.01));
#4590=CARTESIAN_POINT('',(0.,0.,0.01));
#4591=CARTESIAN_POINT('',(0.,0.1325,0.01));
#4592=CARTESIAN_POINT('',(0.1375,-0.1355,0.01));
#4593=CARTESIAN_POINT('',(0.1375,-0.118,0.01));
#4594=CARTESIAN_POINT('',(0.1375,-0.118,0.01));
#4595=CARTESIAN_POINT('',(0.1375,-0.1355,0.01));
#4596=CARTESIAN_POINT('',(0.1375,-0.153,0.01));
#4597=CARTESIAN_POINT('',(0.13,-0.118,0.01));
#4598=CARTESIAN_POINT('',(0.1225,-0.118,0.01));
#4599=CARTESIAN_POINT('',(0.1225,-0.118,0.01));
#4600=CARTESIAN_POINT('',(0.13,-0.118,0.01));
#4601=CARTESIAN_POINT('',(0.1225,-0.1355,0.01));
#4602=CARTESIAN_POINT('',(0.1225,-0.153,0.01));
#4603=CARTESIAN_POINT('',(0.1225,-0.1355,0.01));
#4604=CARTESIAN_POINT('',(0.13,-0.153,0.01));
#4605=CARTESIAN_POINT('',(-0.1125,-0.028,0.01));
#4606=CARTESIAN_POINT('',(-0.1125,0.006,0.01));
#4607=CARTESIAN_POINT('',(-0.1125,0.006,0.01));
#4608=CARTESIAN_POINT('',(-0.1125,-0.028,0.01));
#4609=CARTESIAN_POINT('',(-0.1125,-0.062,0.01));
#4610=CARTESIAN_POINT('',(-0.1125,-0.062,0.01));
#4611=CARTESIAN_POINT('',(-0.12,0.006,0.01));
#4612=CARTESIAN_POINT('',(-0.1275,0.006,0.01));
#4613=CARTESIAN_POINT('',(-0.1275,0.006,0.01));
#4614=CARTESIAN_POINT('',(-0.12,0.006,0.01));
#4615=CARTESIAN_POINT('',(-0.1275,-0.028,0.01));
#4616=CARTESIAN_POINT('',(-0.1275,-0.062,0.01));
#4617=CARTESIAN_POINT('',(-0.1275,-0.062,0.01));
#4618=CARTESIAN_POINT('',(-0.1275,-0.028,0.01));
#4619=CARTESIAN_POINT('',(-0.12,-0.062,0.01));
#4620=CARTESIAN_POINT('',(-0.12,-0.062,0.01));
#4621=CARTESIAN_POINT('',(-0.13,-0.118,0.01));
#4622=CARTESIAN_POINT('',(-0.1375,-0.118,0.01));
#4623=CARTESIAN_POINT('',(-0.1375,-0.118,0.01));
#4624=CARTESIAN_POINT('',(-0.13,-0.118,0.01));
#4625=CARTESIAN_POINT('',(-0.1225,-0.118,0.01));
#4626=CARTESIAN_POINT('',(-0.1225,-0.118,0.01));
#4627=CARTESIAN_POINT('',(-0.1375,-0.1355,0.01));
#4628=CARTESIAN_POINT('',(-0.1375,-0.153,0.01));
#4629=CARTESIAN_POINT('',(-0.1375,-0.1355,0.01));
#4630=CARTESIAN_POINT('',(-0.13,-0.153,0.01));
#4631=CARTESIAN_POINT('',(-0.1225,-0.153,0.01));
#4632=CARTESIAN_POINT('',(-0.1225,-0.1355,0.01));
#4633=CARTESIAN_POINT('',(-0.1225,-0.1355,0.01));
#4634=CARTESIAN_POINT('',(0.,2.77555756156289E-17,0.01));
#4635=CARTESIAN_POINT('',(0.,0.1325,0.01));
#4636=CARTESIAN_POINT('',(0.,0.1325,0.01));
#4637=CARTESIAN_POINT('',(0.145,0.1325,0.01));
#4638=CARTESIAN_POINT('',(0.145,0.,0.01));
#4639=CARTESIAN_POINT('',(0.145,-0.1325,0.01));
#4640=CARTESIAN_POINT('',(0.,-0.1325,0.01));
#4641=CARTESIAN_POINT('',(0.,-0.1325,0.01));
#4642=CARTESIAN_POINT('',(0.,-0.1325,0.01));
#4643=CARTESIAN_POINT('',(-0.145,-0.1325,0.01));
#4644=CARTESIAN_POINT('',(-0.145,0.,0.01));
#4645=CARTESIAN_POINT('',(-0.145,0.1325,0.01));
#4646=CARTESIAN_POINT('',(0.,0.1325,0.01));
#4647=CARTESIAN_POINT('',(0.,0.1325,0.01));
#4648=CARTESIAN_POINT('',(0.145,0.1325,0.01));
#4649=CARTESIAN_POINT('',(-0.145,0.1325,0.01));
#4650=CARTESIAN_POINT('',(0.145,0.,0.01));
#4651=CARTESIAN_POINT('',(0.145,-0.1325,0.01));
#4652=CARTESIAN_POINT('',(0.,-0.1325,0.01));
#4653=CARTESIAN_POINT('',(-0.145,-0.1325,0.01));
#4654=CARTESIAN_POINT('',(-0.145,0.,0.01));
#4655=MECHANICAL_DESIGN_GEOMETRIC_PRESENTATION_REPRESENTATION('',(#2959),
#4656);
#4656=(
GEOMETRIC_REPRESENTATION_CONTEXT(3)
GLOBAL_UNCERTAINTY_ASSIGNED_CONTEXT((#4657))
GLOBAL_UNIT_ASSIGNED_CONTEXT((#4660,#4659,#4658))
REPRESENTATION_CONTEXT('Part 1','TOP_LEVEL_ASSEMBLY_PART')
);
#4657=UNCERTAINTY_MEASURE_WITH_UNIT(LENGTH_MEASURE(1.E-8),#4660,
'DISTANCE_ACCURACY_VALUE','Maximum Tolerance applied to model');
#4658=(
NAMED_UNIT(*)
SI_UNIT($,.STERADIAN.)
SOLID_ANGLE_UNIT()
);
#4659=(
NAMED_UNIT(*)
PLANE_ANGLE_UNIT()
SI_UNIT($,.RADIAN.)
);
#4660=(
LENGTH_UNIT()
NAMED_UNIT(*)
SI_UNIT($,.METRE.)
);
#4661=PRODUCT_DEFINITION_SHAPE('','',#4662);
#4662=PRODUCT_DEFINITION('','',#4664,#4663);
#4663=PRODUCT_DEFINITION_CONTEXT('',#4670,'design');
#4664=PRODUCT_DEFINITION_FORMATION_WITH_SPECIFIED_SOURCE('','',#4666,
 .NOT_KNOWN.);
#4665=PRODUCT_RELATED_PRODUCT_CATEGORY('','',(#4666));
#4666=PRODUCT('Part 1','Part 1','Part 1',(#4668));
#4667=PRODUCT_CATEGORY('','');
#4668=PRODUCT_CONTEXT('',#4670,'mechanical');
#4669=APPLICATION_PROTOCOL_DEFINITION('international standard',
'ap242_managed_model_based_3d_engineering',2020,#4670);
#4670=APPLICATION_CONTEXT('managed model based 3d engineering');
ENDSEC;
END-ISO-10303-21;
