ISO-10303-21;
HEADER;
/* Generated by software containing ST-Developer
 * from STEP Tools, Inc. (www.steptools.com) 
 */
/* OPTION: using custom renumber hook */

FILE_DESCRIPTION(
/* description */ ('STEP AP242 Edition 2',
'CAx-IF Rec.Pracs.---Representation and Presentation of Product Manufa
cturing Information (PMI)---4.0---2014-10-13',
'CAx-IF Rec.Pracs.---3D Tessellated Geometry---0.4---2014-09-14','2;1',
'CAx-IF Rec.Pracs.---User Defined Attributes---1.5---2016-08-15'),
/* implementation_level */ '2;1');

FILE_NAME(
/* name */ 'Cover top 1',
/* time_stamp */ '2026-06-25T14:45:55Z',
/* author */ (''),
/* organization */ (''),
/* preprocessor_version */ 'ST-DEVELOPER v20',
/* originating_system */ 'ONSHAPE BY PTC INC, 1.216',
/* authorisation */ '  ');

FILE_SCHEMA (('AP242_MANAGED_MODEL_BASED_3D_ENGINEERING_MIM_LF { 1 0 10303 442 3 1 4 }'));
ENDSEC;

DATA;
#10=SHAPE_REPRESENTATION_RELATIONSHIP('','',#1602,#11);
#11=ADVANCED_BREP_SHAPE_REPRESENTATION('',(#1600),#2534);
#12=CIRCLE('',#1625,0.0025);
#13=CIRCLE('',#1626,0.0025);
#14=CIRCLE('',#1628,0.0025);
#15=CIRCLE('',#1629,0.0025);
#16=CIRCLE('',#1631,0.0025);
#17=CIRCLE('',#1632,0.0025);
#18=CIRCLE('',#1634,0.0025);
#19=CIRCLE('',#1635,0.0025);
#20=CIRCLE('',#1637,0.0025);
#21=CIRCLE('',#1638,0.0025);
#22=CIRCLE('',#1640,0.0025);
#23=CIRCLE('',#1641,0.0025);
#24=CIRCLE('',#1644,0.0025);
#25=CIRCLE('',#1651,0.0025);
#26=CIRCLE('',#1652,0.0025);
#27=CIRCLE('',#1656,0.0025);
#28=CYLINDRICAL_SURFACE('',#1624,0.0025);
#29=CYLINDRICAL_SURFACE('',#1627,0.0025);
#30=CYLINDRICAL_SURFACE('',#1630,0.0025);
#31=CYLINDRICAL_SURFACE('',#1633,0.0025);
#32=CYLINDRICAL_SURFACE('',#1636,0.0025);
#33=CYLINDRICAL_SURFACE('',#1639,0.0025);
#34=CYLINDRICAL_SURFACE('',#1650,0.0025);
#35=CYLINDRICAL_SURFACE('',#1655,0.0025);
#36=ORIENTED_EDGE('',*,*,#470,.F.);
#37=ORIENTED_EDGE('',*,*,#471,.F.);
#38=ORIENTED_EDGE('',*,*,#472,.F.);
#39=ORIENTED_EDGE('',*,*,#473,.F.);
#40=ORIENTED_EDGE('',*,*,#474,.F.);
#41=ORIENTED_EDGE('',*,*,#475,.T.);
#42=ORIENTED_EDGE('',*,*,#476,.F.);
#43=ORIENTED_EDGE('',*,*,#477,.T.);
#44=ORIENTED_EDGE('',*,*,#471,.T.);
#45=ORIENTED_EDGE('',*,*,#478,.T.);
#46=ORIENTED_EDGE('',*,*,#479,.T.);
#47=ORIENTED_EDGE('',*,*,#480,.T.);
#48=ORIENTED_EDGE('',*,*,#481,.F.);
#49=ORIENTED_EDGE('',*,*,#482,.T.);
#50=ORIENTED_EDGE('',*,*,#483,.F.);
#51=ORIENTED_EDGE('',*,*,#477,.F.);
#52=ORIENTED_EDGE('',*,*,#484,.F.);
#53=ORIENTED_EDGE('',*,*,#485,.T.);
#54=ORIENTED_EDGE('',*,*,#486,.F.);
#55=ORIENTED_EDGE('',*,*,#487,.F.);
#56=ORIENTED_EDGE('',*,*,#488,.T.);
#57=ORIENTED_EDGE('',*,*,#489,.T.);
#58=ORIENTED_EDGE('',*,*,#490,.F.);
#59=ORIENTED_EDGE('',*,*,#491,.F.);
#60=ORIENTED_EDGE('',*,*,#492,.F.);
#61=ORIENTED_EDGE('',*,*,#493,.F.);
#62=ORIENTED_EDGE('',*,*,#494,.T.);
#63=ORIENTED_EDGE('',*,*,#495,.F.);
#64=ORIENTED_EDGE('',*,*,#496,.T.);
#65=ORIENTED_EDGE('',*,*,#497,.T.);
#66=ORIENTED_EDGE('',*,*,#498,.T.);
#67=ORIENTED_EDGE('',*,*,#499,.F.);
#68=ORIENTED_EDGE('',*,*,#500,.F.);
#69=ORIENTED_EDGE('',*,*,#501,.F.);
#70=ORIENTED_EDGE('',*,*,#502,.T.);
#71=ORIENTED_EDGE('',*,*,#503,.T.);
#72=ORIENTED_EDGE('',*,*,#504,.T.);
#73=ORIENTED_EDGE('',*,*,#505,.F.);
#74=ORIENTED_EDGE('',*,*,#506,.F.);
#75=ORIENTED_EDGE('',*,*,#507,.T.);
#76=ORIENTED_EDGE('',*,*,#508,.T.);
#77=ORIENTED_EDGE('',*,*,#509,.F.);
#78=ORIENTED_EDGE('',*,*,#508,.F.);
#79=ORIENTED_EDGE('',*,*,#510,.T.);
#80=ORIENTED_EDGE('',*,*,#495,.T.);
#81=ORIENTED_EDGE('',*,*,#511,.T.);
#82=ORIENTED_EDGE('',*,*,#512,.F.);
#83=ORIENTED_EDGE('',*,*,#506,.T.);
#84=ORIENTED_EDGE('',*,*,#513,.F.);
#85=ORIENTED_EDGE('',*,*,#514,.T.);
#86=ORIENTED_EDGE('',*,*,#515,.T.);
#87=ORIENTED_EDGE('',*,*,#516,.T.);
#88=ORIENTED_EDGE('',*,*,#517,.T.);
#89=ORIENTED_EDGE('',*,*,#515,.F.);
#90=ORIENTED_EDGE('',*,*,#518,.F.);
#91=ORIENTED_EDGE('',*,*,#504,.F.);
#92=ORIENTED_EDGE('',*,*,#519,.T.);
#93=ORIENTED_EDGE('',*,*,#516,.F.);
#94=ORIENTED_EDGE('',*,*,#520,.F.);
#95=ORIENTED_EDGE('',*,*,#521,.T.);
#96=ORIENTED_EDGE('',*,*,#490,.T.);
#97=ORIENTED_EDGE('',*,*,#522,.T.);
#98=ORIENTED_EDGE('',*,*,#502,.F.);
#99=ORIENTED_EDGE('',*,*,#523,.T.);
#100=ORIENTED_EDGE('',*,*,#479,.F.);
#101=ORIENTED_EDGE('',*,*,#524,.T.);
#102=ORIENTED_EDGE('',*,*,#488,.F.);
#103=ORIENTED_EDGE('',*,*,#525,.T.);
#104=ORIENTED_EDGE('',*,*,#526,.F.);
#105=ORIENTED_EDGE('',*,*,#527,.F.);
#106=ORIENTED_EDGE('',*,*,#497,.F.);
#107=ORIENTED_EDGE('',*,*,#528,.T.);
#108=ORIENTED_EDGE('',*,*,#487,.T.);
#109=ORIENTED_EDGE('',*,*,#529,.F.);
#110=ORIENTED_EDGE('',*,*,#530,.T.);
#111=ORIENTED_EDGE('',*,*,#531,.T.);
#112=ORIENTED_EDGE('',*,*,#476,.T.);
#113=ORIENTED_EDGE('',*,*,#532,.T.);
#114=ORIENTED_EDGE('',*,*,#533,.T.);
#115=ORIENTED_EDGE('',*,*,#534,.F.);
#116=ORIENTED_EDGE('',*,*,#472,.T.);
#117=ORIENTED_EDGE('',*,*,#482,.F.);
#118=ORIENTED_EDGE('',*,*,#535,.F.);
#119=ORIENTED_EDGE('',*,*,#536,.F.);
#120=ORIENTED_EDGE('',*,*,#537,.T.);
#121=ORIENTED_EDGE('',*,*,#538,.T.);
#122=ORIENTED_EDGE('',*,*,#539,.F.);
#123=ORIENTED_EDGE('',*,*,#484,.T.);
#124=ORIENTED_EDGE('',*,*,#540,.F.);
#125=ORIENTED_EDGE('',*,*,#529,.T.);
#126=ORIENTED_EDGE('',*,*,#486,.T.);
#127=ORIENTED_EDGE('',*,*,#541,.T.);
#128=ORIENTED_EDGE('',*,*,#480,.F.);
#129=ORIENTED_EDGE('',*,*,#527,.T.);
#130=ORIENTED_EDGE('',*,*,#542,.T.);
#131=ORIENTED_EDGE('',*,*,#543,.T.);
#132=ORIENTED_EDGE('',*,*,#542,.F.);
#133=ORIENTED_EDGE('',*,*,#526,.T.);
#134=ORIENTED_EDGE('',*,*,#544,.T.);
#135=ORIENTED_EDGE('',*,*,#545,.F.);
#136=ORIENTED_EDGE('',*,*,#546,.F.);
#137=ORIENTED_EDGE('',*,*,#547,.F.);
#138=ORIENTED_EDGE('',*,*,#548,.F.);
#139=ORIENTED_EDGE('',*,*,#549,.F.);
#140=ORIENTED_EDGE('',*,*,#550,.T.);
#141=ORIENTED_EDGE('',*,*,#536,.T.);
#142=ORIENTED_EDGE('',*,*,#551,.T.);
#143=ORIENTED_EDGE('',*,*,#530,.F.);
#144=ORIENTED_EDGE('',*,*,#540,.T.);
#145=ORIENTED_EDGE('',*,*,#552,.F.);
#146=ORIENTED_EDGE('',*,*,#538,.F.);
#147=ORIENTED_EDGE('',*,*,#553,.F.);
#148=ORIENTED_EDGE('',*,*,#554,.T.);
#149=ORIENTED_EDGE('',*,*,#555,.T.);
#150=ORIENTED_EDGE('',*,*,#556,.T.);
#151=ORIENTED_EDGE('',*,*,#557,.T.);
#152=ORIENTED_EDGE('',*,*,#558,.T.);
#153=ORIENTED_EDGE('',*,*,#559,.F.);
#154=ORIENTED_EDGE('',*,*,#560,.F.);
#155=ORIENTED_EDGE('',*,*,#558,.F.);
#156=ORIENTED_EDGE('',*,*,#561,.T.);
#157=ORIENTED_EDGE('',*,*,#499,.T.);
#158=ORIENTED_EDGE('',*,*,#562,.F.);
#159=ORIENTED_EDGE('',*,*,#493,.T.);
#160=ORIENTED_EDGE('',*,*,#563,.T.);
#161=ORIENTED_EDGE('',*,*,#545,.T.);
#162=ORIENTED_EDGE('',*,*,#564,.F.);
#163=ORIENTED_EDGE('',*,*,#565,.F.);
#164=ORIENTED_EDGE('',*,*,#566,.F.);
#165=ORIENTED_EDGE('',*,*,#567,.F.);
#166=ORIENTED_EDGE('',*,*,#568,.F.);
#167=ORIENTED_EDGE('',*,*,#569,.F.);
#168=ORIENTED_EDGE('',*,*,#570,.T.);
#169=ORIENTED_EDGE('',*,*,#571,.T.);
#170=ORIENTED_EDGE('',*,*,#572,.T.);
#171=ORIENTED_EDGE('',*,*,#573,.T.);
#172=ORIENTED_EDGE('',*,*,#574,.T.);
#173=ORIENTED_EDGE('',*,*,#575,.T.);
#174=ORIENTED_EDGE('',*,*,#537,.F.);
#175=ORIENTED_EDGE('',*,*,#550,.F.);
#176=ORIENTED_EDGE('',*,*,#576,.T.);
#177=ORIENTED_EDGE('',*,*,#553,.T.);
#178=ORIENTED_EDGE('',*,*,#577,.T.);
#179=ORIENTED_EDGE('',*,*,#578,.F.);
#180=ORIENTED_EDGE('',*,*,#579,.F.);
#181=ORIENTED_EDGE('',*,*,#580,.T.);
#182=ORIENTED_EDGE('',*,*,#581,.T.);
#183=ORIENTED_EDGE('',*,*,#582,.T.);
#184=ORIENTED_EDGE('',*,*,#583,.T.);
#185=ORIENTED_EDGE('',*,*,#584,.T.);
#186=ORIENTED_EDGE('',*,*,#585,.T.);
#187=ORIENTED_EDGE('',*,*,#586,.T.);
#188=ORIENTED_EDGE('',*,*,#587,.F.);
#189=ORIENTED_EDGE('',*,*,#588,.F.);
#190=ORIENTED_EDGE('',*,*,#589,.F.);
#191=ORIENTED_EDGE('',*,*,#590,.T.);
#192=ORIENTED_EDGE('',*,*,#591,.T.);
#193=ORIENTED_EDGE('',*,*,#592,.F.);
#194=ORIENTED_EDGE('',*,*,#593,.T.);
#195=ORIENTED_EDGE('',*,*,#594,.T.);
#196=ORIENTED_EDGE('',*,*,#595,.F.);
#197=ORIENTED_EDGE('',*,*,#589,.T.);
#198=ORIENTED_EDGE('',*,*,#596,.T.);
#199=ORIENTED_EDGE('',*,*,#597,.T.);
#200=ORIENTED_EDGE('',*,*,#598,.F.);
#201=ORIENTED_EDGE('',*,*,#594,.F.);
#202=ORIENTED_EDGE('',*,*,#599,.F.);
#203=ORIENTED_EDGE('',*,*,#600,.T.);
#204=ORIENTED_EDGE('',*,*,#597,.F.);
#205=ORIENTED_EDGE('',*,*,#601,.F.);
#206=ORIENTED_EDGE('',*,*,#602,.T.);
#207=ORIENTED_EDGE('',*,*,#599,.T.);
#208=ORIENTED_EDGE('',*,*,#603,.F.);
#209=ORIENTED_EDGE('',*,*,#604,.T.);
#210=ORIENTED_EDGE('',*,*,#605,.F.);
#211=ORIENTED_EDGE('',*,*,#606,.T.);
#212=ORIENTED_EDGE('',*,*,#607,.F.);
#213=ORIENTED_EDGE('',*,*,#608,.F.);
#214=ORIENTED_EDGE('',*,*,#604,.F.);
#215=ORIENTED_EDGE('',*,*,#609,.T.);
#216=ORIENTED_EDGE('',*,*,#606,.F.);
#217=ORIENTED_EDGE('',*,*,#600,.F.);
#218=ORIENTED_EDGE('',*,*,#602,.F.);
#219=ORIENTED_EDGE('',*,*,#608,.T.);
#220=ORIENTED_EDGE('',*,*,#610,.F.);
#221=ORIENTED_EDGE('',*,*,#611,.F.);
#222=ORIENTED_EDGE('',*,*,#612,.T.);
#223=ORIENTED_EDGE('',*,*,#613,.F.);
#224=ORIENTED_EDGE('',*,*,#614,.F.);
#225=ORIENTED_EDGE('',*,*,#590,.F.);
#226=ORIENTED_EDGE('',*,*,#595,.T.);
#227=ORIENTED_EDGE('',*,*,#598,.T.);
#228=ORIENTED_EDGE('',*,*,#615,.T.);
#229=ORIENTED_EDGE('',*,*,#577,.F.);
#230=ORIENTED_EDGE('',*,*,#616,.F.);
#231=ORIENTED_EDGE('',*,*,#617,.F.);
#232=ORIENTED_EDGE('',*,*,#618,.T.);
#233=ORIENTED_EDGE('',*,*,#587,.T.);
#234=ORIENTED_EDGE('',*,*,#619,.F.);
#235=ORIENTED_EDGE('',*,*,#620,.T.);
#236=ORIENTED_EDGE('',*,*,#588,.T.);
#237=ORIENTED_EDGE('',*,*,#618,.F.);
#238=ORIENTED_EDGE('',*,*,#621,.T.);
#239=ORIENTED_EDGE('',*,*,#578,.T.);
#240=ORIENTED_EDGE('',*,*,#620,.F.);
#241=ORIENTED_EDGE('',*,*,#622,.F.);
#242=ORIENTED_EDGE('',*,*,#623,.T.);
#243=ORIENTED_EDGE('',*,*,#579,.T.);
#244=ORIENTED_EDGE('',*,*,#621,.F.);
#245=ORIENTED_EDGE('',*,*,#624,.F.);
#246=ORIENTED_EDGE('',*,*,#625,.T.);
#247=ORIENTED_EDGE('',*,*,#626,.F.);
#248=ORIENTED_EDGE('',*,*,#580,.F.);
#249=ORIENTED_EDGE('',*,*,#623,.F.);
#250=ORIENTED_EDGE('',*,*,#581,.F.);
#251=ORIENTED_EDGE('',*,*,#626,.T.);
#252=ORIENTED_EDGE('',*,*,#627,.T.);
#253=ORIENTED_EDGE('',*,*,#628,.T.);
#254=ORIENTED_EDGE('',*,*,#629,.T.);
#255=ORIENTED_EDGE('',*,*,#513,.T.);
#256=ORIENTED_EDGE('',*,*,#505,.T.);
#257=ORIENTED_EDGE('',*,*,#521,.F.);
#258=ORIENTED_EDGE('',*,*,#630,.F.);
#259=ORIENTED_EDGE('',*,*,#611,.T.);
#260=ORIENTED_EDGE('',*,*,#631,.T.);
#261=ORIENTED_EDGE('',*,*,#632,.F.);
#262=ORIENTED_EDGE('',*,*,#612,.F.);
#263=ORIENTED_EDGE('',*,*,#630,.T.);
#264=ORIENTED_EDGE('',*,*,#633,.F.);
#265=ORIENTED_EDGE('',*,*,#634,.F.);
#266=ORIENTED_EDGE('',*,*,#635,.F.);
#267=ORIENTED_EDGE('',*,*,#613,.T.);
#268=ORIENTED_EDGE('',*,*,#634,.T.);
#269=ORIENTED_EDGE('',*,*,#636,.F.);
#270=ORIENTED_EDGE('',*,*,#591,.F.);
#271=ORIENTED_EDGE('',*,*,#614,.T.);
#272=ORIENTED_EDGE('',*,*,#635,.T.);
#273=ORIENTED_EDGE('',*,*,#637,.F.);
#274=ORIENTED_EDGE('',*,*,#638,.F.);
#275=ORIENTED_EDGE('',*,*,#639,.T.);
#276=ORIENTED_EDGE('',*,*,#509,.T.);
#277=ORIENTED_EDGE('',*,*,#640,.T.);
#278=ORIENTED_EDGE('',*,*,#641,.F.);
#279=ORIENTED_EDGE('',*,*,#638,.T.);
#280=ORIENTED_EDGE('',*,*,#642,.F.);
#281=ORIENTED_EDGE('',*,*,#643,.F.);
#282=ORIENTED_EDGE('',*,*,#644,.F.);
#283=ORIENTED_EDGE('',*,*,#645,.T.);
#284=ORIENTED_EDGE('',*,*,#628,.F.);
#285=ORIENTED_EDGE('',*,*,#646,.F.);
#286=ORIENTED_EDGE('',*,*,#643,.T.);
#287=ORIENTED_EDGE('',*,*,#647,.T.);
#288=ORIENTED_EDGE('',*,*,#648,.F.);
#289=ORIENTED_EDGE('',*,*,#582,.F.);
#290=ORIENTED_EDGE('',*,*,#583,.F.);
#291=ORIENTED_EDGE('',*,*,#648,.T.);
#292=ORIENTED_EDGE('',*,*,#649,.T.);
#293=ORIENTED_EDGE('',*,*,#650,.F.);
#294=ORIENTED_EDGE('',*,*,#584,.F.);
#295=ORIENTED_EDGE('',*,*,#650,.T.);
#296=ORIENTED_EDGE('',*,*,#651,.T.);
#297=ORIENTED_EDGE('',*,*,#652,.F.);
#298=ORIENTED_EDGE('',*,*,#585,.F.);
#299=ORIENTED_EDGE('',*,*,#652,.T.);
#300=ORIENTED_EDGE('',*,*,#653,.T.);
#301=ORIENTED_EDGE('',*,*,#654,.F.);
#302=ORIENTED_EDGE('',*,*,#586,.F.);
#303=ORIENTED_EDGE('',*,*,#654,.T.);
#304=ORIENTED_EDGE('',*,*,#655,.T.);
#305=ORIENTED_EDGE('',*,*,#656,.F.);
#306=ORIENTED_EDGE('',*,*,#657,.F.);
#307=ORIENTED_EDGE('',*,*,#616,.T.);
#308=ORIENTED_EDGE('',*,*,#658,.F.);
#309=ORIENTED_EDGE('',*,*,#659,.F.);
#310=ORIENTED_EDGE('',*,*,#656,.T.);
#311=ORIENTED_EDGE('',*,*,#660,.T.);
#312=ORIENTED_EDGE('',*,*,#661,.F.);
#313=ORIENTED_EDGE('',*,*,#662,.F.);
#314=ORIENTED_EDGE('',*,*,#640,.F.);
#315=ORIENTED_EDGE('',*,*,#511,.F.);
#316=ORIENTED_EDGE('',*,*,#605,.T.);
#317=ORIENTED_EDGE('',*,*,#603,.T.);
#318=ORIENTED_EDGE('',*,*,#601,.T.);
#319=ORIENTED_EDGE('',*,*,#596,.F.);
#320=ORIENTED_EDGE('',*,*,#593,.F.);
#321=ORIENTED_EDGE('',*,*,#592,.T.);
#322=ORIENTED_EDGE('',*,*,#639,.F.);
#323=ORIENTED_EDGE('',*,*,#641,.T.);
#324=ORIENTED_EDGE('',*,*,#662,.T.);
#325=ORIENTED_EDGE('',*,*,#663,.F.);
#326=ORIENTED_EDGE('',*,*,#664,.F.);
#327=ORIENTED_EDGE('',*,*,#609,.F.);
#328=ORIENTED_EDGE('',*,*,#610,.T.);
#329=ORIENTED_EDGE('',*,*,#607,.T.);
#330=ORIENTED_EDGE('',*,*,#664,.T.);
#331=ORIENTED_EDGE('',*,*,#665,.T.);
#332=ORIENTED_EDGE('',*,*,#666,.F.);
#333=ORIENTED_EDGE('',*,*,#631,.F.);
#334=ORIENTED_EDGE('',*,*,#667,.F.);
#335=ORIENTED_EDGE('',*,*,#668,.T.);
#336=ORIENTED_EDGE('',*,*,#669,.T.);
#337=ORIENTED_EDGE('',*,*,#644,.T.);
#338=ORIENTED_EDGE('',*,*,#646,.T.);
#339=ORIENTED_EDGE('',*,*,#627,.F.);
#340=ORIENTED_EDGE('',*,*,#625,.F.);
#341=ORIENTED_EDGE('',*,*,#624,.T.);
#342=ORIENTED_EDGE('',*,*,#622,.T.);
#343=ORIENTED_EDGE('',*,*,#619,.T.);
#344=ORIENTED_EDGE('',*,*,#617,.T.);
#345=ORIENTED_EDGE('',*,*,#657,.T.);
#346=ORIENTED_EDGE('',*,*,#659,.T.);
#347=ORIENTED_EDGE('',*,*,#615,.F.);
#348=ORIENTED_EDGE('',*,*,#645,.F.);
#349=ORIENTED_EDGE('',*,*,#669,.F.);
#350=ORIENTED_EDGE('',*,*,#670,.F.);
#351=ORIENTED_EDGE('',*,*,#523,.F.);
#352=ORIENTED_EDGE('',*,*,#671,.F.);
#353=ORIENTED_EDGE('',*,*,#672,.T.);
#354=ORIENTED_EDGE('',*,*,#665,.F.);
#355=ORIENTED_EDGE('',*,*,#663,.T.);
#356=ORIENTED_EDGE('',*,*,#661,.T.);
#357=ORIENTED_EDGE('',*,*,#501,.T.);
#358=ORIENTED_EDGE('',*,*,#673,.F.);
#359=ORIENTED_EDGE('',*,*,#674,.F.);
#360=ORIENTED_EDGE('',*,*,#660,.F.);
#361=ORIENTED_EDGE('',*,*,#655,.F.);
#362=ORIENTED_EDGE('',*,*,#653,.F.);
#363=ORIENTED_EDGE('',*,*,#651,.F.);
#364=ORIENTED_EDGE('',*,*,#649,.F.);
#365=ORIENTED_EDGE('',*,*,#647,.F.);
#366=ORIENTED_EDGE('',*,*,#642,.T.);
#367=ORIENTED_EDGE('',*,*,#637,.T.);
#368=ORIENTED_EDGE('',*,*,#636,.T.);
#369=ORIENTED_EDGE('',*,*,#633,.T.);
#370=ORIENTED_EDGE('',*,*,#632,.T.);
#371=ORIENTED_EDGE('',*,*,#666,.T.);
#372=ORIENTED_EDGE('',*,*,#672,.F.);
#373=ORIENTED_EDGE('',*,*,#675,.F.);
#374=ORIENTED_EDGE('',*,*,#554,.F.);
#375=ORIENTED_EDGE('',*,*,#576,.F.);
#376=ORIENTED_EDGE('',*,*,#549,.T.);
#377=ORIENTED_EDGE('',*,*,#520,.T.);
#378=ORIENTED_EDGE('',*,*,#518,.T.);
#379=ORIENTED_EDGE('',*,*,#514,.F.);
#380=ORIENTED_EDGE('',*,*,#629,.F.);
#381=ORIENTED_EDGE('',*,*,#676,.F.);
#382=ORIENTED_EDGE('',*,*,#677,.T.);
#383=ORIENTED_EDGE('',*,*,#491,.T.);
#384=ORIENTED_EDGE('',*,*,#670,.T.);
#385=ORIENTED_EDGE('',*,*,#668,.F.);
#386=ORIENTED_EDGE('',*,*,#676,.T.);
#387=ORIENTED_EDGE('',*,*,#667,.T.);
#388=ORIENTED_EDGE('',*,*,#658,.T.);
#389=ORIENTED_EDGE('',*,*,#674,.T.);
#390=ORIENTED_EDGE('',*,*,#548,.T.);
#391=ORIENTED_EDGE('',*,*,#678,.F.);
#392=ORIENTED_EDGE('',*,*,#574,.F.);
#393=ORIENTED_EDGE('',*,*,#572,.F.);
#394=ORIENTED_EDGE('',*,*,#570,.F.);
#395=ORIENTED_EDGE('',*,*,#492,.T.);
#396=ORIENTED_EDGE('',*,*,#679,.T.);
#397=ORIENTED_EDGE('',*,*,#546,.T.);
#398=ORIENTED_EDGE('',*,*,#563,.F.);
#399=ORIENTED_EDGE('',*,*,#678,.T.);
#400=ORIENTED_EDGE('',*,*,#547,.T.);
#401=ORIENTED_EDGE('',*,*,#679,.F.);
#402=ORIENTED_EDGE('',*,*,#677,.F.);
#403=ORIENTED_EDGE('',*,*,#675,.T.);
#404=ORIENTED_EDGE('',*,*,#671,.T.);
#405=ORIENTED_EDGE('',*,*,#680,.F.);
#406=ORIENTED_EDGE('',*,*,#555,.F.);
#407=ORIENTED_EDGE('',*,*,#680,.T.);
#408=ORIENTED_EDGE('',*,*,#673,.T.);
#409=ORIENTED_EDGE('',*,*,#681,.F.);
#410=ORIENTED_EDGE('',*,*,#556,.F.);
#411=ORIENTED_EDGE('',*,*,#568,.T.);
#412=ORIENTED_EDGE('',*,*,#566,.T.);
#413=ORIENTED_EDGE('',*,*,#564,.T.);
#414=ORIENTED_EDGE('',*,*,#681,.T.);
#415=ORIENTED_EDGE('',*,*,#500,.T.);
#416=ORIENTED_EDGE('',*,*,#561,.F.);
#417=ORIENTED_EDGE('',*,*,#557,.F.);
#418=ORIENTED_EDGE('',*,*,#552,.T.);
#419=ORIENTED_EDGE('',*,*,#541,.F.);
#420=ORIENTED_EDGE('',*,*,#485,.F.);
#421=ORIENTED_EDGE('',*,*,#539,.T.);
#422=ORIENTED_EDGE('',*,*,#535,.T.);
#423=ORIENTED_EDGE('',*,*,#481,.T.);
#424=ORIENTED_EDGE('',*,*,#543,.F.);
#425=ORIENTED_EDGE('',*,*,#551,.F.);
#426=ORIENTED_EDGE('',*,*,#571,.F.);
#427=ORIENTED_EDGE('',*,*,#573,.F.);
#428=ORIENTED_EDGE('',*,*,#575,.F.);
#429=ORIENTED_EDGE('',*,*,#525,.F.);
#430=ORIENTED_EDGE('',*,*,#494,.F.);
#431=ORIENTED_EDGE('',*,*,#562,.T.);
#432=ORIENTED_EDGE('',*,*,#544,.F.);
#433=ORIENTED_EDGE('',*,*,#565,.T.);
#434=ORIENTED_EDGE('',*,*,#567,.T.);
#435=ORIENTED_EDGE('',*,*,#569,.T.);
#436=ORIENTED_EDGE('',*,*,#559,.T.);
#437=ORIENTED_EDGE('',*,*,#560,.T.);
#438=ORIENTED_EDGE('',*,*,#498,.F.);
#439=ORIENTED_EDGE('',*,*,#531,.F.);
#440=ORIENTED_EDGE('',*,*,#532,.F.);
#441=ORIENTED_EDGE('',*,*,#475,.F.);
#442=ORIENTED_EDGE('',*,*,#682,.T.);
#443=ORIENTED_EDGE('',*,*,#683,.T.);
#444=ORIENTED_EDGE('',*,*,#534,.T.);
#445=ORIENTED_EDGE('',*,*,#684,.F.);
#446=ORIENTED_EDGE('',*,*,#685,.F.);
#447=ORIENTED_EDGE('',*,*,#473,.T.);
#448=ORIENTED_EDGE('',*,*,#533,.F.);
#449=ORIENTED_EDGE('',*,*,#683,.F.);
#450=ORIENTED_EDGE('',*,*,#686,.T.);
#451=ORIENTED_EDGE('',*,*,#684,.T.);
#452=ORIENTED_EDGE('',*,*,#682,.F.);
#453=ORIENTED_EDGE('',*,*,#474,.T.);
#454=ORIENTED_EDGE('',*,*,#685,.T.);
#455=ORIENTED_EDGE('',*,*,#686,.F.);
#456=ORIENTED_EDGE('',*,*,#503,.F.);
#457=ORIENTED_EDGE('',*,*,#522,.F.);
#458=ORIENTED_EDGE('',*,*,#489,.F.);
#459=ORIENTED_EDGE('',*,*,#524,.F.);
#460=ORIENTED_EDGE('',*,*,#478,.F.);
#461=ORIENTED_EDGE('',*,*,#470,.T.);
#462=ORIENTED_EDGE('',*,*,#483,.T.);
#463=ORIENTED_EDGE('',*,*,#528,.F.);
#464=ORIENTED_EDGE('',*,*,#496,.F.);
#465=ORIENTED_EDGE('',*,*,#510,.F.);
#466=ORIENTED_EDGE('',*,*,#507,.F.);
#467=ORIENTED_EDGE('',*,*,#512,.T.);
#468=ORIENTED_EDGE('',*,*,#517,.F.);
#469=ORIENTED_EDGE('',*,*,#519,.F.);
#470=EDGE_CURVE('',#687,#688,#835,.T.);
#471=EDGE_CURVE('',#689,#687,#836,.T.);
#472=EDGE_CURVE('',#690,#689,#837,.T.);
#473=EDGE_CURVE('',#691,#690,#838,.T.);
#474=EDGE_CURVE('',#692,#691,#839,.T.);
#475=EDGE_CURVE('',#692,#693,#840,.T.);
#476=EDGE_CURVE('',#694,#693,#841,.T.);
#477=EDGE_CURVE('',#694,#688,#842,.T.);
#478=EDGE_CURVE('',#687,#695,#843,.T.);
#479=EDGE_CURVE('',#695,#696,#844,.T.);
#480=EDGE_CURVE('',#696,#697,#845,.T.);
#481=EDGE_CURVE('',#698,#697,#846,.T.);
#482=EDGE_CURVE('',#698,#689,#847,.T.);
#483=EDGE_CURVE('',#688,#699,#848,.T.);
#484=EDGE_CURVE('',#700,#694,#849,.T.);
#485=EDGE_CURVE('',#700,#701,#850,.T.);
#486=EDGE_CURVE('',#702,#701,#851,.T.);
#487=EDGE_CURVE('',#699,#702,#852,.T.);
#488=EDGE_CURVE('',#703,#704,#853,.F.);
#489=EDGE_CURVE('',#704,#705,#854,.F.);
#490=EDGE_CURVE('',#706,#705,#855,.F.);
#491=EDGE_CURVE('',#707,#706,#856,.T.);
#492=EDGE_CURVE('',#708,#707,#857,.T.);
#493=EDGE_CURVE('',#709,#708,#858,.F.);
#494=EDGE_CURVE('',#709,#703,#859,.F.);
#495=EDGE_CURVE('',#710,#711,#860,.T.);
#496=EDGE_CURVE('',#710,#712,#861,.T.);
#497=EDGE_CURVE('',#712,#713,#862,.T.);
#498=EDGE_CURVE('',#713,#714,#863,.T.);
#499=EDGE_CURVE('',#715,#714,#864,.T.);
#500=EDGE_CURVE('',#716,#715,#865,.T.);
#501=EDGE_CURVE('',#711,#716,#866,.T.);
#502=EDGE_CURVE('',#717,#718,#867,.T.);
#503=EDGE_CURVE('',#718,#719,#868,.F.);
#504=EDGE_CURVE('',#719,#720,#869,.F.);
#505=EDGE_CURVE('',#721,#720,#870,.F.);
#506=EDGE_CURVE('',#722,#721,#871,.F.);
#507=EDGE_CURVE('',#722,#723,#872,.F.);
#508=EDGE_CURVE('',#723,#724,#873,.T.);
#509=EDGE_CURVE('',#717,#724,#874,.T.);
#510=EDGE_CURVE('',#723,#710,#875,.T.);
#511=EDGE_CURVE('',#711,#724,#876,.T.);
#512=EDGE_CURVE('',#722,#725,#877,.T.);
#513=EDGE_CURVE('',#726,#721,#878,.T.);
#514=EDGE_CURVE('',#726,#727,#879,.T.);
#515=EDGE_CURVE('',#727,#725,#880,.T.);
#516=EDGE_CURVE('',#728,#729,#881,.T.);
#517=EDGE_CURVE('',#729,#725,#882,.T.);
#518=EDGE_CURVE('',#728,#727,#883,.T.);
#519=EDGE_CURVE('',#719,#729,#884,.T.);
#520=EDGE_CURVE('',#730,#728,#885,.T.);
#521=EDGE_CURVE('',#730,#720,#886,.T.);
#522=EDGE_CURVE('',#705,#718,#887,.T.);
#523=EDGE_CURVE('',#717,#706,#888,.F.);
#524=EDGE_CURVE('',#695,#704,#889,.T.);
#525=EDGE_CURVE('',#703,#731,#890,.T.);
#526=EDGE_CURVE('',#732,#731,#891,.T.);
#527=EDGE_CURVE('',#696,#732,#892,.T.);
#528=EDGE_CURVE('',#712,#699,#893,.T.);
#529=EDGE_CURVE('',#733,#702,#894,.T.);
#530=EDGE_CURVE('',#733,#734,#895,.T.);
#531=EDGE_CURVE('',#734,#713,#896,.T.);
#532=EDGE_CURVE('',#693,#735,#897,.T.);
#533=EDGE_CURVE('',#735,#736,#898,.T.);
#534=EDGE_CURVE('',#690,#736,#899,.T.);
#535=EDGE_CURVE('',#737,#698,#900,.T.);
#536=EDGE_CURVE('',#738,#737,#901,.T.);
#537=EDGE_CURVE('',#738,#739,#902,.T.);
#538=EDGE_CURVE('',#739,#740,#903,.T.);
#539=EDGE_CURVE('',#700,#740,#904,.T.);
#540=EDGE_CURVE('',#733,#741,#905,.T.);
#541=EDGE_CURVE('',#701,#741,#906,.T.);
#542=EDGE_CURVE('',#732,#742,#907,.T.);
#543=EDGE_CURVE('',#742,#697,#908,.T.);
#544=EDGE_CURVE('',#731,#743,#909,.T.);
#545=EDGE_CURVE('',#744,#743,#910,.T.);
#546=EDGE_CURVE('',#745,#744,#911,.T.);
#547=EDGE_CURVE('',#746,#745,#912,.T.);
#548=EDGE_CURVE('',#747,#746,#913,.T.);
#549=EDGE_CURVE('',#748,#747,#914,.T.);
#550=EDGE_CURVE('',#748,#738,#915,.T.);
#551=EDGE_CURVE('',#737,#742,#916,.T.);
#552=EDGE_CURVE('',#740,#741,#917,.T.);
#553=EDGE_CURVE('',#749,#739,#918,.T.);
#554=EDGE_CURVE('',#749,#750,#919,.T.);
#555=EDGE_CURVE('',#750,#751,#920,.T.);
#556=EDGE_CURVE('',#751,#752,#921,.T.);
#557=EDGE_CURVE('',#752,#753,#922,.T.);
#558=EDGE_CURVE('',#753,#754,#923,.T.);
#559=EDGE_CURVE('',#734,#754,#924,.T.);
#560=EDGE_CURVE('',#754,#714,#925,.T.);
#561=EDGE_CURVE('',#753,#715,#926,.T.);
#562=EDGE_CURVE('',#709,#743,#927,.T.);
#563=EDGE_CURVE('',#708,#744,#928,.T.);
#564=EDGE_CURVE('',#755,#755,#12,.T.);
#565=EDGE_CURVE('',#756,#756,#13,.F.);
#566=EDGE_CURVE('',#757,#757,#14,.T.);
#567=EDGE_CURVE('',#758,#758,#15,.F.);
#568=EDGE_CURVE('',#759,#759,#16,.T.);
#569=EDGE_CURVE('',#760,#760,#17,.F.);
#570=EDGE_CURVE('',#761,#761,#18,.F.);
#571=EDGE_CURVE('',#762,#762,#19,.T.);
#572=EDGE_CURVE('',#763,#763,#20,.F.);
#573=EDGE_CURVE('',#764,#764,#21,.T.);
#574=EDGE_CURVE('',#765,#765,#22,.F.);
#575=EDGE_CURVE('',#766,#766,#23,.T.);
#576=EDGE_CURVE('',#748,#749,#929,.T.);
#577=EDGE_CURVE('',#767,#767,#24,.T.);
#578=EDGE_CURVE('',#768,#769,#930,.T.);
#579=EDGE_CURVE('',#770,#768,#931,.T.);
#580=EDGE_CURVE('',#770,#771,#932,.T.);
#581=EDGE_CURVE('',#771,#772,#933,.T.);
#582=EDGE_CURVE('',#772,#773,#934,.T.);
#583=EDGE_CURVE('',#773,#774,#935,.T.);
#584=EDGE_CURVE('',#774,#775,#936,.T.);
#585=EDGE_CURVE('',#775,#776,#937,.T.);
#586=EDGE_CURVE('',#776,#777,#938,.T.);
#587=EDGE_CURVE('',#778,#777,#939,.T.);
#588=EDGE_CURVE('',#769,#778,#940,.T.);
#589=EDGE_CURVE('',#779,#780,#941,.T.);
#590=EDGE_CURVE('',#779,#781,#942,.T.);
#591=EDGE_CURVE('',#781,#782,#943,.T.);
#592=EDGE_CURVE('',#780,#782,#944,.T.);
#593=EDGE_CURVE('',#780,#783,#945,.T.);
#594=EDGE_CURVE('',#783,#784,#946,.T.);
#595=EDGE_CURVE('',#779,#784,#947,.T.);
#596=EDGE_CURVE('',#783,#785,#948,.T.);
#597=EDGE_CURVE('',#785,#786,#949,.T.);
#598=EDGE_CURVE('',#784,#786,#950,.T.);
#599=EDGE_CURVE('',#787,#788,#951,.T.);
#600=EDGE_CURVE('',#787,#786,#952,.T.);
#601=EDGE_CURVE('',#788,#785,#953,.T.);
#602=EDGE_CURVE('',#789,#787,#954,.T.);
#603=EDGE_CURVE('',#790,#788,#955,.T.);
#604=EDGE_CURVE('',#790,#789,#956,.T.);
#605=EDGE_CURVE('',#791,#791,#25,.T.);
#606=EDGE_CURVE('',#792,#792,#26,.F.);
#607=EDGE_CURVE('',#793,#794,#957,.T.);
#608=EDGE_CURVE('',#789,#793,#958,.T.);
#609=EDGE_CURVE('',#790,#794,#959,.T.);
#610=EDGE_CURVE('',#795,#793,#960,.T.);
#611=EDGE_CURVE('',#796,#795,#961,.T.);
#612=EDGE_CURVE('',#796,#797,#962,.T.);
#613=EDGE_CURVE('',#798,#797,#963,.T.);
#614=EDGE_CURVE('',#781,#798,#964,.T.);
#615=EDGE_CURVE('',#799,#799,#27,.T.);
#616=EDGE_CURVE('',#800,#777,#965,.T.);
#617=EDGE_CURVE('',#801,#800,#966,.T.);
#618=EDGE_CURVE('',#801,#778,#967,.T.);
#619=EDGE_CURVE('',#802,#801,#968,.T.);
#620=EDGE_CURVE('',#802,#769,#969,.T.);
#621=EDGE_CURVE('',#803,#768,#970,.T.);
#622=EDGE_CURVE('',#803,#802,#971,.T.);
#623=EDGE_CURVE('',#804,#770,#972,.T.);
#624=EDGE_CURVE('',#804,#803,#973,.T.);
#625=EDGE_CURVE('',#804,#805,#974,.T.);
#626=EDGE_CURVE('',#771,#805,#975,.T.);
#627=EDGE_CURVE('',#805,#806,#976,.T.);
#628=EDGE_CURVE('',#806,#772,#977,.T.);
#629=EDGE_CURVE('',#730,#726,#978,.T.);
#630=EDGE_CURVE('',#796,#807,#979,.T.);
#631=EDGE_CURVE('',#795,#808,#980,.T.);
#632=EDGE_CURVE('',#807,#808,#981,.T.);
#633=EDGE_CURVE('',#809,#807,#982,.T.);
#634=EDGE_CURVE('',#797,#809,#983,.T.);
#635=EDGE_CURVE('',#798,#810,#984,.T.);
#636=EDGE_CURVE('',#810,#809,#985,.T.);
#637=EDGE_CURVE('',#811,#810,#986,.T.);
#638=EDGE_CURVE('',#812,#811,#987,.T.);
#639=EDGE_CURVE('',#812,#782,#988,.T.);
#640=EDGE_CURVE('',#724,#813,#989,.T.);
#641=EDGE_CURVE('',#812,#813,#990,.T.);
#642=EDGE_CURVE('',#814,#811,#991,.T.);
#643=EDGE_CURVE('',#815,#814,#992,.T.);
#644=EDGE_CURVE('',#816,#815,#993,.T.);
#645=EDGE_CURVE('',#816,#717,#994,.T.);
#646=EDGE_CURVE('',#815,#806,#995,.T.);
#647=EDGE_CURVE('',#814,#817,#996,.T.);
#648=EDGE_CURVE('',#773,#817,#997,.T.);
#649=EDGE_CURVE('',#817,#818,#998,.T.);
#650=EDGE_CURVE('',#774,#818,#999,.T.);
#651=EDGE_CURVE('',#818,#819,#1000,.T.);
#652=EDGE_CURVE('',#775,#819,#1001,.T.);
#653=EDGE_CURVE('',#819,#820,#1002,.T.);
#654=EDGE_CURVE('',#776,#820,#1003,.T.);
#655=EDGE_CURVE('',#820,#821,#1004,.T.);
#656=EDGE_CURVE('',#822,#821,#1005,.T.);
#657=EDGE_CURVE('',#800,#822,#1006,.T.);
#658=EDGE_CURVE('',#823,#824,#1007,.T.);
#659=EDGE_CURVE('',#822,#823,#1008,.T.);
#660=EDGE_CURVE('',#821,#824,#1009,.T.);
#661=EDGE_CURVE('',#825,#711,#1010,.T.);
#662=EDGE_CURVE('',#813,#825,#1011,.T.);
#663=EDGE_CURVE('',#826,#825,#1012,.T.);
#664=EDGE_CURVE('',#794,#826,#1013,.T.);
#665=EDGE_CURVE('',#826,#827,#1014,.T.);
#666=EDGE_CURVE('',#808,#827,#1015,.T.);
#667=EDGE_CURVE('',#828,#823,#1016,.T.);
#668=EDGE_CURVE('',#828,#829,#1017,.T.);
#669=EDGE_CURVE('',#829,#816,#1018,.F.);
#670=EDGE_CURVE('',#706,#829,#1019,.T.);
#671=EDGE_CURVE('',#830,#831,#1020,.T.);
#672=EDGE_CURVE('',#830,#827,#1021,.T.);
#673=EDGE_CURVE('',#831,#716,#1022,.T.);
#674=EDGE_CURVE('',#824,#747,#1023,.T.);
#675=EDGE_CURVE('',#750,#830,#1024,.T.);
#676=EDGE_CURVE('',#832,#828,#1025,.T.);
#677=EDGE_CURVE('',#832,#707,#1026,.T.);
#678=EDGE_CURVE('',#832,#746,#1027,.T.);
#679=EDGE_CURVE('',#707,#745,#1028,.T.);
#680=EDGE_CURVE('',#751,#831,#1029,.T.);
#681=EDGE_CURVE('',#752,#716,#1030,.T.);
#682=EDGE_CURVE('',#692,#833,#1031,.T.);
#683=EDGE_CURVE('',#833,#735,#1032,.T.);
#684=EDGE_CURVE('',#834,#736,#1033,.T.);
#685=EDGE_CURVE('',#691,#834,#1034,.T.);
#686=EDGE_CURVE('',#833,#834,#1035,.T.);
#687=VERTEX_POINT('',#2092);
#688=VERTEX_POINT('',#2093);
#689=VERTEX_POINT('',#2095);
#690=VERTEX_POINT('',#2097);
#691=VERTEX_POINT('',#2099);
#692=VERTEX_POINT('',#2101);
#693=VERTEX_POINT('',#2103);
#694=VERTEX_POINT('',#2105);
#695=VERTEX_POINT('',#2109);
#696=VERTEX_POINT('',#2111);
#697=VERTEX_POINT('',#2113);
#698=VERTEX_POINT('',#2115);
#699=VERTEX_POINT('',#2119);
#700=VERTEX_POINT('',#2121);
#701=VERTEX_POINT('',#2123);
#702=VERTEX_POINT('',#2125);
#703=VERTEX_POINT('',#2129);
#704=VERTEX_POINT('',#2130);
#705=VERTEX_POINT('',#2132);
#706=VERTEX_POINT('',#2134);
#707=VERTEX_POINT('',#2136);
#708=VERTEX_POINT('',#2138);
#709=VERTEX_POINT('',#2140);
#710=VERTEX_POINT('',#2144);
#711=VERTEX_POINT('',#2145);
#712=VERTEX_POINT('',#2147);
#713=VERTEX_POINT('',#2149);
#714=VERTEX_POINT('',#2151);
#715=VERTEX_POINT('',#2153);
#716=VERTEX_POINT('',#2155);
#717=VERTEX_POINT('',#2159);
#718=VERTEX_POINT('',#2160);
#719=VERTEX_POINT('',#2162);
#720=VERTEX_POINT('',#2164);
#721=VERTEX_POINT('',#2166);
#722=VERTEX_POINT('',#2168);
#723=VERTEX_POINT('',#2170);
#724=VERTEX_POINT('',#2172);
#725=VERTEX_POINT('',#2179);
#726=VERTEX_POINT('',#2181);
#727=VERTEX_POINT('',#2183);
#728=VERTEX_POINT('',#2187);
#729=VERTEX_POINT('',#2188);
#730=VERTEX_POINT('',#2194);
#731=VERTEX_POINT('',#2202);
#732=VERTEX_POINT('',#2204);
#733=VERTEX_POINT('',#2209);
#734=VERTEX_POINT('',#2211);
#735=VERTEX_POINT('',#2215);
#736=VERTEX_POINT('',#2217);
#737=VERTEX_POINT('',#2220);
#738=VERTEX_POINT('',#2222);
#739=VERTEX_POINT('',#2224);
#740=VERTEX_POINT('',#2226);
#741=VERTEX_POINT('',#2230);
#742=VERTEX_POINT('',#2234);
#743=VERTEX_POINT('',#2238);
#744=VERTEX_POINT('',#2240);
#745=VERTEX_POINT('',#2242);
#746=VERTEX_POINT('',#2244);
#747=VERTEX_POINT('',#2246);
#748=VERTEX_POINT('',#2248);
#749=VERTEX_POINT('',#2254);
#750=VERTEX_POINT('',#2256);
#751=VERTEX_POINT('',#2258);
#752=VERTEX_POINT('',#2260);
#753=VERTEX_POINT('',#2262);
#754=VERTEX_POINT('',#2264);
#755=VERTEX_POINT('',#2274);
#756=VERTEX_POINT('',#2276);
#757=VERTEX_POINT('',#2279);
#758=VERTEX_POINT('',#2281);
#759=VERTEX_POINT('',#2284);
#760=VERTEX_POINT('',#2286);
#761=VERTEX_POINT('',#2289);
#762=VERTEX_POINT('',#2291);
#763=VERTEX_POINT('',#2294);
#764=VERTEX_POINT('',#2296);
#765=VERTEX_POINT('',#2299);
#766=VERTEX_POINT('',#2301);
#767=VERTEX_POINT('',#2306);
#768=VERTEX_POINT('',#2308);
#769=VERTEX_POINT('',#2309);
#770=VERTEX_POINT('',#2311);
#771=VERTEX_POINT('',#2313);
#772=VERTEX_POINT('',#2315);
#773=VERTEX_POINT('',#2317);
#774=VERTEX_POINT('',#2319);
#775=VERTEX_POINT('',#2321);
#776=VERTEX_POINT('',#2323);
#777=VERTEX_POINT('',#2325);
#778=VERTEX_POINT('',#2327);
#779=VERTEX_POINT('',#2331);
#780=VERTEX_POINT('',#2332);
#781=VERTEX_POINT('',#2334);
#782=VERTEX_POINT('',#2336);
#783=VERTEX_POINT('',#2340);
#784=VERTEX_POINT('',#2342);
#785=VERTEX_POINT('',#2346);
#786=VERTEX_POINT('',#2348);
#787=VERTEX_POINT('',#2352);
#788=VERTEX_POINT('',#2353);
#789=VERTEX_POINT('',#2358);
#790=VERTEX_POINT('',#2360);
#791=VERTEX_POINT('',#2364);
#792=VERTEX_POINT('',#2366);
#793=VERTEX_POINT('',#2369);
#794=VERTEX_POINT('',#2370);
#795=VERTEX_POINT('',#2375);
#796=VERTEX_POINT('',#2377);
#797=VERTEX_POINT('',#2379);
#798=VERTEX_POINT('',#2381);
#799=VERTEX_POINT('',#2385);
#800=VERTEX_POINT('',#2388);
#801=VERTEX_POINT('',#2390);
#802=VERTEX_POINT('',#2394);
#803=VERTEX_POINT('',#2398);
#804=VERTEX_POINT('',#2402);
#805=VERTEX_POINT('',#2406);
#806=VERTEX_POINT('',#2410);
#807=VERTEX_POINT('',#2416);
#808=VERTEX_POINT('',#2418);
#809=VERTEX_POINT('',#2422);
#810=VERTEX_POINT('',#2426);
#811=VERTEX_POINT('',#2430);
#812=VERTEX_POINT('',#2432);
#813=VERTEX_POINT('',#2436);
#814=VERTEX_POINT('',#2439);
#815=VERTEX_POINT('',#2441);
#816=VERTEX_POINT('',#2443);
#817=VERTEX_POINT('',#2448);
#818=VERTEX_POINT('',#2452);
#819=VERTEX_POINT('',#2456);
#820=VERTEX_POINT('',#2460);
#821=VERTEX_POINT('',#2464);
#822=VERTEX_POINT('',#2466);
#823=VERTEX_POINT('',#2470);
#824=VERTEX_POINT('',#2471);
#825=VERTEX_POINT('',#2476);
#826=VERTEX_POINT('',#2480);
#827=VERTEX_POINT('',#2484);
#828=VERTEX_POINT('',#2488);
#829=VERTEX_POINT('',#2490);
#830=VERTEX_POINT('',#2496);
#831=VERTEX_POINT('',#2497);
#832=VERTEX_POINT('',#2505);
#833=VERTEX_POINT('',#2523);
#834=VERTEX_POINT('',#2527);
#835=LINE('',#2091,#1036);
#836=LINE('',#2094,#1037);
#837=LINE('',#2096,#1038);
#838=LINE('',#2098,#1039);
#839=LINE('',#2100,#1040);
#840=LINE('',#2102,#1041);
#841=LINE('',#2104,#1042);
#842=LINE('',#2106,#1043);
#843=LINE('',#2108,#1044);
#844=LINE('',#2110,#1045);
#845=LINE('',#2112,#1046);
#846=LINE('',#2114,#1047);
#847=LINE('',#2116,#1048);
#848=LINE('',#2118,#1049);
#849=LINE('',#2120,#1050);
#850=LINE('',#2122,#1051);
#851=LINE('',#2124,#1052);
#852=LINE('',#2126,#1053);
#853=LINE('',#2128,#1054);
#854=LINE('',#2131,#1055);
#855=LINE('',#2133,#1056);
#856=LINE('',#2135,#1057);
#857=LINE('',#2137,#1058);
#858=LINE('',#2139,#1059);
#859=LINE('',#2141,#1060);
#860=LINE('',#2143,#1061);
#861=LINE('',#2146,#1062);
#862=LINE('',#2148,#1063);
#863=LINE('',#2150,#1064);
#864=LINE('',#2152,#1065);
#865=LINE('',#2154,#1066);
#866=LINE('',#2156,#1067);
#867=LINE('',#2158,#1068);
#868=LINE('',#2161,#1069);
#869=LINE('',#2163,#1070);
#870=LINE('',#2165,#1071);
#871=LINE('',#2167,#1072);
#872=LINE('',#2169,#1073);
#873=LINE('',#2171,#1074);
#874=LINE('',#2173,#1075);
#875=LINE('',#2175,#1076);
#876=LINE('',#2176,#1077);
#877=LINE('',#2178,#1078);
#878=LINE('',#2180,#1079);
#879=LINE('',#2182,#1080);
#880=LINE('',#2184,#1081);
#881=LINE('',#2186,#1082);
#882=LINE('',#2189,#1083);
#883=LINE('',#2190,#1084);
#884=LINE('',#2192,#1085);
#885=LINE('',#2193,#1086);
#886=LINE('',#2195,#1087);
#887=LINE('',#2197,#1088);
#888=LINE('',#2198,#1089);
#889=LINE('',#2200,#1090);
#890=LINE('',#2201,#1091);
#891=LINE('',#2203,#1092);
#892=LINE('',#2205,#1093);
#893=LINE('',#2207,#1094);
#894=LINE('',#2208,#1095);
#895=LINE('',#2210,#1096);
#896=LINE('',#2212,#1097);
#897=LINE('',#2214,#1098);
#898=LINE('',#2216,#1099);
#899=LINE('',#2218,#1100);
#900=LINE('',#2219,#1101);
#901=LINE('',#2221,#1102);
#902=LINE('',#2223,#1103);
#903=LINE('',#2225,#1104);
#904=LINE('',#2227,#1105);
#905=LINE('',#2229,#1106);
#906=LINE('',#2231,#1107);
#907=LINE('',#2233,#1108);
#908=LINE('',#2235,#1109);
#909=LINE('',#2237,#1110);
#910=LINE('',#2239,#1111);
#911=LINE('',#2241,#1112);
#912=LINE('',#2243,#1113);
#913=LINE('',#2245,#1114);
#914=LINE('',#2247,#1115);
#915=LINE('',#2249,#1116);
#916=LINE('',#2250,#1117);
#917=LINE('',#2252,#1118);
#918=LINE('',#2253,#1119);
#919=LINE('',#2255,#1120);
#920=LINE('',#2257,#1121);
#921=LINE('',#2259,#1122);
#922=LINE('',#2261,#1123);
#923=LINE('',#2263,#1124);
#924=LINE('',#2265,#1125);
#925=LINE('',#2267,#1126);
#926=LINE('',#2268,#1127);
#927=LINE('',#2270,#1128);
#928=LINE('',#2271,#1129);
#929=LINE('',#2303,#1130);
#930=LINE('',#2307,#1131);
#931=LINE('',#2310,#1132);
#932=LINE('',#2312,#1133);
#933=LINE('',#2314,#1134);
#934=LINE('',#2316,#1135);
#935=LINE('',#2318,#1136);
#936=LINE('',#2320,#1137);
#937=LINE('',#2322,#1138);
#938=LINE('',#2324,#1139);
#939=LINE('',#2326,#1140);
#940=LINE('',#2328,#1141);
#941=LINE('',#2330,#1142);
#942=LINE('',#2333,#1143);
#943=LINE('',#2335,#1144);
#944=LINE('',#2337,#1145);
#945=LINE('',#2339,#1146);
#946=LINE('',#2341,#1147);
#947=LINE('',#2343,#1148);
#948=LINE('',#2345,#1149);
#949=LINE('',#2347,#1150);
#950=LINE('',#2349,#1151);
#951=LINE('',#2351,#1152);
#952=LINE('',#2354,#1153);
#953=LINE('',#2355,#1154);
#954=LINE('',#2357,#1155);
#955=LINE('',#2359,#1156);
#956=LINE('',#2361,#1157);
#957=LINE('',#2368,#1158);
#958=LINE('',#2371,#1159);
#959=LINE('',#2372,#1160);
#960=LINE('',#2374,#1161);
#961=LINE('',#2376,#1162);
#962=LINE('',#2378,#1163);
#963=LINE('',#2380,#1164);
#964=LINE('',#2382,#1165);
#965=LINE('',#2387,#1166);
#966=LINE('',#2389,#1167);
#967=LINE('',#2391,#1168);
#968=LINE('',#2393,#1169);
#969=LINE('',#2395,#1170);
#970=LINE('',#2397,#1171);
#971=LINE('',#2399,#1172);
#972=LINE('',#2401,#1173);
#973=LINE('',#2403,#1174);
#974=LINE('',#2405,#1175);
#975=LINE('',#2407,#1176);
#976=LINE('',#2409,#1177);
#977=LINE('',#2411,#1178);
#978=LINE('',#2413,#1179);
#979=LINE('',#2415,#1180);
#980=LINE('',#2417,#1181);
#981=LINE('',#2419,#1182);
#982=LINE('',#2421,#1183);
#983=LINE('',#2423,#1184);
#984=LINE('',#2425,#1185);
#985=LINE('',#2427,#1186);
#986=LINE('',#2429,#1187);
#987=LINE('',#2431,#1188);
#988=LINE('',#2433,#1189);
#989=LINE('',#2435,#1190);
#990=LINE('',#2437,#1191);
#991=LINE('',#2438,#1192);
#992=LINE('',#2440,#1193);
#993=LINE('',#2442,#1194);
#994=LINE('',#2444,#1195);
#995=LINE('',#2446,#1196);
#996=LINE('',#2447,#1197);
#997=LINE('',#2449,#1198);
#998=LINE('',#2451,#1199);
#999=LINE('',#2453,#1200);
#1000=LINE('',#2455,#1201);
#1001=LINE('',#2457,#1202);
#1002=LINE('',#2459,#1203);
#1003=LINE('',#2461,#1204);
#1004=LINE('',#2463,#1205);
#1005=LINE('',#2465,#1206);
#1006=LINE('',#2467,#1207);
#1007=LINE('',#2469,#1208);
#1008=LINE('',#2472,#1209);
#1009=LINE('',#2473,#1210);
#1010=LINE('',#2475,#1211);
#1011=LINE('',#2477,#1212);
#1012=LINE('',#2479,#1213);
#1013=LINE('',#2481,#1214);
#1014=LINE('',#2483,#1215);
#1015=LINE('',#2485,#1216);
#1016=LINE('',#2487,#1217);
#1017=LINE('',#2489,#1218);
#1018=LINE('',#2491,#1219);
#1019=LINE('',#2493,#1220);
#1020=LINE('',#2495,#1221);
#1021=LINE('',#2498,#1222);
#1022=LINE('',#2499,#1223);
#1023=LINE('',#2501,#1224);
#1024=LINE('',#2502,#1225);
#1025=LINE('',#2504,#1226);
#1026=LINE('',#2506,#1227);
#1027=LINE('',#2508,#1228);
#1028=LINE('',#2510,#1229);
#1029=LINE('',#2513,#1230);
#1030=LINE('',#2515,#1231);
#1031=LINE('',#2522,#1232);
#1032=LINE('',#2524,#1233);
#1033=LINE('',#2526,#1234);
#1034=LINE('',#2528,#1235);
#1035=LINE('',#2530,#1236);
#1036=VECTOR('',#1702,1.);
#1037=VECTOR('',#1703,1.);
#1038=VECTOR('',#1704,1.);
#1039=VECTOR('',#1705,1.);
#1040=VECTOR('',#1706,1.);
#1041=VECTOR('',#1707,1.);
#1042=VECTOR('',#1708,1.);
#1043=VECTOR('',#1709,1.);
#1044=VECTOR('',#1712,1.);
#1045=VECTOR('',#1713,1.);
#1046=VECTOR('',#1714,1.);
#1047=VECTOR('',#1715,1.);
#1048=VECTOR('',#1716,1.);
#1049=VECTOR('',#1719,1.);
#1050=VECTOR('',#1720,1.);
#1051=VECTOR('',#1721,1.);
#1052=VECTOR('',#1722,1.);
#1053=VECTOR('',#1723,1.);
#1054=VECTOR('',#1726,1.);
#1055=VECTOR('',#1727,1.);
#1056=VECTOR('',#1728,1.);
#1057=VECTOR('',#1729,1.);
#1058=VECTOR('',#1730,1.);
#1059=VECTOR('',#1731,1.);
#1060=VECTOR('',#1732,1.);
#1061=VECTOR('',#1735,1.);
#1062=VECTOR('',#1736,1.);
#1063=VECTOR('',#1737,1.);
#1064=VECTOR('',#1738,1.);
#1065=VECTOR('',#1739,1.);
#1066=VECTOR('',#1740,1.);
#1067=VECTOR('',#1741,1.);
#1068=VECTOR('',#1744,1.);
#1069=VECTOR('',#1745,1.);
#1070=VECTOR('',#1746,1.);
#1071=VECTOR('',#1747,1.);
#1072=VECTOR('',#1748,1.);
#1073=VECTOR('',#1749,1.);
#1074=VECTOR('',#1750,1.);
#1075=VECTOR('',#1751,1.);
#1076=VECTOR('',#1754,1.);
#1077=VECTOR('',#1755,1.);
#1078=VECTOR('',#1758,1.);
#1079=VECTOR('',#1759,1.);
#1080=VECTOR('',#1760,1.);
#1081=VECTOR('',#1761,1.);
#1082=VECTOR('',#1764,1.);
#1083=VECTOR('',#1765,1.);
#1084=VECTOR('',#1766,1.);
#1085=VECTOR('',#1769,1.);
#1086=VECTOR('',#1770,1.);
#1087=VECTOR('',#1771,1.);
#1088=VECTOR('',#1774,1.);
#1089=VECTOR('',#1775,1.);
#1090=VECTOR('',#1778,1.);
#1091=VECTOR('',#1779,1.);
#1092=VECTOR('',#1780,1.);
#1093=VECTOR('',#1781,1.);
#1094=VECTOR('',#1784,1.);
#1095=VECTOR('',#1785,1.);
#1096=VECTOR('',#1786,1.);
#1097=VECTOR('',#1787,1.);
#1098=VECTOR('',#1790,1.);
#1099=VECTOR('',#1791,1.);
#1100=VECTOR('',#1792,1.);
#1101=VECTOR('',#1793,1.);
#1102=VECTOR('',#1794,1.);
#1103=VECTOR('',#1795,1.);
#1104=VECTOR('',#1796,1.);
#1105=VECTOR('',#1797,1.);
#1106=VECTOR('',#1800,1.);
#1107=VECTOR('',#1801,1.);
#1108=VECTOR('',#1804,1.);
#1109=VECTOR('',#1805,1.);
#1110=VECTOR('',#1808,1.);
#1111=VECTOR('',#1809,1.);
#1112=VECTOR('',#1810,1.);
#1113=VECTOR('',#1811,1.);
#1114=VECTOR('',#1812,1.);
#1115=VECTOR('',#1813,1.);
#1116=VECTOR('',#1814,1.);
#1117=VECTOR('',#1815,1.);
#1118=VECTOR('',#1818,1.);
#1119=VECTOR('',#1819,1.);
#1120=VECTOR('',#1820,1.);
#1121=VECTOR('',#1821,1.);
#1122=VECTOR('',#1822,1.);
#1123=VECTOR('',#1823,1.);
#1124=VECTOR('',#1824,1.);
#1125=VECTOR('',#1825,1.);
#1126=VECTOR('',#1828,1.);
#1127=VECTOR('',#1829,1.);
#1128=VECTOR('',#1832,1.);
#1129=VECTOR('',#1833,1.);
#1130=VECTOR('',#1872,1.);
#1131=VECTOR('',#1877,1.);
#1132=VECTOR('',#1878,1.);
#1133=VECTOR('',#1879,1.);
#1134=VECTOR('',#1880,1.);
#1135=VECTOR('',#1881,1.);
#1136=VECTOR('',#1882,1.);
#1137=VECTOR('',#1883,1.);
#1138=VECTOR('',#1884,1.);
#1139=VECTOR('',#1885,1.);
#1140=VECTOR('',#1886,1.);
#1141=VECTOR('',#1887,1.);
#1142=VECTOR('',#1890,1.);
#1143=VECTOR('',#1891,1.);
#1144=VECTOR('',#1892,1.);
#1145=VECTOR('',#1893,1.);
#1146=VECTOR('',#1896,1.);
#1147=VECTOR('',#1897,1.);
#1148=VECTOR('',#1898,1.);
#1149=VECTOR('',#1901,1.);
#1150=VECTOR('',#1902,1.);
#1151=VECTOR('',#1903,1.);
#1152=VECTOR('',#1906,1.);
#1153=VECTOR('',#1907,1.);
#1154=VECTOR('',#1908,1.);
#1155=VECTOR('',#1911,1.);
#1156=VECTOR('',#1912,1.);
#1157=VECTOR('',#1913,1.);
#1158=VECTOR('',#1922,1.);
#1159=VECTOR('',#1923,1.);
#1160=VECTOR('',#1924,1.);
#1161=VECTOR('',#1927,1.);
#1162=VECTOR('',#1928,1.);
#1163=VECTOR('',#1929,1.);
#1164=VECTOR('',#1930,1.);
#1165=VECTOR('',#1931,1.);
#1166=VECTOR('',#1938,1.);
#1167=VECTOR('',#1939,1.);
#1168=VECTOR('',#1940,1.);
#1169=VECTOR('',#1943,1.);
#1170=VECTOR('',#1944,1.);
#1171=VECTOR('',#1947,1.);
#1172=VECTOR('',#1948,1.);
#1173=VECTOR('',#1951,1.);
#1174=VECTOR('',#1952,1.);
#1175=VECTOR('',#1955,1.);
#1176=VECTOR('',#1956,1.);
#1177=VECTOR('',#1959,1.);
#1178=VECTOR('',#1960,1.);
#1179=VECTOR('',#1963,1.);
#1180=VECTOR('',#1966,1.);
#1181=VECTOR('',#1967,1.);
#1182=VECTOR('',#1968,1.);
#1183=VECTOR('',#1971,1.);
#1184=VECTOR('',#1972,1.);
#1185=VECTOR('',#1975,1.);
#1186=VECTOR('',#1976,1.);
#1187=VECTOR('',#1979,1.);
#1188=VECTOR('',#1980,1.);
#1189=VECTOR('',#1981,1.);
#1190=VECTOR('',#1984,1.);
#1191=VECTOR('',#1985,1.);
#1192=VECTOR('',#1986,1.);
#1193=VECTOR('',#1987,1.);
#1194=VECTOR('',#1988,1.);
#1195=VECTOR('',#1989,1.);
#1196=VECTOR('',#1992,1.);
#1197=VECTOR('',#1993,1.);
#1198=VECTOR('',#1994,1.);
#1199=VECTOR('',#1997,1.);
#1200=VECTOR('',#1998,1.);
#1201=VECTOR('',#2001,1.);
#1202=VECTOR('',#2002,1.);
#1203=VECTOR('',#2005,1.);
#1204=VECTOR('',#2006,1.);
#1205=VECTOR('',#2009,1.);
#1206=VECTOR('',#2010,1.);
#1207=VECTOR('',#2011,1.);
#1208=VECTOR('',#2014,1.);
#1209=VECTOR('',#2015,1.);
#1210=VECTOR('',#2016,1.);
#1211=VECTOR('',#2019,1.);
#1212=VECTOR('',#2020,1.);
#1213=VECTOR('',#2023,1.);
#1214=VECTOR('',#2024,1.);
#1215=VECTOR('',#2027,1.);
#1216=VECTOR('',#2028,1.);
#1217=VECTOR('',#2031,1.);
#1218=VECTOR('',#2032,1.);
#1219=VECTOR('',#2033,1.);
#1220=VECTOR('',#2036,1.);
#1221=VECTOR('',#2039,1.);
#1222=VECTOR('',#2040,1.);
#1223=VECTOR('',#2041,1.);
#1224=VECTOR('',#2044,1.);
#1225=VECTOR('',#2045,1.);
#1226=VECTOR('',#2048,1.);
#1227=VECTOR('',#2049,1.);
#1228=VECTOR('',#2052,1.);
#1229=VECTOR('',#2055,1.);
#1230=VECTOR('',#2060,1.);
#1231=VECTOR('',#2063,1.);
#1232=VECTOR('',#2076,1.);
#1233=VECTOR('',#2077,1.);
#1234=VECTOR('',#2080,1.);
#1235=VECTOR('',#2081,1.);
#1236=VECTOR('',#2084,1.);
#1237=EDGE_LOOP('',(#36,#37,#38,#39,#40,#41,#42,#43));
#1238=EDGE_LOOP('',(#44,#45,#46,#47,#48,#49));
#1239=EDGE_LOOP('',(#50,#51,#52,#53,#54,#55));
#1240=EDGE_LOOP('',(#56,#57,#58,#59,#60,#61,#62));
#1241=EDGE_LOOP('',(#63,#64,#65,#66,#67,#68,#69));
#1242=EDGE_LOOP('',(#70,#71,#72,#73,#74,#75,#76,#77));
#1243=EDGE_LOOP('',(#78,#79,#80,#81));
#1244=EDGE_LOOP('',(#82,#83,#84,#85,#86));
#1245=EDGE_LOOP('',(#87,#88,#89,#90));
#1246=EDGE_LOOP('',(#91,#92,#93,#94,#95));
#1247=EDGE_LOOP('',(#96,#97,#98,#99));
#1248=EDGE_LOOP('',(#100,#101,#102,#103,#104,#105));
#1249=EDGE_LOOP('',(#106,#107,#108,#109,#110,#111));
#1250=EDGE_LOOP('',(#112,#113,#114,#115,#116,#117,#118,#119,#120,#121,#122,
#123));
#1251=EDGE_LOOP('',(#124,#125,#126,#127));
#1252=EDGE_LOOP('',(#128,#129,#130,#131));
#1253=EDGE_LOOP('',(#132,#133,#134,#135,#136,#137,#138,#139,#140,#141,#142));
#1254=EDGE_LOOP('',(#143,#144,#145,#146,#147,#148,#149,#150,#151,#152,#153));
#1255=EDGE_LOOP('',(#154,#155,#156,#157));
#1256=EDGE_LOOP('',(#158,#159,#160,#161));
#1257=EDGE_LOOP('',(#162));
#1258=EDGE_LOOP('',(#163));
#1259=EDGE_LOOP('',(#164));
#1260=EDGE_LOOP('',(#165));
#1261=EDGE_LOOP('',(#166));
#1262=EDGE_LOOP('',(#167));
#1263=EDGE_LOOP('',(#168));
#1264=EDGE_LOOP('',(#169));
#1265=EDGE_LOOP('',(#170));
#1266=EDGE_LOOP('',(#171));
#1267=EDGE_LOOP('',(#172));
#1268=EDGE_LOOP('',(#173));
#1269=EDGE_LOOP('',(#174,#175,#176,#177));
#1270=EDGE_LOOP('',(#178));
#1271=EDGE_LOOP('',(#179,#180,#181,#182,#183,#184,#185,#186,#187,#188,#189));
#1272=EDGE_LOOP('',(#190,#191,#192,#193));
#1273=EDGE_LOOP('',(#194,#195,#196,#197));
#1274=EDGE_LOOP('',(#198,#199,#200,#201));
#1275=EDGE_LOOP('',(#202,#203,#204,#205));
#1276=EDGE_LOOP('',(#206,#207,#208,#209));
#1277=EDGE_LOOP('',(#210));
#1278=EDGE_LOOP('',(#211));
#1279=EDGE_LOOP('',(#212,#213,#214,#215));
#1280=EDGE_LOOP('',(#216));
#1281=EDGE_LOOP('',(#217,#218,#219,#220,#221,#222,#223,#224,#225,#226,#227));
#1282=EDGE_LOOP('',(#228));
#1283=EDGE_LOOP('',(#229));
#1284=EDGE_LOOP('',(#230,#231,#232,#233));
#1285=EDGE_LOOP('',(#234,#235,#236,#237));
#1286=EDGE_LOOP('',(#238,#239,#240,#241));
#1287=EDGE_LOOP('',(#242,#243,#244,#245));
#1288=EDGE_LOOP('',(#246,#247,#248,#249));
#1289=EDGE_LOOP('',(#250,#251,#252,#253));
#1290=EDGE_LOOP('',(#254,#255,#256,#257));
#1291=EDGE_LOOP('',(#258,#259,#260,#261));
#1292=EDGE_LOOP('',(#262,#263,#264,#265));
#1293=EDGE_LOOP('',(#266,#267,#268,#269));
#1294=EDGE_LOOP('',(#270,#271,#272,#273,#274,#275));
#1295=EDGE_LOOP('',(#276,#277,#278,#279,#280,#281,#282,#283));
#1296=EDGE_LOOP('',(#284,#285,#286,#287,#288,#289));
#1297=EDGE_LOOP('',(#290,#291,#292,#293));
#1298=EDGE_LOOP('',(#294,#295,#296,#297));
#1299=EDGE_LOOP('',(#298,#299,#300,#301));
#1300=EDGE_LOOP('',(#302,#303,#304,#305,#306,#307));
#1301=EDGE_LOOP('',(#308,#309,#310,#311));
#1302=EDGE_LOOP('',(#312,#313,#314,#315));
#1303=EDGE_LOOP('',(#316));
#1304=EDGE_LOOP('',(#317,#318,#319,#320,#321,#322,#323,#324,#325,#326,#327));
#1305=EDGE_LOOP('',(#328,#329,#330,#331,#332,#333));
#1306=EDGE_LOOP('',(#334,#335,#336,#337,#338,#339,#340,#341,#342,#343,#344,
#345,#346));
#1307=EDGE_LOOP('',(#347));
#1308=EDGE_LOOP('',(#348,#349,#350,#351));
#1309=EDGE_LOOP('',(#352,#353,#354,#355,#356,#357,#358));
#1310=EDGE_LOOP('',(#359,#360,#361,#362,#363,#364,#365,#366,#367,#368,#369,
#370,#371,#372,#373,#374,#375,#376));
#1311=EDGE_LOOP('',(#377,#378,#379,#380));
#1312=EDGE_LOOP('',(#381,#382,#383,#384,#385));
#1313=EDGE_LOOP('',(#386,#387,#388,#389,#390,#391));
#1314=EDGE_LOOP('',(#392));
#1315=EDGE_LOOP('',(#393));
#1316=EDGE_LOOP('',(#394));
#1317=EDGE_LOOP('',(#395,#396,#397,#398));
#1318=EDGE_LOOP('',(#399,#400,#401,#402));
#1319=EDGE_LOOP('',(#403,#404,#405,#406));
#1320=EDGE_LOOP('',(#407,#408,#409,#410));
#1321=EDGE_LOOP('',(#411));
#1322=EDGE_LOOP('',(#412));
#1323=EDGE_LOOP('',(#413));
#1324=EDGE_LOOP('',(#414,#415,#416,#417));
#1325=EDGE_LOOP('',(#418,#419,#420,#421));
#1326=EDGE_LOOP('',(#422,#423,#424,#425));
#1327=EDGE_LOOP('',(#426));
#1328=EDGE_LOOP('',(#427));
#1329=EDGE_LOOP('',(#428));
#1330=EDGE_LOOP('',(#429,#430,#431,#432));
#1331=EDGE_LOOP('',(#433));
#1332=EDGE_LOOP('',(#434));
#1333=EDGE_LOOP('',(#435));
#1334=EDGE_LOOP('',(#436,#437,#438,#439));
#1335=EDGE_LOOP('',(#440,#441,#442,#443));
#1336=EDGE_LOOP('',(#444,#445,#446,#447));
#1337=EDGE_LOOP('',(#448,#449,#450,#451));
#1338=EDGE_LOOP('',(#452,#453,#454,#455));
#1339=EDGE_LOOP('',(#456,#457,#458,#459,#460,#461,#462,#463,#464,#465,#466,
#467,#468,#469));
#1340=FACE_BOUND('',#1237,.T.);
#1341=FACE_BOUND('',#1238,.T.);
#1342=FACE_BOUND('',#1239,.T.);
#1343=FACE_BOUND('',#1240,.T.);
#1344=FACE_BOUND('',#1241,.T.);
#1345=FACE_BOUND('',#1242,.T.);
#1346=FACE_BOUND('',#1243,.T.);
#1347=FACE_BOUND('',#1244,.T.);
#1348=FACE_BOUND('',#1245,.T.);
#1349=FACE_BOUND('',#1246,.T.);
#1350=FACE_BOUND('',#1247,.T.);
#1351=FACE_BOUND('',#1248,.T.);
#1352=FACE_BOUND('',#1249,.T.);
#1353=FACE_BOUND('',#1250,.T.);
#1354=FACE_BOUND('',#1251,.T.);
#1355=FACE_BOUND('',#1252,.T.);
#1356=FACE_BOUND('',#1253,.T.);
#1357=FACE_BOUND('',#1254,.T.);
#1358=FACE_BOUND('',#1255,.T.);
#1359=FACE_BOUND('',#1256,.T.);
#1360=FACE_BOUND('',#1257,.T.);
#1361=FACE_BOUND('',#1258,.T.);
#1362=FACE_BOUND('',#1259,.T.);
#1363=FACE_BOUND('',#1260,.T.);
#1364=FACE_BOUND('',#1261,.T.);
#1365=FACE_BOUND('',#1262,.T.);
#1366=FACE_BOUND('',#1263,.T.);
#1367=FACE_BOUND('',#1264,.T.);
#1368=FACE_BOUND('',#1265,.T.);
#1369=FACE_BOUND('',#1266,.T.);
#1370=FACE_BOUND('',#1267,.T.);
#1371=FACE_BOUND('',#1268,.T.);
#1372=FACE_BOUND('',#1269,.T.);
#1373=FACE_BOUND('',#1270,.T.);
#1374=FACE_BOUND('',#1271,.T.);
#1375=FACE_BOUND('',#1272,.T.);
#1376=FACE_BOUND('',#1273,.T.);
#1377=FACE_BOUND('',#1274,.T.);
#1378=FACE_BOUND('',#1275,.T.);
#1379=FACE_BOUND('',#1276,.T.);
#1380=FACE_BOUND('',#1277,.T.);
#1381=FACE_BOUND('',#1278,.T.);
#1382=FACE_BOUND('',#1279,.T.);
#1383=FACE_BOUND('',#1280,.T.);
#1384=FACE_BOUND('',#1281,.T.);
#1385=FACE_BOUND('',#1282,.T.);
#1386=FACE_BOUND('',#1283,.T.);
#1387=FACE_BOUND('',#1284,.T.);
#1388=FACE_BOUND('',#1285,.T.);
#1389=FACE_BOUND('',#1286,.T.);
#1390=FACE_BOUND('',#1287,.T.);
#1391=FACE_BOUND('',#1288,.T.);
#1392=FACE_BOUND('',#1289,.T.);
#1393=FACE_BOUND('',#1290,.T.);
#1394=FACE_BOUND('',#1291,.T.);
#1395=FACE_BOUND('',#1292,.T.);
#1396=FACE_BOUND('',#1293,.T.);
#1397=FACE_BOUND('',#1294,.T.);
#1398=FACE_BOUND('',#1295,.T.);
#1399=FACE_BOUND('',#1296,.T.);
#1400=FACE_BOUND('',#1297,.T.);
#1401=FACE_BOUND('',#1298,.T.);
#1402=FACE_BOUND('',#1299,.T.);
#1403=FACE_BOUND('',#1300,.T.);
#1404=FACE_BOUND('',#1301,.T.);
#1405=FACE_BOUND('',#1302,.T.);
#1406=FACE_BOUND('',#1303,.T.);
#1407=FACE_BOUND('',#1304,.T.);
#1408=FACE_BOUND('',#1305,.T.);
#1409=FACE_BOUND('',#1306,.T.);
#1410=FACE_BOUND('',#1307,.T.);
#1411=FACE_BOUND('',#1308,.T.);
#1412=FACE_BOUND('',#1309,.T.);
#1413=FACE_BOUND('',#1310,.T.);
#1414=FACE_BOUND('',#1311,.T.);
#1415=FACE_BOUND('',#1312,.T.);
#1416=FACE_BOUND('',#1313,.T.);
#1417=FACE_BOUND('',#1314,.T.);
#1418=FACE_BOUND('',#1315,.T.);
#1419=FACE_BOUND('',#1316,.T.);
#1420=FACE_BOUND('',#1317,.T.);
#1421=FACE_BOUND('',#1318,.T.);
#1422=FACE_BOUND('',#1319,.T.);
#1423=FACE_BOUND('',#1320,.T.);
#1424=FACE_BOUND('',#1321,.T.);
#1425=FACE_BOUND('',#1322,.T.);
#1426=FACE_BOUND('',#1323,.T.);
#1427=FACE_BOUND('',#1324,.T.);
#1428=FACE_BOUND('',#1325,.T.);
#1429=FACE_BOUND('',#1326,.T.);
#1430=FACE_BOUND('',#1327,.T.);
#1431=FACE_BOUND('',#1328,.T.);
#1432=FACE_BOUND('',#1329,.T.);
#1433=FACE_BOUND('',#1330,.T.);
#1434=FACE_BOUND('',#1331,.T.);
#1435=FACE_BOUND('',#1332,.T.);
#1436=FACE_BOUND('',#1333,.T.);
#1437=FACE_BOUND('',#1334,.T.);
#1438=FACE_BOUND('',#1335,.T.);
#1439=FACE_BOUND('',#1336,.T.);
#1440=FACE_BOUND('',#1337,.T.);
#1441=FACE_BOUND('',#1338,.T.);
#1442=FACE_BOUND('',#1339,.T.);
#1443=PLANE('',#1604);
#1444=PLANE('',#1605);
#1445=PLANE('',#1606);
#1446=PLANE('',#1607);
#1447=PLANE('',#1608);
#1448=PLANE('',#1609);
#1449=PLANE('',#1610);
#1450=PLANE('',#1611);
#1451=PLANE('',#1612);
#1452=PLANE('',#1613);
#1453=PLANE('',#1614);
#1454=PLANE('',#1615);
#1455=PLANE('',#1616);
#1456=PLANE('',#1617);
#1457=PLANE('',#1618);
#1458=PLANE('',#1619);
#1459=PLANE('',#1620);
#1460=PLANE('',#1621);
#1461=PLANE('',#1622);
#1462=PLANE('',#1623);
#1463=PLANE('',#1642);
#1464=PLANE('',#1643);
#1465=PLANE('',#1645);
#1466=PLANE('',#1646);
#1467=PLANE('',#1647);
#1468=PLANE('',#1648);
#1469=PLANE('',#1649);
#1470=PLANE('',#1653);
#1471=PLANE('',#1654);
#1472=PLANE('',#1657);
#1473=PLANE('',#1658);
#1474=PLANE('',#1659);
#1475=PLANE('',#1660);
#1476=PLANE('',#1661);
#1477=PLANE('',#1662);
#1478=PLANE('',#1663);
#1479=PLANE('',#1664);
#1480=PLANE('',#1665);
#1481=PLANE('',#1666);
#1482=PLANE('',#1667);
#1483=PLANE('',#1668);
#1484=PLANE('',#1669);
#1485=PLANE('',#1670);
#1486=PLANE('',#1671);
#1487=PLANE('',#1672);
#1488=PLANE('',#1673);
#1489=PLANE('',#1674);
#1490=PLANE('',#1675);
#1491=PLANE('',#1676);
#1492=PLANE('',#1677);
#1493=PLANE('',#1678);
#1494=PLANE('',#1679);
#1495=PLANE('',#1680);
#1496=PLANE('',#1681);
#1497=PLANE('',#1682);
#1498=PLANE('',#1683);
#1499=PLANE('',#1684);
#1500=PLANE('',#1685);
#1501=PLANE('',#1686);
#1502=PLANE('',#1687);
#1503=PLANE('',#1688);
#1504=PLANE('',#1689);
#1505=PLANE('',#1690);
#1506=PLANE('',#1691);
#1507=PLANE('',#1692);
#1508=PLANE('',#1693);
#1509=PLANE('',#1694);
#1510=PLANE('',#1695);
#1511=PLANE('',#1696);
#1512=PLANE('',#1697);
#1513=ADVANCED_FACE('',(#1340),#1443,.F.);
#1514=ADVANCED_FACE('',(#1341),#1444,.T.);
#1515=ADVANCED_FACE('',(#1342),#1445,.F.);
#1516=ADVANCED_FACE('',(#1343),#1446,.F.);
#1517=ADVANCED_FACE('',(#1344),#1447,.T.);
#1518=ADVANCED_FACE('',(#1345),#1448,.F.);
#1519=ADVANCED_FACE('',(#1346),#1449,.T.);
#1520=ADVANCED_FACE('',(#1347),#1450,.F.);
#1521=ADVANCED_FACE('',(#1348),#1451,.T.);
#1522=ADVANCED_FACE('',(#1349),#1452,.T.);
#1523=ADVANCED_FACE('',(#1350),#1453,.T.);
#1524=ADVANCED_FACE('',(#1351),#1454,.T.);
#1525=ADVANCED_FACE('',(#1352),#1455,.T.);
#1526=ADVANCED_FACE('',(#1353),#1456,.T.);
#1527=ADVANCED_FACE('',(#1354),#1457,.T.);
#1528=ADVANCED_FACE('',(#1355),#1458,.T.);
#1529=ADVANCED_FACE('',(#1356),#1459,.T.);
#1530=ADVANCED_FACE('',(#1357),#1460,.F.);
#1531=ADVANCED_FACE('',(#1358),#1461,.F.);
#1532=ADVANCED_FACE('',(#1359),#1462,.F.);
#1533=ADVANCED_FACE('',(#1360,#1361),#28,.F.);
#1534=ADVANCED_FACE('',(#1362,#1363),#29,.F.);
#1535=ADVANCED_FACE('',(#1364,#1365),#30,.F.);
#1536=ADVANCED_FACE('',(#1366,#1367),#31,.F.);
#1537=ADVANCED_FACE('',(#1368,#1369),#32,.F.);
#1538=ADVANCED_FACE('',(#1370,#1371),#33,.F.);
#1539=ADVANCED_FACE('',(#1372),#1463,.F.);
#1540=ADVANCED_FACE('',(#1373,#1374),#1464,.F.);
#1541=ADVANCED_FACE('',(#1375),#1465,.T.);
#1542=ADVANCED_FACE('',(#1376),#1466,.F.);
#1543=ADVANCED_FACE('',(#1377),#1467,.F.);
#1544=ADVANCED_FACE('',(#1378),#1468,.T.);
#1545=ADVANCED_FACE('',(#1379),#1469,.T.);
#1546=ADVANCED_FACE('',(#1380,#1381),#34,.F.);
#1547=ADVANCED_FACE('',(#1382),#1470,.F.);
#1548=ADVANCED_FACE('',(#1383,#1384),#1471,.F.);
#1549=ADVANCED_FACE('',(#1385,#1386),#35,.F.);
#1550=ADVANCED_FACE('',(#1387),#1472,.T.);
#1551=ADVANCED_FACE('',(#1388),#1473,.T.);
#1552=ADVANCED_FACE('',(#1389),#1474,.T.);
#1553=ADVANCED_FACE('',(#1390),#1475,.T.);
#1554=ADVANCED_FACE('',(#1391),#1476,.F.);
#1555=ADVANCED_FACE('',(#1392),#1477,.F.);
#1556=ADVANCED_FACE('',(#1393),#1478,.F.);
#1557=ADVANCED_FACE('',(#1394),#1479,.T.);
#1558=ADVANCED_FACE('',(#1395),#1480,.T.);
#1559=ADVANCED_FACE('',(#1396),#1481,.T.);
#1560=ADVANCED_FACE('',(#1397),#1482,.T.);
#1561=ADVANCED_FACE('',(#1398),#1483,.F.);
#1562=ADVANCED_FACE('',(#1399),#1484,.F.);
#1563=ADVANCED_FACE('',(#1400),#1485,.F.);
#1564=ADVANCED_FACE('',(#1401),#1486,.F.);
#1565=ADVANCED_FACE('',(#1402),#1487,.F.);
#1566=ADVANCED_FACE('',(#1403),#1488,.F.);
#1567=ADVANCED_FACE('',(#1404),#1489,.F.);
#1568=ADVANCED_FACE('',(#1405),#1490,.T.);
#1569=ADVANCED_FACE('',(#1406,#1407),#1491,.T.);
#1570=ADVANCED_FACE('',(#1408),#1492,.T.);
#1571=ADVANCED_FACE('',(#1409,#1410),#1493,.T.);
#1572=ADVANCED_FACE('',(#1411),#1494,.F.);
#1573=ADVANCED_FACE('',(#1412),#1495,.T.);
#1574=ADVANCED_FACE('',(#1413,#1414),#1496,.T.);
#1575=ADVANCED_FACE('',(#1415),#1497,.F.);
#1576=ADVANCED_FACE('',(#1416),#1498,.T.);
#1577=ADVANCED_FACE('',(#1417,#1418,#1419,#1420),#1499,.F.);
#1578=ADVANCED_FACE('',(#1421),#1500,.F.);
#1579=ADVANCED_FACE('',(#1422),#1501,.F.);
#1580=ADVANCED_FACE('',(#1423),#1502,.F.);
#1581=ADVANCED_FACE('',(#1424,#1425,#1426,#1427),#1503,.F.);
#1582=ADVANCED_FACE('',(#1428),#1504,.T.);
#1583=ADVANCED_FACE('',(#1429),#1505,.T.);
#1584=ADVANCED_FACE('',(#1430,#1431,#1432,#1433),#1506,.T.);
#1585=ADVANCED_FACE('',(#1434,#1435,#1436,#1437),#1507,.T.);
#1586=ADVANCED_FACE('',(#1438),#1508,.T.);
#1587=ADVANCED_FACE('',(#1439),#1509,.F.);
#1588=ADVANCED_FACE('',(#1440),#1510,.T.);
#1589=ADVANCED_FACE('',(#1441),#1511,.T.);
#1590=ADVANCED_FACE('',(#1442),#1512,.T.);
#1591=CLOSED_SHELL('',(#1513,#1514,#1515,#1516,#1517,#1518,#1519,#1520,
#1521,#1522,#1523,#1524,#1525,#1526,#1527,#1528,#1529,#1530,#1531,#1532,
#1533,#1534,#1535,#1536,#1537,#1538,#1539,#1540,#1541,#1542,#1543,#1544,
#1545,#1546,#1547,#1548,#1549,#1550,#1551,#1552,#1553,#1554,#1555,#1556,
#1557,#1558,#1559,#1560,#1561,#1562,#1563,#1564,#1565,#1566,#1567,#1568,
#1569,#1570,#1571,#1572,#1573,#1574,#1575,#1576,#1577,#1578,#1579,#1580,
#1581,#1582,#1583,#1584,#1585,#1586,#1587,#1588,#1589,#1590));
#1592=STYLED_ITEM('',(#1593),#1600);
#1593=PRESENTATION_STYLE_ASSIGNMENT((#1594));
#1594=SURFACE_STYLE_USAGE(.BOTH.,#1595);
#1595=SURFACE_SIDE_STYLE('',(#1596));
#1596=SURFACE_STYLE_FILL_AREA(#1597);
#1597=FILL_AREA_STYLE('',(#1598));
#1598=FILL_AREA_STYLE_COLOUR('',#1599);
#1599=COLOUR_RGB('',0.262745098039216,0.282352941176471,0.301960784313725);
#1600=MANIFOLD_SOLID_BREP('Part 1',#1591);
#1601=SHAPE_DEFINITION_REPRESENTATION(#2539,#1602);
#1602=SHAPE_REPRESENTATION('Part 1',(#1603),#2534);
#1603=AXIS2_PLACEMENT_3D('',#2089,#1698,#1699);
#1604=AXIS2_PLACEMENT_3D('',#2090,#1700,#1701);
#1605=AXIS2_PLACEMENT_3D('',#2107,#1710,#1711);
#1606=AXIS2_PLACEMENT_3D('',#2117,#1717,#1718);
#1607=AXIS2_PLACEMENT_3D('',#2127,#1724,#1725);
#1608=AXIS2_PLACEMENT_3D('',#2142,#1733,#1734);
#1609=AXIS2_PLACEMENT_3D('',#2157,#1742,#1743);
#1610=AXIS2_PLACEMENT_3D('',#2174,#1752,#1753);
#1611=AXIS2_PLACEMENT_3D('',#2177,#1756,#1757);
#1612=AXIS2_PLACEMENT_3D('',#2185,#1762,#1763);
#1613=AXIS2_PLACEMENT_3D('',#2191,#1767,#1768);
#1614=AXIS2_PLACEMENT_3D('',#2196,#1772,#1773);
#1615=AXIS2_PLACEMENT_3D('',#2199,#1776,#1777);
#1616=AXIS2_PLACEMENT_3D('',#2206,#1782,#1783);
#1617=AXIS2_PLACEMENT_3D('',#2213,#1788,#1789);
#1618=AXIS2_PLACEMENT_3D('',#2228,#1798,#1799);
#1619=AXIS2_PLACEMENT_3D('',#2232,#1802,#1803);
#1620=AXIS2_PLACEMENT_3D('',#2236,#1806,#1807);
#1621=AXIS2_PLACEMENT_3D('',#2251,#1816,#1817);
#1622=AXIS2_PLACEMENT_3D('',#2266,#1826,#1827);
#1623=AXIS2_PLACEMENT_3D('',#2269,#1830,#1831);
#1624=AXIS2_PLACEMENT_3D('',#2272,#1834,#1835);
#1625=AXIS2_PLACEMENT_3D('',#2273,#1836,#1837);
#1626=AXIS2_PLACEMENT_3D('',#2275,#1838,#1839);
#1627=AXIS2_PLACEMENT_3D('',#2277,#1840,#1841);
#1628=AXIS2_PLACEMENT_3D('',#2278,#1842,#1843);
#1629=AXIS2_PLACEMENT_3D('',#2280,#1844,#1845);
#1630=AXIS2_PLACEMENT_3D('',#2282,#1846,#1847);
#1631=AXIS2_PLACEMENT_3D('',#2283,#1848,#1849);
#1632=AXIS2_PLACEMENT_3D('',#2285,#1850,#1851);
#1633=AXIS2_PLACEMENT_3D('',#2287,#1852,#1853);
#1634=AXIS2_PLACEMENT_3D('',#2288,#1854,#1855);
#1635=AXIS2_PLACEMENT_3D('',#2290,#1856,#1857);
#1636=AXIS2_PLACEMENT_3D('',#2292,#1858,#1859);
#1637=AXIS2_PLACEMENT_3D('',#2293,#1860,#1861);
#1638=AXIS2_PLACEMENT_3D('',#2295,#1862,#1863);
#1639=AXIS2_PLACEMENT_3D('',#2297,#1864,#1865);
#1640=AXIS2_PLACEMENT_3D('',#2298,#1866,#1867);
#1641=AXIS2_PLACEMENT_3D('',#2300,#1868,#1869);
#1642=AXIS2_PLACEMENT_3D('',#2302,#1870,#1871);
#1643=AXIS2_PLACEMENT_3D('',#2304,#1873,#1874);
#1644=AXIS2_PLACEMENT_3D('',#2305,#1875,#1876);
#1645=AXIS2_PLACEMENT_3D('',#2329,#1888,#1889);
#1646=AXIS2_PLACEMENT_3D('',#2338,#1894,#1895);
#1647=AXIS2_PLACEMENT_3D('',#2344,#1899,#1900);
#1648=AXIS2_PLACEMENT_3D('',#2350,#1904,#1905);
#1649=AXIS2_PLACEMENT_3D('',#2356,#1909,#1910);
#1650=AXIS2_PLACEMENT_3D('',#2362,#1914,#1915);
#1651=AXIS2_PLACEMENT_3D('',#2363,#1916,#1917);
#1652=AXIS2_PLACEMENT_3D('',#2365,#1918,#1919);
#1653=AXIS2_PLACEMENT_3D('',#2367,#1920,#1921);
#1654=AXIS2_PLACEMENT_3D('',#2373,#1925,#1926);
#1655=AXIS2_PLACEMENT_3D('',#2383,#1932,#1933);
#1656=AXIS2_PLACEMENT_3D('',#2384,#1934,#1935);
#1657=AXIS2_PLACEMENT_3D('',#2386,#1936,#1937);
#1658=AXIS2_PLACEMENT_3D('',#2392,#1941,#1942);
#1659=AXIS2_PLACEMENT_3D('',#2396,#1945,#1946);
#1660=AXIS2_PLACEMENT_3D('',#2400,#1949,#1950);
#1661=AXIS2_PLACEMENT_3D('',#2404,#1953,#1954);
#1662=AXIS2_PLACEMENT_3D('',#2408,#1957,#1958);
#1663=AXIS2_PLACEMENT_3D('',#2412,#1961,#1962);
#1664=AXIS2_PLACEMENT_3D('',#2414,#1964,#1965);
#1665=AXIS2_PLACEMENT_3D('',#2420,#1969,#1970);
#1666=AXIS2_PLACEMENT_3D('',#2424,#1973,#1974);
#1667=AXIS2_PLACEMENT_3D('',#2428,#1977,#1978);
#1668=AXIS2_PLACEMENT_3D('',#2434,#1982,#1983);
#1669=AXIS2_PLACEMENT_3D('',#2445,#1990,#1991);
#1670=AXIS2_PLACEMENT_3D('',#2450,#1995,#1996);
#1671=AXIS2_PLACEMENT_3D('',#2454,#1999,#2000);
#1672=AXIS2_PLACEMENT_3D('',#2458,#2003,#2004);
#1673=AXIS2_PLACEMENT_3D('',#2462,#2007,#2008);
#1674=AXIS2_PLACEMENT_3D('',#2468,#2012,#2013);
#1675=AXIS2_PLACEMENT_3D('',#2474,#2017,#2018);
#1676=AXIS2_PLACEMENT_3D('',#2478,#2021,#2022);
#1677=AXIS2_PLACEMENT_3D('',#2482,#2025,#2026);
#1678=AXIS2_PLACEMENT_3D('',#2486,#2029,#2030);
#1679=AXIS2_PLACEMENT_3D('',#2492,#2034,#2035);
#1680=AXIS2_PLACEMENT_3D('',#2494,#2037,#2038);
#1681=AXIS2_PLACEMENT_3D('',#2500,#2042,#2043);
#1682=AXIS2_PLACEMENT_3D('',#2503,#2046,#2047);
#1683=AXIS2_PLACEMENT_3D('',#2507,#2050,#2051);
#1684=AXIS2_PLACEMENT_3D('',#2509,#2053,#2054);
#1685=AXIS2_PLACEMENT_3D('',#2511,#2056,#2057);
#1686=AXIS2_PLACEMENT_3D('',#2512,#2058,#2059);
#1687=AXIS2_PLACEMENT_3D('',#2514,#2061,#2062);
#1688=AXIS2_PLACEMENT_3D('',#2516,#2064,#2065);
#1689=AXIS2_PLACEMENT_3D('',#2517,#2066,#2067);
#1690=AXIS2_PLACEMENT_3D('',#2518,#2068,#2069);
#1691=AXIS2_PLACEMENT_3D('',#2519,#2070,#2071);
#1692=AXIS2_PLACEMENT_3D('',#2520,#2072,#2073);
#1693=AXIS2_PLACEMENT_3D('',#2521,#2074,#2075);
#1694=AXIS2_PLACEMENT_3D('',#2525,#2078,#2079);
#1695=AXIS2_PLACEMENT_3D('',#2529,#2082,#2083);
#1696=AXIS2_PLACEMENT_3D('',#2531,#2085,#2086);
#1697=AXIS2_PLACEMENT_3D('',#2532,#2087,#2088);
#1698=DIRECTION('',(0.,0.,1.));
#1699=DIRECTION('',(1.,0.,0.));
#1700=DIRECTION('',(-1.,0.,0.));
#1701=DIRECTION('',(0.,0.,1.));
#1702=DIRECTION('',(0.,-1.,0.));
#1703=DIRECTION('',(0.,0.,-1.));
#1704=DIRECTION('',(0.,1.,0.));
#1705=DIRECTION('',(0.,0.,1.));
#1706=DIRECTION('',(0.,1.,0.));
#1707=DIRECTION('',(0.,0.,1.));
#1708=DIRECTION('',(0.,1.,0.));
#1709=DIRECTION('',(0.,0.,-1.));
#1710=DIRECTION('',(0.,-1.,0.));
#1711=DIRECTION('',(0.,0.,-1.));
#1712=DIRECTION('',(1.,0.,0.));
#1713=DIRECTION('',(0.,0.,1.));
#1714=DIRECTION('',(-1.,0.,0.));
#1715=DIRECTION('',(0.,0.,-1.));
#1716=DIRECTION('',(-1.,0.,0.));
#1717=DIRECTION('',(0.,-1.,0.));
#1718=DIRECTION('',(0.,0.,-1.));
#1719=DIRECTION('',(1.,0.,0.));
#1720=DIRECTION('',(-1.,0.,0.));
#1721=DIRECTION('',(0.,0.,-1.));
#1722=DIRECTION('',(-1.,0.,0.));
#1723=DIRECTION('',(0.,0.,1.));
#1724=DIRECTION('',(0.,-0.707106781186547,0.707106781186548));
#1725=DIRECTION('',(-1.,0.,0.));
#1726=DIRECTION('',(0.,0.707106781186548,0.707106781186547));
#1727=DIRECTION('',(1.,0.,0.));
#1728=DIRECTION('',(0.,0.707106781186548,0.707106781186547));
#1729=DIRECTION('',(-1.,0.,0.));
#1730=DIRECTION('',(-1.,0.,0.));
#1731=DIRECTION('',(0.,-0.707106781186548,-0.707106781186547));
#1732=DIRECTION('',(1.,0.,0.));
#1733=DIRECTION('',(0.,-0.707106781186547,-0.707106781186548));
#1734=DIRECTION('',(1.,0.,0.));
#1735=DIRECTION('',(0.,-0.707106781186548,0.707106781186547));
#1736=DIRECTION('',(1.,0.,0.));
#1737=DIRECTION('',(0.,-0.707106781186548,0.707106781186547));
#1738=DIRECTION('',(1.,0.,0.));
#1739=DIRECTION('',(0.,0.707106781186548,-0.707106781186547));
#1740=DIRECTION('',(1.,0.,0.));
#1741=DIRECTION('',(1.,0.,0.));
#1742=DIRECTION('',(0.707106781186547,-2.4155268595135E-16,0.707106781186548));
#1743=DIRECTION('',(-3.41607084500048E-16,-1.,0.));
#1744=DIRECTION('',(0.707106781186548,0.,-0.707106781186547));
#1745=DIRECTION('',(3.41607084500048E-16,1.,0.));
#1746=DIRECTION('',(0.707106781186548,0.,-0.707106781186547));
#1747=DIRECTION('',(-3.82835525732812E-16,-1.,4.12284412327645E-17));
#1748=DIRECTION('',(0.707106781186548,-9.81307786677373E-15,-0.707106781186547));
#1749=DIRECTION('',(3.41607084500048E-16,1.,0.));
#1750=DIRECTION('',(-0.707106781186548,-2.32248400940087E-32,0.707106781186547));
#1751=DIRECTION('',(-3.41607084500048E-16,-1.,0.));
#1752=DIRECTION('',(-0.577350269189626,-0.577350269189626,-0.577350269189626));
#1753=DIRECTION('',(-0.707106781186548,0.,0.707106781186547));
#1754=DIRECTION('',(0.707106781186548,-0.707106781186548,0.));
#1755=DIRECTION('',(-0.707106781186548,0.707106781186548,0.));
#1756=DIRECTION('',(-1.38777878078146E-14,-1.,0.));
#1757=DIRECTION('',(1.,-1.38777878078146E-14,0.));
#1758=DIRECTION('',(1.,-1.38777878078146E-14,0.));
#1759=DIRECTION('',(0.,0.,-1.));
#1760=DIRECTION('',(1.,-1.38777878078146E-14,0.));
#1761=DIRECTION('',(0.,0.,-1.));
#1762=DIRECTION('',(-1.,3.82835525732812E-16,0.));
#1763=DIRECTION('',(-3.82835525732812E-16,-1.,0.));
#1764=DIRECTION('',(0.,0.,-1.));
#1765=DIRECTION('',(-3.82835525732812E-16,-1.,0.));
#1766=DIRECTION('',(-3.82835525732812E-16,-1.,0.));
#1767=DIRECTION('',(0.,-1.,0.));
#1768=DIRECTION('',(0.,0.,-1.));
#1769=DIRECTION('',(1.,0.,0.));
#1770=DIRECTION('',(1.,0.,0.));
#1771=DIRECTION('',(0.,0.,-1.));
#1772=DIRECTION('',(-0.577350269189626,0.577350269189626,-0.577350269189626));
#1773=DIRECTION('',(-0.707106781186548,0.,0.707106781186547));
#1774=DIRECTION('',(-0.707106781186548,-0.707106781186548,0.));
#1775=DIRECTION('',(-0.707106781186548,-0.707106781186548,0.));
#1776=DIRECTION('',(1.,0.,0.));
#1777=DIRECTION('',(0.,0.,-1.));
#1778=DIRECTION('',(0.,1.,0.));
#1779=DIRECTION('',(0.,-1.,0.));
#1780=DIRECTION('',(0.,0.,1.));
#1781=DIRECTION('',(0.,-1.,0.));
#1782=DIRECTION('',(1.,0.,0.));
#1783=DIRECTION('',(0.,0.,-1.));
#1784=DIRECTION('',(0.,1.,0.));
#1785=DIRECTION('',(0.,-1.,0.));
#1786=DIRECTION('',(0.,0.,1.));
#1787=DIRECTION('',(0.,-1.,0.));
#1788=DIRECTION('',(0.,0.,-1.));
#1789=DIRECTION('',(1.,0.,0.));
#1790=DIRECTION('',(1.,0.,0.));
#1791=DIRECTION('',(0.,1.,0.));
#1792=DIRECTION('',(1.,0.,0.));
#1793=DIRECTION('',(0.,1.,0.));
#1794=DIRECTION('',(1.,0.,0.));
#1795=DIRECTION('',(0.,-1.,0.));
#1796=DIRECTION('',(1.,0.,0.));
#1797=DIRECTION('',(0.,1.,0.));
#1798=DIRECTION('',(0.,0.,-1.));
#1799=DIRECTION('',(1.,0.,0.));
#1800=DIRECTION('',(-1.,0.,0.));
#1801=DIRECTION('',(0.,1.,0.));
#1802=DIRECTION('',(0.,0.,-1.));
#1803=DIRECTION('',(1.,0.,0.));
#1804=DIRECTION('',(-1.,0.,0.));
#1805=DIRECTION('',(0.,1.,0.));
#1806=DIRECTION('',(0.,-1.,0.));
#1807=DIRECTION('',(0.,0.,-1.));
#1808=DIRECTION('',(1.,0.,0.));
#1809=DIRECTION('',(0.,0.,-1.));
#1810=DIRECTION('',(1.,0.,0.));
#1811=DIRECTION('',(0.,0.,-1.));
#1812=DIRECTION('',(0.,0.,-1.));
#1813=DIRECTION('',(1.,0.,0.));
#1814=DIRECTION('',(0.,0.,-1.));
#1815=DIRECTION('',(0.,0.,-1.));
#1816=DIRECTION('',(0.,-1.,0.));
#1817=DIRECTION('',(0.,0.,-1.));
#1818=DIRECTION('',(0.,0.,-1.));
#1819=DIRECTION('',(0.,0.,-1.));
#1820=DIRECTION('',(1.,0.,0.));
#1821=DIRECTION('',(0.,0.,-1.));
#1822=DIRECTION('',(0.,0.,-1.));
#1823=DIRECTION('',(1.,0.,0.));
#1824=DIRECTION('',(0.,0.,-1.));
#1825=DIRECTION('',(1.,0.,0.));
#1826=DIRECTION('',(-1.,0.,0.));
#1827=DIRECTION('',(0.,0.,1.));
#1828=DIRECTION('',(0.,-1.,0.));
#1829=DIRECTION('',(0.,-1.,0.));
#1830=DIRECTION('',(-1.,0.,0.));
#1831=DIRECTION('',(0.,0.,1.));
#1832=DIRECTION('',(0.,-1.,0.));
#1833=DIRECTION('',(0.,-1.,0.));
#1834=DIRECTION('',(0.,0.,1.));
#1835=DIRECTION('',(1.,0.,0.));
#1836=DIRECTION('',(0.,0.,-1.));
#1837=DIRECTION('',(-1.,0.,0.));
#1838=DIRECTION('',(0.,0.,-1.));
#1839=DIRECTION('',(-1.,0.,0.));
#1840=DIRECTION('',(0.,0.,1.));
#1841=DIRECTION('',(1.,0.,0.));
#1842=DIRECTION('',(0.,0.,-1.));
#1843=DIRECTION('',(-1.,0.,0.));
#1844=DIRECTION('',(0.,0.,-1.));
#1845=DIRECTION('',(-1.,0.,0.));
#1846=DIRECTION('',(0.,0.,1.));
#1847=DIRECTION('',(1.,0.,0.));
#1848=DIRECTION('',(0.,0.,-1.));
#1849=DIRECTION('',(-1.,0.,0.));
#1850=DIRECTION('',(0.,0.,-1.));
#1851=DIRECTION('',(-1.,0.,0.));
#1852=DIRECTION('',(0.,0.,1.));
#1853=DIRECTION('',(1.,0.,0.));
#1854=DIRECTION('',(0.,0.,-1.));
#1855=DIRECTION('',(-1.,0.,0.));
#1856=DIRECTION('',(0.,0.,-1.));
#1857=DIRECTION('',(-1.,0.,0.));
#1858=DIRECTION('',(0.,0.,1.));
#1859=DIRECTION('',(1.,0.,0.));
#1860=DIRECTION('',(0.,0.,-1.));
#1861=DIRECTION('',(-1.,0.,0.));
#1862=DIRECTION('',(0.,0.,-1.));
#1863=DIRECTION('',(-1.,0.,0.));
#1864=DIRECTION('',(0.,0.,1.));
#1865=DIRECTION('',(1.,0.,0.));
#1866=DIRECTION('',(0.,0.,-1.));
#1867=DIRECTION('',(-1.,0.,0.));
#1868=DIRECTION('',(0.,0.,-1.));
#1869=DIRECTION('',(-1.,0.,0.));
#1870=DIRECTION('',(-1.,0.,0.));
#1871=DIRECTION('',(0.,0.,1.));
#1872=DIRECTION('',(0.,-1.,0.));
#1873=DIRECTION('',(0.,0.,1.));
#1874=DIRECTION('',(1.,0.,0.));
#1875=DIRECTION('',(0.,0.,1.));
#1876=DIRECTION('',(1.,0.,0.));
#1877=DIRECTION('',(-3.82835525732812E-16,-1.,0.));
#1878=DIRECTION('',(1.,0.,0.));
#1879=DIRECTION('',(-3.82835525732812E-16,-1.,0.));
#1880=DIRECTION('',(-0.707106781186548,0.707106781186548,0.));
#1881=DIRECTION('',(1.,0.,0.));
#1882=DIRECTION('',(0.,1.,0.));
#1883=DIRECTION('',(0.707106781186548,0.707106781186548,0.));
#1884=DIRECTION('',(1.,0.,0.));
#1885=DIRECTION('',(0.,1.,0.));
#1886=DIRECTION('',(-0.707106781186548,0.707106781186548,0.));
#1887=DIRECTION('',(0.707106781186548,0.707106781186548,0.));
#1888=DIRECTION('',(-0.707106781186548,0.707106781186548,0.));
#1889=DIRECTION('',(-0.707106781186548,-0.707106781186548,0.));
#1890=DIRECTION('',(0.,0.,1.));
#1891=DIRECTION('',(-0.707106781186548,-0.707106781186548,0.));
#1892=DIRECTION('',(0.,0.,1.));
#1893=DIRECTION('',(-0.707106781186548,-0.707106781186548,0.));
#1894=DIRECTION('',(-1.,3.82835525732812E-16,0.));
#1895=DIRECTION('',(-3.82835525732812E-16,-1.,0.));
#1896=DIRECTION('',(-3.82835525732812E-16,-1.,0.));
#1897=DIRECTION('',(0.,0.,-1.));
#1898=DIRECTION('',(-3.82835525732812E-16,-1.,0.));
#1899=DIRECTION('',(-1.38777878078146E-14,-1.,0.));
#1900=DIRECTION('',(1.,-1.38777878078146E-14,0.));
#1901=DIRECTION('',(1.,-1.38777878078146E-14,0.));
#1902=DIRECTION('',(0.,0.,-1.));
#1903=DIRECTION('',(1.,-1.38777878078146E-14,0.));
#1904=DIRECTION('',(-1.,3.82835525732812E-16,0.));
#1905=DIRECTION('',(-3.82835525732812E-16,-1.,0.));
#1906=DIRECTION('',(0.,0.,1.));
#1907=DIRECTION('',(-3.82835525732812E-16,-1.,0.));
#1908=DIRECTION('',(-3.82835525732812E-16,-1.,0.));
#1909=DIRECTION('',(0.707106781186548,0.707106781186548,0.));
#1910=DIRECTION('',(-0.707106781186548,0.707106781186548,0.));
#1911=DIRECTION('',(-0.707106781186548,0.707106781186548,0.));
#1912=DIRECTION('',(-0.707106781186548,0.707106781186548,0.));
#1913=DIRECTION('',(0.,0.,-1.));
#1914=DIRECTION('',(0.,0.,1.));
#1915=DIRECTION('',(1.,0.,0.));
#1916=DIRECTION('',(0.,0.,-1.));
#1917=DIRECTION('',(1.,0.,0.));
#1918=DIRECTION('',(0.,0.,1.));
#1919=DIRECTION('',(1.,0.,0.));
#1920=DIRECTION('',(-0.707106781186548,0.707106781186548,0.));
#1921=DIRECTION('',(-0.707106781186548,-0.707106781186548,0.));
#1922=DIRECTION('',(0.,0.,1.));
#1923=DIRECTION('',(-0.707106781186548,-0.707106781186548,0.));
#1924=DIRECTION('',(-0.707106781186548,-0.707106781186548,0.));
#1925=DIRECTION('',(0.,0.,1.));
#1926=DIRECTION('',(1.,0.,0.));
#1927=DIRECTION('',(0.,-1.,0.));
#1928=DIRECTION('',(1.,0.,0.));
#1929=DIRECTION('',(-0.707106781186548,0.707106781186548,0.));
#1930=DIRECTION('',(0.,-1.,0.));
#1931=DIRECTION('',(1.,0.,0.));
#1932=DIRECTION('',(0.,0.,1.));
#1933=DIRECTION('',(1.,0.,0.));
#1934=DIRECTION('',(0.,0.,1.));
#1935=DIRECTION('',(1.,0.,0.));
#1936=DIRECTION('',(0.707106781186548,0.707106781186548,0.));
#1937=DIRECTION('',(-0.707106781186548,0.707106781186548,0.));
#1938=DIRECTION('',(0.,0.,-1.));
#1939=DIRECTION('',(-0.707106781186548,0.707106781186548,0.));
#1940=DIRECTION('',(0.,0.,-1.));
#1941=DIRECTION('',(0.707106781186548,-0.707106781186548,0.));
#1942=DIRECTION('',(0.707106781186548,0.707106781186548,0.));
#1943=DIRECTION('',(0.707106781186548,0.707106781186548,0.));
#1944=DIRECTION('',(0.,0.,-1.));
#1945=DIRECTION('',(-1.,3.82835525732812E-16,0.));
#1946=DIRECTION('',(-3.82835525732812E-16,-1.,0.));
#1947=DIRECTION('',(0.,0.,-1.));
#1948=DIRECTION('',(-3.82835525732812E-16,-1.,0.));
#1949=DIRECTION('',(0.,-1.,0.));
#1950=DIRECTION('',(0.,0.,-1.));
#1951=DIRECTION('',(0.,0.,-1.));
#1952=DIRECTION('',(1.,0.,0.));
#1953=DIRECTION('',(-1.,3.82835525732812E-16,0.));
#1954=DIRECTION('',(-3.82835525732812E-16,-1.,0.));
#1955=DIRECTION('',(-3.82835525732812E-16,-1.,0.));
#1956=DIRECTION('',(0.,0.,1.));
#1957=DIRECTION('',(0.707106781186548,0.707106781186548,0.));
#1958=DIRECTION('',(-0.707106781186548,0.707106781186548,0.));
#1959=DIRECTION('',(-0.707106781186548,0.707106781186548,0.));
#1960=DIRECTION('',(0.,0.,-1.));
#1961=DIRECTION('',(-1.,3.82835525732812E-16,0.));
#1962=DIRECTION('',(-3.82835525732812E-16,-1.,0.));
#1963=DIRECTION('',(-3.82835525732812E-16,-1.,0.));
#1964=DIRECTION('',(0.,1.,0.));
#1965=DIRECTION('',(0.,0.,1.));
#1966=DIRECTION('',(0.,0.,-1.));
#1967=DIRECTION('',(0.,0.,-1.));
#1968=DIRECTION('',(1.,0.,0.));
#1969=DIRECTION('',(0.707106781186548,0.707106781186548,0.));
#1970=DIRECTION('',(-0.707106781186548,0.707106781186548,0.));
#1971=DIRECTION('',(0.707106781186548,-0.707106781186548,0.));
#1972=DIRECTION('',(0.,0.,-1.));
#1973=DIRECTION('',(1.,0.,0.));
#1974=DIRECTION('',(0.,0.,-1.));
#1975=DIRECTION('',(0.,0.,-1.));
#1976=DIRECTION('',(0.,-1.,0.));
#1977=DIRECTION('',(0.,1.,0.));
#1978=DIRECTION('',(0.,0.,1.));
#1979=DIRECTION('',(1.,0.,0.));
#1980=DIRECTION('',(0.,0.,-1.));
#1981=DIRECTION('',(1.,0.,0.));
#1982=DIRECTION('',(1.,-3.41607084500048E-16,0.));
#1983=DIRECTION('',(3.41607084500048E-16,1.,0.));
#1984=DIRECTION('',(0.,0.,1.));
#1985=DIRECTION('',(-3.41607084500048E-16,-1.,0.));
#1986=DIRECTION('',(-3.41607084500048E-16,-1.,0.));
#1987=DIRECTION('',(0.,0.,-1.));
#1988=DIRECTION('',(-3.41607084500048E-16,-1.,0.));
#1989=DIRECTION('',(0.,0.,-1.));
#1990=DIRECTION('',(0.,1.,0.));
#1991=DIRECTION('',(0.,0.,1.));
#1992=DIRECTION('',(1.,0.,0.));
#1993=DIRECTION('',(1.,0.,0.));
#1994=DIRECTION('',(0.,0.,-1.));
#1995=DIRECTION('',(-1.,0.,0.));
#1996=DIRECTION('',(0.,0.,1.));
#1997=DIRECTION('',(0.,1.,0.));
#1998=DIRECTION('',(0.,0.,-1.));
#1999=DIRECTION('',(-0.707106781186548,0.707106781186548,0.));
#2000=DIRECTION('',(-0.707106781186548,-0.707106781186548,0.));
#2001=DIRECTION('',(0.707106781186548,0.707106781186548,0.));
#2002=DIRECTION('',(0.,0.,-1.));
#2003=DIRECTION('',(0.,1.,0.));
#2004=DIRECTION('',(0.,0.,1.));
#2005=DIRECTION('',(1.,0.,0.));
#2006=DIRECTION('',(0.,0.,-1.));
#2007=DIRECTION('',(-1.,0.,0.));
#2008=DIRECTION('',(0.,0.,1.));
#2009=DIRECTION('',(0.,1.,0.));
#2010=DIRECTION('',(0.,0.,-1.));
#2011=DIRECTION('',(0.,1.,0.));
#2012=DIRECTION('',(0.,1.,0.));
#2013=DIRECTION('',(0.,0.,1.));
#2014=DIRECTION('',(1.38777878078145E-16,0.,-1.));
#2015=DIRECTION('',(1.,0.,0.));
#2016=DIRECTION('',(1.,0.,0.));
#2017=DIRECTION('',(-0.707106781186548,-0.707106781186548,0.));
#2018=DIRECTION('',(0.,0.,1.));
#2019=DIRECTION('',(0.,0.,-1.));
#2020=DIRECTION('',(0.707106781186548,-0.707106781186548,0.));
#2021=DIRECTION('',(0.,0.,1.));
#2022=DIRECTION('',(1.,0.,0.));
#2023=DIRECTION('',(-1.,0.,0.));
#2024=DIRECTION('',(0.,-1.,0.));
#2025=DIRECTION('',(1.,0.,0.));
#2026=DIRECTION('',(0.,0.,-1.));
#2027=DIRECTION('',(0.,0.,-1.));
#2028=DIRECTION('',(0.,-1.,0.));
#2029=DIRECTION('',(0.,0.,1.));
#2030=DIRECTION('',(1.,0.,0.));
#2031=DIRECTION('',(0.,-1.,0.));
#2032=DIRECTION('',(-1.,0.,0.));
#2033=DIRECTION('',(0.707106781186548,0.707106781186548,0.));
#2034=DIRECTION('',(0.707106781186548,-0.707106781186548,0.));
#2035=DIRECTION('',(0.,0.,-1.));
#2036=DIRECTION('',(0.,0.,1.));
#2037=DIRECTION('',(0.,-1.,0.));
#2038=DIRECTION('',(0.,0.,-1.));
#2039=DIRECTION('',(0.,0.,-1.));
#2040=DIRECTION('',(-1.,0.,0.));
#2041=DIRECTION('',(0.,0.,-1.));
#2042=DIRECTION('',(0.,0.,1.));
#2043=DIRECTION('',(1.,0.,0.));
#2044=DIRECTION('',(0.,-1.,0.));
#2045=DIRECTION('',(0.,-1.,0.));
#2046=DIRECTION('',(0.,-1.,0.));
#2047=DIRECTION('',(0.,0.,-1.));
#2048=DIRECTION('',(-1.38777878078145E-16,0.,1.));
#2049=DIRECTION('',(0.,0.,-1.));
#2050=DIRECTION('',(1.,0.,1.38777878078145E-16));
#2051=DIRECTION('',(1.38777878078145E-16,0.,-1.));
#2052=DIRECTION('',(0.,-1.,0.));
#2053=DIRECTION('',(0.,0.,-1.));
#2054=DIRECTION('',(-1.,0.,0.));
#2055=DIRECTION('',(0.,-1.,0.));
#2056=DIRECTION('',(-1.,0.,0.));
#2057=DIRECTION('',(0.,0.,1.));
#2058=DIRECTION('',(-1.,0.,0.));
#2059=DIRECTION('',(0.,0.,1.));
#2060=DIRECTION('',(0.,-1.,0.));
#2061=DIRECTION('',(-1.,0.,0.));
#2062=DIRECTION('',(0.,0.,1.));
#2063=DIRECTION('',(0.,-1.,0.));
#2064=DIRECTION('',(0.,0.,-1.));
#2065=DIRECTION('',(-1.,0.,0.));
#2066=DIRECTION('',(-1.,0.,0.));
#2067=DIRECTION('',(0.,0.,1.));
#2068=DIRECTION('',(-1.,0.,0.));
#2069=DIRECTION('',(0.,0.,1.));
#2070=DIRECTION('',(0.,0.,-1.));
#2071=DIRECTION('',(1.,0.,0.));
#2072=DIRECTION('',(0.,0.,-1.));
#2073=DIRECTION('',(1.,0.,0.));
#2074=DIRECTION('',(0.,-1.,0.));
#2075=DIRECTION('',(0.,0.,-1.));
#2076=DIRECTION('',(1.,0.,0.));
#2077=DIRECTION('',(0.,0.,1.));
#2078=DIRECTION('',(0.,-1.,0.));
#2079=DIRECTION('',(0.,0.,-1.));
#2080=DIRECTION('',(0.,0.,1.));
#2081=DIRECTION('',(1.,0.,0.));
#2082=DIRECTION('',(1.,0.,0.));
#2083=DIRECTION('',(0.,0.,-1.));
#2084=DIRECTION('',(0.,1.,0.));
#2085=DIRECTION('',(0.,0.,-1.));
#2086=DIRECTION('',(1.,0.,0.));
#2087=DIRECTION('',(0.,0.,-1.));
#2088=DIRECTION('',(1.,0.,0.));
#2089=CARTESIAN_POINT('',(0.,0.,0.));
#2090=CARTESIAN_POINT('',(-0.1675,-2.77555756156289E-17,0.005));
#2091=CARTESIAN_POINT('',(-0.1675,-2.77555756156289E-17,0.002));
#2092=CARTESIAN_POINT('',(-0.1675,0.145,0.002));
#2093=CARTESIAN_POINT('',(-0.1675,-0.145,0.002));
#2094=CARTESIAN_POINT('',(-0.1675,0.145,0.005));
#2095=CARTESIAN_POINT('',(-0.1675,0.145,0.015));
#2096=CARTESIAN_POINT('',(-0.1675,-2.77555756156289E-17,0.015));
#2097=CARTESIAN_POINT('',(-0.1675,0.005,0.015));
#2098=CARTESIAN_POINT('',(-0.1675,0.005,0.005));
#2099=CARTESIAN_POINT('',(-0.1675,0.005,0.005));
#2100=CARTESIAN_POINT('',(-0.1675,-2.77555756156289E-17,0.005));
#2101=CARTESIAN_POINT('',(-0.1675,-0.005,0.005));
#2102=CARTESIAN_POINT('',(-0.1675,-0.005,0.005));
#2103=CARTESIAN_POINT('',(-0.1675,-0.005,0.015));
#2104=CARTESIAN_POINT('',(-0.1675,-2.77555756156289E-17,0.015));
#2105=CARTESIAN_POINT('',(-0.1675,-0.145,0.015));
#2106=CARTESIAN_POINT('',(-0.1675,-0.145,0.005));
#2107=CARTESIAN_POINT('',(0.,0.145,0.005));
#2108=CARTESIAN_POINT('',(0.,0.145,0.002));
#2109=CARTESIAN_POINT('',(0.095,0.145,0.002));
#2110=CARTESIAN_POINT('',(0.095,0.145,0.005));
#2111=CARTESIAN_POINT('',(0.095,0.145,0.005));
#2112=CARTESIAN_POINT('',(0.,0.145,0.005));
#2113=CARTESIAN_POINT('',(0.09,0.145,0.005));
#2114=CARTESIAN_POINT('',(0.09,0.145,0.015));
#2115=CARTESIAN_POINT('',(0.09,0.145,0.015));
#2116=CARTESIAN_POINT('',(0.,0.145,0.015));
#2117=CARTESIAN_POINT('',(0.,-0.145,0.005));
#2118=CARTESIAN_POINT('',(0.,-0.145,0.002));
#2119=CARTESIAN_POINT('',(0.095,-0.145,0.002));
#2120=CARTESIAN_POINT('',(0.,-0.145,0.015));
#2121=CARTESIAN_POINT('',(0.09,-0.145,0.015));
#2122=CARTESIAN_POINT('',(0.09,-0.145,0.015));
#2123=CARTESIAN_POINT('',(0.09,-0.145,0.005));
#2124=CARTESIAN_POINT('',(0.,-0.145,0.005));
#2125=CARTESIAN_POINT('',(0.095,-0.145,0.005));
#2126=CARTESIAN_POINT('',(0.095,-0.145,0.005));
#2127=CARTESIAN_POINT('',(5.55111512312578E-17,0.1625,0.01));
#2128=CARTESIAN_POINT('',(0.095,0.1625,0.01));
#2129=CARTESIAN_POINT('',(0.095,0.16,0.0075));
#2130=CARTESIAN_POINT('',(0.095,0.1545,0.002));
#2131=CARTESIAN_POINT('',(5.55111512312578E-17,0.1545,0.002));
#2132=CARTESIAN_POINT('',(-0.175,0.1545,0.002));
#2133=CARTESIAN_POINT('',(-0.175,0.1525,0.));
#2134=CARTESIAN_POINT('',(-0.175,0.1625,0.01));
#2135=CARTESIAN_POINT('',(5.55111512312578E-17,0.1625,0.01));
#2136=CARTESIAN_POINT('',(0.095,0.1625,0.01));
#2137=CARTESIAN_POINT('',(5.55111512312578E-17,0.1625,0.01));
#2138=CARTESIAN_POINT('',(0.105,0.1625,0.01));
#2139=CARTESIAN_POINT('',(0.105,0.1625,0.01));
#2140=CARTESIAN_POINT('',(0.105,0.16,0.0075));
#2141=CARTESIAN_POINT('',(5.55111512312578E-17,0.16,0.0075));
#2142=CARTESIAN_POINT('',(0.,-0.1525,0.));
#2143=CARTESIAN_POINT('',(-0.175,-0.1575,0.005));
#2144=CARTESIAN_POINT('',(-0.175,-0.1545,0.002));
#2145=CARTESIAN_POINT('',(-0.175,-0.1625,0.01));
#2146=CARTESIAN_POINT('',(0.,-0.1545,0.002));
#2147=CARTESIAN_POINT('',(0.095,-0.1545,0.002));
#2148=CARTESIAN_POINT('',(0.095,-0.1525,0.));
#2149=CARTESIAN_POINT('',(0.095,-0.16,0.0075));
#2150=CARTESIAN_POINT('',(0.,-0.16,0.0075));
#2151=CARTESIAN_POINT('',(0.105,-0.16,0.0075));
#2152=CARTESIAN_POINT('',(0.105,-0.1525,0.));
#2153=CARTESIAN_POINT('',(0.105,-0.1625,0.01));
#2154=CARTESIAN_POINT('',(0.185,-0.1625,0.01));
#2155=CARTESIAN_POINT('',(0.095,-0.1625,0.01));
#2156=CARTESIAN_POINT('',(0.185,-0.1625,0.01));
#2157=CARTESIAN_POINT('',(-0.185,0.,0.01));
#2158=CARTESIAN_POINT('',(-0.175,0.1525,-1.83995210002005E-18));
#2159=CARTESIAN_POINT('',(-0.185,0.1525,0.01));
#2160=CARTESIAN_POINT('',(-0.177,0.1525,0.002));
#2161=CARTESIAN_POINT('',(-0.177,-2.73285667600039E-18,0.002));
#2162=CARTESIAN_POINT('',(-0.177,0.145,0.002));
#2163=CARTESIAN_POINT('',(-0.185,0.145,0.01));
#2164=CARTESIAN_POINT('',(-0.1775,0.145,0.0025));
#2165=CARTESIAN_POINT('',(-0.1775,-3.18047975224183E-18,0.0025));
#2166=CARTESIAN_POINT('',(-0.1775,-0.145,0.0025));
#2167=CARTESIAN_POINT('',(-0.185,-0.145,0.010000000000001));
#2168=CARTESIAN_POINT('',(-0.177,-0.145,0.002));
#2169=CARTESIAN_POINT('',(-0.177,-2.73285667600039E-18,0.002));
#2170=CARTESIAN_POINT('',(-0.177,-0.1525,0.002));
#2171=CARTESIAN_POINT('',(-0.185,-0.1525,0.01));
#2172=CARTESIAN_POINT('',(-0.185,-0.1525,0.01));
#2173=CARTESIAN_POINT('',(-0.185,0.,0.01));
#2174=CARTESIAN_POINT('',(-0.185,-0.1525,0.01));
#2175=CARTESIAN_POINT('',(-0.181,-0.1485,0.002));
#2176=CARTESIAN_POINT('',(-0.185,-0.1525,0.01));
#2177=CARTESIAN_POINT('',(-0.1765,-0.145,0.317));
#2178=CARTESIAN_POINT('',(-0.1765,-0.145,0.002));
#2179=CARTESIAN_POINT('',(-0.1755,-0.145,0.002));
#2180=CARTESIAN_POINT('',(-0.1775,-0.145,0.317));
#2181=CARTESIAN_POINT('',(-0.1775,-0.145,0.02));
#2182=CARTESIAN_POINT('',(-2.01227923213315E-15,-0.145000000000002,0.02));
#2183=CARTESIAN_POINT('',(-0.1755,-0.145,0.02));
#2184=CARTESIAN_POINT('',(-0.1755,-0.145,0.317));
#2185=CARTESIAN_POINT('',(-0.1755,-1.11022302462516E-16,0.317));
#2186=CARTESIAN_POINT('',(-0.1755,0.145,0.317));
#2187=CARTESIAN_POINT('',(-0.1755,0.145,0.02));
#2188=CARTESIAN_POINT('',(-0.1755,0.145,0.002));
#2189=CARTESIAN_POINT('',(-0.1755,-1.11022302462516E-16,0.002));
#2190=CARTESIAN_POINT('',(-0.1755,6.71876347661086E-17,0.02));
#2191=CARTESIAN_POINT('',(-0.1765,0.145,0.317));
#2192=CARTESIAN_POINT('',(-0.1765,0.145,0.002));
#2193=CARTESIAN_POINT('',(0.,0.145,0.02));
#2194=CARTESIAN_POINT('',(-0.1775,0.145,0.02));
#2195=CARTESIAN_POINT('',(-0.1775,0.145,0.317));
#2196=CARTESIAN_POINT('',(-0.175,0.1525,0.));
#2197=CARTESIAN_POINT('',(-0.176,0.1535,0.002));
#2198=CARTESIAN_POINT('',(-0.18,0.1575,0.01));
#2199=CARTESIAN_POINT('',(0.095,-0.157575761973857,0.0075));
#2200=CARTESIAN_POINT('',(0.095,-0.157575761973857,0.002));
#2201=CARTESIAN_POINT('',(0.095,-0.157575761973857,0.0075));
#2202=CARTESIAN_POINT('',(0.095,0.125,0.0075));
#2203=CARTESIAN_POINT('',(0.095,0.125,0.03));
#2204=CARTESIAN_POINT('',(0.095,0.125,0.005));
#2205=CARTESIAN_POINT('',(0.095,0.,0.005));
#2206=CARTESIAN_POINT('',(0.095,-0.157575761973857,0.0075));
#2207=CARTESIAN_POINT('',(0.095,-0.157575761973857,0.002));
#2208=CARTESIAN_POINT('',(0.095,0.,0.005));
#2209=CARTESIAN_POINT('',(0.095,-0.125,0.005));
#2210=CARTESIAN_POINT('',(0.095,-0.125,0.03));
#2211=CARTESIAN_POINT('',(0.095,-0.125,0.0075));
#2212=CARTESIAN_POINT('',(0.095,-0.157575761973857,0.0075));
#2213=CARTESIAN_POINT('',(-0.03125,0.,0.015));
#2214=CARTESIAN_POINT('',(-0.166,-0.005,0.015));
#2215=CARTESIAN_POINT('',(-0.1645,-0.005,0.015));
#2216=CARTESIAN_POINT('',(-0.1645,-3.29597460435593E-17,0.015));
#2217=CARTESIAN_POINT('',(-0.1645,0.005,0.015));
#2218=CARTESIAN_POINT('',(-0.166,0.005,0.015));
#2219=CARTESIAN_POINT('',(0.09,-2.77555756156289E-17,0.015));
#2220=CARTESIAN_POINT('',(0.09,0.125,0.015));
#2221=CARTESIAN_POINT('',(0.,0.125,0.015));
#2222=CARTESIAN_POINT('',(-0.1475,0.125,0.015));
#2223=CARTESIAN_POINT('',(-0.1475,0.,0.015));
#2224=CARTESIAN_POINT('',(-0.1475,-0.125,0.015));
#2225=CARTESIAN_POINT('',(0.,-0.125,0.015));
#2226=CARTESIAN_POINT('',(0.09,-0.125,0.015));
#2227=CARTESIAN_POINT('',(0.09,-2.77555756156289E-17,0.015));
#2228=CARTESIAN_POINT('',(0.,0.,0.005));
#2229=CARTESIAN_POINT('',(0.,-0.125,0.005));
#2230=CARTESIAN_POINT('',(0.09,-0.125,0.005));
#2231=CARTESIAN_POINT('',(0.09,-2.77555756156289E-17,0.005));
#2232=CARTESIAN_POINT('',(0.,0.,0.005));
#2233=CARTESIAN_POINT('',(0.,0.125,0.005));
#2234=CARTESIAN_POINT('',(0.09,0.125,0.005));
#2235=CARTESIAN_POINT('',(0.09,-2.77555756156289E-17,0.005));
#2236=CARTESIAN_POINT('',(0.,0.125,0.03));
#2237=CARTESIAN_POINT('',(0.,0.125,0.0075));
#2238=CARTESIAN_POINT('',(0.105,0.125,0.0075));
#2239=CARTESIAN_POINT('',(0.105,0.125,0.03));
#2240=CARTESIAN_POINT('',(0.105,0.125,0.01));
#2241=CARTESIAN_POINT('',(0.,0.125,0.01));
#2242=CARTESIAN_POINT('',(0.095,0.125,0.01));
#2243=CARTESIAN_POINT('',(0.095,0.125,0.03));
#2244=CARTESIAN_POINT('',(0.095,0.125,0.015));
#2245=CARTESIAN_POINT('',(0.095,0.125,0.03));
#2246=CARTESIAN_POINT('',(0.095,0.125,0.02));
#2247=CARTESIAN_POINT('',(0.,0.125,0.02));
#2248=CARTESIAN_POINT('',(-0.1475,0.125,0.02));
#2249=CARTESIAN_POINT('',(-0.1475,0.125,0.03));
#2250=CARTESIAN_POINT('',(0.09,0.125,0.03));
#2251=CARTESIAN_POINT('',(0.,-0.125,0.03));
#2252=CARTESIAN_POINT('',(0.09,-0.125,0.03));
#2253=CARTESIAN_POINT('',(-0.1475,-0.125,0.03));
#2254=CARTESIAN_POINT('',(-0.1475,-0.125,0.02));
#2255=CARTESIAN_POINT('',(0.,-0.125,0.02));
#2256=CARTESIAN_POINT('',(0.095,-0.125,0.02));
#2257=CARTESIAN_POINT('',(0.095,-0.125,0.03));
#2258=CARTESIAN_POINT('',(0.095,-0.125,0.015));
#2259=CARTESIAN_POINT('',(0.095,-0.125,0.03));
#2260=CARTESIAN_POINT('',(0.095,-0.125,0.01));
#2261=CARTESIAN_POINT('',(0.,-0.125,0.01));
#2262=CARTESIAN_POINT('',(0.105,-0.125,0.01));
#2263=CARTESIAN_POINT('',(0.105,-0.125,0.03));
#2264=CARTESIAN_POINT('',(0.105,-0.125,0.0075));
#2265=CARTESIAN_POINT('',(0.,-0.125,0.0075));
#2266=CARTESIAN_POINT('',(0.105,9.8375,0.005));
#2267=CARTESIAN_POINT('',(0.105,-0.157575761973857,0.0075));
#2268=CARTESIAN_POINT('',(0.105,9.8375,0.01));
#2269=CARTESIAN_POINT('',(0.105,9.8375,0.005));
#2270=CARTESIAN_POINT('',(0.105,-0.157575761973857,0.0075));
#2271=CARTESIAN_POINT('',(0.105,9.8375,0.01));
#2272=CARTESIAN_POINT('',(0.1,-0.1525,-0.005));
#2273=CARTESIAN_POINT('',(0.1,-0.1525,0.01));
#2274=CARTESIAN_POINT('',(0.0975,-0.1525,0.01));
#2275=CARTESIAN_POINT('',(0.1,-0.1525,0.0075));
#2276=CARTESIAN_POINT('',(0.0975,-0.1525,0.0075));
#2277=CARTESIAN_POINT('',(0.1,-0.1425,-0.005));
#2278=CARTESIAN_POINT('',(0.1,-0.1425,0.01));
#2279=CARTESIAN_POINT('',(0.0975,-0.1425,0.01));
#2280=CARTESIAN_POINT('',(0.1,-0.1425,0.0075));
#2281=CARTESIAN_POINT('',(0.0975,-0.1425,0.0075));
#2282=CARTESIAN_POINT('',(0.1,-0.1325,-0.005));
#2283=CARTESIAN_POINT('',(0.1,-0.1325,0.01));
#2284=CARTESIAN_POINT('',(0.0975,-0.1325,0.01));
#2285=CARTESIAN_POINT('',(0.1,-0.1325,0.0075));
#2286=CARTESIAN_POINT('',(0.0975,-0.1325,0.0075));
#2287=CARTESIAN_POINT('',(0.1,0.1425,-0.005));
#2288=CARTESIAN_POINT('',(0.1,0.1425,0.01));
#2289=CARTESIAN_POINT('',(0.0975,0.1425,0.01));
#2290=CARTESIAN_POINT('',(0.1,0.1425,0.0075));
#2291=CARTESIAN_POINT('',(0.0975,0.1425,0.0075));
#2292=CARTESIAN_POINT('',(0.1,0.1325,-0.005));
#2293=CARTESIAN_POINT('',(0.1,0.1325,0.01));
#2294=CARTESIAN_POINT('',(0.0975,0.1325,0.01));
#2295=CARTESIAN_POINT('',(0.1,0.1325,0.0075));
#2296=CARTESIAN_POINT('',(0.0975,0.1325,0.0075));
#2297=CARTESIAN_POINT('',(0.1,0.1525,-0.005));
#2298=CARTESIAN_POINT('',(0.1,0.1525,0.01));
#2299=CARTESIAN_POINT('',(0.0975,0.1525,0.01));
#2300=CARTESIAN_POINT('',(0.1,0.1525,0.0075));
#2301=CARTESIAN_POINT('',(0.0975,0.1525,0.0075));
#2302=CARTESIAN_POINT('',(-0.1475,0.,0.03));
#2303=CARTESIAN_POINT('',(-0.1475,0.,0.02));
#2304=CARTESIAN_POINT('',(-0.169393398282202,0.146893398282202,0.218));
#2305=CARTESIAN_POINT('',(-0.172928932188134,0.150428932188134,0.218));
#2306=CARTESIAN_POINT('',(-0.170428932188134,0.150428932188134,0.218));
#2307=CARTESIAN_POINT('',(-0.1755,0.146893398282202,0.218));
#2308=CARTESIAN_POINT('',(-0.1755,0.145,0.218));
#2309=CARTESIAN_POINT('',(-0.1755,0.140786796564404,0.218));
#2310=CARTESIAN_POINT('',(-0.169393398282202,0.145,0.218));
#2311=CARTESIAN_POINT('',(-0.1775,0.145,0.218));
#2312=CARTESIAN_POINT('',(-0.1775,0.146893398282202,0.218));
#2313=CARTESIAN_POINT('',(-0.1775,0.139443650813896,0.218));
#2314=CARTESIAN_POINT('',(-0.177171572875254,0.13911522368915,0.218));
#2315=CARTESIAN_POINT('',(-0.180556349186104,0.1425,0.218));
#2316=CARTESIAN_POINT('',(-0.1825,0.1425,0.218));
#2317=CARTESIAN_POINT('',(-0.18,0.1425,0.218));
#2318=CARTESIAN_POINT('',(-0.18,0.146464466094067,0.218));
#2319=CARTESIAN_POINT('',(-0.18,0.150428932188134,0.218));
#2320=CARTESIAN_POINT('',(-0.176464466094067,0.153964466094067,0.218));
#2321=CARTESIAN_POINT('',(-0.172928932188134,0.1575,0.218));
#2322=CARTESIAN_POINT('',(-0.168964466094068,0.1575,0.218));
#2323=CARTESIAN_POINT('',(-0.165,0.1575,0.218));
#2324=CARTESIAN_POINT('',(-0.165,0.15875,0.218));
#2325=CARTESIAN_POINT('',(-0.165,0.158056349186104,0.218));
#2326=CARTESIAN_POINT('',(-0.16161522368915,0.154671572875254,0.218));
#2327=CARTESIAN_POINT('',(-0.16161522368915,0.154671572875254,0.218));
#2328=CARTESIAN_POINT('',(-0.169393398282202,0.146893398282202,0.218));
#2329=CARTESIAN_POINT('',(-0.177171572875254,-0.13911522368915,0.219));
#2330=CARTESIAN_POINT('',(-0.1775,-0.139443650813896,0.219));
#2331=CARTESIAN_POINT('',(-0.1775,-0.139443650813896,0.218));
#2332=CARTESIAN_POINT('',(-0.1775,-0.139443650813896,0.22));
#2333=CARTESIAN_POINT('',(-0.177171572875254,-0.13911522368915,0.218));
#2334=CARTESIAN_POINT('',(-0.180556349186104,-0.1425,0.218));
#2335=CARTESIAN_POINT('',(-0.180556349186104,-0.1425,0.22));
#2336=CARTESIAN_POINT('',(-0.180556349186104,-0.1425,0.22));
#2337=CARTESIAN_POINT('',(-0.177171572875254,-0.13911522368915,0.22));
#2338=CARTESIAN_POINT('',(-0.1775,1.11022302462516E-16,0.317));
#2339=CARTESIAN_POINT('',(-0.1775,9.57088814332032E-17,0.22));
#2340=CARTESIAN_POINT('',(-0.1775,-0.145,0.22));
#2341=CARTESIAN_POINT('',(-0.1775,-0.145,0.317));
#2342=CARTESIAN_POINT('',(-0.1775,-0.145,0.218));
#2343=CARTESIAN_POINT('',(-0.1775,-0.146893398282202,0.218));
#2344=CARTESIAN_POINT('',(-0.1765,-0.145,0.317));
#2345=CARTESIAN_POINT('',(-1.98452365651753E-15,-0.145000000000002,0.22));
#2346=CARTESIAN_POINT('',(-0.1755,-0.145,0.22));
#2347=CARTESIAN_POINT('',(-0.1755,-0.145,0.317));
#2348=CARTESIAN_POINT('',(-0.1755,-0.145,0.218));
#2349=CARTESIAN_POINT('',(-0.169393398282202,-0.145,0.218));
#2350=CARTESIAN_POINT('',(-0.1755,-1.11022302462516E-16,0.317));
#2351=CARTESIAN_POINT('',(-0.1755,-0.140786796564404,0.12));
#2352=CARTESIAN_POINT('',(-0.1755,-0.140786796564404,0.218));
#2353=CARTESIAN_POINT('',(-0.1755,-0.140786796564404,0.22));
#2354=CARTESIAN_POINT('',(-0.1755,-0.146893398282202,0.218));
#2355=CARTESIAN_POINT('',(-0.1755,9.49432103817375E-17,0.22));
#2356=CARTESIAN_POINT('',(-0.169393398282202,-0.146893398282202,0.12));
#2357=CARTESIAN_POINT('',(-0.169393398282202,-0.146893398282202,0.218));
#2358=CARTESIAN_POINT('',(-0.16161522368915,-0.154671572875254,0.218));
#2359=CARTESIAN_POINT('',(-0.169393398282202,-0.146893398282202,0.22));
#2360=CARTESIAN_POINT('',(-0.16161522368915,-0.154671572875254,0.22));
#2361=CARTESIAN_POINT('',(-0.16161522368915,-0.154671572875254,0.219));
#2362=CARTESIAN_POINT('',(-0.172928932188134,-0.150428932188134,0.195));
#2363=CARTESIAN_POINT('',(-0.172928932188134,-0.150428932188134,0.22));
#2364=CARTESIAN_POINT('',(-0.170428932188134,-0.150428932188134,0.22));
#2365=CARTESIAN_POINT('',(-0.172928932188134,-0.150428932188134,0.218));
#2366=CARTESIAN_POINT('',(-0.170428932188134,-0.150428932188134,0.218));
#2367=CARTESIAN_POINT('',(-0.16161522368915,-0.154671572875254,0.219));
#2368=CARTESIAN_POINT('',(-0.165,-0.158056349186104,0.22));
#2369=CARTESIAN_POINT('',(-0.165,-0.158056349186104,0.218));
#2370=CARTESIAN_POINT('',(-0.165,-0.158056349186104,0.22));
#2371=CARTESIAN_POINT('',(-0.16161522368915,-0.154671572875254,0.218));
#2372=CARTESIAN_POINT('',(-0.16161522368915,-0.154671572875254,0.22));
#2373=CARTESIAN_POINT('',(-0.169393398282202,-0.146893398282202,0.218));
#2374=CARTESIAN_POINT('',(-0.165,-0.16,0.218));
#2375=CARTESIAN_POINT('',(-0.165,-0.1575,0.218));
#2376=CARTESIAN_POINT('',(-0.168964466094068,-0.1575,0.218));
#2377=CARTESIAN_POINT('',(-0.172928932188134,-0.1575,0.218));
#2378=CARTESIAN_POINT('',(-0.176464466094067,-0.153964466094067,0.218));
#2379=CARTESIAN_POINT('',(-0.18,-0.150428932188134,0.218));
#2380=CARTESIAN_POINT('',(-0.18,-0.146464466094067,0.218));
#2381=CARTESIAN_POINT('',(-0.18,-0.1425,0.218));
#2382=CARTESIAN_POINT('',(-0.1825,-0.1425,0.218));
#2383=CARTESIAN_POINT('',(-0.172928932188134,0.150428932188134,0.195));
#2384=CARTESIAN_POINT('',(-0.172928932188134,0.150428932188134,0.22));
#2385=CARTESIAN_POINT('',(-0.170428932188134,0.150428932188134,0.22));
#2386=CARTESIAN_POINT('',(-0.16161522368915,0.154671572875254,0.219));
#2387=CARTESIAN_POINT('',(-0.165,0.158056349186104,0.22));
#2388=CARTESIAN_POINT('',(-0.165,0.158056349186104,0.22));
#2389=CARTESIAN_POINT('',(-0.16161522368915,0.154671572875254,0.22));
#2390=CARTESIAN_POINT('',(-0.16161522368915,0.154671572875254,0.22));
#2391=CARTESIAN_POINT('',(-0.16161522368915,0.154671572875254,0.219));
#2392=CARTESIAN_POINT('',(-0.169393398282202,0.146893398282202,0.12));
#2393=CARTESIAN_POINT('',(-0.169393398282202,0.146893398282202,0.22));
#2394=CARTESIAN_POINT('',(-0.1755,0.140786796564404,0.22));
#2395=CARTESIAN_POINT('',(-0.1755,0.140786796564404,0.12));
#2396=CARTESIAN_POINT('',(-0.1755,-1.11022302462516E-16,0.317));
#2397=CARTESIAN_POINT('',(-0.1755,0.145,0.317));
#2398=CARTESIAN_POINT('',(-0.1755,0.145,0.22));
#2399=CARTESIAN_POINT('',(-0.1755,9.49432103817375E-17,0.22));
#2400=CARTESIAN_POINT('',(-0.1765,0.145,0.317));
#2401=CARTESIAN_POINT('',(-0.1775,0.145,0.317));
#2402=CARTESIAN_POINT('',(-0.1775,0.145,0.22));
#2403=CARTESIAN_POINT('',(2.77555756156289E-17,0.145,0.22));
#2404=CARTESIAN_POINT('',(-0.1775,1.11022302462516E-16,0.317));
#2405=CARTESIAN_POINT('',(-0.1775,9.57088814332032E-17,0.22));
#2406=CARTESIAN_POINT('',(-0.1775,0.139443650813896,0.22));
#2407=CARTESIAN_POINT('',(-0.1775,0.139443650813896,0.219));
#2408=CARTESIAN_POINT('',(-0.177171572875254,0.13911522368915,0.219));
#2409=CARTESIAN_POINT('',(-0.177171572875254,0.13911522368915,0.22));
#2410=CARTESIAN_POINT('',(-0.180556349186104,0.1425,0.22));
#2411=CARTESIAN_POINT('',(-0.180556349186104,0.1425,0.22));
#2412=CARTESIAN_POINT('',(-0.1775,1.11022302462516E-16,0.317));
#2413=CARTESIAN_POINT('',(-0.1775,6.79533058175742E-17,0.02));
#2414=CARTESIAN_POINT('',(-0.168964466094068,-0.1575,0.22));
#2415=CARTESIAN_POINT('',(-0.172928932188134,-0.1575,0.22));
#2416=CARTESIAN_POINT('',(-0.172928932188134,-0.1575,0.02));
#2417=CARTESIAN_POINT('',(-0.165,-0.1575,0.22));
#2418=CARTESIAN_POINT('',(-0.165,-0.1575,0.02));
#2419=CARTESIAN_POINT('',(-0.168964466094068,-0.1575,0.02));
#2420=CARTESIAN_POINT('',(-0.176464466094067,-0.153964466094067,0.22));
#2421=CARTESIAN_POINT('',(-0.176464466094067,-0.153964466094067,0.02));
#2422=CARTESIAN_POINT('',(-0.18,-0.150428932188134,0.02));
#2423=CARTESIAN_POINT('',(-0.18,-0.150428932188134,0.22));
#2424=CARTESIAN_POINT('',(-0.18,-0.146464466094067,0.22));
#2425=CARTESIAN_POINT('',(-0.18,-0.1425,0.22));
#2426=CARTESIAN_POINT('',(-0.18,-0.1425,0.02));
#2427=CARTESIAN_POINT('',(-0.18,-0.146464466094067,0.02));
#2428=CARTESIAN_POINT('',(-0.1825,-0.1425,0.22));
#2429=CARTESIAN_POINT('',(-0.1825,-0.1425,0.02));
#2430=CARTESIAN_POINT('',(-0.185,-0.1425,0.02));
#2431=CARTESIAN_POINT('',(-0.185,-0.1425,0.22));
#2432=CARTESIAN_POINT('',(-0.185,-0.1425,0.22));
#2433=CARTESIAN_POINT('',(-0.1825,-0.1425,0.22));
#2434=CARTESIAN_POINT('',(-0.185,0.,0.02));
#2435=CARTESIAN_POINT('',(-0.185,-0.1525,0.02));
#2436=CARTESIAN_POINT('',(-0.185,-0.1525,0.22));
#2437=CARTESIAN_POINT('',(-0.185,0.,0.22));
#2438=CARTESIAN_POINT('',(-0.185,0.,0.02));
#2439=CARTESIAN_POINT('',(-0.185,0.1425,0.02));
#2440=CARTESIAN_POINT('',(-0.185,0.1425,0.22));
#2441=CARTESIAN_POINT('',(-0.185,0.1425,0.22));
#2442=CARTESIAN_POINT('',(-0.185,0.,0.22));
#2443=CARTESIAN_POINT('',(-0.185,0.1525,0.22));
#2444=CARTESIAN_POINT('',(-0.185,0.1525,0.02));
#2445=CARTESIAN_POINT('',(-0.1825,0.1425,0.22));
#2446=CARTESIAN_POINT('',(-0.1825,0.1425,0.22));
#2447=CARTESIAN_POINT('',(-0.1825,0.1425,0.02));
#2448=CARTESIAN_POINT('',(-0.18,0.1425,0.02));
#2449=CARTESIAN_POINT('',(-0.18,0.1425,0.22));
#2450=CARTESIAN_POINT('',(-0.18,0.146464466094067,0.22));
#2451=CARTESIAN_POINT('',(-0.18,0.146464466094067,0.02));
#2452=CARTESIAN_POINT('',(-0.18,0.150428932188134,0.02));
#2453=CARTESIAN_POINT('',(-0.18,0.150428932188134,0.22));
#2454=CARTESIAN_POINT('',(-0.176464466094067,0.153964466094067,0.22));
#2455=CARTESIAN_POINT('',(-0.176464466094067,0.153964466094067,0.02));
#2456=CARTESIAN_POINT('',(-0.172928932188134,0.1575,0.02));
#2457=CARTESIAN_POINT('',(-0.172928932188134,0.1575,0.22));
#2458=CARTESIAN_POINT('',(-0.168964466094068,0.1575,0.22));
#2459=CARTESIAN_POINT('',(-0.168964466094068,0.1575,0.02));
#2460=CARTESIAN_POINT('',(-0.165,0.1575,0.02));
#2461=CARTESIAN_POINT('',(-0.165,0.1575,0.22));
#2462=CARTESIAN_POINT('',(-0.165,0.15875,0.22));
#2463=CARTESIAN_POINT('',(-0.165,0.15875,0.02));
#2464=CARTESIAN_POINT('',(-0.165,0.16,0.02));
#2465=CARTESIAN_POINT('',(-0.165,0.16,0.22));
#2466=CARTESIAN_POINT('',(-0.165,0.16,0.22));
#2467=CARTESIAN_POINT('',(-0.165,0.15875,0.22));
#2468=CARTESIAN_POINT('',(0.0825,0.16,0.22));
#2469=CARTESIAN_POINT('',(0.095,0.16,0.22));
#2470=CARTESIAN_POINT('',(0.095,0.16,0.22));
#2471=CARTESIAN_POINT('',(0.095,0.16,0.02));
#2472=CARTESIAN_POINT('',(0.0825,0.16,0.22));
#2473=CARTESIAN_POINT('',(0.0825,0.16,0.02));
#2474=CARTESIAN_POINT('',(-0.175,-0.1625,0.02));
#2475=CARTESIAN_POINT('',(-0.175,-0.1625,0.));
#2476=CARTESIAN_POINT('',(-0.175,-0.1625,0.22));
#2477=CARTESIAN_POINT('',(-0.16875,-0.16875,0.22));
#2478=CARTESIAN_POINT('',(2.77555756156289E-17,2.77555756156289E-17,0.22));
#2479=CARTESIAN_POINT('',(-5.55111512312578E-17,-0.1625,0.22));
#2480=CARTESIAN_POINT('',(-0.165,-0.1625,0.22));
#2481=CARTESIAN_POINT('',(-0.165,-0.16,0.22));
#2482=CARTESIAN_POINT('',(-0.165,-0.16,0.22));
#2483=CARTESIAN_POINT('',(-0.165,-0.1625,0.22));
#2484=CARTESIAN_POINT('',(-0.165,-0.1625,0.02));
#2485=CARTESIAN_POINT('',(-0.165,-0.16,0.02));
#2486=CARTESIAN_POINT('',(2.77555756156289E-17,2.77555756156289E-17,0.22));
#2487=CARTESIAN_POINT('',(0.095,9.8375,0.22));
#2488=CARTESIAN_POINT('',(0.095,0.1625,0.22));
#2489=CARTESIAN_POINT('',(5.55111512312578E-17,0.1625,0.22));
#2490=CARTESIAN_POINT('',(-0.175,0.1625,0.22));
#2491=CARTESIAN_POINT('',(-0.16875,0.16875,0.22));
#2492=CARTESIAN_POINT('',(-0.185,0.1525,0.02));
#2493=CARTESIAN_POINT('',(-0.175,0.1625,0.02));
#2494=CARTESIAN_POINT('',(-5.55111512312578E-17,-0.1625,0.02));
#2495=CARTESIAN_POINT('',(0.095,-0.1625,0.0175));
#2496=CARTESIAN_POINT('',(0.095,-0.1625,0.02));
#2497=CARTESIAN_POINT('',(0.095,-0.1625,0.015));
#2498=CARTESIAN_POINT('',(-5.55111512312578E-17,-0.1625,0.02));
#2499=CARTESIAN_POINT('',(0.095,-0.1625,0.0125));
#2500=CARTESIAN_POINT('',(0.,0.,0.02));
#2501=CARTESIAN_POINT('',(0.095,9.8375,0.02));
#2502=CARTESIAN_POINT('',(0.095,9.8375,0.02));
#2503=CARTESIAN_POINT('',(5.55111512312578E-17,0.1625,0.02));
#2504=CARTESIAN_POINT('',(0.095,0.1625,0.02));
#2505=CARTESIAN_POINT('',(0.095,0.1625,0.015));
#2506=CARTESIAN_POINT('',(0.095,0.1625,0.02));
#2507=CARTESIAN_POINT('',(0.095,9.8375,0.12));
#2508=CARTESIAN_POINT('',(0.095,9.8375,0.015));
#2509=CARTESIAN_POINT('',(0.185,9.8375,0.01));
#2510=CARTESIAN_POINT('',(0.095,9.8375,0.01));
#2511=CARTESIAN_POINT('',(0.095,9.8375,0.0125));
#2512=CARTESIAN_POINT('',(0.095,9.8375,0.0175));
#2513=CARTESIAN_POINT('',(0.095,9.8375,0.015));
#2514=CARTESIAN_POINT('',(0.095,9.8375,0.0125));
#2515=CARTESIAN_POINT('',(0.095,9.8375,0.01));
#2516=CARTESIAN_POINT('',(0.185,9.8375,0.01));
#2517=CARTESIAN_POINT('',(0.09,-2.77555756156289E-17,0.015));
#2518=CARTESIAN_POINT('',(0.09,-2.77555756156289E-17,0.015));
#2519=CARTESIAN_POINT('',(-0.035,0.000147663056850433,0.0075));
#2520=CARTESIAN_POINT('',(-0.035,0.000147663056850433,0.0075));
#2521=CARTESIAN_POINT('',(-0.166,-0.005,0.005));
#2522=CARTESIAN_POINT('',(-0.166,-0.005,0.005));
#2523=CARTESIAN_POINT('',(-0.1645,-0.005,0.005));
#2524=CARTESIAN_POINT('',(-0.1645,-0.005,0.005));
#2525=CARTESIAN_POINT('',(-0.166,0.005,0.005));
#2526=CARTESIAN_POINT('',(-0.1645,0.005,0.005));
#2527=CARTESIAN_POINT('',(-0.1645,0.005,0.005));
#2528=CARTESIAN_POINT('',(-0.166,0.005,0.005));
#2529=CARTESIAN_POINT('',(-0.1645,-3.29597460435593E-17,0.005));
#2530=CARTESIAN_POINT('',(-0.1645,-3.29597460435593E-17,0.005));
#2531=CARTESIAN_POINT('',(-0.03875,0.,0.005));
#2532=CARTESIAN_POINT('',(-0.0451880544424057,0.00115393102169037,0.002));
#2533=MECHANICAL_DESIGN_GEOMETRIC_PRESENTATION_REPRESENTATION('',(#1592),
#2534);
#2534=(
GEOMETRIC_REPRESENTATION_CONTEXT(3)
GLOBAL_UNCERTAINTY_ASSIGNED_CONTEXT((#2535))
GLOBAL_UNIT_ASSIGNED_CONTEXT((#2538,#2537,#2536))
REPRESENTATION_CONTEXT('Part 1','TOP_LEVEL_ASSEMBLY_PART')
);
#2535=UNCERTAINTY_MEASURE_WITH_UNIT(LENGTH_MEASURE(1.E-8),#2538,
'DISTANCE_ACCURACY_VALUE','Maximum Tolerance applied to model');
#2536=(
NAMED_UNIT(*)
SI_UNIT($,.STERADIAN.)
SOLID_ANGLE_UNIT()
);
#2537=(
NAMED_UNIT(*)
PLANE_ANGLE_UNIT()
SI_UNIT($,.RADIAN.)
);
#2538=(
LENGTH_UNIT()
NAMED_UNIT(*)
SI_UNIT($,.METRE.)
);
#2539=PRODUCT_DEFINITION_SHAPE('','',#2540);
#2540=PRODUCT_DEFINITION('','',#2542,#2541);
#2541=PRODUCT_DEFINITION_CONTEXT('',#2548,'design');
#2542=PRODUCT_DEFINITION_FORMATION_WITH_SPECIFIED_SOURCE('','',#2544,
 .NOT_KNOWN.);
#2543=PRODUCT_RELATED_PRODUCT_CATEGORY('','',(#2544));
#2544=PRODUCT('Part 1','Part 1','Part 1',(#2546));
#2545=PRODUCT_CATEGORY('','');
#2546=PRODUCT_CONTEXT('',#2548,'mechanical');
#2547=APPLICATION_PROTOCOL_DEFINITION('international standard',
'ap242_managed_model_based_3d_engineering',2020,#2548);
#2548=APPLICATION_CONTEXT('managed model based 3d engineering');
ENDSEC;
END-ISO-10303-21;
