ISO-10303-21;
HEADER;
/* Generated by software containing ST-Developer
 * from STEP Tools, Inc. (www.steptools.com) 
 */
/* OPTION: using custom renumber hook */

FILE_DESCRIPTION(
/* description */ ('STEP AP242 Edition 2',
'CAx-IF Rec.Pracs.---Representation and Presentation of Product Manufa
cturing Information (PMI)---4.0---2014-10-13',
'CAx-IF Rec.Pracs.---3D Tessellated Geometry---0.4---2014-09-14','2;1',
'CAx-IF Rec.Pracs.---User Defined Attributes---1.5---2016-08-15'),
/* implementation_level */ '2;1');

FILE_NAME(
/* name */ 'New top plate',
/* time_stamp */ '2026-06-26T08:52:34Z',
/* author */ (''),
/* organization */ (''),
/* preprocessor_version */ 'ST-DEVELOPER v20',
/* originating_system */ 'ONSHAPE BY PTC INC, 1.216',
/* authorisation */ '  ');

FILE_SCHEMA (('AP242_MANAGED_MODEL_BASED_3D_ENGINEERING_MIM_LF { 1 0 10303 442 3 1 4 }'));
ENDSEC;

DATA;
#10=SHAPE_REPRESENTATION_RELATIONSHIP('','',#3234,#11);
#11=ADVANCED_BREP_SHAPE_REPRESENTATION('',(#3232),#5103);
#12=CYLINDRICAL_SURFACE('',#3296,0.0015);
#13=CYLINDRICAL_SURFACE('',#3297,0.0015);
#14=CYLINDRICAL_SURFACE('',#3298,0.0015);
#15=CYLINDRICAL_SURFACE('',#3299,0.0015);
#16=CYLINDRICAL_SURFACE('',#3300,0.0015);
#17=CYLINDRICAL_SURFACE('',#3317,0.0075);
#18=CYLINDRICAL_SURFACE('',#3318,0.01);
#19=CYLINDRICAL_SURFACE('',#3345,0.0015);
#20=CYLINDRICAL_SURFACE('',#3346,0.0015);
#21=CYLINDRICAL_SURFACE('',#3347,0.0015);
#22=CYLINDRICAL_SURFACE('',#3348,0.0015);
#23=CYLINDRICAL_SURFACE('',#3349,0.0015);
#24=CYLINDRICAL_SURFACE('',#3367,0.0075);
#25=CYLINDRICAL_SURFACE('',#3368,0.01);
#26=CYLINDRICAL_SURFACE('',#3370,0.0015);
#27=CYLINDRICAL_SURFACE('',#3371,0.0015);
#28=CYLINDRICAL_SURFACE('',#3372,0.0015);
#29=CYLINDRICAL_SURFACE('',#3373,0.0015);
#30=CYLINDRICAL_SURFACE('',#3374,0.004);
#31=CYLINDRICAL_SURFACE('',#3375,0.004);
#32=CYLINDRICAL_SURFACE('',#3380,0.004);
#33=CYLINDRICAL_SURFACE('',#3382,0.004);
#34=CYLINDRICAL_SURFACE('',#3388,0.0025);
#35=CYLINDRICAL_SURFACE('',#3393,0.006);
#36=CYLINDRICAL_SURFACE('',#3396,0.006);
#37=CYLINDRICAL_SURFACE('',#3399,0.0025);
#38=CYLINDRICAL_SURFACE('',#3419,0.0025);
#39=CYLINDRICAL_SURFACE('',#3420,0.0025);
#40=CYLINDRICAL_SURFACE('',#3421,0.0025);
#41=CIRCLE('',#3237,0.0025);
#42=CIRCLE('',#3238,0.0025);
#43=CIRCLE('',#3239,0.0025);
#44=CIRCLE('',#3240,0.0025);
#45=CIRCLE('',#3242,0.0025);
#46=CIRCLE('',#3243,0.0025);
#47=CIRCLE('',#3244,0.0025);
#48=CIRCLE('',#3245,0.0025);
#49=CIRCLE('',#3247,0.0025);
#50=CIRCLE('',#3249,0.004);
#51=CIRCLE('',#3250,0.004);
#52=CIRCLE('',#3252,0.006);
#53=CIRCLE('',#3253,0.006);
#54=CIRCLE('',#3255,0.004);
#55=CIRCLE('',#3256,0.004);
#56=CIRCLE('',#3257,0.0015);
#57=CIRCLE('',#3258,0.0015);
#58=CIRCLE('',#3259,0.0015);
#59=CIRCLE('',#3260,0.0015);
#60=CIRCLE('',#3262,0.0015);
#61=CIRCLE('',#3263,0.0015);
#62=CIRCLE('',#3264,0.004);
#63=CIRCLE('',#3265,0.004);
#64=CIRCLE('',#3266,0.0015);
#65=CIRCLE('',#3267,0.0015);
#66=CIRCLE('',#3269,0.0075);
#67=CIRCLE('',#3270,0.01);
#68=CIRCLE('',#3285,0.0015);
#69=CIRCLE('',#3286,0.0015);
#70=CIRCLE('',#3287,0.0015);
#71=CIRCLE('',#3288,0.0015);
#72=CIRCLE('',#3289,0.0015);
#73=CIRCLE('',#3291,0.0015);
#74=CIRCLE('',#3292,0.0015);
#75=CIRCLE('',#3293,0.0015);
#76=CIRCLE('',#3294,0.0015);
#77=CIRCLE('',#3295,0.0015);
#78=CIRCLE('',#3314,0.0075);
#79=CIRCLE('',#3315,0.01);
#80=CIRCLE('',#3320,0.0075);
#81=CIRCLE('',#3321,0.01);
#82=CIRCLE('',#3334,0.0015);
#83=CIRCLE('',#3335,0.0015);
#84=CIRCLE('',#3336,0.0015);
#85=CIRCLE('',#3337,0.0015);
#86=CIRCLE('',#3338,0.0015);
#87=CIRCLE('',#3340,0.0015);
#88=CIRCLE('',#3341,0.0015);
#89=CIRCLE('',#3342,0.0015);
#90=CIRCLE('',#3343,0.0015);
#91=CIRCLE('',#3344,0.0015);
#92=CIRCLE('',#3364,0.0075);
#93=CIRCLE('',#3365,0.01);
#94=CIRCLE('',#3381,0.004);
#95=CIRCLE('',#3383,0.004);
#96=CIRCLE('',#3389,0.0025);
#97=CIRCLE('',#3390,0.0025);
#98=CIRCLE('',#3394,0.006);
#99=CIRCLE('',#3397,0.006);
#100=ORIENTED_EDGE('',*,*,#970,.F.);
#101=ORIENTED_EDGE('',*,*,#971,.T.);
#102=ORIENTED_EDGE('',*,*,#972,.F.);
#103=ORIENTED_EDGE('',*,*,#973,.F.);
#104=ORIENTED_EDGE('',*,*,#974,.T.);
#105=ORIENTED_EDGE('',*,*,#975,.T.);
#106=ORIENTED_EDGE('',*,*,#976,.T.);
#107=ORIENTED_EDGE('',*,*,#977,.T.);
#108=ORIENTED_EDGE('',*,*,#978,.F.);
#109=ORIENTED_EDGE('',*,*,#979,.T.);
#110=ORIENTED_EDGE('',*,*,#980,.T.);
#111=ORIENTED_EDGE('',*,*,#981,.T.);
#112=ORIENTED_EDGE('',*,*,#982,.F.);
#113=ORIENTED_EDGE('',*,*,#983,.F.);
#114=ORIENTED_EDGE('',*,*,#984,.F.);
#115=ORIENTED_EDGE('',*,*,#985,.F.);
#116=ORIENTED_EDGE('',*,*,#986,.F.);
#117=ORIENTED_EDGE('',*,*,#987,.T.);
#118=ORIENTED_EDGE('',*,*,#988,.T.);
#119=ORIENTED_EDGE('',*,*,#989,.F.);
#120=ORIENTED_EDGE('',*,*,#990,.F.);
#121=ORIENTED_EDGE('',*,*,#991,.T.);
#122=ORIENTED_EDGE('',*,*,#992,.T.);
#123=ORIENTED_EDGE('',*,*,#993,.F.);
#124=ORIENTED_EDGE('',*,*,#994,.T.);
#125=ORIENTED_EDGE('',*,*,#995,.T.);
#126=ORIENTED_EDGE('',*,*,#996,.F.);
#127=ORIENTED_EDGE('',*,*,#997,.F.);
#128=ORIENTED_EDGE('',*,*,#998,.T.);
#129=ORIENTED_EDGE('',*,*,#999,.T.);
#130=ORIENTED_EDGE('',*,*,#1000,.F.);
#131=ORIENTED_EDGE('',*,*,#1001,.F.);
#132=ORIENTED_EDGE('',*,*,#1002,.T.);
#133=ORIENTED_EDGE('',*,*,#1003,.T.);
#134=ORIENTED_EDGE('',*,*,#1004,.F.);
#135=ORIENTED_EDGE('',*,*,#1005,.F.);
#136=ORIENTED_EDGE('',*,*,#1006,.T.);
#137=ORIENTED_EDGE('',*,*,#1007,.T.);
#138=ORIENTED_EDGE('',*,*,#1008,.F.);
#139=ORIENTED_EDGE('',*,*,#1009,.F.);
#140=ORIENTED_EDGE('',*,*,#1010,.T.);
#141=ORIENTED_EDGE('',*,*,#1011,.T.);
#142=ORIENTED_EDGE('',*,*,#1012,.F.);
#143=ORIENTED_EDGE('',*,*,#1013,.F.);
#144=ORIENTED_EDGE('',*,*,#1014,.T.);
#145=ORIENTED_EDGE('',*,*,#1015,.T.);
#146=ORIENTED_EDGE('',*,*,#1016,.F.);
#147=ORIENTED_EDGE('',*,*,#1017,.F.);
#148=ORIENTED_EDGE('',*,*,#1018,.T.);
#149=ORIENTED_EDGE('',*,*,#1019,.T.);
#150=ORIENTED_EDGE('',*,*,#1020,.F.);
#151=ORIENTED_EDGE('',*,*,#1021,.F.);
#152=ORIENTED_EDGE('',*,*,#1022,.F.);
#153=ORIENTED_EDGE('',*,*,#1023,.F.);
#154=ORIENTED_EDGE('',*,*,#1024,.F.);
#155=ORIENTED_EDGE('',*,*,#1025,.T.);
#156=ORIENTED_EDGE('',*,*,#1026,.T.);
#157=ORIENTED_EDGE('',*,*,#1027,.F.);
#158=ORIENTED_EDGE('',*,*,#1028,.F.);
#159=ORIENTED_EDGE('',*,*,#1029,.F.);
#160=ORIENTED_EDGE('',*,*,#1030,.T.);
#161=ORIENTED_EDGE('',*,*,#1031,.T.);
#162=ORIENTED_EDGE('',*,*,#1032,.F.);
#163=ORIENTED_EDGE('',*,*,#1033,.F.);
#164=ORIENTED_EDGE('',*,*,#1034,.F.);
#165=ORIENTED_EDGE('',*,*,#1035,.F.);
#166=ORIENTED_EDGE('',*,*,#1036,.T.);
#167=ORIENTED_EDGE('',*,*,#1037,.T.);
#168=ORIENTED_EDGE('',*,*,#1038,.F.);
#169=ORIENTED_EDGE('',*,*,#1039,.F.);
#170=ORIENTED_EDGE('',*,*,#1040,.T.);
#171=ORIENTED_EDGE('',*,*,#1041,.T.);
#172=ORIENTED_EDGE('',*,*,#1042,.T.);
#173=ORIENTED_EDGE('',*,*,#1043,.T.);
#174=ORIENTED_EDGE('',*,*,#1044,.F.);
#175=ORIENTED_EDGE('',*,*,#1045,.F.);
#176=ORIENTED_EDGE('',*,*,#1046,.F.);
#177=ORIENTED_EDGE('',*,*,#1047,.T.);
#178=ORIENTED_EDGE('',*,*,#1048,.T.);
#179=ORIENTED_EDGE('',*,*,#1049,.T.);
#180=ORIENTED_EDGE('',*,*,#1050,.F.);
#181=ORIENTED_EDGE('',*,*,#1051,.T.);
#182=ORIENTED_EDGE('',*,*,#1052,.T.);
#183=ORIENTED_EDGE('',*,*,#1053,.T.);
#184=ORIENTED_EDGE('',*,*,#1054,.F.);
#185=ORIENTED_EDGE('',*,*,#1055,.T.);
#186=ORIENTED_EDGE('',*,*,#1056,.T.);
#187=ORIENTED_EDGE('',*,*,#1057,.T.);
#188=ORIENTED_EDGE('',*,*,#1058,.F.);
#189=ORIENTED_EDGE('',*,*,#1059,.F.);
#190=ORIENTED_EDGE('',*,*,#1060,.T.);
#191=ORIENTED_EDGE('',*,*,#1061,.F.);
#192=ORIENTED_EDGE('',*,*,#1062,.F.);
#193=ORIENTED_EDGE('',*,*,#1063,.F.);
#194=ORIENTED_EDGE('',*,*,#1064,.F.);
#195=ORIENTED_EDGE('',*,*,#1065,.F.);
#196=ORIENTED_EDGE('',*,*,#1061,.T.);
#197=ORIENTED_EDGE('',*,*,#1066,.T.);
#198=ORIENTED_EDGE('',*,*,#1067,.F.);
#199=ORIENTED_EDGE('',*,*,#1068,.F.);
#200=ORIENTED_EDGE('',*,*,#1055,.F.);
#201=ORIENTED_EDGE('',*,*,#1069,.F.);
#202=ORIENTED_EDGE('',*,*,#1070,.T.);
#203=ORIENTED_EDGE('',*,*,#1071,.T.);
#204=ORIENTED_EDGE('',*,*,#1072,.F.);
#205=ORIENTED_EDGE('',*,*,#1073,.T.);
#206=ORIENTED_EDGE('',*,*,#1074,.T.);
#207=ORIENTED_EDGE('',*,*,#1075,.F.);
#208=ORIENTED_EDGE('',*,*,#1076,.F.);
#209=ORIENTED_EDGE('',*,*,#1077,.T.);
#210=ORIENTED_EDGE('',*,*,#1078,.T.);
#211=ORIENTED_EDGE('',*,*,#1079,.F.);
#212=ORIENTED_EDGE('',*,*,#1080,.F.);
#213=ORIENTED_EDGE('',*,*,#1081,.T.);
#214=ORIENTED_EDGE('',*,*,#1082,.T.);
#215=ORIENTED_EDGE('',*,*,#1083,.F.);
#216=ORIENTED_EDGE('',*,*,#1084,.F.);
#217=ORIENTED_EDGE('',*,*,#1085,.T.);
#218=ORIENTED_EDGE('',*,*,#1086,.T.);
#219=ORIENTED_EDGE('',*,*,#1087,.F.);
#220=ORIENTED_EDGE('',*,*,#1088,.F.);
#221=ORIENTED_EDGE('',*,*,#1089,.T.);
#222=ORIENTED_EDGE('',*,*,#1090,.T.);
#223=ORIENTED_EDGE('',*,*,#1091,.F.);
#224=ORIENTED_EDGE('',*,*,#1092,.F.);
#225=ORIENTED_EDGE('',*,*,#1093,.F.);
#226=ORIENTED_EDGE('',*,*,#973,.T.);
#227=ORIENTED_EDGE('',*,*,#1094,.F.);
#228=ORIENTED_EDGE('',*,*,#1095,.F.);
#229=ORIENTED_EDGE('',*,*,#1096,.T.);
#230=ORIENTED_EDGE('',*,*,#1097,.F.);
#231=ORIENTED_EDGE('',*,*,#1098,.T.);
#232=ORIENTED_EDGE('',*,*,#1099,.T.);
#233=ORIENTED_EDGE('',*,*,#1100,.F.);
#234=ORIENTED_EDGE('',*,*,#1101,.F.);
#235=ORIENTED_EDGE('',*,*,#1102,.F.);
#236=ORIENTED_EDGE('',*,*,#1103,.F.);
#237=ORIENTED_EDGE('',*,*,#1104,.F.);
#238=ORIENTED_EDGE('',*,*,#1105,.F.);
#239=ORIENTED_EDGE('',*,*,#1106,.F.);
#240=ORIENTED_EDGE('',*,*,#1107,.F.);
#241=ORIENTED_EDGE('',*,*,#1108,.T.);
#242=ORIENTED_EDGE('',*,*,#1109,.T.);
#243=ORIENTED_EDGE('',*,*,#1110,.F.);
#244=ORIENTED_EDGE('',*,*,#1111,.T.);
#245=ORIENTED_EDGE('',*,*,#1112,.T.);
#246=ORIENTED_EDGE('',*,*,#1113,.F.);
#247=ORIENTED_EDGE('',*,*,#1114,.F.);
#248=ORIENTED_EDGE('',*,*,#1115,.T.);
#249=ORIENTED_EDGE('',*,*,#1116,.T.);
#250=ORIENTED_EDGE('',*,*,#1117,.F.);
#251=ORIENTED_EDGE('',*,*,#1118,.F.);
#252=ORIENTED_EDGE('',*,*,#1119,.T.);
#253=ORIENTED_EDGE('',*,*,#1120,.T.);
#254=ORIENTED_EDGE('',*,*,#1121,.F.);
#255=ORIENTED_EDGE('',*,*,#1122,.F.);
#256=ORIENTED_EDGE('',*,*,#1123,.T.);
#257=ORIENTED_EDGE('',*,*,#1124,.T.);
#258=ORIENTED_EDGE('',*,*,#1125,.F.);
#259=ORIENTED_EDGE('',*,*,#1126,.F.);
#260=ORIENTED_EDGE('',*,*,#1127,.T.);
#261=ORIENTED_EDGE('',*,*,#1128,.T.);
#262=ORIENTED_EDGE('',*,*,#1129,.F.);
#263=ORIENTED_EDGE('',*,*,#1130,.F.);
#264=ORIENTED_EDGE('',*,*,#1131,.T.);
#265=ORIENTED_EDGE('',*,*,#1132,.T.);
#266=ORIENTED_EDGE('',*,*,#1133,.F.);
#267=ORIENTED_EDGE('',*,*,#1134,.F.);
#268=ORIENTED_EDGE('',*,*,#1049,.F.);
#269=ORIENTED_EDGE('',*,*,#1135,.F.);
#270=ORIENTED_EDGE('',*,*,#979,.F.);
#271=ORIENTED_EDGE('',*,*,#1136,.T.);
#272=ORIENTED_EDGE('',*,*,#1137,.T.);
#273=ORIENTED_EDGE('',*,*,#1138,.T.);
#274=ORIENTED_EDGE('',*,*,#971,.F.);
#275=ORIENTED_EDGE('',*,*,#1139,.T.);
#276=ORIENTED_EDGE('',*,*,#1057,.F.);
#277=ORIENTED_EDGE('',*,*,#1140,.F.);
#278=ORIENTED_EDGE('',*,*,#1141,.T.);
#279=ORIENTED_EDGE('',*,*,#1142,.T.);
#280=ORIENTED_EDGE('',*,*,#1053,.F.);
#281=ORIENTED_EDGE('',*,*,#1143,.F.);
#282=ORIENTED_EDGE('',*,*,#975,.F.);
#283=ORIENTED_EDGE('',*,*,#1144,.F.);
#284=ORIENTED_EDGE('',*,*,#1145,.T.);
#285=ORIENTED_EDGE('',*,*,#1146,.T.);
#286=ORIENTED_EDGE('',*,*,#1147,.T.);
#287=ORIENTED_EDGE('',*,*,#1148,.T.);
#288=ORIENTED_EDGE('',*,*,#1149,.F.);
#289=ORIENTED_EDGE('',*,*,#1150,.F.);
#290=ORIENTED_EDGE('',*,*,#1151,.T.);
#291=ORIENTED_EDGE('',*,*,#1152,.T.);
#292=ORIENTED_EDGE('',*,*,#1153,.T.);
#293=ORIENTED_EDGE('',*,*,#1154,.T.);
#294=ORIENTED_EDGE('',*,*,#1155,.F.);
#295=ORIENTED_EDGE('',*,*,#1060,.F.);
#296=ORIENTED_EDGE('',*,*,#1156,.T.);
#297=ORIENTED_EDGE('',*,*,#1157,.T.);
#298=ORIENTED_EDGE('',*,*,#1066,.F.);
#299=ORIENTED_EDGE('',*,*,#1158,.T.);
#300=ORIENTED_EDGE('',*,*,#1074,.F.);
#301=ORIENTED_EDGE('',*,*,#1159,.F.);
#302=ORIENTED_EDGE('',*,*,#1160,.T.);
#303=ORIENTED_EDGE('',*,*,#1161,.F.);
#304=ORIENTED_EDGE('',*,*,#1162,.T.);
#305=ORIENTED_EDGE('',*,*,#1163,.T.);
#306=ORIENTED_EDGE('',*,*,#1164,.F.);
#307=ORIENTED_EDGE('',*,*,#1086,.F.);
#308=ORIENTED_EDGE('',*,*,#1165,.F.);
#309=ORIENTED_EDGE('',*,*,#1166,.T.);
#310=ORIENTED_EDGE('',*,*,#1167,.T.);
#311=ORIENTED_EDGE('',*,*,#1168,.T.);
#312=ORIENTED_EDGE('',*,*,#1169,.T.);
#313=ORIENTED_EDGE('',*,*,#1170,.F.);
#314=ORIENTED_EDGE('',*,*,#1171,.F.);
#315=ORIENTED_EDGE('',*,*,#1172,.F.);
#316=ORIENTED_EDGE('',*,*,#1173,.T.);
#317=ORIENTED_EDGE('',*,*,#1174,.T.);
#318=ORIENTED_EDGE('',*,*,#1175,.F.);
#319=ORIENTED_EDGE('',*,*,#1176,.F.);
#320=ORIENTED_EDGE('',*,*,#1177,.T.);
#321=ORIENTED_EDGE('',*,*,#1072,.T.);
#322=ORIENTED_EDGE('',*,*,#1178,.F.);
#323=ORIENTED_EDGE('',*,*,#1179,.T.);
#324=ORIENTED_EDGE('',*,*,#1180,.T.);
#325=ORIENTED_EDGE('',*,*,#1181,.F.);
#326=ORIENTED_EDGE('',*,*,#1182,.T.);
#327=ORIENTED_EDGE('',*,*,#1076,.T.);
#328=ORIENTED_EDGE('',*,*,#1183,.F.);
#329=ORIENTED_EDGE('',*,*,#1184,.F.);
#330=ORIENTED_EDGE('',*,*,#1185,.F.);
#331=ORIENTED_EDGE('',*,*,#1186,.F.);
#332=ORIENTED_EDGE('',*,*,#1187,.F.);
#333=ORIENTED_EDGE('',*,*,#1188,.T.);
#334=ORIENTED_EDGE('',*,*,#1189,.T.);
#335=ORIENTED_EDGE('',*,*,#1190,.T.);
#336=ORIENTED_EDGE('',*,*,#1078,.F.);
#337=ORIENTED_EDGE('',*,*,#1191,.F.);
#338=ORIENTED_EDGE('',*,*,#1192,.T.);
#339=ORIENTED_EDGE('',*,*,#1193,.F.);
#340=ORIENTED_EDGE('',*,*,#1194,.F.);
#341=ORIENTED_EDGE('',*,*,#1195,.T.);
#342=ORIENTED_EDGE('',*,*,#1196,.T.);
#343=ORIENTED_EDGE('',*,*,#1197,.T.);
#344=ORIENTED_EDGE('',*,*,#1081,.F.);
#345=ORIENTED_EDGE('',*,*,#1198,.F.);
#346=ORIENTED_EDGE('',*,*,#1199,.T.);
#347=ORIENTED_EDGE('',*,*,#1200,.T.);
#348=ORIENTED_EDGE('',*,*,#1201,.T.);
#349=ORIENTED_EDGE('',*,*,#1202,.F.);
#350=ORIENTED_EDGE('',*,*,#1203,.T.);
#351=ORIENTED_EDGE('',*,*,#1083,.T.);
#352=ORIENTED_EDGE('',*,*,#1204,.F.);
#353=ORIENTED_EDGE('',*,*,#1205,.F.);
#354=ORIENTED_EDGE('',*,*,#1206,.F.);
#355=ORIENTED_EDGE('',*,*,#1207,.T.);
#356=ORIENTED_EDGE('',*,*,#1208,.T.);
#357=ORIENTED_EDGE('',*,*,#1209,.F.);
#358=ORIENTED_EDGE('',*,*,#1210,.T.);
#359=ORIENTED_EDGE('',*,*,#1084,.T.);
#360=ORIENTED_EDGE('',*,*,#1211,.F.);
#361=ORIENTED_EDGE('',*,*,#1212,.F.);
#362=ORIENTED_EDGE('',*,*,#1213,.F.);
#363=ORIENTED_EDGE('',*,*,#1054,.T.);
#364=ORIENTED_EDGE('',*,*,#1142,.F.);
#365=ORIENTED_EDGE('',*,*,#1214,.T.);
#366=ORIENTED_EDGE('',*,*,#1111,.F.);
#367=ORIENTED_EDGE('',*,*,#1215,.T.);
#368=ORIENTED_EDGE('',*,*,#1144,.T.);
#369=ORIENTED_EDGE('',*,*,#974,.F.);
#370=ORIENTED_EDGE('',*,*,#1096,.F.);
#371=ORIENTED_EDGE('',*,*,#1216,.F.);
#372=ORIENTED_EDGE('',*,*,#1069,.T.);
#373=ORIENTED_EDGE('',*,*,#1056,.F.);
#374=ORIENTED_EDGE('',*,*,#1071,.F.);
#375=ORIENTED_EDGE('',*,*,#1217,.T.);
#376=ORIENTED_EDGE('',*,*,#1094,.T.);
#377=ORIENTED_EDGE('',*,*,#972,.T.);
#378=ORIENTED_EDGE('',*,*,#1146,.F.);
#379=ORIENTED_EDGE('',*,*,#1218,.F.);
#380=ORIENTED_EDGE('',*,*,#1113,.T.);
#381=ORIENTED_EDGE('',*,*,#1219,.F.);
#382=ORIENTED_EDGE('',*,*,#1140,.T.);
#383=ORIENTED_EDGE('',*,*,#1216,.T.);
#384=ORIENTED_EDGE('',*,*,#1095,.T.);
#385=ORIENTED_EDGE('',*,*,#1217,.F.);
#386=ORIENTED_EDGE('',*,*,#1070,.F.);
#387=ORIENTED_EDGE('',*,*,#1210,.F.);
#388=ORIENTED_EDGE('',*,*,#1220,.T.);
#389=ORIENTED_EDGE('',*,*,#1198,.T.);
#390=ORIENTED_EDGE('',*,*,#1080,.T.);
#391=ORIENTED_EDGE('',*,*,#1203,.F.);
#392=ORIENTED_EDGE('',*,*,#1221,.T.);
#393=ORIENTED_EDGE('',*,*,#1191,.T.);
#394=ORIENTED_EDGE('',*,*,#1077,.F.);
#395=ORIENTED_EDGE('',*,*,#1182,.F.);
#396=ORIENTED_EDGE('',*,*,#1222,.T.);
#397=ORIENTED_EDGE('',*,*,#1178,.T.);
#398=ORIENTED_EDGE('',*,*,#1075,.T.);
#399=ORIENTED_EDGE('',*,*,#1158,.F.);
#400=ORIENTED_EDGE('',*,*,#1223,.T.);
#401=ORIENTED_EDGE('',*,*,#1165,.T.);
#402=ORIENTED_EDGE('',*,*,#1085,.F.);
#403=ORIENTED_EDGE('',*,*,#1087,.T.);
#404=ORIENTED_EDGE('',*,*,#1167,.F.);
#405=ORIENTED_EDGE('',*,*,#1224,.F.);
#406=ORIENTED_EDGE('',*,*,#1159,.T.);
#407=ORIENTED_EDGE('',*,*,#1073,.F.);
#408=ORIENTED_EDGE('',*,*,#1177,.F.);
#409=ORIENTED_EDGE('',*,*,#1225,.F.);
#410=ORIENTED_EDGE('',*,*,#1183,.T.);
#411=ORIENTED_EDGE('',*,*,#1079,.T.);
#412=ORIENTED_EDGE('',*,*,#1190,.F.);
#413=ORIENTED_EDGE('',*,*,#1226,.F.);
#414=ORIENTED_EDGE('',*,*,#1204,.T.);
#415=ORIENTED_EDGE('',*,*,#1082,.F.);
#416=ORIENTED_EDGE('',*,*,#1197,.F.);
#417=ORIENTED_EDGE('',*,*,#1227,.F.);
#418=ORIENTED_EDGE('',*,*,#1211,.T.);
#419=ORIENTED_EDGE('',*,*,#1228,.F.);
#420=ORIENTED_EDGE('',*,*,#1229,.F.);
#421=ORIENTED_EDGE('',*,*,#1230,.F.);
#422=ORIENTED_EDGE('',*,*,#1231,.F.);
#423=ORIENTED_EDGE('',*,*,#1232,.F.);
#424=ORIENTED_EDGE('',*,*,#1223,.F.);
#425=ORIENTED_EDGE('',*,*,#1160,.F.);
#426=ORIENTED_EDGE('',*,*,#1224,.T.);
#427=ORIENTED_EDGE('',*,*,#1166,.F.);
#428=ORIENTED_EDGE('',*,*,#1181,.T.);
#429=ORIENTED_EDGE('',*,*,#1233,.F.);
#430=ORIENTED_EDGE('',*,*,#1192,.F.);
#431=ORIENTED_EDGE('',*,*,#1221,.F.);
#432=ORIENTED_EDGE('',*,*,#1202,.T.);
#433=ORIENTED_EDGE('',*,*,#1234,.F.);
#434=ORIENTED_EDGE('',*,*,#1199,.F.);
#435=ORIENTED_EDGE('',*,*,#1220,.F.);
#436=ORIENTED_EDGE('',*,*,#1209,.T.);
#437=ORIENTED_EDGE('',*,*,#1235,.F.);
#438=ORIENTED_EDGE('',*,*,#1169,.F.);
#439=ORIENTED_EDGE('',*,*,#1236,.T.);
#440=ORIENTED_EDGE('',*,*,#1212,.T.);
#441=ORIENTED_EDGE('',*,*,#1227,.T.);
#442=ORIENTED_EDGE('',*,*,#1196,.F.);
#443=ORIENTED_EDGE('',*,*,#1237,.T.);
#444=ORIENTED_EDGE('',*,*,#1205,.T.);
#445=ORIENTED_EDGE('',*,*,#1226,.T.);
#446=ORIENTED_EDGE('',*,*,#1189,.F.);
#447=ORIENTED_EDGE('',*,*,#1238,.T.);
#448=ORIENTED_EDGE('',*,*,#1184,.T.);
#449=ORIENTED_EDGE('',*,*,#1225,.T.);
#450=ORIENTED_EDGE('',*,*,#1176,.T.);
#451=ORIENTED_EDGE('',*,*,#1239,.T.);
#452=ORIENTED_EDGE('',*,*,#1162,.F.);
#453=ORIENTED_EDGE('',*,*,#1240,.F.);
#454=ORIENTED_EDGE('',*,*,#1172,.T.);
#455=ORIENTED_EDGE('',*,*,#1222,.F.);
#456=ORIENTED_EDGE('',*,*,#1241,.T.);
#457=ORIENTED_EDGE('',*,*,#1242,.T.);
#458=ORIENTED_EDGE('',*,*,#1243,.T.);
#459=ORIENTED_EDGE('',*,*,#1244,.T.);
#460=ORIENTED_EDGE('',*,*,#1245,.T.);
#461=ORIENTED_EDGE('',*,*,#1229,.T.);
#462=ORIENTED_EDGE('',*,*,#1241,.F.);
#463=ORIENTED_EDGE('',*,*,#1228,.T.);
#464=ORIENTED_EDGE('',*,*,#1242,.F.);
#465=ORIENTED_EDGE('',*,*,#1230,.T.);
#466=ORIENTED_EDGE('',*,*,#1243,.F.);
#467=ORIENTED_EDGE('',*,*,#1232,.T.);
#468=ORIENTED_EDGE('',*,*,#1244,.F.);
#469=ORIENTED_EDGE('',*,*,#1231,.T.);
#470=ORIENTED_EDGE('',*,*,#1245,.F.);
#471=ORIENTED_EDGE('',*,*,#1213,.T.);
#472=ORIENTED_EDGE('',*,*,#1236,.F.);
#473=ORIENTED_EDGE('',*,*,#1168,.F.);
#474=ORIENTED_EDGE('',*,*,#1246,.T.);
#475=ORIENTED_EDGE('',*,*,#1246,.F.);
#476=ORIENTED_EDGE('',*,*,#1171,.T.);
#477=ORIENTED_EDGE('',*,*,#1247,.T.);
#478=ORIENTED_EDGE('',*,*,#1207,.F.);
#479=ORIENTED_EDGE('',*,*,#1247,.F.);
#480=ORIENTED_EDGE('',*,*,#1170,.T.);
#481=ORIENTED_EDGE('',*,*,#1235,.T.);
#482=ORIENTED_EDGE('',*,*,#1208,.F.);
#483=ORIENTED_EDGE('',*,*,#1175,.T.);
#484=ORIENTED_EDGE('',*,*,#1248,.T.);
#485=ORIENTED_EDGE('',*,*,#1163,.F.);
#486=ORIENTED_EDGE('',*,*,#1239,.F.);
#487=ORIENTED_EDGE('',*,*,#1249,.T.);
#488=ORIENTED_EDGE('',*,*,#1164,.T.);
#489=ORIENTED_EDGE('',*,*,#1248,.F.);
#490=ORIENTED_EDGE('',*,*,#1174,.F.);
#491=ORIENTED_EDGE('',*,*,#1240,.T.);
#492=ORIENTED_EDGE('',*,*,#1161,.T.);
#493=ORIENTED_EDGE('',*,*,#1249,.F.);
#494=ORIENTED_EDGE('',*,*,#1173,.F.);
#495=ORIENTED_EDGE('',*,*,#1250,.T.);
#496=ORIENTED_EDGE('',*,*,#1206,.T.);
#497=ORIENTED_EDGE('',*,*,#1237,.F.);
#498=ORIENTED_EDGE('',*,*,#1195,.F.);
#499=ORIENTED_EDGE('',*,*,#1194,.T.);
#500=ORIENTED_EDGE('',*,*,#1251,.T.);
#501=ORIENTED_EDGE('',*,*,#1200,.F.);
#502=ORIENTED_EDGE('',*,*,#1250,.F.);
#503=ORIENTED_EDGE('',*,*,#1193,.T.);
#504=ORIENTED_EDGE('',*,*,#1234,.T.);
#505=ORIENTED_EDGE('',*,*,#1201,.F.);
#506=ORIENTED_EDGE('',*,*,#1251,.F.);
#507=ORIENTED_EDGE('',*,*,#1252,.F.);
#508=ORIENTED_EDGE('',*,*,#1186,.T.);
#509=ORIENTED_EDGE('',*,*,#1233,.T.);
#510=ORIENTED_EDGE('',*,*,#1180,.F.);
#511=ORIENTED_EDGE('',*,*,#1253,.F.);
#512=ORIENTED_EDGE('',*,*,#1187,.T.);
#513=ORIENTED_EDGE('',*,*,#1252,.T.);
#514=ORIENTED_EDGE('',*,*,#1179,.F.);
#515=ORIENTED_EDGE('',*,*,#1185,.T.);
#516=ORIENTED_EDGE('',*,*,#1238,.F.);
#517=ORIENTED_EDGE('',*,*,#1188,.F.);
#518=ORIENTED_EDGE('',*,*,#1253,.T.);
#519=ORIENTED_EDGE('',*,*,#1254,.F.);
#520=ORIENTED_EDGE('',*,*,#1255,.T.);
#521=ORIENTED_EDGE('',*,*,#1062,.T.);
#522=ORIENTED_EDGE('',*,*,#1068,.T.);
#523=ORIENTED_EDGE('',*,*,#1256,.F.);
#524=ORIENTED_EDGE('',*,*,#1157,.F.);
#525=ORIENTED_EDGE('',*,*,#1257,.T.);
#526=ORIENTED_EDGE('',*,*,#1256,.T.);
#527=ORIENTED_EDGE('',*,*,#1067,.T.);
#528=ORIENTED_EDGE('',*,*,#1155,.T.);
#529=ORIENTED_EDGE('',*,*,#1254,.T.);
#530=ORIENTED_EDGE('',*,*,#1156,.F.);
#531=ORIENTED_EDGE('',*,*,#1059,.T.);
#532=ORIENTED_EDGE('',*,*,#1258,.T.);
#533=ORIENTED_EDGE('',*,*,#1063,.T.);
#534=ORIENTED_EDGE('',*,*,#1255,.F.);
#535=ORIENTED_EDGE('',*,*,#1257,.F.);
#536=ORIENTED_EDGE('',*,*,#1259,.T.);
#537=ORIENTED_EDGE('',*,*,#1260,.T.);
#538=ORIENTED_EDGE('',*,*,#1110,.T.);
#539=ORIENTED_EDGE('',*,*,#1261,.F.);
#540=ORIENTED_EDGE('',*,*,#1262,.F.);
#541=ORIENTED_EDGE('',*,*,#1263,.F.);
#542=ORIENTED_EDGE('',*,*,#1264,.F.);
#543=ORIENTED_EDGE('',*,*,#1265,.T.);
#544=ORIENTED_EDGE('',*,*,#1117,.T.);
#545=ORIENTED_EDGE('',*,*,#1266,.T.);
#546=ORIENTED_EDGE('',*,*,#1267,.T.);
#547=ORIENTED_EDGE('',*,*,#1268,.F.);
#548=ORIENTED_EDGE('',*,*,#1269,.F.);
#549=ORIENTED_EDGE('',*,*,#1129,.T.);
#550=ORIENTED_EDGE('',*,*,#1270,.F.);
#551=ORIENTED_EDGE('',*,*,#1271,.F.);
#552=ORIENTED_EDGE('',*,*,#1272,.T.);
#553=ORIENTED_EDGE('',*,*,#1273,.F.);
#554=ORIENTED_EDGE('',*,*,#1274,.T.);
#555=ORIENTED_EDGE('',*,*,#1275,.T.);
#556=ORIENTED_EDGE('',*,*,#1276,.F.);
#557=ORIENTED_EDGE('',*,*,#1277,.T.);
#558=ORIENTED_EDGE('',*,*,#1278,.T.);
#559=ORIENTED_EDGE('',*,*,#1115,.F.);
#560=ORIENTED_EDGE('',*,*,#1279,.F.);
#561=ORIENTED_EDGE('',*,*,#1280,.T.);
#562=ORIENTED_EDGE('',*,*,#1281,.T.);
#563=ORIENTED_EDGE('',*,*,#1282,.F.);
#564=ORIENTED_EDGE('',*,*,#1283,.F.);
#565=ORIENTED_EDGE('',*,*,#1284,.F.);
#566=ORIENTED_EDGE('',*,*,#1285,.T.);
#567=ORIENTED_EDGE('',*,*,#1286,.T.);
#568=ORIENTED_EDGE('',*,*,#1287,.T.);
#569=ORIENTED_EDGE('',*,*,#1119,.F.);
#570=ORIENTED_EDGE('',*,*,#1288,.F.);
#571=ORIENTED_EDGE('',*,*,#1289,.T.);
#572=ORIENTED_EDGE('',*,*,#1290,.F.);
#573=ORIENTED_EDGE('',*,*,#1291,.T.);
#574=ORIENTED_EDGE('',*,*,#1292,.F.);
#575=ORIENTED_EDGE('',*,*,#1293,.T.);
#576=ORIENTED_EDGE('',*,*,#1121,.T.);
#577=ORIENTED_EDGE('',*,*,#1294,.F.);
#578=ORIENTED_EDGE('',*,*,#1295,.F.);
#579=ORIENTED_EDGE('',*,*,#1296,.F.);
#580=ORIENTED_EDGE('',*,*,#1297,.T.);
#581=ORIENTED_EDGE('',*,*,#1298,.T.);
#582=ORIENTED_EDGE('',*,*,#1299,.F.);
#583=ORIENTED_EDGE('',*,*,#1300,.T.);
#584=ORIENTED_EDGE('',*,*,#1126,.T.);
#585=ORIENTED_EDGE('',*,*,#1301,.F.);
#586=ORIENTED_EDGE('',*,*,#1302,.F.);
#587=ORIENTED_EDGE('',*,*,#1303,.F.);
#588=ORIENTED_EDGE('',*,*,#1304,.T.);
#589=ORIENTED_EDGE('',*,*,#1305,.F.);
#590=ORIENTED_EDGE('',*,*,#1306,.T.);
#591=ORIENTED_EDGE('',*,*,#1307,.T.);
#592=ORIENTED_EDGE('',*,*,#1308,.T.);
#593=ORIENTED_EDGE('',*,*,#1124,.F.);
#594=ORIENTED_EDGE('',*,*,#1309,.F.);
#595=ORIENTED_EDGE('',*,*,#1310,.T.);
#596=ORIENTED_EDGE('',*,*,#1311,.F.);
#597=ORIENTED_EDGE('',*,*,#1312,.F.);
#598=ORIENTED_EDGE('',*,*,#1313,.T.);
#599=ORIENTED_EDGE('',*,*,#1314,.T.);
#600=ORIENTED_EDGE('',*,*,#1315,.T.);
#601=ORIENTED_EDGE('',*,*,#1127,.F.);
#602=ORIENTED_EDGE('',*,*,#1316,.F.);
#603=ORIENTED_EDGE('',*,*,#1317,.T.);
#604=ORIENTED_EDGE('',*,*,#1318,.F.);
#605=ORIENTED_EDGE('',*,*,#1215,.F.);
#606=ORIENTED_EDGE('',*,*,#1114,.T.);
#607=ORIENTED_EDGE('',*,*,#1218,.T.);
#608=ORIENTED_EDGE('',*,*,#1145,.F.);
#609=ORIENTED_EDGE('',*,*,#1316,.T.);
#610=ORIENTED_EDGE('',*,*,#1130,.T.);
#611=ORIENTED_EDGE('',*,*,#1272,.F.);
#612=ORIENTED_EDGE('',*,*,#1319,.F.);
#613=ORIENTED_EDGE('',*,*,#1263,.T.);
#614=ORIENTED_EDGE('',*,*,#1116,.F.);
#615=ORIENTED_EDGE('',*,*,#1278,.F.);
#616=ORIENTED_EDGE('',*,*,#1320,.F.);
#617=ORIENTED_EDGE('',*,*,#1288,.T.);
#618=ORIENTED_EDGE('',*,*,#1122,.T.);
#619=ORIENTED_EDGE('',*,*,#1293,.F.);
#620=ORIENTED_EDGE('',*,*,#1321,.F.);
#621=ORIENTED_EDGE('',*,*,#1309,.T.);
#622=ORIENTED_EDGE('',*,*,#1123,.F.);
#623=ORIENTED_EDGE('',*,*,#1300,.F.);
#624=ORIENTED_EDGE('',*,*,#1322,.F.);
#625=ORIENTED_EDGE('',*,*,#1128,.F.);
#626=ORIENTED_EDGE('',*,*,#1315,.F.);
#627=ORIENTED_EDGE('',*,*,#1323,.T.);
#628=ORIENTED_EDGE('',*,*,#1301,.T.);
#629=ORIENTED_EDGE('',*,*,#1125,.T.);
#630=ORIENTED_EDGE('',*,*,#1308,.F.);
#631=ORIENTED_EDGE('',*,*,#1324,.T.);
#632=ORIENTED_EDGE('',*,*,#1294,.T.);
#633=ORIENTED_EDGE('',*,*,#1120,.F.);
#634=ORIENTED_EDGE('',*,*,#1287,.F.);
#635=ORIENTED_EDGE('',*,*,#1325,.T.);
#636=ORIENTED_EDGE('',*,*,#1279,.T.);
#637=ORIENTED_EDGE('',*,*,#1118,.T.);
#638=ORIENTED_EDGE('',*,*,#1265,.F.);
#639=ORIENTED_EDGE('',*,*,#1326,.T.);
#640=ORIENTED_EDGE('',*,*,#1270,.T.);
#641=ORIENTED_EDGE('',*,*,#1327,.T.);
#642=ORIENTED_EDGE('',*,*,#1328,.T.);
#643=ORIENTED_EDGE('',*,*,#1329,.T.);
#644=ORIENTED_EDGE('',*,*,#1330,.T.);
#645=ORIENTED_EDGE('',*,*,#1331,.T.);
#646=ORIENTED_EDGE('',*,*,#1319,.T.);
#647=ORIENTED_EDGE('',*,*,#1271,.T.);
#648=ORIENTED_EDGE('',*,*,#1326,.F.);
#649=ORIENTED_EDGE('',*,*,#1264,.T.);
#650=ORIENTED_EDGE('',*,*,#1289,.F.);
#651=ORIENTED_EDGE('',*,*,#1320,.T.);
#652=ORIENTED_EDGE('',*,*,#1277,.F.);
#653=ORIENTED_EDGE('',*,*,#1332,.T.);
#654=ORIENTED_EDGE('',*,*,#1269,.T.);
#655=ORIENTED_EDGE('',*,*,#1333,.F.);
#656=ORIENTED_EDGE('',*,*,#1280,.F.);
#657=ORIENTED_EDGE('',*,*,#1325,.F.);
#658=ORIENTED_EDGE('',*,*,#1286,.F.);
#659=ORIENTED_EDGE('',*,*,#1334,.F.);
#660=ORIENTED_EDGE('',*,*,#1295,.T.);
#661=ORIENTED_EDGE('',*,*,#1324,.F.);
#662=ORIENTED_EDGE('',*,*,#1307,.F.);
#663=ORIENTED_EDGE('',*,*,#1335,.F.);
#664=ORIENTED_EDGE('',*,*,#1302,.T.);
#665=ORIENTED_EDGE('',*,*,#1323,.F.);
#666=ORIENTED_EDGE('',*,*,#1314,.F.);
#667=ORIENTED_EDGE('',*,*,#1336,.F.);
#668=ORIENTED_EDGE('',*,*,#1276,.T.);
#669=ORIENTED_EDGE('',*,*,#1337,.T.);
#670=ORIENTED_EDGE('',*,*,#1317,.F.);
#671=ORIENTED_EDGE('',*,*,#1322,.T.);
#672=ORIENTED_EDGE('',*,*,#1299,.T.);
#673=ORIENTED_EDGE('',*,*,#1338,.T.);
#674=ORIENTED_EDGE('',*,*,#1310,.F.);
#675=ORIENTED_EDGE('',*,*,#1321,.T.);
#676=ORIENTED_EDGE('',*,*,#1292,.T.);
#677=ORIENTED_EDGE('',*,*,#1339,.T.);
#678=ORIENTED_EDGE('',*,*,#1340,.F.);
#679=ORIENTED_EDGE('',*,*,#1341,.F.);
#680=ORIENTED_EDGE('',*,*,#1342,.F.);
#681=ORIENTED_EDGE('',*,*,#1343,.F.);
#682=ORIENTED_EDGE('',*,*,#1344,.F.);
#683=ORIENTED_EDGE('',*,*,#1328,.F.);
#684=ORIENTED_EDGE('',*,*,#1340,.T.);
#685=ORIENTED_EDGE('',*,*,#1327,.F.);
#686=ORIENTED_EDGE('',*,*,#1341,.T.);
#687=ORIENTED_EDGE('',*,*,#1329,.F.);
#688=ORIENTED_EDGE('',*,*,#1342,.T.);
#689=ORIENTED_EDGE('',*,*,#1331,.F.);
#690=ORIENTED_EDGE('',*,*,#1343,.T.);
#691=ORIENTED_EDGE('',*,*,#1330,.F.);
#692=ORIENTED_EDGE('',*,*,#1344,.T.);
#693=ORIENTED_EDGE('',*,*,#1313,.F.);
#694=ORIENTED_EDGE('',*,*,#1345,.F.);
#695=ORIENTED_EDGE('',*,*,#1273,.T.);
#696=ORIENTED_EDGE('',*,*,#1336,.T.);
#697=ORIENTED_EDGE('',*,*,#1345,.T.);
#698=ORIENTED_EDGE('',*,*,#1312,.T.);
#699=ORIENTED_EDGE('',*,*,#1346,.F.);
#700=ORIENTED_EDGE('',*,*,#1274,.F.);
#701=ORIENTED_EDGE('',*,*,#1346,.T.);
#702=ORIENTED_EDGE('',*,*,#1318,.T.);
#703=ORIENTED_EDGE('',*,*,#1337,.F.);
#704=ORIENTED_EDGE('',*,*,#1275,.F.);
#705=ORIENTED_EDGE('',*,*,#1281,.F.);
#706=ORIENTED_EDGE('',*,*,#1333,.T.);
#707=ORIENTED_EDGE('',*,*,#1268,.T.);
#708=ORIENTED_EDGE('',*,*,#1347,.F.);
#709=ORIENTED_EDGE('',*,*,#1348,.F.);
#710=ORIENTED_EDGE('',*,*,#1282,.T.);
#711=ORIENTED_EDGE('',*,*,#1347,.T.);
#712=ORIENTED_EDGE('',*,*,#1267,.F.);
#713=ORIENTED_EDGE('',*,*,#1332,.F.);
#714=ORIENTED_EDGE('',*,*,#1283,.T.);
#715=ORIENTED_EDGE('',*,*,#1348,.T.);
#716=ORIENTED_EDGE('',*,*,#1266,.F.);
#717=ORIENTED_EDGE('',*,*,#1349,.F.);
#718=ORIENTED_EDGE('',*,*,#1303,.T.);
#719=ORIENTED_EDGE('',*,*,#1335,.T.);
#720=ORIENTED_EDGE('',*,*,#1306,.F.);
#721=ORIENTED_EDGE('',*,*,#1304,.F.);
#722=ORIENTED_EDGE('',*,*,#1349,.T.);
#723=ORIENTED_EDGE('',*,*,#1305,.T.);
#724=ORIENTED_EDGE('',*,*,#1350,.F.);
#725=ORIENTED_EDGE('',*,*,#1298,.F.);
#726=ORIENTED_EDGE('',*,*,#1350,.T.);
#727=ORIENTED_EDGE('',*,*,#1311,.T.);
#728=ORIENTED_EDGE('',*,*,#1338,.F.);
#729=ORIENTED_EDGE('',*,*,#1351,.T.);
#730=ORIENTED_EDGE('',*,*,#1290,.T.);
#731=ORIENTED_EDGE('',*,*,#1339,.F.);
#732=ORIENTED_EDGE('',*,*,#1291,.F.);
#733=ORIENTED_EDGE('',*,*,#1352,.T.);
#734=ORIENTED_EDGE('',*,*,#1284,.T.);
#735=ORIENTED_EDGE('',*,*,#1351,.F.);
#736=ORIENTED_EDGE('',*,*,#1297,.F.);
#737=ORIENTED_EDGE('',*,*,#1285,.F.);
#738=ORIENTED_EDGE('',*,*,#1352,.F.);
#739=ORIENTED_EDGE('',*,*,#1296,.T.);
#740=ORIENTED_EDGE('',*,*,#1334,.T.);
#741=ORIENTED_EDGE('',*,*,#1353,.T.);
#742=ORIENTED_EDGE('',*,*,#1354,.T.);
#743=ORIENTED_EDGE('',*,*,#1107,.T.);
#744=ORIENTED_EDGE('',*,*,#1260,.F.);
#745=ORIENTED_EDGE('',*,*,#1355,.T.);
#746=ORIENTED_EDGE('',*,*,#1356,.F.);
#747=ORIENTED_EDGE('',*,*,#1357,.T.);
#748=ORIENTED_EDGE('',*,*,#1108,.F.);
#749=ORIENTED_EDGE('',*,*,#1354,.F.);
#750=ORIENTED_EDGE('',*,*,#1261,.T.);
#751=ORIENTED_EDGE('',*,*,#1109,.F.);
#752=ORIENTED_EDGE('',*,*,#1357,.F.);
#753=ORIENTED_EDGE('',*,*,#1358,.F.);
#754=ORIENTED_EDGE('',*,*,#1259,.F.);
#755=ORIENTED_EDGE('',*,*,#1355,.F.);
#756=ORIENTED_EDGE('',*,*,#1262,.T.);
#757=ORIENTED_EDGE('',*,*,#1358,.T.);
#758=ORIENTED_EDGE('',*,*,#1356,.T.);
#759=ORIENTED_EDGE('',*,*,#1353,.F.);
#760=ORIENTED_EDGE('',*,*,#1141,.F.);
#761=ORIENTED_EDGE('',*,*,#1219,.T.);
#762=ORIENTED_EDGE('',*,*,#1112,.F.);
#763=ORIENTED_EDGE('',*,*,#1214,.F.);
#764=ORIENTED_EDGE('',*,*,#1154,.F.);
#765=ORIENTED_EDGE('',*,*,#1104,.T.);
#766=ORIENTED_EDGE('',*,*,#1153,.F.);
#767=ORIENTED_EDGE('',*,*,#1103,.T.);
#768=ORIENTED_EDGE('',*,*,#1138,.F.);
#769=ORIENTED_EDGE('',*,*,#1106,.T.);
#770=ORIENTED_EDGE('',*,*,#1137,.F.);
#771=ORIENTED_EDGE('',*,*,#1105,.T.);
#772=ORIENTED_EDGE('',*,*,#1102,.T.);
#773=ORIENTED_EDGE('',*,*,#1147,.F.);
#774=ORIENTED_EDGE('',*,*,#1101,.T.);
#775=ORIENTED_EDGE('',*,*,#1148,.F.);
#776=ORIENTED_EDGE('',*,*,#1359,.T.);
#777=ORIENTED_EDGE('',*,*,#1150,.T.);
#778=ORIENTED_EDGE('',*,*,#1360,.F.);
#779=ORIENTED_EDGE('',*,*,#1131,.F.);
#780=ORIENTED_EDGE('',*,*,#1134,.T.);
#781=ORIENTED_EDGE('',*,*,#1361,.T.);
#782=ORIENTED_EDGE('',*,*,#1151,.F.);
#783=ORIENTED_EDGE('',*,*,#1359,.F.);
#784=ORIENTED_EDGE('',*,*,#1133,.T.);
#785=ORIENTED_EDGE('',*,*,#1362,.T.);
#786=ORIENTED_EDGE('',*,*,#1152,.F.);
#787=ORIENTED_EDGE('',*,*,#1361,.F.);
#788=ORIENTED_EDGE('',*,*,#1360,.T.);
#789=ORIENTED_EDGE('',*,*,#1149,.T.);
#790=ORIENTED_EDGE('',*,*,#1362,.F.);
#791=ORIENTED_EDGE('',*,*,#1132,.F.);
#792=ORIENTED_EDGE('',*,*,#1065,.T.);
#793=ORIENTED_EDGE('',*,*,#1363,.F.);
#794=ORIENTED_EDGE('',*,*,#1064,.T.);
#795=ORIENTED_EDGE('',*,*,#1364,.F.);
#796=ORIENTED_EDGE('',*,*,#1097,.T.);
#797=ORIENTED_EDGE('',*,*,#1365,.T.);
#798=ORIENTED_EDGE('',*,*,#1089,.F.);
#799=ORIENTED_EDGE('',*,*,#1366,.F.);
#800=ORIENTED_EDGE('',*,*,#1366,.T.);
#801=ORIENTED_EDGE('',*,*,#1088,.T.);
#802=ORIENTED_EDGE('',*,*,#1367,.F.);
#803=ORIENTED_EDGE('',*,*,#1098,.F.);
#804=ORIENTED_EDGE('',*,*,#1367,.T.);
#805=ORIENTED_EDGE('',*,*,#1091,.T.);
#806=ORIENTED_EDGE('',*,*,#1368,.F.);
#807=ORIENTED_EDGE('',*,*,#1099,.F.);
#808=ORIENTED_EDGE('',*,*,#1100,.T.);
#809=ORIENTED_EDGE('',*,*,#1368,.T.);
#810=ORIENTED_EDGE('',*,*,#1090,.F.);
#811=ORIENTED_EDGE('',*,*,#1365,.F.);
#812=ORIENTED_EDGE('',*,*,#1369,.F.);
#813=ORIENTED_EDGE('',*,*,#1370,.T.);
#814=ORIENTED_EDGE('',*,*,#1058,.T.);
#815=ORIENTED_EDGE('',*,*,#1369,.T.);
#816=ORIENTED_EDGE('',*,*,#1258,.F.);
#817=ORIENTED_EDGE('',*,*,#1370,.F.);
#818=ORIENTED_EDGE('',*,*,#1371,.F.);
#819=ORIENTED_EDGE('',*,*,#1092,.T.);
#820=ORIENTED_EDGE('',*,*,#1364,.T.);
#821=ORIENTED_EDGE('',*,*,#1371,.T.);
#822=ORIENTED_EDGE('',*,*,#1372,.F.);
#823=ORIENTED_EDGE('',*,*,#1093,.T.);
#824=ORIENTED_EDGE('',*,*,#1363,.T.);
#825=ORIENTED_EDGE('',*,*,#1372,.T.);
#826=ORIENTED_EDGE('',*,*,#993,.T.);
#827=ORIENTED_EDGE('',*,*,#1029,.T.);
#828=ORIENTED_EDGE('',*,*,#1373,.T.);
#829=ORIENTED_EDGE('',*,*,#1030,.F.);
#830=ORIENTED_EDGE('',*,*,#1374,.F.);
#831=ORIENTED_EDGE('',*,*,#995,.F.);
#832=ORIENTED_EDGE('',*,*,#996,.T.);
#833=ORIENTED_EDGE('',*,*,#1374,.T.);
#834=ORIENTED_EDGE('',*,*,#1033,.T.);
#835=ORIENTED_EDGE('',*,*,#1375,.F.);
#836=ORIENTED_EDGE('',*,*,#997,.T.);
#837=ORIENTED_EDGE('',*,*,#1375,.T.);
#838=ORIENTED_EDGE('',*,*,#1032,.T.);
#839=ORIENTED_EDGE('',*,*,#1376,.F.);
#840=ORIENTED_EDGE('',*,*,#1376,.T.);
#841=ORIENTED_EDGE('',*,*,#1031,.F.);
#842=ORIENTED_EDGE('',*,*,#1373,.F.);
#843=ORIENTED_EDGE('',*,*,#994,.F.);
#844=ORIENTED_EDGE('',*,*,#1377,.T.);
#845=ORIENTED_EDGE('',*,*,#1025,.F.);
#846=ORIENTED_EDGE('',*,*,#1378,.F.);
#847=ORIENTED_EDGE('',*,*,#999,.F.);
#848=ORIENTED_EDGE('',*,*,#1000,.T.);
#849=ORIENTED_EDGE('',*,*,#1378,.T.);
#850=ORIENTED_EDGE('',*,*,#1028,.T.);
#851=ORIENTED_EDGE('',*,*,#1379,.F.);
#852=ORIENTED_EDGE('',*,*,#1001,.T.);
#853=ORIENTED_EDGE('',*,*,#1379,.T.);
#854=ORIENTED_EDGE('',*,*,#1027,.T.);
#855=ORIENTED_EDGE('',*,*,#1380,.F.);
#856=ORIENTED_EDGE('',*,*,#1380,.T.);
#857=ORIENTED_EDGE('',*,*,#1026,.F.);
#858=ORIENTED_EDGE('',*,*,#1377,.F.);
#859=ORIENTED_EDGE('',*,*,#998,.F.);
#860=ORIENTED_EDGE('',*,*,#989,.T.);
#861=ORIENTED_EDGE('',*,*,#1381,.T.);
#862=ORIENTED_EDGE('',*,*,#1035,.T.);
#863=ORIENTED_EDGE('',*,*,#1382,.F.);
#864=ORIENTED_EDGE('',*,*,#990,.T.);
#865=ORIENTED_EDGE('',*,*,#1382,.T.);
#866=ORIENTED_EDGE('',*,*,#1034,.T.);
#867=ORIENTED_EDGE('',*,*,#1383,.F.);
#868=ORIENTED_EDGE('',*,*,#1383,.T.);
#869=ORIENTED_EDGE('',*,*,#1037,.F.);
#870=ORIENTED_EDGE('',*,*,#1384,.F.);
#871=ORIENTED_EDGE('',*,*,#991,.F.);
#872=ORIENTED_EDGE('',*,*,#1384,.T.);
#873=ORIENTED_EDGE('',*,*,#1036,.F.);
#874=ORIENTED_EDGE('',*,*,#1381,.F.);
#875=ORIENTED_EDGE('',*,*,#992,.F.);
#876=ORIENTED_EDGE('',*,*,#985,.T.);
#877=ORIENTED_EDGE('',*,*,#1385,.T.);
#878=ORIENTED_EDGE('',*,*,#1039,.T.);
#879=ORIENTED_EDGE('',*,*,#1386,.F.);
#880=ORIENTED_EDGE('',*,*,#986,.T.);
#881=ORIENTED_EDGE('',*,*,#1386,.T.);
#882=ORIENTED_EDGE('',*,*,#1038,.T.);
#883=ORIENTED_EDGE('',*,*,#1387,.F.);
#884=ORIENTED_EDGE('',*,*,#1387,.T.);
#885=ORIENTED_EDGE('',*,*,#1041,.F.);
#886=ORIENTED_EDGE('',*,*,#1388,.F.);
#887=ORIENTED_EDGE('',*,*,#987,.F.);
#888=ORIENTED_EDGE('',*,*,#1388,.T.);
#889=ORIENTED_EDGE('',*,*,#1040,.F.);
#890=ORIENTED_EDGE('',*,*,#1385,.F.);
#891=ORIENTED_EDGE('',*,*,#988,.F.);
#892=ORIENTED_EDGE('',*,*,#1389,.T.);
#893=ORIENTED_EDGE('',*,*,#1051,.F.);
#894=ORIENTED_EDGE('',*,*,#1390,.F.);
#895=ORIENTED_EDGE('',*,*,#977,.F.);
#896=ORIENTED_EDGE('',*,*,#978,.T.);
#897=ORIENTED_EDGE('',*,*,#1390,.T.);
#898=ORIENTED_EDGE('',*,*,#1050,.T.);
#899=ORIENTED_EDGE('',*,*,#1136,.F.);
#900=ORIENTED_EDGE('',*,*,#1143,.T.);
#901=ORIENTED_EDGE('',*,*,#1052,.F.);
#902=ORIENTED_EDGE('',*,*,#1389,.F.);
#903=ORIENTED_EDGE('',*,*,#976,.F.);
#904=ORIENTED_EDGE('',*,*,#984,.T.);
#905=ORIENTED_EDGE('',*,*,#1024,.T.);
#906=ORIENTED_EDGE('',*,*,#983,.T.);
#907=ORIENTED_EDGE('',*,*,#1023,.T.);
#908=ORIENTED_EDGE('',*,*,#982,.T.);
#909=ORIENTED_EDGE('',*,*,#1022,.T.);
#910=ORIENTED_EDGE('',*,*,#1391,.T.);
#911=ORIENTED_EDGE('',*,*,#1018,.F.);
#912=ORIENTED_EDGE('',*,*,#1392,.F.);
#913=ORIENTED_EDGE('',*,*,#1003,.F.);
#914=ORIENTED_EDGE('',*,*,#1004,.T.);
#915=ORIENTED_EDGE('',*,*,#1392,.T.);
#916=ORIENTED_EDGE('',*,*,#1021,.T.);
#917=ORIENTED_EDGE('',*,*,#1393,.F.);
#918=ORIENTED_EDGE('',*,*,#1005,.T.);
#919=ORIENTED_EDGE('',*,*,#1393,.T.);
#920=ORIENTED_EDGE('',*,*,#1020,.T.);
#921=ORIENTED_EDGE('',*,*,#1394,.F.);
#922=ORIENTED_EDGE('',*,*,#1394,.T.);
#923=ORIENTED_EDGE('',*,*,#1019,.F.);
#924=ORIENTED_EDGE('',*,*,#1391,.F.);
#925=ORIENTED_EDGE('',*,*,#1002,.F.);
#926=ORIENTED_EDGE('',*,*,#1395,.T.);
#927=ORIENTED_EDGE('',*,*,#1042,.F.);
#928=ORIENTED_EDGE('',*,*,#1396,.F.);
#929=ORIENTED_EDGE('',*,*,#1007,.F.);
#930=ORIENTED_EDGE('',*,*,#1008,.T.);
#931=ORIENTED_EDGE('',*,*,#1396,.T.);
#932=ORIENTED_EDGE('',*,*,#1045,.T.);
#933=ORIENTED_EDGE('',*,*,#1397,.F.);
#934=ORIENTED_EDGE('',*,*,#1009,.T.);
#935=ORIENTED_EDGE('',*,*,#1397,.T.);
#936=ORIENTED_EDGE('',*,*,#1044,.T.);
#937=ORIENTED_EDGE('',*,*,#1398,.F.);
#938=ORIENTED_EDGE('',*,*,#1398,.T.);
#939=ORIENTED_EDGE('',*,*,#1043,.F.);
#940=ORIENTED_EDGE('',*,*,#1395,.F.);
#941=ORIENTED_EDGE('',*,*,#1006,.F.);
#942=ORIENTED_EDGE('',*,*,#1399,.T.);
#943=ORIENTED_EDGE('',*,*,#1014,.F.);
#944=ORIENTED_EDGE('',*,*,#1400,.F.);
#945=ORIENTED_EDGE('',*,*,#1011,.F.);
#946=ORIENTED_EDGE('',*,*,#1012,.T.);
#947=ORIENTED_EDGE('',*,*,#1400,.T.);
#948=ORIENTED_EDGE('',*,*,#1017,.T.);
#949=ORIENTED_EDGE('',*,*,#1401,.F.);
#950=ORIENTED_EDGE('',*,*,#1013,.T.);
#951=ORIENTED_EDGE('',*,*,#1401,.T.);
#952=ORIENTED_EDGE('',*,*,#1016,.T.);
#953=ORIENTED_EDGE('',*,*,#1402,.F.);
#954=ORIENTED_EDGE('',*,*,#1402,.T.);
#955=ORIENTED_EDGE('',*,*,#1015,.F.);
#956=ORIENTED_EDGE('',*,*,#1399,.F.);
#957=ORIENTED_EDGE('',*,*,#1010,.F.);
#958=ORIENTED_EDGE('',*,*,#1403,.T.);
#959=ORIENTED_EDGE('',*,*,#1047,.F.);
#960=ORIENTED_EDGE('',*,*,#1404,.F.);
#961=ORIENTED_EDGE('',*,*,#981,.F.);
#962=ORIENTED_EDGE('',*,*,#970,.T.);
#963=ORIENTED_EDGE('',*,*,#1404,.T.);
#964=ORIENTED_EDGE('',*,*,#1046,.T.);
#965=ORIENTED_EDGE('',*,*,#1139,.F.);
#966=ORIENTED_EDGE('',*,*,#1135,.T.);
#967=ORIENTED_EDGE('',*,*,#1048,.F.);
#968=ORIENTED_EDGE('',*,*,#1403,.F.);
#969=ORIENTED_EDGE('',*,*,#980,.F.);
#970=EDGE_CURVE('',#1405,#1406,#1712,.T.);
#971=EDGE_CURVE('',#1405,#1407,#1713,.T.);
#972=EDGE_CURVE('',#1408,#1407,#1714,.T.);
#973=EDGE_CURVE('',#1409,#1408,#1715,.T.);
#974=EDGE_CURVE('',#1409,#1410,#1716,.T.);
#975=EDGE_CURVE('',#1410,#1411,#1717,.T.);
#976=EDGE_CURVE('',#1411,#1412,#1718,.T.);
#977=EDGE_CURVE('',#1412,#1413,#1719,.T.);
#978=EDGE_CURVE('',#1414,#1413,#1720,.T.);
#979=EDGE_CURVE('',#1414,#1415,#1721,.T.);
#980=EDGE_CURVE('',#1415,#1416,#1722,.T.);
#981=EDGE_CURVE('',#1416,#1406,#1723,.T.);
#982=EDGE_CURVE('',#1417,#1417,#41,.T.);
#983=EDGE_CURVE('',#1418,#1418,#42,.T.);
#984=EDGE_CURVE('',#1419,#1419,#43,.T.);
#985=EDGE_CURVE('',#1420,#1421,#1724,.T.);
#986=EDGE_CURVE('',#1422,#1420,#1725,.T.);
#987=EDGE_CURVE('',#1422,#1423,#1726,.T.);
#988=EDGE_CURVE('',#1423,#1421,#1727,.T.);
#989=EDGE_CURVE('',#1424,#1425,#1728,.T.);
#990=EDGE_CURVE('',#1426,#1424,#1729,.T.);
#991=EDGE_CURVE('',#1426,#1427,#1730,.T.);
#992=EDGE_CURVE('',#1427,#1425,#1731,.T.);
#993=EDGE_CURVE('',#1428,#1428,#44,.T.);
#994=EDGE_CURVE('',#1429,#1430,#1732,.T.);
#995=EDGE_CURVE('',#1430,#1431,#1733,.T.);
#996=EDGE_CURVE('',#1432,#1431,#1734,.T.);
#997=EDGE_CURVE('',#1429,#1432,#1735,.T.);
#998=EDGE_CURVE('',#1433,#1434,#1736,.T.);
#999=EDGE_CURVE('',#1434,#1435,#1737,.T.);
#1000=EDGE_CURVE('',#1436,#1435,#1738,.T.);
#1001=EDGE_CURVE('',#1433,#1436,#1739,.T.);
#1002=EDGE_CURVE('',#1437,#1438,#1740,.T.);
#1003=EDGE_CURVE('',#1438,#1439,#1741,.T.);
#1004=EDGE_CURVE('',#1440,#1439,#1742,.T.);
#1005=EDGE_CURVE('',#1437,#1440,#1743,.T.);
#1006=EDGE_CURVE('',#1441,#1442,#1744,.T.);
#1007=EDGE_CURVE('',#1442,#1443,#1745,.T.);
#1008=EDGE_CURVE('',#1444,#1443,#1746,.T.);
#1009=EDGE_CURVE('',#1441,#1444,#1747,.T.);
#1010=EDGE_CURVE('',#1445,#1446,#1748,.T.);
#1011=EDGE_CURVE('',#1446,#1447,#1749,.T.);
#1012=EDGE_CURVE('',#1448,#1447,#1750,.T.);
#1013=EDGE_CURVE('',#1445,#1448,#1751,.T.);
#1014=EDGE_CURVE('',#1449,#1450,#1752,.T.);
#1015=EDGE_CURVE('',#1450,#1451,#1753,.T.);
#1016=EDGE_CURVE('',#1452,#1451,#1754,.T.);
#1017=EDGE_CURVE('',#1449,#1452,#1755,.T.);
#1018=EDGE_CURVE('',#1453,#1454,#1756,.T.);
#1019=EDGE_CURVE('',#1454,#1455,#1757,.T.);
#1020=EDGE_CURVE('',#1456,#1455,#1758,.T.);
#1021=EDGE_CURVE('',#1453,#1456,#1759,.T.);
#1022=EDGE_CURVE('',#1457,#1457,#45,.T.);
#1023=EDGE_CURVE('',#1458,#1458,#46,.T.);
#1024=EDGE_CURVE('',#1459,#1459,#47,.T.);
#1025=EDGE_CURVE('',#1460,#1461,#1760,.T.);
#1026=EDGE_CURVE('',#1461,#1462,#1761,.T.);
#1027=EDGE_CURVE('',#1463,#1462,#1762,.T.);
#1028=EDGE_CURVE('',#1460,#1463,#1763,.T.);
#1029=EDGE_CURVE('',#1464,#1464,#48,.T.);
#1030=EDGE_CURVE('',#1465,#1466,#1764,.T.);
#1031=EDGE_CURVE('',#1466,#1467,#1765,.T.);
#1032=EDGE_CURVE('',#1468,#1467,#1766,.T.);
#1033=EDGE_CURVE('',#1465,#1468,#1767,.T.);
#1034=EDGE_CURVE('',#1469,#1470,#1768,.T.);
#1035=EDGE_CURVE('',#1471,#1469,#1769,.T.);
#1036=EDGE_CURVE('',#1471,#1472,#1770,.T.);
#1037=EDGE_CURVE('',#1472,#1470,#1771,.T.);
#1038=EDGE_CURVE('',#1473,#1474,#1772,.T.);
#1039=EDGE_CURVE('',#1475,#1473,#1773,.T.);
#1040=EDGE_CURVE('',#1475,#1476,#1774,.T.);
#1041=EDGE_CURVE('',#1476,#1474,#1775,.T.);
#1042=EDGE_CURVE('',#1477,#1478,#1776,.T.);
#1043=EDGE_CURVE('',#1478,#1479,#1777,.T.);
#1044=EDGE_CURVE('',#1480,#1479,#1778,.T.);
#1045=EDGE_CURVE('',#1477,#1480,#1779,.T.);
#1046=EDGE_CURVE('',#1481,#1482,#1780,.T.);
#1047=EDGE_CURVE('',#1481,#1483,#1781,.T.);
#1048=EDGE_CURVE('',#1483,#1484,#1782,.T.);
#1049=EDGE_CURVE('',#1484,#1485,#1783,.T.);
#1050=EDGE_CURVE('',#1486,#1485,#1784,.T.);
#1051=EDGE_CURVE('',#1486,#1487,#1785,.T.);
#1052=EDGE_CURVE('',#1487,#1488,#1786,.T.);
#1053=EDGE_CURVE('',#1488,#1489,#1787,.T.);
#1054=EDGE_CURVE('',#1490,#1489,#1788,.T.);
#1055=EDGE_CURVE('',#1490,#1491,#1789,.T.);
#1056=EDGE_CURVE('',#1491,#1492,#1790,.T.);
#1057=EDGE_CURVE('',#1492,#1482,#1791,.T.);
#1058=EDGE_CURVE('',#1493,#1494,#49,.T.);
#1059=EDGE_CURVE('',#1495,#1493,#1792,.T.);
#1060=EDGE_CURVE('',#1495,#1496,#1793,.T.);
#1061=EDGE_CURVE('',#1497,#1496,#1794,.T.);
#1062=EDGE_CURVE('',#1498,#1497,#1795,.T.);
#1063=EDGE_CURVE('',#1494,#1498,#1796,.T.);
#1064=EDGE_CURVE('',#1499,#1499,#50,.T.);
#1065=EDGE_CURVE('',#1500,#1500,#51,.T.);
#1066=EDGE_CURVE('',#1496,#1501,#1797,.T.);
#1067=EDGE_CURVE('',#1502,#1501,#1798,.T.);
#1068=EDGE_CURVE('',#1497,#1502,#1799,.T.);
#1069=EDGE_CURVE('',#1503,#1490,#1800,.T.);
#1070=EDGE_CURVE('',#1503,#1504,#1801,.T.);
#1071=EDGE_CURVE('',#1504,#1491,#1802,.T.);
#1072=EDGE_CURVE('',#1505,#1506,#1803,.T.);
#1073=EDGE_CURVE('',#1505,#1507,#1804,.T.);
#1074=EDGE_CURVE('',#1507,#1508,#1805,.T.);
#1075=EDGE_CURVE('',#1506,#1508,#1806,.T.);
#1076=EDGE_CURVE('',#1509,#1510,#1807,.T.);
#1077=EDGE_CURVE('',#1509,#1511,#1808,.T.);
#1078=EDGE_CURVE('',#1511,#1512,#1809,.T.);
#1079=EDGE_CURVE('',#1510,#1512,#1810,.T.);
#1080=EDGE_CURVE('',#1513,#1514,#1811,.T.);
#1081=EDGE_CURVE('',#1513,#1515,#1812,.T.);
#1082=EDGE_CURVE('',#1515,#1516,#1813,.T.);
#1083=EDGE_CURVE('',#1514,#1516,#1814,.T.);
#1084=EDGE_CURVE('',#1517,#1518,#1815,.T.);
#1085=EDGE_CURVE('',#1517,#1519,#1816,.T.);
#1086=EDGE_CURVE('',#1519,#1520,#1817,.T.);
#1087=EDGE_CURVE('',#1518,#1520,#1818,.T.);
#1088=EDGE_CURVE('',#1521,#1522,#1819,.T.);
#1089=EDGE_CURVE('',#1521,#1523,#1820,.T.);
#1090=EDGE_CURVE('',#1523,#1524,#1821,.T.);
#1091=EDGE_CURVE('',#1522,#1524,#1822,.T.);
#1092=EDGE_CURVE('',#1525,#1525,#52,.F.);
#1093=EDGE_CURVE('',#1526,#1526,#53,.F.);
#1094=EDGE_CURVE('',#1527,#1408,#1823,.T.);
#1095=EDGE_CURVE('',#1528,#1527,#1824,.T.);
#1096=EDGE_CURVE('',#1528,#1409,#1825,.T.);
#1097=EDGE_CURVE('',#1529,#1530,#1826,.T.);
#1098=EDGE_CURVE('',#1529,#1531,#1827,.T.);
#1099=EDGE_CURVE('',#1531,#1532,#1828,.T.);
#1100=EDGE_CURVE('',#1530,#1532,#1829,.T.);
#1101=EDGE_CURVE('',#1533,#1533,#54,.T.);
#1102=EDGE_CURVE('',#1534,#1534,#55,.T.);
#1103=EDGE_CURVE('',#1535,#1535,#56,.T.);
#1104=EDGE_CURVE('',#1536,#1536,#57,.T.);
#1105=EDGE_CURVE('',#1537,#1537,#58,.T.);
#1106=EDGE_CURVE('',#1538,#1538,#59,.T.);
#1107=EDGE_CURVE('',#1539,#1540,#1830,.T.);
#1108=EDGE_CURVE('',#1539,#1541,#1831,.T.);
#1109=EDGE_CURVE('',#1541,#1542,#1832,.T.);
#1110=EDGE_CURVE('',#1540,#1542,#1833,.T.);
#1111=EDGE_CURVE('',#1543,#1544,#1834,.T.);
#1112=EDGE_CURVE('',#1544,#1545,#1835,.T.);
#1113=EDGE_CURVE('',#1546,#1545,#1836,.T.);
#1114=EDGE_CURVE('',#1543,#1546,#1837,.T.);
#1115=EDGE_CURVE('',#1547,#1548,#1838,.T.);
#1116=EDGE_CURVE('',#1548,#1549,#1839,.T.);
#1117=EDGE_CURVE('',#1550,#1549,#1840,.T.);
#1118=EDGE_CURVE('',#1547,#1550,#1841,.T.);
#1119=EDGE_CURVE('',#1551,#1552,#1842,.T.);
#1120=EDGE_CURVE('',#1552,#1553,#1843,.T.);
#1121=EDGE_CURVE('',#1554,#1553,#1844,.T.);
#1122=EDGE_CURVE('',#1551,#1554,#1845,.T.);
#1123=EDGE_CURVE('',#1555,#1556,#1846,.T.);
#1124=EDGE_CURVE('',#1556,#1557,#1847,.T.);
#1125=EDGE_CURVE('',#1558,#1557,#1848,.T.);
#1126=EDGE_CURVE('',#1555,#1558,#1849,.T.);
#1127=EDGE_CURVE('',#1559,#1560,#1850,.T.);
#1128=EDGE_CURVE('',#1560,#1561,#1851,.T.);
#1129=EDGE_CURVE('',#1562,#1561,#1852,.T.);
#1130=EDGE_CURVE('',#1559,#1562,#1853,.T.);
#1131=EDGE_CURVE('',#1563,#1564,#1854,.T.);
#1132=EDGE_CURVE('',#1564,#1565,#1855,.T.);
#1133=EDGE_CURVE('',#1566,#1565,#1856,.T.);
#1134=EDGE_CURVE('',#1563,#1566,#1857,.T.);
#1135=EDGE_CURVE('',#1415,#1484,#1858,.T.);
#1136=EDGE_CURVE('',#1414,#1485,#1859,.T.);
#1137=EDGE_CURVE('',#1567,#1567,#60,.T.);
#1138=EDGE_CURVE('',#1568,#1568,#61,.T.);
#1139=EDGE_CURVE('',#1405,#1482,#1860,.T.);
#1140=EDGE_CURVE('',#1569,#1492,#1861,.T.);
#1141=EDGE_CURVE('',#1569,#1570,#1862,.T.);
#1142=EDGE_CURVE('',#1570,#1489,#1863,.T.);
#1143=EDGE_CURVE('',#1411,#1488,#1864,.T.);
#1144=EDGE_CURVE('',#1571,#1410,#1865,.T.);
#1145=EDGE_CURVE('',#1571,#1572,#1866,.T.);
#1146=EDGE_CURVE('',#1572,#1407,#1867,.T.);
#1147=EDGE_CURVE('',#1573,#1573,#62,.T.);
#1148=EDGE_CURVE('',#1574,#1574,#63,.T.);
#1149=EDGE_CURVE('',#1575,#1576,#1868,.T.);
#1150=EDGE_CURVE('',#1577,#1575,#1869,.T.);
#1151=EDGE_CURVE('',#1577,#1578,#1870,.T.);
#1152=EDGE_CURVE('',#1578,#1576,#1871,.T.);
#1153=EDGE_CURVE('',#1579,#1579,#64,.T.);
#1154=EDGE_CURVE('',#1580,#1580,#65,.T.);
#1155=EDGE_CURVE('',#1581,#1581,#66,.T.);
#1156=EDGE_CURVE('',#1495,#1582,#67,.T.);
#1157=EDGE_CURVE('',#1582,#1501,#1872,.T.);
#1158=EDGE_CURVE('',#1583,#1508,#1873,.T.);
#1159=EDGE_CURVE('',#1584,#1507,#1874,.T.);
#1160=EDGE_CURVE('',#1584,#1583,#1875,.T.);
#1161=EDGE_CURVE('',#1585,#1586,#1876,.T.);
#1162=EDGE_CURVE('',#1585,#1587,#1877,.T.);
#1163=EDGE_CURVE('',#1587,#1588,#1878,.T.);
#1164=EDGE_CURVE('',#1586,#1588,#1879,.T.);
#1165=EDGE_CURVE('',#1589,#1519,#1880,.T.);
#1166=EDGE_CURVE('',#1589,#1590,#1881,.T.);
#1167=EDGE_CURVE('',#1590,#1520,#1882,.T.);
#1168=EDGE_CURVE('',#1591,#1592,#1883,.T.);
#1169=EDGE_CURVE('',#1592,#1593,#1884,.T.);
#1170=EDGE_CURVE('',#1594,#1593,#1885,.T.);
#1171=EDGE_CURVE('',#1591,#1594,#1886,.T.);
#1172=EDGE_CURVE('',#1595,#1596,#1887,.T.);
#1173=EDGE_CURVE('',#1595,#1597,#1888,.T.);
#1174=EDGE_CURVE('',#1597,#1598,#1889,.T.);
#1175=EDGE_CURVE('',#1599,#1598,#1890,.T.);
#1176=EDGE_CURVE('',#1600,#1599,#1891,.T.);
#1177=EDGE_CURVE('',#1600,#1505,#1892,.T.);
#1178=EDGE_CURVE('',#1596,#1506,#1893,.T.);
#1179=EDGE_CURVE('',#1601,#1602,#1894,.T.);
#1180=EDGE_CURVE('',#1602,#1603,#1895,.T.);
#1181=EDGE_CURVE('',#1604,#1603,#1896,.T.);
#1182=EDGE_CURVE('',#1604,#1509,#1897,.T.);
#1183=EDGE_CURVE('',#1605,#1510,#1898,.T.);
#1184=EDGE_CURVE('',#1606,#1605,#1899,.T.);
#1185=EDGE_CURVE('',#1601,#1606,#1900,.T.);
#1186=EDGE_CURVE('',#1607,#1608,#1901,.T.);
#1187=EDGE_CURVE('',#1609,#1607,#1902,.T.);
#1188=EDGE_CURVE('',#1609,#1610,#1903,.T.);
#1189=EDGE_CURVE('',#1610,#1611,#1904,.T.);
#1190=EDGE_CURVE('',#1611,#1512,#1905,.T.);
#1191=EDGE_CURVE('',#1612,#1511,#1906,.T.);
#1192=EDGE_CURVE('',#1612,#1608,#1907,.T.);
#1193=EDGE_CURVE('',#1613,#1614,#1908,.T.);
#1194=EDGE_CURVE('',#1615,#1613,#1909,.T.);
#1195=EDGE_CURVE('',#1615,#1616,#1910,.T.);
#1196=EDGE_CURVE('',#1616,#1617,#1911,.T.);
#1197=EDGE_CURVE('',#1617,#1515,#1912,.T.);
#1198=EDGE_CURVE('',#1618,#1513,#1913,.T.);
#1199=EDGE_CURVE('',#1618,#1614,#1914,.T.);
#1200=EDGE_CURVE('',#1619,#1620,#1915,.T.);
#1201=EDGE_CURVE('',#1620,#1621,#1916,.T.);
#1202=EDGE_CURVE('',#1622,#1621,#1917,.T.);
#1203=EDGE_CURVE('',#1622,#1514,#1918,.T.);
#1204=EDGE_CURVE('',#1623,#1516,#1919,.T.);
#1205=EDGE_CURVE('',#1624,#1623,#1920,.T.);
#1206=EDGE_CURVE('',#1619,#1624,#1921,.T.);
#1207=EDGE_CURVE('',#1625,#1626,#1922,.T.);
#1208=EDGE_CURVE('',#1626,#1627,#1923,.T.);
#1209=EDGE_CURVE('',#1628,#1627,#1924,.T.);
#1210=EDGE_CURVE('',#1628,#1517,#1925,.T.);
#1211=EDGE_CURVE('',#1629,#1518,#1926,.T.);
#1212=EDGE_CURVE('',#1630,#1629,#1927,.T.);
#1213=EDGE_CURVE('',#1625,#1630,#1928,.T.);
#1214=EDGE_CURVE('',#1570,#1544,#1929,.T.);
#1215=EDGE_CURVE('',#1543,#1571,#1930,.T.);
#1216=EDGE_CURVE('',#1503,#1528,#1931,.T.);
#1217=EDGE_CURVE('',#1504,#1527,#1932,.T.);
#1218=EDGE_CURVE('',#1546,#1572,#1933,.T.);
#1219=EDGE_CURVE('',#1569,#1545,#1934,.T.);
#1220=EDGE_CURVE('',#1628,#1618,#1935,.T.);
#1221=EDGE_CURVE('',#1622,#1612,#1936,.T.);
#1222=EDGE_CURVE('',#1604,#1596,#1937,.T.);
#1223=EDGE_CURVE('',#1583,#1589,#1938,.T.);
#1224=EDGE_CURVE('',#1584,#1590,#1939,.T.);
#1225=EDGE_CURVE('',#1605,#1600,#1940,.T.);
#1226=EDGE_CURVE('',#1623,#1611,#1941,.T.);
#1227=EDGE_CURVE('',#1629,#1617,#1942,.T.);
#1228=EDGE_CURVE('',#1631,#1631,#68,.T.);
#1229=EDGE_CURVE('',#1632,#1632,#69,.T.);
#1230=EDGE_CURVE('',#1633,#1633,#70,.T.);
#1231=EDGE_CURVE('',#1634,#1634,#71,.T.);
#1232=EDGE_CURVE('',#1635,#1635,#72,.T.);
#1233=EDGE_CURVE('',#1608,#1603,#1943,.T.);
#1234=EDGE_CURVE('',#1614,#1621,#1944,.T.);
#1235=EDGE_CURVE('',#1593,#1627,#1945,.T.);
#1236=EDGE_CURVE('',#1592,#1630,#1946,.T.);
#1237=EDGE_CURVE('',#1616,#1624,#1947,.T.);
#1238=EDGE_CURVE('',#1610,#1606,#1948,.T.);
#1239=EDGE_CURVE('',#1599,#1587,#1949,.T.);
#1240=EDGE_CURVE('',#1595,#1585,#1950,.T.);
#1241=EDGE_CURVE('',#1636,#1636,#73,.T.);
#1242=EDGE_CURVE('',#1637,#1637,#74,.T.);
#1243=EDGE_CURVE('',#1638,#1638,#75,.T.);
#1244=EDGE_CURVE('',#1639,#1639,#76,.T.);
#1245=EDGE_CURVE('',#1640,#1640,#77,.T.);
#1246=EDGE_CURVE('',#1591,#1625,#1951,.T.);
#1247=EDGE_CURVE('',#1594,#1626,#1952,.T.);
#1248=EDGE_CURVE('',#1598,#1588,#1953,.T.);
#1249=EDGE_CURVE('',#1597,#1586,#1954,.T.);
#1250=EDGE_CURVE('',#1615,#1619,#1955,.T.);
#1251=EDGE_CURVE('',#1613,#1620,#1956,.T.);
#1252=EDGE_CURVE('',#1607,#1602,#1957,.T.);
#1253=EDGE_CURVE('',#1609,#1601,#1958,.T.);
#1254=EDGE_CURVE('',#1641,#1641,#78,.T.);
#1255=EDGE_CURVE('',#1642,#1498,#79,.T.);
#1256=EDGE_CURVE('',#1642,#1502,#1959,.T.);
#1257=EDGE_CURVE('',#1582,#1642,#1960,.T.);
#1258=EDGE_CURVE('',#1493,#1494,#1961,.T.);
#1259=EDGE_CURVE('',#1643,#1643,#80,.T.);
#1260=EDGE_CURVE('',#1644,#1540,#1962,.T.);
#1261=EDGE_CURVE('',#1645,#1542,#1963,.T.);
#1262=EDGE_CURVE('',#1644,#1645,#81,.T.);
#1263=EDGE_CURVE('',#1646,#1549,#1964,.T.);
#1264=EDGE_CURVE('',#1647,#1646,#1965,.T.);
#1265=EDGE_CURVE('',#1647,#1550,#1966,.T.);
#1266=EDGE_CURVE('',#1648,#1649,#1967,.T.);
#1267=EDGE_CURVE('',#1649,#1650,#1968,.T.);
#1268=EDGE_CURVE('',#1651,#1650,#1969,.T.);
#1269=EDGE_CURVE('',#1648,#1651,#1970,.T.);
#1270=EDGE_CURVE('',#1652,#1561,#1971,.T.);
#1271=EDGE_CURVE('',#1653,#1652,#1972,.T.);
#1272=EDGE_CURVE('',#1653,#1562,#1973,.T.);
#1273=EDGE_CURVE('',#1654,#1655,#1974,.T.);
#1274=EDGE_CURVE('',#1654,#1656,#1975,.T.);
#1275=EDGE_CURVE('',#1656,#1657,#1976,.T.);
#1276=EDGE_CURVE('',#1655,#1657,#1977,.T.);
#1277=EDGE_CURVE('',#1658,#1659,#1978,.T.);
#1278=EDGE_CURVE('',#1659,#1548,#1979,.T.);
#1279=EDGE_CURVE('',#1660,#1547,#1980,.T.);
#1280=EDGE_CURVE('',#1660,#1661,#1981,.T.);
#1281=EDGE_CURVE('',#1661,#1662,#1982,.T.);
#1282=EDGE_CURVE('',#1663,#1662,#1983,.T.);
#1283=EDGE_CURVE('',#1658,#1663,#1984,.T.);
#1284=EDGE_CURVE('',#1664,#1665,#1985,.T.);
#1285=EDGE_CURVE('',#1664,#1666,#1986,.T.);
#1286=EDGE_CURVE('',#1666,#1667,#1987,.T.);
#1287=EDGE_CURVE('',#1667,#1552,#1988,.T.);
#1288=EDGE_CURVE('',#1668,#1551,#1989,.T.);
#1289=EDGE_CURVE('',#1668,#1669,#1990,.T.);
#1290=EDGE_CURVE('',#1665,#1669,#1991,.T.);
#1291=EDGE_CURVE('',#1670,#1671,#1992,.T.);
#1292=EDGE_CURVE('',#1672,#1671,#1993,.T.);
#1293=EDGE_CURVE('',#1672,#1554,#1994,.T.);
#1294=EDGE_CURVE('',#1673,#1553,#1995,.T.);
#1295=EDGE_CURVE('',#1674,#1673,#1996,.T.);
#1296=EDGE_CURVE('',#1675,#1674,#1997,.T.);
#1297=EDGE_CURVE('',#1675,#1670,#1998,.T.);
#1298=EDGE_CURVE('',#1676,#1677,#1999,.T.);
#1299=EDGE_CURVE('',#1678,#1677,#2000,.T.);
#1300=EDGE_CURVE('',#1678,#1555,#2001,.T.);
#1301=EDGE_CURVE('',#1679,#1558,#2002,.T.);
#1302=EDGE_CURVE('',#1680,#1679,#2003,.T.);
#1303=EDGE_CURVE('',#1681,#1680,#2004,.T.);
#1304=EDGE_CURVE('',#1681,#1676,#2005,.T.);
#1305=EDGE_CURVE('',#1682,#1683,#2006,.T.);
#1306=EDGE_CURVE('',#1682,#1684,#2007,.T.);
#1307=EDGE_CURVE('',#1684,#1685,#2008,.T.);
#1308=EDGE_CURVE('',#1685,#1557,#2009,.T.);
#1309=EDGE_CURVE('',#1686,#1556,#2010,.T.);
#1310=EDGE_CURVE('',#1686,#1687,#2011,.T.);
#1311=EDGE_CURVE('',#1683,#1687,#2012,.T.);
#1312=EDGE_CURVE('',#1688,#1689,#2013,.T.);
#1313=EDGE_CURVE('',#1688,#1690,#2014,.T.);
#1314=EDGE_CURVE('',#1690,#1691,#2015,.T.);
#1315=EDGE_CURVE('',#1691,#1560,#2016,.T.);
#1316=EDGE_CURVE('',#1692,#1559,#2017,.T.);
#1317=EDGE_CURVE('',#1692,#1693,#2018,.T.);
#1318=EDGE_CURVE('',#1689,#1693,#2019,.T.);
#1319=EDGE_CURVE('',#1646,#1653,#2020,.T.);
#1320=EDGE_CURVE('',#1668,#1659,#2021,.T.);
#1321=EDGE_CURVE('',#1686,#1672,#2022,.T.);
#1322=EDGE_CURVE('',#1692,#1678,#2023,.T.);
#1323=EDGE_CURVE('',#1691,#1679,#2024,.T.);
#1324=EDGE_CURVE('',#1685,#1673,#2025,.T.);
#1325=EDGE_CURVE('',#1667,#1660,#2026,.T.);
#1326=EDGE_CURVE('',#1647,#1652,#2027,.T.);
#1327=EDGE_CURVE('',#1694,#1694,#82,.T.);
#1328=EDGE_CURVE('',#1695,#1695,#83,.T.);
#1329=EDGE_CURVE('',#1696,#1696,#84,.T.);
#1330=EDGE_CURVE('',#1697,#1697,#85,.T.);
#1331=EDGE_CURVE('',#1698,#1698,#86,.T.);
#1332=EDGE_CURVE('',#1658,#1648,#2028,.T.);
#1333=EDGE_CURVE('',#1661,#1651,#2029,.T.);
#1334=EDGE_CURVE('',#1674,#1666,#2030,.T.);
#1335=EDGE_CURVE('',#1680,#1684,#2031,.T.);
#1336=EDGE_CURVE('',#1655,#1690,#2032,.T.);
#1337=EDGE_CURVE('',#1657,#1693,#2033,.T.);
#1338=EDGE_CURVE('',#1677,#1687,#2034,.T.);
#1339=EDGE_CURVE('',#1671,#1669,#2035,.T.);
#1340=EDGE_CURVE('',#1699,#1699,#87,.T.);
#1341=EDGE_CURVE('',#1700,#1700,#88,.T.);
#1342=EDGE_CURVE('',#1701,#1701,#89,.T.);
#1343=EDGE_CURVE('',#1702,#1702,#90,.T.);
#1344=EDGE_CURVE('',#1703,#1703,#91,.T.);
#1345=EDGE_CURVE('',#1654,#1688,#2036,.T.);
#1346=EDGE_CURVE('',#1656,#1689,#2037,.T.);
#1347=EDGE_CURVE('',#1662,#1650,#2038,.T.);
#1348=EDGE_CURVE('',#1663,#1649,#2039,.T.);
#1349=EDGE_CURVE('',#1681,#1682,#2040,.T.);
#1350=EDGE_CURVE('',#1676,#1683,#2041,.T.);
#1351=EDGE_CURVE('',#1670,#1665,#2042,.T.);
#1352=EDGE_CURVE('',#1675,#1664,#2043,.T.);
#1353=EDGE_CURVE('',#1644,#1704,#2044,.T.);
#1354=EDGE_CURVE('',#1704,#1539,#2045,.T.);
#1355=EDGE_CURVE('',#1705,#1705,#92,.T.);
#1356=EDGE_CURVE('',#1706,#1704,#93,.T.);
#1357=EDGE_CURVE('',#1706,#1541,#2046,.T.);
#1358=EDGE_CURVE('',#1645,#1706,#2047,.T.);
#1359=EDGE_CURVE('',#1563,#1577,#2048,.T.);
#1360=EDGE_CURVE('',#1564,#1575,#2049,.T.);
#1361=EDGE_CURVE('',#1566,#1578,#2050,.T.);
#1362=EDGE_CURVE('',#1565,#1576,#2051,.T.);
#1363=EDGE_CURVE('',#1707,#1707,#94,.T.);
#1364=EDGE_CURVE('',#1708,#1708,#95,.T.);
#1365=EDGE_CURVE('',#1530,#1523,#2052,.T.);
#1366=EDGE_CURVE('',#1529,#1521,#2053,.T.);
#1367=EDGE_CURVE('',#1531,#1522,#2054,.T.);
#1368=EDGE_CURVE('',#1532,#1524,#2055,.T.);
#1369=EDGE_CURVE('',#1709,#1709,#96,.T.);
#1370=EDGE_CURVE('',#1494,#1493,#97,.T.);
#1371=EDGE_CURVE('',#1710,#1710,#98,.T.);
#1372=EDGE_CURVE('',#1711,#1711,#99,.T.);
#1373=EDGE_CURVE('',#1430,#1466,#2056,.T.);
#1374=EDGE_CURVE('',#1431,#1465,#2057,.T.);
#1375=EDGE_CURVE('',#1432,#1468,#2058,.T.);
#1376=EDGE_CURVE('',#1429,#1467,#2059,.T.);
#1377=EDGE_CURVE('',#1434,#1461,#2060,.T.);
#1378=EDGE_CURVE('',#1435,#1460,#2061,.T.);
#1379=EDGE_CURVE('',#1436,#1463,#2062,.T.);
#1380=EDGE_CURVE('',#1433,#1462,#2063,.T.);
#1381=EDGE_CURVE('',#1425,#1471,#2064,.T.);
#1382=EDGE_CURVE('',#1424,#1469,#2065,.T.);
#1383=EDGE_CURVE('',#1426,#1470,#2066,.T.);
#1384=EDGE_CURVE('',#1427,#1472,#2067,.T.);
#1385=EDGE_CURVE('',#1421,#1475,#2068,.T.);
#1386=EDGE_CURVE('',#1420,#1473,#2069,.T.);
#1387=EDGE_CURVE('',#1422,#1474,#2070,.T.);
#1388=EDGE_CURVE('',#1423,#1476,#2071,.T.);
#1389=EDGE_CURVE('',#1412,#1487,#2072,.T.);
#1390=EDGE_CURVE('',#1413,#1486,#2073,.T.);
#1391=EDGE_CURVE('',#1438,#1454,#2074,.T.);
#1392=EDGE_CURVE('',#1439,#1453,#2075,.T.);
#1393=EDGE_CURVE('',#1440,#1456,#2076,.T.);
#1394=EDGE_CURVE('',#1437,#1455,#2077,.T.);
#1395=EDGE_CURVE('',#1442,#1478,#2078,.T.);
#1396=EDGE_CURVE('',#1443,#1477,#2079,.T.);
#1397=EDGE_CURVE('',#1444,#1480,#2080,.T.);
#1398=EDGE_CURVE('',#1441,#1479,#2081,.T.);
#1399=EDGE_CURVE('',#1446,#1450,#2082,.T.);
#1400=EDGE_CURVE('',#1447,#1449,#2083,.T.);
#1401=EDGE_CURVE('',#1448,#1452,#2084,.T.);
#1402=EDGE_CURVE('',#1445,#1451,#2085,.T.);
#1403=EDGE_CURVE('',#1416,#1483,#2086,.T.);
#1404=EDGE_CURVE('',#1406,#1481,#2087,.T.);
#1405=VERTEX_POINT('',#4220);
#1406=VERTEX_POINT('',#4221);
#1407=VERTEX_POINT('',#4223);
#1408=VERTEX_POINT('',#4225);
#1409=VERTEX_POINT('',#4227);
#1410=VERTEX_POINT('',#4229);
#1411=VERTEX_POINT('',#4231);
#1412=VERTEX_POINT('',#4233);
#1413=VERTEX_POINT('',#4235);
#1414=VERTEX_POINT('',#4237);
#1415=VERTEX_POINT('',#4239);
#1416=VERTEX_POINT('',#4241);
#1417=VERTEX_POINT('',#4244);
#1418=VERTEX_POINT('',#4246);
#1419=VERTEX_POINT('',#4248);
#1420=VERTEX_POINT('',#4250);
#1421=VERTEX_POINT('',#4251);
#1422=VERTEX_POINT('',#4253);
#1423=VERTEX_POINT('',#4255);
#1424=VERTEX_POINT('',#4258);
#1425=VERTEX_POINT('',#4259);
#1426=VERTEX_POINT('',#4261);
#1427=VERTEX_POINT('',#4263);
#1428=VERTEX_POINT('',#4266);
#1429=VERTEX_POINT('',#4268);
#1430=VERTEX_POINT('',#4269);
#1431=VERTEX_POINT('',#4271);
#1432=VERTEX_POINT('',#4273);
#1433=VERTEX_POINT('',#4276);
#1434=VERTEX_POINT('',#4277);
#1435=VERTEX_POINT('',#4279);
#1436=VERTEX_POINT('',#4281);
#1437=VERTEX_POINT('',#4284);
#1438=VERTEX_POINT('',#4285);
#1439=VERTEX_POINT('',#4287);
#1440=VERTEX_POINT('',#4289);
#1441=VERTEX_POINT('',#4292);
#1442=VERTEX_POINT('',#4293);
#1443=VERTEX_POINT('',#4295);
#1444=VERTEX_POINT('',#4297);
#1445=VERTEX_POINT('',#4300);
#1446=VERTEX_POINT('',#4301);
#1447=VERTEX_POINT('',#4303);
#1448=VERTEX_POINT('',#4305);
#1449=VERTEX_POINT('',#4309);
#1450=VERTEX_POINT('',#4310);
#1451=VERTEX_POINT('',#4312);
#1452=VERTEX_POINT('',#4314);
#1453=VERTEX_POINT('',#4317);
#1454=VERTEX_POINT('',#4318);
#1455=VERTEX_POINT('',#4320);
#1456=VERTEX_POINT('',#4322);
#1457=VERTEX_POINT('',#4325);
#1458=VERTEX_POINT('',#4327);
#1459=VERTEX_POINT('',#4329);
#1460=VERTEX_POINT('',#4331);
#1461=VERTEX_POINT('',#4332);
#1462=VERTEX_POINT('',#4334);
#1463=VERTEX_POINT('',#4336);
#1464=VERTEX_POINT('',#4339);
#1465=VERTEX_POINT('',#4341);
#1466=VERTEX_POINT('',#4342);
#1467=VERTEX_POINT('',#4344);
#1468=VERTEX_POINT('',#4346);
#1469=VERTEX_POINT('',#4349);
#1470=VERTEX_POINT('',#4350);
#1471=VERTEX_POINT('',#4352);
#1472=VERTEX_POINT('',#4354);
#1473=VERTEX_POINT('',#4357);
#1474=VERTEX_POINT('',#4358);
#1475=VERTEX_POINT('',#4360);
#1476=VERTEX_POINT('',#4362);
#1477=VERTEX_POINT('',#4365);
#1478=VERTEX_POINT('',#4366);
#1479=VERTEX_POINT('',#4368);
#1480=VERTEX_POINT('',#4370);
#1481=VERTEX_POINT('',#4373);
#1482=VERTEX_POINT('',#4374);
#1483=VERTEX_POINT('',#4376);
#1484=VERTEX_POINT('',#4378);
#1485=VERTEX_POINT('',#4380);
#1486=VERTEX_POINT('',#4382);
#1487=VERTEX_POINT('',#4384);
#1488=VERTEX_POINT('',#4386);
#1489=VERTEX_POINT('',#4388);
#1490=VERTEX_POINT('',#4390);
#1491=VERTEX_POINT('',#4392);
#1492=VERTEX_POINT('',#4394);
#1493=VERTEX_POINT('',#4398);
#1494=VERTEX_POINT('',#4399);
#1495=VERTEX_POINT('',#4401);
#1496=VERTEX_POINT('',#4403);
#1497=VERTEX_POINT('',#4405);
#1498=VERTEX_POINT('',#4407);
#1499=VERTEX_POINT('',#4411);
#1500=VERTEX_POINT('',#4413);
#1501=VERTEX_POINT('',#4415);
#1502=VERTEX_POINT('',#4417);
#1503=VERTEX_POINT('',#4420);
#1504=VERTEX_POINT('',#4422);
#1505=VERTEX_POINT('',#4425);
#1506=VERTEX_POINT('',#4426);
#1507=VERTEX_POINT('',#4428);
#1508=VERTEX_POINT('',#4430);
#1509=VERTEX_POINT('',#4433);
#1510=VERTEX_POINT('',#4434);
#1511=VERTEX_POINT('',#4436);
#1512=VERTEX_POINT('',#4438);
#1513=VERTEX_POINT('',#4441);
#1514=VERTEX_POINT('',#4442);
#1515=VERTEX_POINT('',#4444);
#1516=VERTEX_POINT('',#4446);
#1517=VERTEX_POINT('',#4449);
#1518=VERTEX_POINT('',#4450);
#1519=VERTEX_POINT('',#4452);
#1520=VERTEX_POINT('',#4454);
#1521=VERTEX_POINT('',#4457);
#1522=VERTEX_POINT('',#4458);
#1523=VERTEX_POINT('',#4460);
#1524=VERTEX_POINT('',#4462);
#1525=VERTEX_POINT('',#4466);
#1526=VERTEX_POINT('',#4468);
#1527=VERTEX_POINT('',#4470);
#1528=VERTEX_POINT('',#4472);
#1529=VERTEX_POINT('',#4475);
#1530=VERTEX_POINT('',#4476);
#1531=VERTEX_POINT('',#4478);
#1532=VERTEX_POINT('',#4480);
#1533=VERTEX_POINT('',#4484);
#1534=VERTEX_POINT('',#4486);
#1535=VERTEX_POINT('',#4488);
#1536=VERTEX_POINT('',#4490);
#1537=VERTEX_POINT('',#4492);
#1538=VERTEX_POINT('',#4494);
#1539=VERTEX_POINT('',#4496);
#1540=VERTEX_POINT('',#4497);
#1541=VERTEX_POINT('',#4499);
#1542=VERTEX_POINT('',#4501);
#1543=VERTEX_POINT('',#4504);
#1544=VERTEX_POINT('',#4505);
#1545=VERTEX_POINT('',#4507);
#1546=VERTEX_POINT('',#4509);
#1547=VERTEX_POINT('',#4512);
#1548=VERTEX_POINT('',#4513);
#1549=VERTEX_POINT('',#4515);
#1550=VERTEX_POINT('',#4517);
#1551=VERTEX_POINT('',#4520);
#1552=VERTEX_POINT('',#4521);
#1553=VERTEX_POINT('',#4523);
#1554=VERTEX_POINT('',#4525);
#1555=VERTEX_POINT('',#4528);
#1556=VERTEX_POINT('',#4529);
#1557=VERTEX_POINT('',#4531);
#1558=VERTEX_POINT('',#4533);
#1559=VERTEX_POINT('',#4536);
#1560=VERTEX_POINT('',#4537);
#1561=VERTEX_POINT('',#4539);
#1562=VERTEX_POINT('',#4541);
#1563=VERTEX_POINT('',#4544);
#1564=VERTEX_POINT('',#4545);
#1565=VERTEX_POINT('',#4547);
#1566=VERTEX_POINT('',#4549);
#1567=VERTEX_POINT('',#4555);
#1568=VERTEX_POINT('',#4557);
#1569=VERTEX_POINT('',#4560);
#1570=VERTEX_POINT('',#4562);
#1571=VERTEX_POINT('',#4566);
#1572=VERTEX_POINT('',#4568);
#1573=VERTEX_POINT('',#4571);
#1574=VERTEX_POINT('',#4573);
#1575=VERTEX_POINT('',#4575);
#1576=VERTEX_POINT('',#4576);
#1577=VERTEX_POINT('',#4578);
#1578=VERTEX_POINT('',#4580);
#1579=VERTEX_POINT('',#4583);
#1580=VERTEX_POINT('',#4585);
#1581=VERTEX_POINT('',#4588);
#1582=VERTEX_POINT('',#4590);
#1583=VERTEX_POINT('',#4594);
#1584=VERTEX_POINT('',#4596);
#1585=VERTEX_POINT('',#4599);
#1586=VERTEX_POINT('',#4600);
#1587=VERTEX_POINT('',#4602);
#1588=VERTEX_POINT('',#4604);
#1589=VERTEX_POINT('',#4608);
#1590=VERTEX_POINT('',#4610);
#1591=VERTEX_POINT('',#4613);
#1592=VERTEX_POINT('',#4614);
#1593=VERTEX_POINT('',#4616);
#1594=VERTEX_POINT('',#4618);
#1595=VERTEX_POINT('',#4622);
#1596=VERTEX_POINT('',#4623);
#1597=VERTEX_POINT('',#4625);
#1598=VERTEX_POINT('',#4627);
#1599=VERTEX_POINT('',#4629);
#1600=VERTEX_POINT('',#4631);
#1601=VERTEX_POINT('',#4636);
#1602=VERTEX_POINT('',#4637);
#1603=VERTEX_POINT('',#4639);
#1604=VERTEX_POINT('',#4641);
#1605=VERTEX_POINT('',#4644);
#1606=VERTEX_POINT('',#4646);
#1607=VERTEX_POINT('',#4650);
#1608=VERTEX_POINT('',#4651);
#1609=VERTEX_POINT('',#4653);
#1610=VERTEX_POINT('',#4655);
#1611=VERTEX_POINT('',#4657);
#1612=VERTEX_POINT('',#4660);
#1613=VERTEX_POINT('',#4664);
#1614=VERTEX_POINT('',#4665);
#1615=VERTEX_POINT('',#4667);
#1616=VERTEX_POINT('',#4669);
#1617=VERTEX_POINT('',#4671);
#1618=VERTEX_POINT('',#4674);
#1619=VERTEX_POINT('',#4678);
#1620=VERTEX_POINT('',#4679);
#1621=VERTEX_POINT('',#4681);
#1622=VERTEX_POINT('',#4683);
#1623=VERTEX_POINT('',#4686);
#1624=VERTEX_POINT('',#4688);
#1625=VERTEX_POINT('',#4692);
#1626=VERTEX_POINT('',#4693);
#1627=VERTEX_POINT('',#4695);
#1628=VERTEX_POINT('',#4697);
#1629=VERTEX_POINT('',#4700);
#1630=VERTEX_POINT('',#4702);
#1631=VERTEX_POINT('',#4725);
#1632=VERTEX_POINT('',#4727);
#1633=VERTEX_POINT('',#4729);
#1634=VERTEX_POINT('',#4731);
#1635=VERTEX_POINT('',#4733);
#1636=VERTEX_POINT('',#4744);
#1637=VERTEX_POINT('',#4746);
#1638=VERTEX_POINT('',#4748);
#1639=VERTEX_POINT('',#4750);
#1640=VERTEX_POINT('',#4752);
#1641=VERTEX_POINT('',#4780);
#1642=VERTEX_POINT('',#4782);
#1643=VERTEX_POINT('',#4791);
#1644=VERTEX_POINT('',#4793);
#1645=VERTEX_POINT('',#4795);
#1646=VERTEX_POINT('',#4799);
#1647=VERTEX_POINT('',#4801);
#1648=VERTEX_POINT('',#4804);
#1649=VERTEX_POINT('',#4805);
#1650=VERTEX_POINT('',#4807);
#1651=VERTEX_POINT('',#4809);
#1652=VERTEX_POINT('',#4813);
#1653=VERTEX_POINT('',#4815);
#1654=VERTEX_POINT('',#4818);
#1655=VERTEX_POINT('',#4819);
#1656=VERTEX_POINT('',#4821);
#1657=VERTEX_POINT('',#4823);
#1658=VERTEX_POINT('',#4827);
#1659=VERTEX_POINT('',#4828);
#1660=VERTEX_POINT('',#4831);
#1661=VERTEX_POINT('',#4833);
#1662=VERTEX_POINT('',#4835);
#1663=VERTEX_POINT('',#4837);
#1664=VERTEX_POINT('',#4841);
#1665=VERTEX_POINT('',#4842);
#1666=VERTEX_POINT('',#4844);
#1667=VERTEX_POINT('',#4846);
#1668=VERTEX_POINT('',#4849);
#1669=VERTEX_POINT('',#4851);
#1670=VERTEX_POINT('',#4855);
#1671=VERTEX_POINT('',#4856);
#1672=VERTEX_POINT('',#4858);
#1673=VERTEX_POINT('',#4861);
#1674=VERTEX_POINT('',#4863);
#1675=VERTEX_POINT('',#4865);
#1676=VERTEX_POINT('',#4869);
#1677=VERTEX_POINT('',#4870);
#1678=VERTEX_POINT('',#4872);
#1679=VERTEX_POINT('',#4875);
#1680=VERTEX_POINT('',#4877);
#1681=VERTEX_POINT('',#4879);
#1682=VERTEX_POINT('',#4883);
#1683=VERTEX_POINT('',#4884);
#1684=VERTEX_POINT('',#4886);
#1685=VERTEX_POINT('',#4888);
#1686=VERTEX_POINT('',#4891);
#1687=VERTEX_POINT('',#4893);
#1688=VERTEX_POINT('',#4897);
#1689=VERTEX_POINT('',#4898);
#1690=VERTEX_POINT('',#4900);
#1691=VERTEX_POINT('',#4902);
#1692=VERTEX_POINT('',#4905);
#1693=VERTEX_POINT('',#4907);
#1694=VERTEX_POINT('',#4922);
#1695=VERTEX_POINT('',#4924);
#1696=VERTEX_POINT('',#4926);
#1697=VERTEX_POINT('',#4928);
#1698=VERTEX_POINT('',#4930);
#1699=VERTEX_POINT('',#4941);
#1700=VERTEX_POINT('',#4943);
#1701=VERTEX_POINT('',#4945);
#1702=VERTEX_POINT('',#4947);
#1703=VERTEX_POINT('',#4949);
#1704=VERTEX_POINT('',#4977);
#1705=VERTEX_POINT('',#4981);
#1706=VERTEX_POINT('',#4983);
#1707=VERTEX_POINT('',#5006);
#1708=VERTEX_POINT('',#5009);
#1709=VERTEX_POINT('',#5020);
#1710=VERTEX_POINT('',#5026);
#1711=VERTEX_POINT('',#5030);
#1712=LINE('',#4219,#2088);
#1713=LINE('',#4222,#2089);
#1714=LINE('',#4224,#2090);
#1715=LINE('',#4226,#2091);
#1716=LINE('',#4228,#2092);
#1717=LINE('',#4230,#2093);
#1718=LINE('',#4232,#2094);
#1719=LINE('',#4234,#2095);
#1720=LINE('',#4236,#2096);
#1721=LINE('',#4238,#2097);
#1722=LINE('',#4240,#2098);
#1723=LINE('',#4242,#2099);
#1724=LINE('',#4249,#2100);
#1725=LINE('',#4252,#2101);
#1726=LINE('',#4254,#2102);
#1727=LINE('',#4256,#2103);
#1728=LINE('',#4257,#2104);
#1729=LINE('',#4260,#2105);
#1730=LINE('',#4262,#2106);
#1731=LINE('',#4264,#2107);
#1732=LINE('',#4267,#2108);
#1733=LINE('',#4270,#2109);
#1734=LINE('',#4272,#2110);
#1735=LINE('',#4274,#2111);
#1736=LINE('',#4275,#2112);
#1737=LINE('',#4278,#2113);
#1738=LINE('',#4280,#2114);
#1739=LINE('',#4282,#2115);
#1740=LINE('',#4283,#2116);
#1741=LINE('',#4286,#2117);
#1742=LINE('',#4288,#2118);
#1743=LINE('',#4290,#2119);
#1744=LINE('',#4291,#2120);
#1745=LINE('',#4294,#2121);
#1746=LINE('',#4296,#2122);
#1747=LINE('',#4298,#2123);
#1748=LINE('',#4299,#2124);
#1749=LINE('',#4302,#2125);
#1750=LINE('',#4304,#2126);
#1751=LINE('',#4306,#2127);
#1752=LINE('',#4308,#2128);
#1753=LINE('',#4311,#2129);
#1754=LINE('',#4313,#2130);
#1755=LINE('',#4315,#2131);
#1756=LINE('',#4316,#2132);
#1757=LINE('',#4319,#2133);
#1758=LINE('',#4321,#2134);
#1759=LINE('',#4323,#2135);
#1760=LINE('',#4330,#2136);
#1761=LINE('',#4333,#2137);
#1762=LINE('',#4335,#2138);
#1763=LINE('',#4337,#2139);
#1764=LINE('',#4340,#2140);
#1765=LINE('',#4343,#2141);
#1766=LINE('',#4345,#2142);
#1767=LINE('',#4347,#2143);
#1768=LINE('',#4348,#2144);
#1769=LINE('',#4351,#2145);
#1770=LINE('',#4353,#2146);
#1771=LINE('',#4355,#2147);
#1772=LINE('',#4356,#2148);
#1773=LINE('',#4359,#2149);
#1774=LINE('',#4361,#2150);
#1775=LINE('',#4363,#2151);
#1776=LINE('',#4364,#2152);
#1777=LINE('',#4367,#2153);
#1778=LINE('',#4369,#2154);
#1779=LINE('',#4371,#2155);
#1780=LINE('',#4372,#2156);
#1781=LINE('',#4375,#2157);
#1782=LINE('',#4377,#2158);
#1783=LINE('',#4379,#2159);
#1784=LINE('',#4381,#2160);
#1785=LINE('',#4383,#2161);
#1786=LINE('',#4385,#2162);
#1787=LINE('',#4387,#2163);
#1788=LINE('',#4389,#2164);
#1789=LINE('',#4391,#2165);
#1790=LINE('',#4393,#2166);
#1791=LINE('',#4395,#2167);
#1792=LINE('',#4400,#2168);
#1793=LINE('',#4402,#2169);
#1794=LINE('',#4404,#2170);
#1795=LINE('',#4406,#2171);
#1796=LINE('',#4408,#2172);
#1797=LINE('',#4414,#2173);
#1798=LINE('',#4416,#2174);
#1799=LINE('',#4418,#2175);
#1800=LINE('',#4419,#2176);
#1801=LINE('',#4421,#2177);
#1802=LINE('',#4423,#2178);
#1803=LINE('',#4424,#2179);
#1804=LINE('',#4427,#2180);
#1805=LINE('',#4429,#2181);
#1806=LINE('',#4431,#2182);
#1807=LINE('',#4432,#2183);
#1808=LINE('',#4435,#2184);
#1809=LINE('',#4437,#2185);
#1810=LINE('',#4439,#2186);
#1811=LINE('',#4440,#2187);
#1812=LINE('',#4443,#2188);
#1813=LINE('',#4445,#2189);
#1814=LINE('',#4447,#2190);
#1815=LINE('',#4448,#2191);
#1816=LINE('',#4451,#2192);
#1817=LINE('',#4453,#2193);
#1818=LINE('',#4455,#2194);
#1819=LINE('',#4456,#2195);
#1820=LINE('',#4459,#2196);
#1821=LINE('',#4461,#2197);
#1822=LINE('',#4463,#2198);
#1823=LINE('',#4469,#2199);
#1824=LINE('',#4471,#2200);
#1825=LINE('',#4473,#2201);
#1826=LINE('',#4474,#2202);
#1827=LINE('',#4477,#2203);
#1828=LINE('',#4479,#2204);
#1829=LINE('',#4481,#2205);
#1830=LINE('',#4495,#2206);
#1831=LINE('',#4498,#2207);
#1832=LINE('',#4500,#2208);
#1833=LINE('',#4502,#2209);
#1834=LINE('',#4503,#2210);
#1835=LINE('',#4506,#2211);
#1836=LINE('',#4508,#2212);
#1837=LINE('',#4510,#2213);
#1838=LINE('',#4511,#2214);
#1839=LINE('',#4514,#2215);
#1840=LINE('',#4516,#2216);
#1841=LINE('',#4518,#2217);
#1842=LINE('',#4519,#2218);
#1843=LINE('',#4522,#2219);
#1844=LINE('',#4524,#2220);
#1845=LINE('',#4526,#2221);
#1846=LINE('',#4527,#2222);
#1847=LINE('',#4530,#2223);
#1848=LINE('',#4532,#2224);
#1849=LINE('',#4534,#2225);
#1850=LINE('',#4535,#2226);
#1851=LINE('',#4538,#2227);
#1852=LINE('',#4540,#2228);
#1853=LINE('',#4542,#2229);
#1854=LINE('',#4543,#2230);
#1855=LINE('',#4546,#2231);
#1856=LINE('',#4548,#2232);
#1857=LINE('',#4550,#2233);
#1858=LINE('',#4552,#2234);
#1859=LINE('',#4553,#2235);
#1860=LINE('',#4558,#2236);
#1861=LINE('',#4559,#2237);
#1862=LINE('',#4561,#2238);
#1863=LINE('',#4563,#2239);
#1864=LINE('',#4564,#2240);
#1865=LINE('',#4565,#2241);
#1866=LINE('',#4567,#2242);
#1867=LINE('',#4569,#2243);
#1868=LINE('',#4574,#2244);
#1869=LINE('',#4577,#2245);
#1870=LINE('',#4579,#2246);
#1871=LINE('',#4581,#2247);
#1872=LINE('',#4591,#2248);
#1873=LINE('',#4593,#2249);
#1874=LINE('',#4595,#2250);
#1875=LINE('',#4597,#2251);
#1876=LINE('',#4598,#2252);
#1877=LINE('',#4601,#2253);
#1878=LINE('',#4603,#2254);
#1879=LINE('',#4605,#2255);
#1880=LINE('',#4607,#2256);
#1881=LINE('',#4609,#2257);
#1882=LINE('',#4611,#2258);
#1883=LINE('',#4612,#2259);
#1884=LINE('',#4615,#2260);
#1885=LINE('',#4617,#2261);
#1886=LINE('',#4619,#2262);
#1887=LINE('',#4621,#2263);
#1888=LINE('',#4624,#2264);
#1889=LINE('',#4626,#2265);
#1890=LINE('',#4628,#2266);
#1891=LINE('',#4630,#2267);
#1892=LINE('',#4632,#2268);
#1893=LINE('',#4633,#2269);
#1894=LINE('',#4635,#2270);
#1895=LINE('',#4638,#2271);
#1896=LINE('',#4640,#2272);
#1897=LINE('',#4642,#2273);
#1898=LINE('',#4643,#2274);
#1899=LINE('',#4645,#2275);
#1900=LINE('',#4647,#2276);
#1901=LINE('',#4649,#2277);
#1902=LINE('',#4652,#2278);
#1903=LINE('',#4654,#2279);
#1904=LINE('',#4656,#2280);
#1905=LINE('',#4658,#2281);
#1906=LINE('',#4659,#2282);
#1907=LINE('',#4661,#2283);
#1908=LINE('',#4663,#2284);
#1909=LINE('',#4666,#2285);
#1910=LINE('',#4668,#2286);
#1911=LINE('',#4670,#2287);
#1912=LINE('',#4672,#2288);
#1913=LINE('',#4673,#2289);
#1914=LINE('',#4675,#2290);
#1915=LINE('',#4677,#2291);
#1916=LINE('',#4680,#2292);
#1917=LINE('',#4682,#2293);
#1918=LINE('',#4684,#2294);
#1919=LINE('',#4685,#2295);
#1920=LINE('',#4687,#2296);
#1921=LINE('',#4689,#2297);
#1922=LINE('',#4691,#2298);
#1923=LINE('',#4694,#2299);
#1924=LINE('',#4696,#2300);
#1925=LINE('',#4698,#2301);
#1926=LINE('',#4699,#2302);
#1927=LINE('',#4701,#2303);
#1928=LINE('',#4703,#2304);
#1929=LINE('',#4705,#2305);
#1930=LINE('',#4706,#2306);
#1931=LINE('',#4707,#2307);
#1932=LINE('',#4709,#2308);
#1933=LINE('',#4710,#2309);
#1934=LINE('',#4711,#2310);
#1935=LINE('',#4714,#2311);
#1936=LINE('',#4715,#2312);
#1937=LINE('',#4716,#2313);
#1938=LINE('',#4717,#2314);
#1939=LINE('',#4719,#2315);
#1940=LINE('',#4720,#2316);
#1941=LINE('',#4721,#2317);
#1942=LINE('',#4722,#2318);
#1943=LINE('',#4735,#2319);
#1944=LINE('',#4736,#2320);
#1945=LINE('',#4737,#2321);
#1946=LINE('',#4738,#2322);
#1947=LINE('',#4739,#2323);
#1948=LINE('',#4740,#2324);
#1949=LINE('',#4741,#2325);
#1950=LINE('',#4742,#2326);
#1951=LINE('',#4759,#2327);
#1952=LINE('',#4761,#2328);
#1953=LINE('',#4764,#2329);
#1954=LINE('',#4766,#2330);
#1955=LINE('',#4769,#2331);
#1956=LINE('',#4771,#2332);
#1957=LINE('',#4774,#2333);
#1958=LINE('',#4776,#2334);
#1959=LINE('',#4783,#2335);
#1960=LINE('',#4785,#2336);
#1961=LINE('',#4788,#2337);
#1962=LINE('',#4792,#2338);
#1963=LINE('',#4794,#2339);
#1964=LINE('',#4798,#2340);
#1965=LINE('',#4800,#2341);
#1966=LINE('',#4802,#2342);
#1967=LINE('',#4803,#2343);
#1968=LINE('',#4806,#2344);
#1969=LINE('',#4808,#2345);
#1970=LINE('',#4810,#2346);
#1971=LINE('',#4812,#2347);
#1972=LINE('',#4814,#2348);
#1973=LINE('',#4816,#2349);
#1974=LINE('',#4817,#2350);
#1975=LINE('',#4820,#2351);
#1976=LINE('',#4822,#2352);
#1977=LINE('',#4824,#2353);
#1978=LINE('',#4826,#2354);
#1979=LINE('',#4829,#2355);
#1980=LINE('',#4830,#2356);
#1981=LINE('',#4832,#2357);
#1982=LINE('',#4834,#2358);
#1983=LINE('',#4836,#2359);
#1984=LINE('',#4838,#2360);
#1985=LINE('',#4840,#2361);
#1986=LINE('',#4843,#2362);
#1987=LINE('',#4845,#2363);
#1988=LINE('',#4847,#2364);
#1989=LINE('',#4848,#2365);
#1990=LINE('',#4850,#2366);
#1991=LINE('',#4852,#2367);
#1992=LINE('',#4854,#2368);
#1993=LINE('',#4857,#2369);
#1994=LINE('',#4859,#2370);
#1995=LINE('',#4860,#2371);
#1996=LINE('',#4862,#2372);
#1997=LINE('',#4864,#2373);
#1998=LINE('',#4866,#2374);
#1999=LINE('',#4868,#2375);
#2000=LINE('',#4871,#2376);
#2001=LINE('',#4873,#2377);
#2002=LINE('',#4874,#2378);
#2003=LINE('',#4876,#2379);
#2004=LINE('',#4878,#2380);
#2005=LINE('',#4880,#2381);
#2006=LINE('',#4882,#2382);
#2007=LINE('',#4885,#2383);
#2008=LINE('',#4887,#2384);
#2009=LINE('',#4889,#2385);
#2010=LINE('',#4890,#2386);
#2011=LINE('',#4892,#2387);
#2012=LINE('',#4894,#2388);
#2013=LINE('',#4896,#2389);
#2014=LINE('',#4899,#2390);
#2015=LINE('',#4901,#2391);
#2016=LINE('',#4903,#2392);
#2017=LINE('',#4904,#2393);
#2018=LINE('',#4906,#2394);
#2019=LINE('',#4908,#2395);
#2020=LINE('',#4911,#2396);
#2021=LINE('',#4912,#2397);
#2022=LINE('',#4913,#2398);
#2023=LINE('',#4914,#2399);
#2024=LINE('',#4916,#2400);
#2025=LINE('',#4917,#2401);
#2026=LINE('',#4918,#2402);
#2027=LINE('',#4919,#2403);
#2028=LINE('',#4932,#2404);
#2029=LINE('',#4933,#2405);
#2030=LINE('',#4934,#2406);
#2031=LINE('',#4935,#2407);
#2032=LINE('',#4936,#2408);
#2033=LINE('',#4937,#2409);
#2034=LINE('',#4938,#2410);
#2035=LINE('',#4939,#2411);
#2036=LINE('',#4956,#2412);
#2037=LINE('',#4958,#2413);
#2038=LINE('',#4961,#2414);
#2039=LINE('',#4963,#2415);
#2040=LINE('',#4966,#2416);
#2041=LINE('',#4968,#2417);
#2042=LINE('',#4971,#2418);
#2043=LINE('',#4973,#2419);
#2044=LINE('',#4976,#2420);
#2045=LINE('',#4978,#2421);
#2046=LINE('',#4984,#2422);
#2047=LINE('',#4986,#2423);
#2048=LINE('',#4997,#2424);
#2049=LINE('',#4998,#2425);
#2050=LINE('',#5000,#2426);
#2051=LINE('',#5002,#2427);
#2052=LINE('',#5011,#2428);
#2053=LINE('',#5012,#2429);
#2054=LINE('',#5014,#2430);
#2055=LINE('',#5016,#2431);
#2056=LINE('',#5034,#2432);
#2057=LINE('',#5035,#2433);
#2058=LINE('',#5037,#2434);
#2059=LINE('',#5039,#2435);
#2060=LINE('',#5042,#2436);
#2061=LINE('',#5043,#2437);
#2062=LINE('',#5045,#2438);
#2063=LINE('',#5047,#2439);
#2064=LINE('',#5050,#2440);
#2065=LINE('',#5051,#2441);
#2066=LINE('',#5053,#2442);
#2067=LINE('',#5055,#2443);
#2068=LINE('',#5058,#2444);
#2069=LINE('',#5059,#2445);
#2070=LINE('',#5061,#2446);
#2071=LINE('',#5063,#2447);
#2072=LINE('',#5066,#2448);
#2073=LINE('',#5067,#2449);
#2074=LINE('',#5074,#2450);
#2075=LINE('',#5075,#2451);
#2076=LINE('',#5077,#2452);
#2077=LINE('',#5079,#2453);
#2078=LINE('',#5082,#2454);
#2079=LINE('',#5083,#2455);
#2080=LINE('',#5085,#2456);
#2081=LINE('',#5087,#2457);
#2082=LINE('',#5090,#2458);
#2083=LINE('',#5091,#2459);
#2084=LINE('',#5093,#2460);
#2085=LINE('',#5095,#2461);
#2086=LINE('',#5098,#2462);
#2087=LINE('',#5099,#2463);
#2088=VECTOR('',#3441,1.);
#2089=VECTOR('',#3442,1.);
#2090=VECTOR('',#3443,1.);
#2091=VECTOR('',#3444,1.);
#2092=VECTOR('',#3445,1.);
#2093=VECTOR('',#3446,1.);
#2094=VECTOR('',#3447,1.);
#2095=VECTOR('',#3448,1.);
#2096=VECTOR('',#3449,1.);
#2097=VECTOR('',#3450,1.);
#2098=VECTOR('',#3451,1.);
#2099=VECTOR('',#3452,1.);
#2100=VECTOR('',#3459,1.);
#2101=VECTOR('',#3460,1.);
#2102=VECTOR('',#3461,1.);
#2103=VECTOR('',#3462,1.);
#2104=VECTOR('',#3463,1.);
#2105=VECTOR('',#3464,1.);
#2106=VECTOR('',#3465,1.);
#2107=VECTOR('',#3466,1.);
#2108=VECTOR('',#3469,1.);
#2109=VECTOR('',#3470,1.);
#2110=VECTOR('',#3471,1.);
#2111=VECTOR('',#3472,1.);
#2112=VECTOR('',#3473,1.);
#2113=VECTOR('',#3474,1.);
#2114=VECTOR('',#3475,1.);
#2115=VECTOR('',#3476,1.);
#2116=VECTOR('',#3477,1.);
#2117=VECTOR('',#3478,1.);
#2118=VECTOR('',#3479,1.);
#2119=VECTOR('',#3480,1.);
#2120=VECTOR('',#3481,1.);
#2121=VECTOR('',#3482,1.);
#2122=VECTOR('',#3483,1.);
#2123=VECTOR('',#3484,1.);
#2124=VECTOR('',#3485,1.);
#2125=VECTOR('',#3486,1.);
#2126=VECTOR('',#3487,1.);
#2127=VECTOR('',#3488,1.);
#2128=VECTOR('',#3491,1.);
#2129=VECTOR('',#3492,1.);
#2130=VECTOR('',#3493,1.);
#2131=VECTOR('',#3494,1.);
#2132=VECTOR('',#3495,1.);
#2133=VECTOR('',#3496,1.);
#2134=VECTOR('',#3497,1.);
#2135=VECTOR('',#3498,1.);
#2136=VECTOR('',#3505,1.);
#2137=VECTOR('',#3506,1.);
#2138=VECTOR('',#3507,1.);
#2139=VECTOR('',#3508,1.);
#2140=VECTOR('',#3511,1.);
#2141=VECTOR('',#3512,1.);
#2142=VECTOR('',#3513,1.);
#2143=VECTOR('',#3514,1.);
#2144=VECTOR('',#3515,1.);
#2145=VECTOR('',#3516,1.);
#2146=VECTOR('',#3517,1.);
#2147=VECTOR('',#3518,1.);
#2148=VECTOR('',#3519,1.);
#2149=VECTOR('',#3520,1.);
#2150=VECTOR('',#3521,1.);
#2151=VECTOR('',#3522,1.);
#2152=VECTOR('',#3523,1.);
#2153=VECTOR('',#3524,1.);
#2154=VECTOR('',#3525,1.);
#2155=VECTOR('',#3526,1.);
#2156=VECTOR('',#3527,1.);
#2157=VECTOR('',#3528,1.);
#2158=VECTOR('',#3529,1.);
#2159=VECTOR('',#3530,1.);
#2160=VECTOR('',#3531,1.);
#2161=VECTOR('',#3532,1.);
#2162=VECTOR('',#3533,1.);
#2163=VECTOR('',#3534,1.);
#2164=VECTOR('',#3535,1.);
#2165=VECTOR('',#3536,1.);
#2166=VECTOR('',#3537,1.);
#2167=VECTOR('',#3538,1.);
#2168=VECTOR('',#3543,1.);
#2169=VECTOR('',#3544,1.);
#2170=VECTOR('',#3545,1.);
#2171=VECTOR('',#3546,1.);
#2172=VECTOR('',#3547,1.);
#2173=VECTOR('',#3554,1.);
#2174=VECTOR('',#3555,1.);
#2175=VECTOR('',#3556,1.);
#2176=VECTOR('',#3557,1.);
#2177=VECTOR('',#3558,1.);
#2178=VECTOR('',#3559,1.);
#2179=VECTOR('',#3560,1.);
#2180=VECTOR('',#3561,1.);
#2181=VECTOR('',#3562,1.);
#2182=VECTOR('',#3563,1.);
#2183=VECTOR('',#3564,1.);
#2184=VECTOR('',#3565,1.);
#2185=VECTOR('',#3566,1.);
#2186=VECTOR('',#3567,1.);
#2187=VECTOR('',#3568,1.);
#2188=VECTOR('',#3569,1.);
#2189=VECTOR('',#3570,1.);
#2190=VECTOR('',#3571,1.);
#2191=VECTOR('',#3572,1.);
#2192=VECTOR('',#3573,1.);
#2193=VECTOR('',#3574,1.);
#2194=VECTOR('',#3575,1.);
#2195=VECTOR('',#3576,1.);
#2196=VECTOR('',#3577,1.);
#2197=VECTOR('',#3578,1.);
#2198=VECTOR('',#3579,1.);
#2199=VECTOR('',#3586,1.);
#2200=VECTOR('',#3587,1.);
#2201=VECTOR('',#3588,1.);
#2202=VECTOR('',#3589,1.);
#2203=VECTOR('',#3590,1.);
#2204=VECTOR('',#3591,1.);
#2205=VECTOR('',#3592,1.);
#2206=VECTOR('',#3607,1.);
#2207=VECTOR('',#3608,1.);
#2208=VECTOR('',#3609,1.);
#2209=VECTOR('',#3610,1.);
#2210=VECTOR('',#3611,1.);
#2211=VECTOR('',#3612,1.);
#2212=VECTOR('',#3613,1.);
#2213=VECTOR('',#3614,1.);
#2214=VECTOR('',#3615,1.);
#2215=VECTOR('',#3616,1.);
#2216=VECTOR('',#3617,1.);
#2217=VECTOR('',#3618,1.);
#2218=VECTOR('',#3619,1.);
#2219=VECTOR('',#3620,1.);
#2220=VECTOR('',#3621,1.);
#2221=VECTOR('',#3622,1.);
#2222=VECTOR('',#3623,1.);
#2223=VECTOR('',#3624,1.);
#2224=VECTOR('',#3625,1.);
#2225=VECTOR('',#3626,1.);
#2226=VECTOR('',#3627,1.);
#2227=VECTOR('',#3628,1.);
#2228=VECTOR('',#3629,1.);
#2229=VECTOR('',#3630,1.);
#2230=VECTOR('',#3631,1.);
#2231=VECTOR('',#3632,1.);
#2232=VECTOR('',#3633,1.);
#2233=VECTOR('',#3634,1.);
#2234=VECTOR('',#3637,1.);
#2235=VECTOR('',#3638,1.);
#2236=VECTOR('',#3643,1.);
#2237=VECTOR('',#3644,1.);
#2238=VECTOR('',#3645,1.);
#2239=VECTOR('',#3646,1.);
#2240=VECTOR('',#3647,1.);
#2241=VECTOR('',#3648,1.);
#2242=VECTOR('',#3649,1.);
#2243=VECTOR('',#3650,1.);
#2244=VECTOR('',#3655,1.);
#2245=VECTOR('',#3656,1.);
#2246=VECTOR('',#3657,1.);
#2247=VECTOR('',#3658,1.);
#2248=VECTOR('',#3669,1.);
#2249=VECTOR('',#3672,1.);
#2250=VECTOR('',#3673,1.);
#2251=VECTOR('',#3674,1.);
#2252=VECTOR('',#3675,1.);
#2253=VECTOR('',#3676,1.);
#2254=VECTOR('',#3677,1.);
#2255=VECTOR('',#3678,1.);
#2256=VECTOR('',#3681,1.);
#2257=VECTOR('',#3682,1.);
#2258=VECTOR('',#3683,1.);
#2259=VECTOR('',#3684,1.);
#2260=VECTOR('',#3685,1.);
#2261=VECTOR('',#3686,1.);
#2262=VECTOR('',#3687,1.);
#2263=VECTOR('',#3690,1.);
#2264=VECTOR('',#3691,1.);
#2265=VECTOR('',#3692,1.);
#2266=VECTOR('',#3693,1.);
#2267=VECTOR('',#3694,1.);
#2268=VECTOR('',#3695,1.);
#2269=VECTOR('',#3696,1.);
#2270=VECTOR('',#3699,1.);
#2271=VECTOR('',#3700,1.);
#2272=VECTOR('',#3701,1.);
#2273=VECTOR('',#3702,1.);
#2274=VECTOR('',#3703,1.);
#2275=VECTOR('',#3704,1.);
#2276=VECTOR('',#3705,1.);
#2277=VECTOR('',#3708,1.);
#2278=VECTOR('',#3709,1.);
#2279=VECTOR('',#3710,1.);
#2280=VECTOR('',#3711,1.);
#2281=VECTOR('',#3712,1.);
#2282=VECTOR('',#3713,1.);
#2283=VECTOR('',#3714,1.);
#2284=VECTOR('',#3717,1.);
#2285=VECTOR('',#3718,1.);
#2286=VECTOR('',#3719,1.);
#2287=VECTOR('',#3720,1.);
#2288=VECTOR('',#3721,1.);
#2289=VECTOR('',#3722,1.);
#2290=VECTOR('',#3723,1.);
#2291=VECTOR('',#3726,1.);
#2292=VECTOR('',#3727,1.);
#2293=VECTOR('',#3728,1.);
#2294=VECTOR('',#3729,1.);
#2295=VECTOR('',#3730,1.);
#2296=VECTOR('',#3731,1.);
#2297=VECTOR('',#3732,1.);
#2298=VECTOR('',#3735,1.);
#2299=VECTOR('',#3736,1.);
#2300=VECTOR('',#3737,1.);
#2301=VECTOR('',#3738,1.);
#2302=VECTOR('',#3739,1.);
#2303=VECTOR('',#3740,1.);
#2304=VECTOR('',#3741,1.);
#2305=VECTOR('',#3744,1.);
#2306=VECTOR('',#3745,1.);
#2307=VECTOR('',#3746,1.);
#2308=VECTOR('',#3749,1.);
#2309=VECTOR('',#3750,1.);
#2310=VECTOR('',#3751,1.);
#2311=VECTOR('',#3756,1.);
#2312=VECTOR('',#3757,1.);
#2313=VECTOR('',#3758,1.);
#2314=VECTOR('',#3759,1.);
#2315=VECTOR('',#3762,1.);
#2316=VECTOR('',#3763,1.);
#2317=VECTOR('',#3764,1.);
#2318=VECTOR('',#3765,1.);
#2319=VECTOR('',#3780,1.);
#2320=VECTOR('',#3781,1.);
#2321=VECTOR('',#3782,1.);
#2322=VECTOR('',#3783,1.);
#2323=VECTOR('',#3784,1.);
#2324=VECTOR('',#3785,1.);
#2325=VECTOR('',#3786,1.);
#2326=VECTOR('',#3787,1.);
#2327=VECTOR('',#3810,1.);
#2328=VECTOR('',#3813,1.);
#2329=VECTOR('',#3818,1.);
#2330=VECTOR('',#3821,1.);
#2331=VECTOR('',#3826,1.);
#2332=VECTOR('',#3829,1.);
#2333=VECTOR('',#3834,1.);
#2334=VECTOR('',#3837,1.);
#2335=VECTOR('',#3846,1.);
#2336=VECTOR('',#3849,1.);
#2337=VECTOR('',#3854,1.);
#2338=VECTOR('',#3859,1.);
#2339=VECTOR('',#3860,1.);
#2340=VECTOR('',#3865,1.);
#2341=VECTOR('',#3866,1.);
#2342=VECTOR('',#3867,1.);
#2343=VECTOR('',#3868,1.);
#2344=VECTOR('',#3869,1.);
#2345=VECTOR('',#3870,1.);
#2346=VECTOR('',#3871,1.);
#2347=VECTOR('',#3874,1.);
#2348=VECTOR('',#3875,1.);
#2349=VECTOR('',#3876,1.);
#2350=VECTOR('',#3877,1.);
#2351=VECTOR('',#3878,1.);
#2352=VECTOR('',#3879,1.);
#2353=VECTOR('',#3880,1.);
#2354=VECTOR('',#3883,1.);
#2355=VECTOR('',#3884,1.);
#2356=VECTOR('',#3885,1.);
#2357=VECTOR('',#3886,1.);
#2358=VECTOR('',#3887,1.);
#2359=VECTOR('',#3888,1.);
#2360=VECTOR('',#3889,1.);
#2361=VECTOR('',#3892,1.);
#2362=VECTOR('',#3893,1.);
#2363=VECTOR('',#3894,1.);
#2364=VECTOR('',#3895,1.);
#2365=VECTOR('',#3896,1.);
#2366=VECTOR('',#3897,1.);
#2367=VECTOR('',#3898,1.);
#2368=VECTOR('',#3901,1.);
#2369=VECTOR('',#3902,1.);
#2370=VECTOR('',#3903,1.);
#2371=VECTOR('',#3904,1.);
#2372=VECTOR('',#3905,1.);
#2373=VECTOR('',#3906,1.);
#2374=VECTOR('',#3907,1.);
#2375=VECTOR('',#3910,1.);
#2376=VECTOR('',#3911,1.);
#2377=VECTOR('',#3912,1.);
#2378=VECTOR('',#3913,1.);
#2379=VECTOR('',#3914,1.);
#2380=VECTOR('',#3915,1.);
#2381=VECTOR('',#3916,1.);
#2382=VECTOR('',#3919,1.);
#2383=VECTOR('',#3920,1.);
#2384=VECTOR('',#3921,1.);
#2385=VECTOR('',#3922,1.);
#2386=VECTOR('',#3923,1.);
#2387=VECTOR('',#3924,1.);
#2388=VECTOR('',#3925,1.);
#2389=VECTOR('',#3928,1.);
#2390=VECTOR('',#3929,1.);
#2391=VECTOR('',#3930,1.);
#2392=VECTOR('',#3931,1.);
#2393=VECTOR('',#3932,1.);
#2394=VECTOR('',#3933,1.);
#2395=VECTOR('',#3934,1.);
#2396=VECTOR('',#3939,1.);
#2397=VECTOR('',#3940,1.);
#2398=VECTOR('',#3941,1.);
#2399=VECTOR('',#3942,1.);
#2400=VECTOR('',#3945,1.);
#2401=VECTOR('',#3946,1.);
#2402=VECTOR('',#3947,1.);
#2403=VECTOR('',#3948,1.);
#2404=VECTOR('',#3963,1.);
#2405=VECTOR('',#3964,1.);
#2406=VECTOR('',#3965,1.);
#2407=VECTOR('',#3966,1.);
#2408=VECTOR('',#3967,1.);
#2409=VECTOR('',#3968,1.);
#2410=VECTOR('',#3969,1.);
#2411=VECTOR('',#3970,1.);
#2412=VECTOR('',#3993,1.);
#2413=VECTOR('',#3996,1.);
#2414=VECTOR('',#4001,1.);
#2415=VECTOR('',#4004,1.);
#2416=VECTOR('',#4009,1.);
#2417=VECTOR('',#4012,1.);
#2418=VECTOR('',#4017,1.);
#2419=VECTOR('',#4020,1.);
#2420=VECTOR('',#4025,1.);
#2421=VECTOR('',#4026,1.);
#2422=VECTOR('',#4033,1.);
#2423=VECTOR('',#4036,1.);
#2424=VECTOR('',#4057,1.);
#2425=VECTOR('',#4058,1.);
#2426=VECTOR('',#4061,1.);
#2427=VECTOR('',#4064,1.);
#2428=VECTOR('',#4077,1.);
#2429=VECTOR('',#4078,1.);
#2430=VECTOR('',#4081,1.);
#2431=VECTOR('',#4084,1.);
#2432=VECTOR('',#4113,1.);
#2433=VECTOR('',#4114,1.);
#2434=VECTOR('',#4117,1.);
#2435=VECTOR('',#4120,1.);
#2436=VECTOR('',#4125,1.);
#2437=VECTOR('',#4126,1.);
#2438=VECTOR('',#4129,1.);
#2439=VECTOR('',#4132,1.);
#2440=VECTOR('',#4137,1.);
#2441=VECTOR('',#4138,1.);
#2442=VECTOR('',#4141,1.);
#2443=VECTOR('',#4144,1.);
#2444=VECTOR('',#4149,1.);
#2445=VECTOR('',#4150,1.);
#2446=VECTOR('',#4153,1.);
#2447=VECTOR('',#4156,1.);
#2448=VECTOR('',#4161,1.);
#2449=VECTOR('',#4162,1.);
#2450=VECTOR('',#4175,1.);
#2451=VECTOR('',#4176,1.);
#2452=VECTOR('',#4179,1.);
#2453=VECTOR('',#4182,1.);
#2454=VECTOR('',#4187,1.);
#2455=VECTOR('',#4188,1.);
#2456=VECTOR('',#4191,1.);
#2457=VECTOR('',#4194,1.);
#2458=VECTOR('',#4199,1.);
#2459=VECTOR('',#4200,1.);
#2460=VECTOR('',#4203,1.);
#2461=VECTOR('',#4206,1.);
#2462=VECTOR('',#4211,1.);
#2463=VECTOR('',#4212,1.);
#2464=EDGE_LOOP('',(#100,#101,#102,#103,#104,#105,#106,#107,#108,#109,#110,
#111));
#2465=EDGE_LOOP('',(#112));
#2466=EDGE_LOOP('',(#113));
#2467=EDGE_LOOP('',(#114));
#2468=EDGE_LOOP('',(#115,#116,#117,#118));
#2469=EDGE_LOOP('',(#119,#120,#121,#122));
#2470=EDGE_LOOP('',(#123));
#2471=EDGE_LOOP('',(#124,#125,#126,#127));
#2472=EDGE_LOOP('',(#128,#129,#130,#131));
#2473=EDGE_LOOP('',(#132,#133,#134,#135));
#2474=EDGE_LOOP('',(#136,#137,#138,#139));
#2475=EDGE_LOOP('',(#140,#141,#142,#143));
#2476=EDGE_LOOP('',(#144,#145,#146,#147));
#2477=EDGE_LOOP('',(#148,#149,#150,#151));
#2478=EDGE_LOOP('',(#152));
#2479=EDGE_LOOP('',(#153));
#2480=EDGE_LOOP('',(#154));
#2481=EDGE_LOOP('',(#155,#156,#157,#158));
#2482=EDGE_LOOP('',(#159));
#2483=EDGE_LOOP('',(#160,#161,#162,#163));
#2484=EDGE_LOOP('',(#164,#165,#166,#167));
#2485=EDGE_LOOP('',(#168,#169,#170,#171));
#2486=EDGE_LOOP('',(#172,#173,#174,#175));
#2487=EDGE_LOOP('',(#176,#177,#178,#179,#180,#181,#182,#183,#184,#185,#186,
#187));
#2488=EDGE_LOOP('',(#188,#189,#190,#191,#192,#193));
#2489=EDGE_LOOP('',(#194));
#2490=EDGE_LOOP('',(#195));
#2491=EDGE_LOOP('',(#196,#197,#198,#199));
#2492=EDGE_LOOP('',(#200,#201,#202,#203));
#2493=EDGE_LOOP('',(#204,#205,#206,#207));
#2494=EDGE_LOOP('',(#208,#209,#210,#211));
#2495=EDGE_LOOP('',(#212,#213,#214,#215));
#2496=EDGE_LOOP('',(#216,#217,#218,#219));
#2497=EDGE_LOOP('',(#220,#221,#222,#223));
#2498=EDGE_LOOP('',(#224));
#2499=EDGE_LOOP('',(#225));
#2500=EDGE_LOOP('',(#226,#227,#228,#229));
#2501=EDGE_LOOP('',(#230,#231,#232,#233));
#2502=EDGE_LOOP('',(#234));
#2503=EDGE_LOOP('',(#235));
#2504=EDGE_LOOP('',(#236));
#2505=EDGE_LOOP('',(#237));
#2506=EDGE_LOOP('',(#238));
#2507=EDGE_LOOP('',(#239));
#2508=EDGE_LOOP('',(#240,#241,#242,#243));
#2509=EDGE_LOOP('',(#244,#245,#246,#247));
#2510=EDGE_LOOP('',(#248,#249,#250,#251));
#2511=EDGE_LOOP('',(#252,#253,#254,#255));
#2512=EDGE_LOOP('',(#256,#257,#258,#259));
#2513=EDGE_LOOP('',(#260,#261,#262,#263));
#2514=EDGE_LOOP('',(#264,#265,#266,#267));
#2515=EDGE_LOOP('',(#268,#269,#270,#271));
#2516=EDGE_LOOP('',(#272));
#2517=EDGE_LOOP('',(#273));
#2518=EDGE_LOOP('',(#274,#275,#276,#277,#278,#279,#280,#281,#282,#283,#284,
#285));
#2519=EDGE_LOOP('',(#286));
#2520=EDGE_LOOP('',(#287));
#2521=EDGE_LOOP('',(#288,#289,#290,#291));
#2522=EDGE_LOOP('',(#292));
#2523=EDGE_LOOP('',(#293));
#2524=EDGE_LOOP('',(#294));
#2525=EDGE_LOOP('',(#295,#296,#297,#298));
#2526=EDGE_LOOP('',(#299,#300,#301,#302));
#2527=EDGE_LOOP('',(#303,#304,#305,#306));
#2528=EDGE_LOOP('',(#307,#308,#309,#310));
#2529=EDGE_LOOP('',(#311,#312,#313,#314));
#2530=EDGE_LOOP('',(#315,#316,#317,#318,#319,#320,#321,#322));
#2531=EDGE_LOOP('',(#323,#324,#325,#326,#327,#328,#329,#330));
#2532=EDGE_LOOP('',(#331,#332,#333,#334,#335,#336,#337,#338));
#2533=EDGE_LOOP('',(#339,#340,#341,#342,#343,#344,#345,#346));
#2534=EDGE_LOOP('',(#347,#348,#349,#350,#351,#352,#353,#354));
#2535=EDGE_LOOP('',(#355,#356,#357,#358,#359,#360,#361,#362));
#2536=EDGE_LOOP('',(#363,#364,#365,#366,#367,#368,#369,#370,#371,#372));
#2537=EDGE_LOOP('',(#373,#374,#375,#376,#377,#378,#379,#380,#381,#382));
#2538=EDGE_LOOP('',(#383,#384,#385,#386));
#2539=EDGE_LOOP('',(#387,#388,#389,#390,#391,#392,#393,#394,#395,#396,#397,
#398,#399,#400,#401,#402));
#2540=EDGE_LOOP('',(#403,#404,#405,#406,#407,#408,#409,#410,#411,#412,#413,
#414,#415,#416,#417,#418));
#2541=EDGE_LOOP('',(#419));
#2542=EDGE_LOOP('',(#420));
#2543=EDGE_LOOP('',(#421));
#2544=EDGE_LOOP('',(#422));
#2545=EDGE_LOOP('',(#423));
#2546=EDGE_LOOP('',(#424,#425,#426,#427));
#2547=EDGE_LOOP('',(#428,#429,#430,#431,#432,#433,#434,#435,#436,#437,#438,
#439,#440,#441,#442,#443,#444,#445,#446,#447,#448,#449,#450,#451,#452,#453,
#454,#455));
#2548=EDGE_LOOP('',(#456));
#2549=EDGE_LOOP('',(#457));
#2550=EDGE_LOOP('',(#458));
#2551=EDGE_LOOP('',(#459));
#2552=EDGE_LOOP('',(#460));
#2553=EDGE_LOOP('',(#461));
#2554=EDGE_LOOP('',(#462));
#2555=EDGE_LOOP('',(#463));
#2556=EDGE_LOOP('',(#464));
#2557=EDGE_LOOP('',(#465));
#2558=EDGE_LOOP('',(#466));
#2559=EDGE_LOOP('',(#467));
#2560=EDGE_LOOP('',(#468));
#2561=EDGE_LOOP('',(#469));
#2562=EDGE_LOOP('',(#470));
#2563=EDGE_LOOP('',(#471,#472,#473,#474));
#2564=EDGE_LOOP('',(#475,#476,#477,#478));
#2565=EDGE_LOOP('',(#479,#480,#481,#482));
#2566=EDGE_LOOP('',(#483,#484,#485,#486));
#2567=EDGE_LOOP('',(#487,#488,#489,#490));
#2568=EDGE_LOOP('',(#491,#492,#493,#494));
#2569=EDGE_LOOP('',(#495,#496,#497,#498));
#2570=EDGE_LOOP('',(#499,#500,#501,#502));
#2571=EDGE_LOOP('',(#503,#504,#505,#506));
#2572=EDGE_LOOP('',(#507,#508,#509,#510));
#2573=EDGE_LOOP('',(#511,#512,#513,#514));
#2574=EDGE_LOOP('',(#515,#516,#517,#518));
#2575=EDGE_LOOP('',(#519));
#2576=EDGE_LOOP('',(#520,#521,#522,#523));
#2577=EDGE_LOOP('',(#524,#525,#526,#527));
#2578=EDGE_LOOP('',(#528));
#2579=EDGE_LOOP('',(#529));
#2580=EDGE_LOOP('',(#530,#531,#532,#533,#534,#535));
#2581=EDGE_LOOP('',(#536));
#2582=EDGE_LOOP('',(#537,#538,#539,#540));
#2583=EDGE_LOOP('',(#541,#542,#543,#544));
#2584=EDGE_LOOP('',(#545,#546,#547,#548));
#2585=EDGE_LOOP('',(#549,#550,#551,#552));
#2586=EDGE_LOOP('',(#553,#554,#555,#556));
#2587=EDGE_LOOP('',(#557,#558,#559,#560,#561,#562,#563,#564));
#2588=EDGE_LOOP('',(#565,#566,#567,#568,#569,#570,#571,#572));
#2589=EDGE_LOOP('',(#573,#574,#575,#576,#577,#578,#579,#580));
#2590=EDGE_LOOP('',(#581,#582,#583,#584,#585,#586,#587,#588));
#2591=EDGE_LOOP('',(#589,#590,#591,#592,#593,#594,#595,#596));
#2592=EDGE_LOOP('',(#597,#598,#599,#600,#601,#602,#603,#604));
#2593=EDGE_LOOP('',(#605,#606,#607,#608));
#2594=EDGE_LOOP('',(#609,#610,#611,#612,#613,#614,#615,#616,#617,#618,#619,
#620,#621,#622,#623,#624));
#2595=EDGE_LOOP('',(#625,#626,#627,#628,#629,#630,#631,#632,#633,#634,#635,
#636,#637,#638,#639,#640));
#2596=EDGE_LOOP('',(#641));
#2597=EDGE_LOOP('',(#642));
#2598=EDGE_LOOP('',(#643));
#2599=EDGE_LOOP('',(#644));
#2600=EDGE_LOOP('',(#645));
#2601=EDGE_LOOP('',(#646,#647,#648,#649));
#2602=EDGE_LOOP('',(#650,#651,#652,#653,#654,#655,#656,#657,#658,#659,#660,
#661,#662,#663,#664,#665,#666,#667,#668,#669,#670,#671,#672,#673,#674,#675,
#676,#677));
#2603=EDGE_LOOP('',(#678));
#2604=EDGE_LOOP('',(#679));
#2605=EDGE_LOOP('',(#680));
#2606=EDGE_LOOP('',(#681));
#2607=EDGE_LOOP('',(#682));
#2608=EDGE_LOOP('',(#683));
#2609=EDGE_LOOP('',(#684));
#2610=EDGE_LOOP('',(#685));
#2611=EDGE_LOOP('',(#686));
#2612=EDGE_LOOP('',(#687));
#2613=EDGE_LOOP('',(#688));
#2614=EDGE_LOOP('',(#689));
#2615=EDGE_LOOP('',(#690));
#2616=EDGE_LOOP('',(#691));
#2617=EDGE_LOOP('',(#692));
#2618=EDGE_LOOP('',(#693,#694,#695,#696));
#2619=EDGE_LOOP('',(#697,#698,#699,#700));
#2620=EDGE_LOOP('',(#701,#702,#703,#704));
#2621=EDGE_LOOP('',(#705,#706,#707,#708));
#2622=EDGE_LOOP('',(#709,#710,#711,#712));
#2623=EDGE_LOOP('',(#713,#714,#715,#716));
#2624=EDGE_LOOP('',(#717,#718,#719,#720));
#2625=EDGE_LOOP('',(#721,#722,#723,#724));
#2626=EDGE_LOOP('',(#725,#726,#727,#728));
#2627=EDGE_LOOP('',(#729,#730,#731,#732));
#2628=EDGE_LOOP('',(#733,#734,#735,#736));
#2629=EDGE_LOOP('',(#737,#738,#739,#740));
#2630=EDGE_LOOP('',(#741,#742,#743,#744));
#2631=EDGE_LOOP('',(#745));
#2632=EDGE_LOOP('',(#746,#747,#748,#749));
#2633=EDGE_LOOP('',(#750,#751,#752,#753));
#2634=EDGE_LOOP('',(#754));
#2635=EDGE_LOOP('',(#755));
#2636=EDGE_LOOP('',(#756,#757,#758,#759));
#2637=EDGE_LOOP('',(#760,#761,#762,#763));
#2638=EDGE_LOOP('',(#764));
#2639=EDGE_LOOP('',(#765));
#2640=EDGE_LOOP('',(#766));
#2641=EDGE_LOOP('',(#767));
#2642=EDGE_LOOP('',(#768));
#2643=EDGE_LOOP('',(#769));
#2644=EDGE_LOOP('',(#770));
#2645=EDGE_LOOP('',(#771));
#2646=EDGE_LOOP('',(#772));
#2647=EDGE_LOOP('',(#773));
#2648=EDGE_LOOP('',(#774));
#2649=EDGE_LOOP('',(#775));
#2650=EDGE_LOOP('',(#776,#777,#778,#779));
#2651=EDGE_LOOP('',(#780,#781,#782,#783));
#2652=EDGE_LOOP('',(#784,#785,#786,#787));
#2653=EDGE_LOOP('',(#788,#789,#790,#791));
#2654=EDGE_LOOP('',(#792));
#2655=EDGE_LOOP('',(#793));
#2656=EDGE_LOOP('',(#794));
#2657=EDGE_LOOP('',(#795));
#2658=EDGE_LOOP('',(#796,#797,#798,#799));
#2659=EDGE_LOOP('',(#800,#801,#802,#803));
#2660=EDGE_LOOP('',(#804,#805,#806,#807));
#2661=EDGE_LOOP('',(#808,#809,#810,#811));
#2662=EDGE_LOOP('',(#812));
#2663=EDGE_LOOP('',(#813,#814));
#2664=EDGE_LOOP('',(#815));
#2665=EDGE_LOOP('',(#816,#817));
#2666=EDGE_LOOP('',(#818));
#2667=EDGE_LOOP('',(#819));
#2668=EDGE_LOOP('',(#820));
#2669=EDGE_LOOP('',(#821));
#2670=EDGE_LOOP('',(#822));
#2671=EDGE_LOOP('',(#823));
#2672=EDGE_LOOP('',(#824));
#2673=EDGE_LOOP('',(#825));
#2674=EDGE_LOOP('',(#826));
#2675=EDGE_LOOP('',(#827));
#2676=EDGE_LOOP('',(#828,#829,#830,#831));
#2677=EDGE_LOOP('',(#832,#833,#834,#835));
#2678=EDGE_LOOP('',(#836,#837,#838,#839));
#2679=EDGE_LOOP('',(#840,#841,#842,#843));
#2680=EDGE_LOOP('',(#844,#845,#846,#847));
#2681=EDGE_LOOP('',(#848,#849,#850,#851));
#2682=EDGE_LOOP('',(#852,#853,#854,#855));
#2683=EDGE_LOOP('',(#856,#857,#858,#859));
#2684=EDGE_LOOP('',(#860,#861,#862,#863));
#2685=EDGE_LOOP('',(#864,#865,#866,#867));
#2686=EDGE_LOOP('',(#868,#869,#870,#871));
#2687=EDGE_LOOP('',(#872,#873,#874,#875));
#2688=EDGE_LOOP('',(#876,#877,#878,#879));
#2689=EDGE_LOOP('',(#880,#881,#882,#883));
#2690=EDGE_LOOP('',(#884,#885,#886,#887));
#2691=EDGE_LOOP('',(#888,#889,#890,#891));
#2692=EDGE_LOOP('',(#892,#893,#894,#895));
#2693=EDGE_LOOP('',(#896,#897,#898,#899));
#2694=EDGE_LOOP('',(#900,#901,#902,#903));
#2695=EDGE_LOOP('',(#904));
#2696=EDGE_LOOP('',(#905));
#2697=EDGE_LOOP('',(#906));
#2698=EDGE_LOOP('',(#907));
#2699=EDGE_LOOP('',(#908));
#2700=EDGE_LOOP('',(#909));
#2701=EDGE_LOOP('',(#910,#911,#912,#913));
#2702=EDGE_LOOP('',(#914,#915,#916,#917));
#2703=EDGE_LOOP('',(#918,#919,#920,#921));
#2704=EDGE_LOOP('',(#922,#923,#924,#925));
#2705=EDGE_LOOP('',(#926,#927,#928,#929));
#2706=EDGE_LOOP('',(#930,#931,#932,#933));
#2707=EDGE_LOOP('',(#934,#935,#936,#937));
#2708=EDGE_LOOP('',(#938,#939,#940,#941));
#2709=EDGE_LOOP('',(#942,#943,#944,#945));
#2710=EDGE_LOOP('',(#946,#947,#948,#949));
#2711=EDGE_LOOP('',(#950,#951,#952,#953));
#2712=EDGE_LOOP('',(#954,#955,#956,#957));
#2713=EDGE_LOOP('',(#958,#959,#960,#961));
#2714=EDGE_LOOP('',(#962,#963,#964,#965));
#2715=EDGE_LOOP('',(#966,#967,#968,#969));
#2716=FACE_BOUND('',#2464,.T.);
#2717=FACE_BOUND('',#2465,.T.);
#2718=FACE_BOUND('',#2466,.T.);
#2719=FACE_BOUND('',#2467,.T.);
#2720=FACE_BOUND('',#2468,.T.);
#2721=FACE_BOUND('',#2469,.T.);
#2722=FACE_BOUND('',#2470,.T.);
#2723=FACE_BOUND('',#2471,.T.);
#2724=FACE_BOUND('',#2472,.T.);
#2725=FACE_BOUND('',#2473,.T.);
#2726=FACE_BOUND('',#2474,.T.);
#2727=FACE_BOUND('',#2475,.T.);
#2728=FACE_BOUND('',#2476,.T.);
#2729=FACE_BOUND('',#2477,.T.);
#2730=FACE_BOUND('',#2478,.T.);
#2731=FACE_BOUND('',#2479,.T.);
#2732=FACE_BOUND('',#2480,.T.);
#2733=FACE_BOUND('',#2481,.T.);
#2734=FACE_BOUND('',#2482,.T.);
#2735=FACE_BOUND('',#2483,.T.);
#2736=FACE_BOUND('',#2484,.T.);
#2737=FACE_BOUND('',#2485,.T.);
#2738=FACE_BOUND('',#2486,.T.);
#2739=FACE_BOUND('',#2487,.T.);
#2740=FACE_BOUND('',#2488,.T.);
#2741=FACE_BOUND('',#2489,.T.);
#2742=FACE_BOUND('',#2490,.T.);
#2743=FACE_BOUND('',#2491,.T.);
#2744=FACE_BOUND('',#2492,.T.);
#2745=FACE_BOUND('',#2493,.T.);
#2746=FACE_BOUND('',#2494,.T.);
#2747=FACE_BOUND('',#2495,.T.);
#2748=FACE_BOUND('',#2496,.T.);
#2749=FACE_BOUND('',#2497,.T.);
#2750=FACE_BOUND('',#2498,.T.);
#2751=FACE_BOUND('',#2499,.T.);
#2752=FACE_BOUND('',#2500,.T.);
#2753=FACE_BOUND('',#2501,.T.);
#2754=FACE_BOUND('',#2502,.T.);
#2755=FACE_BOUND('',#2503,.T.);
#2756=FACE_BOUND('',#2504,.T.);
#2757=FACE_BOUND('',#2505,.T.);
#2758=FACE_BOUND('',#2506,.T.);
#2759=FACE_BOUND('',#2507,.T.);
#2760=FACE_BOUND('',#2508,.T.);
#2761=FACE_BOUND('',#2509,.T.);
#2762=FACE_BOUND('',#2510,.T.);
#2763=FACE_BOUND('',#2511,.T.);
#2764=FACE_BOUND('',#2512,.T.);
#2765=FACE_BOUND('',#2513,.T.);
#2766=FACE_BOUND('',#2514,.T.);
#2767=FACE_BOUND('',#2515,.T.);
#2768=FACE_BOUND('',#2516,.T.);
#2769=FACE_BOUND('',#2517,.T.);
#2770=FACE_BOUND('',#2518,.T.);
#2771=FACE_BOUND('',#2519,.T.);
#2772=FACE_BOUND('',#2520,.T.);
#2773=FACE_BOUND('',#2521,.T.);
#2774=FACE_BOUND('',#2522,.T.);
#2775=FACE_BOUND('',#2523,.T.);
#2776=FACE_BOUND('',#2524,.T.);
#2777=FACE_BOUND('',#2525,.T.);
#2778=FACE_BOUND('',#2526,.T.);
#2779=FACE_BOUND('',#2527,.T.);
#2780=FACE_BOUND('',#2528,.T.);
#2781=FACE_BOUND('',#2529,.T.);
#2782=FACE_BOUND('',#2530,.T.);
#2783=FACE_BOUND('',#2531,.T.);
#2784=FACE_BOUND('',#2532,.T.);
#2785=FACE_BOUND('',#2533,.T.);
#2786=FACE_BOUND('',#2534,.T.);
#2787=FACE_BOUND('',#2535,.T.);
#2788=FACE_BOUND('',#2536,.T.);
#2789=FACE_BOUND('',#2537,.T.);
#2790=FACE_BOUND('',#2538,.T.);
#2791=FACE_BOUND('',#2539,.T.);
#2792=FACE_BOUND('',#2540,.T.);
#2793=FACE_BOUND('',#2541,.T.);
#2794=FACE_BOUND('',#2542,.T.);
#2795=FACE_BOUND('',#2543,.T.);
#2796=FACE_BOUND('',#2544,.T.);
#2797=FACE_BOUND('',#2545,.T.);
#2798=FACE_BOUND('',#2546,.T.);
#2799=FACE_BOUND('',#2547,.T.);
#2800=FACE_BOUND('',#2548,.T.);
#2801=FACE_BOUND('',#2549,.T.);
#2802=FACE_BOUND('',#2550,.T.);
#2803=FACE_BOUND('',#2551,.T.);
#2804=FACE_BOUND('',#2552,.T.);
#2805=FACE_BOUND('',#2553,.T.);
#2806=FACE_BOUND('',#2554,.T.);
#2807=FACE_BOUND('',#2555,.T.);
#2808=FACE_BOUND('',#2556,.T.);
#2809=FACE_BOUND('',#2557,.T.);
#2810=FACE_BOUND('',#2558,.T.);
#2811=FACE_BOUND('',#2559,.T.);
#2812=FACE_BOUND('',#2560,.T.);
#2813=FACE_BOUND('',#2561,.T.);
#2814=FACE_BOUND('',#2562,.T.);
#2815=FACE_BOUND('',#2563,.T.);
#2816=FACE_BOUND('',#2564,.T.);
#2817=FACE_BOUND('',#2565,.T.);
#2818=FACE_BOUND('',#2566,.T.);
#2819=FACE_BOUND('',#2567,.T.);
#2820=FACE_BOUND('',#2568,.T.);
#2821=FACE_BOUND('',#2569,.T.);
#2822=FACE_BOUND('',#2570,.T.);
#2823=FACE_BOUND('',#2571,.T.);
#2824=FACE_BOUND('',#2572,.T.);
#2825=FACE_BOUND('',#2573,.T.);
#2826=FACE_BOUND('',#2574,.T.);
#2827=FACE_BOUND('',#2575,.T.);
#2828=FACE_BOUND('',#2576,.T.);
#2829=FACE_BOUND('',#2577,.T.);
#2830=FACE_BOUND('',#2578,.T.);
#2831=FACE_BOUND('',#2579,.T.);
#2832=FACE_BOUND('',#2580,.T.);
#2833=FACE_BOUND('',#2581,.T.);
#2834=FACE_BOUND('',#2582,.T.);
#2835=FACE_BOUND('',#2583,.T.);
#2836=FACE_BOUND('',#2584,.T.);
#2837=FACE_BOUND('',#2585,.T.);
#2838=FACE_BOUND('',#2586,.T.);
#2839=FACE_BOUND('',#2587,.T.);
#2840=FACE_BOUND('',#2588,.T.);
#2841=FACE_BOUND('',#2589,.T.);
#2842=FACE_BOUND('',#2590,.T.);
#2843=FACE_BOUND('',#2591,.T.);
#2844=FACE_BOUND('',#2592,.T.);
#2845=FACE_BOUND('',#2593,.T.);
#2846=FACE_BOUND('',#2594,.T.);
#2847=FACE_BOUND('',#2595,.T.);
#2848=FACE_BOUND('',#2596,.T.);
#2849=FACE_BOUND('',#2597,.T.);
#2850=FACE_BOUND('',#2598,.T.);
#2851=FACE_BOUND('',#2599,.T.);
#2852=FACE_BOUND('',#2600,.T.);
#2853=FACE_BOUND('',#2601,.T.);
#2854=FACE_BOUND('',#2602,.T.);
#2855=FACE_BOUND('',#2603,.T.);
#2856=FACE_BOUND('',#2604,.T.);
#2857=FACE_BOUND('',#2605,.T.);
#2858=FACE_BOUND('',#2606,.T.);
#2859=FACE_BOUND('',#2607,.T.);
#2860=FACE_BOUND('',#2608,.T.);
#2861=FACE_BOUND('',#2609,.T.);
#2862=FACE_BOUND('',#2610,.T.);
#2863=FACE_BOUND('',#2611,.T.);
#2864=FACE_BOUND('',#2612,.T.);
#2865=FACE_BOUND('',#2613,.T.);
#2866=FACE_BOUND('',#2614,.T.);
#2867=FACE_BOUND('',#2615,.T.);
#2868=FACE_BOUND('',#2616,.T.);
#2869=FACE_BOUND('',#2617,.T.);
#2870=FACE_BOUND('',#2618,.T.);
#2871=FACE_BOUND('',#2619,.T.);
#2872=FACE_BOUND('',#2620,.T.);
#2873=FACE_BOUND('',#2621,.T.);
#2874=FACE_BOUND('',#2622,.T.);
#2875=FACE_BOUND('',#2623,.T.);
#2876=FACE_BOUND('',#2624,.T.);
#2877=FACE_BOUND('',#2625,.T.);
#2878=FACE_BOUND('',#2626,.T.);
#2879=FACE_BOUND('',#2627,.T.);
#2880=FACE_BOUND('',#2628,.T.);
#2881=FACE_BOUND('',#2629,.T.);
#2882=FACE_BOUND('',#2630,.T.);
#2883=FACE_BOUND('',#2631,.T.);
#2884=FACE_BOUND('',#2632,.T.);
#2885=FACE_BOUND('',#2633,.T.);
#2886=FACE_BOUND('',#2634,.T.);
#2887=FACE_BOUND('',#2635,.T.);
#2888=FACE_BOUND('',#2636,.T.);
#2889=FACE_BOUND('',#2637,.T.);
#2890=FACE_BOUND('',#2638,.T.);
#2891=FACE_BOUND('',#2639,.T.);
#2892=FACE_BOUND('',#2640,.T.);
#2893=FACE_BOUND('',#2641,.T.);
#2894=FACE_BOUND('',#2642,.T.);
#2895=FACE_BOUND('',#2643,.T.);
#2896=FACE_BOUND('',#2644,.T.);
#2897=FACE_BOUND('',#2645,.T.);
#2898=FACE_BOUND('',#2646,.T.);
#2899=FACE_BOUND('',#2647,.T.);
#2900=FACE_BOUND('',#2648,.T.);
#2901=FACE_BOUND('',#2649,.T.);
#2902=FACE_BOUND('',#2650,.T.);
#2903=FACE_BOUND('',#2651,.T.);
#2904=FACE_BOUND('',#2652,.T.);
#2905=FACE_BOUND('',#2653,.T.);
#2906=FACE_BOUND('',#2654,.T.);
#2907=FACE_BOUND('',#2655,.T.);
#2908=FACE_BOUND('',#2656,.T.);
#2909=FACE_BOUND('',#2657,.T.);
#2910=FACE_BOUND('',#2658,.T.);
#2911=FACE_BOUND('',#2659,.T.);
#2912=FACE_BOUND('',#2660,.T.);
#2913=FACE_BOUND('',#2661,.T.);
#2914=FACE_BOUND('',#2662,.T.);
#2915=FACE_BOUND('',#2663,.T.);
#2916=FACE_BOUND('',#2664,.T.);
#2917=FACE_BOUND('',#2665,.T.);
#2918=FACE_BOUND('',#2666,.T.);
#2919=FACE_BOUND('',#2667,.T.);
#2920=FACE_BOUND('',#2668,.T.);
#2921=FACE_BOUND('',#2669,.T.);
#2922=FACE_BOUND('',#2670,.T.);
#2923=FACE_BOUND('',#2671,.T.);
#2924=FACE_BOUND('',#2672,.T.);
#2925=FACE_BOUND('',#2673,.T.);
#2926=FACE_BOUND('',#2674,.T.);
#2927=FACE_BOUND('',#2675,.T.);
#2928=FACE_BOUND('',#2676,.T.);
#2929=FACE_BOUND('',#2677,.T.);
#2930=FACE_BOUND('',#2678,.T.);
#2931=FACE_BOUND('',#2679,.T.);
#2932=FACE_BOUND('',#2680,.T.);
#2933=FACE_BOUND('',#2681,.T.);
#2934=FACE_BOUND('',#2682,.T.);
#2935=FACE_BOUND('',#2683,.T.);
#2936=FACE_BOUND('',#2684,.T.);
#2937=FACE_BOUND('',#2685,.T.);
#2938=FACE_BOUND('',#2686,.T.);
#2939=FACE_BOUND('',#2687,.T.);
#2940=FACE_BOUND('',#2688,.T.);
#2941=FACE_BOUND('',#2689,.T.);
#2942=FACE_BOUND('',#2690,.T.);
#2943=FACE_BOUND('',#2691,.T.);
#2944=FACE_BOUND('',#2692,.T.);
#2945=FACE_BOUND('',#2693,.T.);
#2946=FACE_BOUND('',#2694,.T.);
#2947=FACE_BOUND('',#2695,.T.);
#2948=FACE_BOUND('',#2696,.T.);
#2949=FACE_BOUND('',#2697,.T.);
#2950=FACE_BOUND('',#2698,.T.);
#2951=FACE_BOUND('',#2699,.T.);
#2952=FACE_BOUND('',#2700,.T.);
#2953=FACE_BOUND('',#2701,.T.);
#2954=FACE_BOUND('',#2702,.T.);
#2955=FACE_BOUND('',#2703,.T.);
#2956=FACE_BOUND('',#2704,.T.);
#2957=FACE_BOUND('',#2705,.T.);
#2958=FACE_BOUND('',#2706,.T.);
#2959=FACE_BOUND('',#2707,.T.);
#2960=FACE_BOUND('',#2708,.T.);
#2961=FACE_BOUND('',#2709,.T.);
#2962=FACE_BOUND('',#2710,.T.);
#2963=FACE_BOUND('',#2711,.T.);
#2964=FACE_BOUND('',#2712,.T.);
#2965=FACE_BOUND('',#2713,.T.);
#2966=FACE_BOUND('',#2714,.T.);
#2967=FACE_BOUND('',#2715,.T.);
#2968=PLANE('',#3236);
#2969=PLANE('',#3241);
#2970=PLANE('',#3246);
#2971=PLANE('',#3248);
#2972=PLANE('',#3251);
#2973=PLANE('',#3254);
#2974=PLANE('',#3261);
#2975=PLANE('',#3268);
#2976=PLANE('',#3271);
#2977=PLANE('',#3272);
#2978=PLANE('',#3273);
#2979=PLANE('',#3274);
#2980=PLANE('',#3275);
#2981=PLANE('',#3276);
#2982=PLANE('',#3277);
#2983=PLANE('',#3278);
#2984=PLANE('',#3279);
#2985=PLANE('',#3280);
#2986=PLANE('',#3281);
#2987=PLANE('',#3282);
#2988=PLANE('',#3283);
#2989=PLANE('',#3284);
#2990=PLANE('',#3290);
#2991=PLANE('',#3301);
#2992=PLANE('',#3302);
#2993=PLANE('',#3303);
#2994=PLANE('',#3304);
#2995=PLANE('',#3305);
#2996=PLANE('',#3306);
#2997=PLANE('',#3307);
#2998=PLANE('',#3308);
#2999=PLANE('',#3309);
#3000=PLANE('',#3310);
#3001=PLANE('',#3311);
#3002=PLANE('',#3312);
#3003=PLANE('',#3313);
#3004=PLANE('',#3316);
#3005=PLANE('',#3319);
#3006=PLANE('',#3322);
#3007=PLANE('',#3323);
#3008=PLANE('',#3324);
#3009=PLANE('',#3325);
#3010=PLANE('',#3326);
#3011=PLANE('',#3327);
#3012=PLANE('',#3328);
#3013=PLANE('',#3329);
#3014=PLANE('',#3330);
#3015=PLANE('',#3331);
#3016=PLANE('',#3332);
#3017=PLANE('',#3333);
#3018=PLANE('',#3339);
#3019=PLANE('',#3350);
#3020=PLANE('',#3351);
#3021=PLANE('',#3352);
#3022=PLANE('',#3353);
#3023=PLANE('',#3354);
#3024=PLANE('',#3355);
#3025=PLANE('',#3356);
#3026=PLANE('',#3357);
#3027=PLANE('',#3358);
#3028=PLANE('',#3359);
#3029=PLANE('',#3360);
#3030=PLANE('',#3361);
#3031=PLANE('',#3362);
#3032=PLANE('',#3363);
#3033=PLANE('',#3366);
#3034=PLANE('',#3369);
#3035=PLANE('',#3376);
#3036=PLANE('',#3377);
#3037=PLANE('',#3378);
#3038=PLANE('',#3379);
#3039=PLANE('',#3384);
#3040=PLANE('',#3385);
#3041=PLANE('',#3386);
#3042=PLANE('',#3387);
#3043=PLANE('',#3391);
#3044=PLANE('',#3392);
#3045=PLANE('',#3395);
#3046=PLANE('',#3398);
#3047=PLANE('',#3400);
#3048=PLANE('',#3401);
#3049=PLANE('',#3402);
#3050=PLANE('',#3403);
#3051=PLANE('',#3404);
#3052=PLANE('',#3405);
#3053=PLANE('',#3406);
#3054=PLANE('',#3407);
#3055=PLANE('',#3408);
#3056=PLANE('',#3409);
#3057=PLANE('',#3410);
#3058=PLANE('',#3411);
#3059=PLANE('',#3412);
#3060=PLANE('',#3413);
#3061=PLANE('',#3414);
#3062=PLANE('',#3415);
#3063=PLANE('',#3416);
#3064=PLANE('',#3417);
#3065=PLANE('',#3418);
#3066=PLANE('',#3422);
#3067=PLANE('',#3423);
#3068=PLANE('',#3424);
#3069=PLANE('',#3425);
#3070=PLANE('',#3426);
#3071=PLANE('',#3427);
#3072=PLANE('',#3428);
#3073=PLANE('',#3429);
#3074=PLANE('',#3430);
#3075=PLANE('',#3431);
#3076=PLANE('',#3432);
#3077=PLANE('',#3433);
#3078=PLANE('',#3434);
#3079=PLANE('',#3435);
#3080=PLANE('',#3436);
#3081=ADVANCED_FACE('',(#2716,#2717,#2718,#2719,#2720,#2721,#2722,#2723,
#2724,#2725,#2726,#2727),#2968,.T.);
#3082=ADVANCED_FACE('',(#2728,#2729,#2730,#2731,#2732,#2733,#2734,#2735,
#2736,#2737,#2738,#2739),#2969,.F.);
#3083=ADVANCED_FACE('',(#2740),#2970,.T.);
#3084=ADVANCED_FACE('',(#2741,#2742,#2743,#2744,#2745,#2746,#2747,#2748,
#2749),#2971,.T.);
#3085=ADVANCED_FACE('',(#2750,#2751,#2752,#2753),#2972,.F.);
#3086=ADVANCED_FACE('',(#2754,#2755,#2756,#2757,#2758,#2759,#2760,#2761,
#2762,#2763,#2764,#2765,#2766),#2973,.T.);
#3087=ADVANCED_FACE('',(#2767,#2768,#2769,#2770,#2771,#2772,#2773,#2774,
#2775),#2974,.F.);
#3088=ADVANCED_FACE('',(#2776,#2777),#2975,.T.);
#3089=ADVANCED_FACE('',(#2778,#2779),#2976,.T.);
#3090=ADVANCED_FACE('',(#2780,#2781),#2977,.T.);
#3091=ADVANCED_FACE('',(#2782),#2978,.F.);
#3092=ADVANCED_FACE('',(#2783),#2979,.F.);
#3093=ADVANCED_FACE('',(#2784),#2980,.T.);
#3094=ADVANCED_FACE('',(#2785),#2981,.T.);
#3095=ADVANCED_FACE('',(#2786),#2982,.F.);
#3096=ADVANCED_FACE('',(#2787),#2983,.F.);
#3097=ADVANCED_FACE('',(#2788),#2984,.F.);
#3098=ADVANCED_FACE('',(#2789),#2985,.T.);
#3099=ADVANCED_FACE('',(#2790),#2986,.T.);
#3100=ADVANCED_FACE('',(#2791),#2987,.T.);
#3101=ADVANCED_FACE('',(#2792),#2988,.F.);
#3102=ADVANCED_FACE('',(#2793,#2794,#2795,#2796,#2797,#2798),#2989,.T.);
#3103=ADVANCED_FACE('',(#2799,#2800,#2801,#2802,#2803,#2804),#2990,.F.);
#3104=ADVANCED_FACE('',(#2805,#2806),#12,.F.);
#3105=ADVANCED_FACE('',(#2807,#2808),#13,.F.);
#3106=ADVANCED_FACE('',(#2809,#2810),#14,.F.);
#3107=ADVANCED_FACE('',(#2811,#2812),#15,.F.);
#3108=ADVANCED_FACE('',(#2813,#2814),#16,.F.);
#3109=ADVANCED_FACE('',(#2815),#2991,.T.);
#3110=ADVANCED_FACE('',(#2816),#2992,.F.);
#3111=ADVANCED_FACE('',(#2817),#2993,.F.);
#3112=ADVANCED_FACE('',(#2818),#2994,.T.);
#3113=ADVANCED_FACE('',(#2819),#2995,.F.);
#3114=ADVANCED_FACE('',(#2820),#2996,.F.);
#3115=ADVANCED_FACE('',(#2821),#2997,.T.);
#3116=ADVANCED_FACE('',(#2822),#2998,.F.);
#3117=ADVANCED_FACE('',(#2823),#2999,.F.);
#3118=ADVANCED_FACE('',(#2824),#3000,.F.);
#3119=ADVANCED_FACE('',(#2825),#3001,.F.);
#3120=ADVANCED_FACE('',(#2826),#3002,.T.);
#3121=ADVANCED_FACE('',(#2827,#2828),#3003,.F.);
#3122=ADVANCED_FACE('',(#2829),#3004,.F.);
#3123=ADVANCED_FACE('',(#2830,#2831),#17,.F.);
#3124=ADVANCED_FACE('',(#2832),#18,.T.);
#3125=ADVANCED_FACE('',(#2833,#2834),#3005,.T.);
#3126=ADVANCED_FACE('',(#2835,#2836),#3006,.T.);
#3127=ADVANCED_FACE('',(#2837,#2838),#3007,.T.);
#3128=ADVANCED_FACE('',(#2839),#3008,.F.);
#3129=ADVANCED_FACE('',(#2840),#3009,.F.);
#3130=ADVANCED_FACE('',(#2841),#3010,.T.);
#3131=ADVANCED_FACE('',(#2842),#3011,.T.);
#3132=ADVANCED_FACE('',(#2843),#3012,.F.);
#3133=ADVANCED_FACE('',(#2844),#3013,.F.);
#3134=ADVANCED_FACE('',(#2845),#3014,.T.);
#3135=ADVANCED_FACE('',(#2846),#3015,.T.);
#3136=ADVANCED_FACE('',(#2847),#3016,.F.);
#3137=ADVANCED_FACE('',(#2848,#2849,#2850,#2851,#2852,#2853),#3017,.T.);
#3138=ADVANCED_FACE('',(#2854,#2855,#2856,#2857,#2858,#2859),#3018,.F.);
#3139=ADVANCED_FACE('',(#2860,#2861),#19,.F.);
#3140=ADVANCED_FACE('',(#2862,#2863),#20,.F.);
#3141=ADVANCED_FACE('',(#2864,#2865),#21,.F.);
#3142=ADVANCED_FACE('',(#2866,#2867),#22,.F.);
#3143=ADVANCED_FACE('',(#2868,#2869),#23,.F.);
#3144=ADVANCED_FACE('',(#2870),#3019,.T.);
#3145=ADVANCED_FACE('',(#2871),#3020,.F.);
#3146=ADVANCED_FACE('',(#2872),#3021,.F.);
#3147=ADVANCED_FACE('',(#2873),#3022,.T.);
#3148=ADVANCED_FACE('',(#2874),#3023,.F.);
#3149=ADVANCED_FACE('',(#2875),#3024,.F.);
#3150=ADVANCED_FACE('',(#2876),#3025,.T.);
#3151=ADVANCED_FACE('',(#2877),#3026,.F.);
#3152=ADVANCED_FACE('',(#2878),#3027,.F.);
#3153=ADVANCED_FACE('',(#2879),#3028,.F.);
#3154=ADVANCED_FACE('',(#2880),#3029,.F.);
#3155=ADVANCED_FACE('',(#2881),#3030,.T.);
#3156=ADVANCED_FACE('',(#2882),#3031,.T.);
#3157=ADVANCED_FACE('',(#2883,#2884),#3032,.F.);
#3158=ADVANCED_FACE('',(#2885),#3033,.F.);
#3159=ADVANCED_FACE('',(#2886,#2887),#24,.F.);
#3160=ADVANCED_FACE('',(#2888),#25,.T.);
#3161=ADVANCED_FACE('',(#2889),#3034,.T.);
#3162=ADVANCED_FACE('',(#2890,#2891),#26,.F.);
#3163=ADVANCED_FACE('',(#2892,#2893),#27,.F.);
#3164=ADVANCED_FACE('',(#2894,#2895),#28,.F.);
#3165=ADVANCED_FACE('',(#2896,#2897),#29,.F.);
#3166=ADVANCED_FACE('',(#2898,#2899),#30,.F.);
#3167=ADVANCED_FACE('',(#2900,#2901),#31,.F.);
#3168=ADVANCED_FACE('',(#2902),#3035,.T.);
#3169=ADVANCED_FACE('',(#2903),#3036,.F.);
#3170=ADVANCED_FACE('',(#2904),#3037,.F.);
#3171=ADVANCED_FACE('',(#2905),#3038,.T.);
#3172=ADVANCED_FACE('',(#2906,#2907),#32,.F.);
#3173=ADVANCED_FACE('',(#2908,#2909),#33,.F.);
#3174=ADVANCED_FACE('',(#2910),#3039,.T.);
#3175=ADVANCED_FACE('',(#2911),#3040,.F.);
#3176=ADVANCED_FACE('',(#2912),#3041,.F.);
#3177=ADVANCED_FACE('',(#2913),#3042,.T.);
#3178=ADVANCED_FACE('',(#2914,#2915),#34,.T.);
#3179=ADVANCED_FACE('',(#2916),#3043,.T.);
#3180=ADVANCED_FACE('',(#2917),#3044,.F.);
#3181=ADVANCED_FACE('',(#2918,#2919),#35,.T.);
#3182=ADVANCED_FACE('',(#2920,#2921),#3045,.T.);
#3183=ADVANCED_FACE('',(#2922,#2923),#36,.T.);
#3184=ADVANCED_FACE('',(#2924,#2925),#3046,.T.);
#3185=ADVANCED_FACE('',(#2926,#2927),#37,.F.);
#3186=ADVANCED_FACE('',(#2928),#3047,.T.);
#3187=ADVANCED_FACE('',(#2929),#3048,.F.);
#3188=ADVANCED_FACE('',(#2930),#3049,.F.);
#3189=ADVANCED_FACE('',(#2931),#3050,.T.);
#3190=ADVANCED_FACE('',(#2932),#3051,.T.);
#3191=ADVANCED_FACE('',(#2933),#3052,.F.);
#3192=ADVANCED_FACE('',(#2934),#3053,.F.);
#3193=ADVANCED_FACE('',(#2935),#3054,.T.);
#3194=ADVANCED_FACE('',(#2936),#3055,.F.);
#3195=ADVANCED_FACE('',(#2937),#3056,.F.);
#3196=ADVANCED_FACE('',(#2938),#3057,.T.);
#3197=ADVANCED_FACE('',(#2939),#3058,.T.);
#3198=ADVANCED_FACE('',(#2940),#3059,.F.);
#3199=ADVANCED_FACE('',(#2941),#3060,.F.);
#3200=ADVANCED_FACE('',(#2942),#3061,.T.);
#3201=ADVANCED_FACE('',(#2943),#3062,.T.);
#3202=ADVANCED_FACE('',(#2944),#3063,.T.);
#3203=ADVANCED_FACE('',(#2945),#3064,.F.);
#3204=ADVANCED_FACE('',(#2946),#3065,.T.);
#3205=ADVANCED_FACE('',(#2947,#2948),#38,.F.);
#3206=ADVANCED_FACE('',(#2949,#2950),#39,.F.);
#3207=ADVANCED_FACE('',(#2951,#2952),#40,.F.);
#3208=ADVANCED_FACE('',(#2953),#3066,.T.);
#3209=ADVANCED_FACE('',(#2954),#3067,.F.);
#3210=ADVANCED_FACE('',(#2955),#3068,.F.);
#3211=ADVANCED_FACE('',(#2956),#3069,.T.);
#3212=ADVANCED_FACE('',(#2957),#3070,.T.);
#3213=ADVANCED_FACE('',(#2958),#3071,.F.);
#3214=ADVANCED_FACE('',(#2959),#3072,.F.);
#3215=ADVANCED_FACE('',(#2960),#3073,.T.);
#3216=ADVANCED_FACE('',(#2961),#3074,.T.);
#3217=ADVANCED_FACE('',(#2962),#3075,.F.);
#3218=ADVANCED_FACE('',(#2963),#3076,.F.);
#3219=ADVANCED_FACE('',(#2964),#3077,.T.);
#3220=ADVANCED_FACE('',(#2965),#3078,.T.);
#3221=ADVANCED_FACE('',(#2966),#3079,.F.);
#3222=ADVANCED_FACE('',(#2967),#3080,.T.);
#3223=CLOSED_SHELL('',(#3081,#3082,#3083,#3084,#3085,#3086,#3087,#3088,
#3089,#3090,#3091,#3092,#3093,#3094,#3095,#3096,#3097,#3098,#3099,#3100,
#3101,#3102,#3103,#3104,#3105,#3106,#3107,#3108,#3109,#3110,#3111,#3112,
#3113,#3114,#3115,#3116,#3117,#3118,#3119,#3120,#3121,#3122,#3123,#3124,
#3125,#3126,#3127,#3128,#3129,#3130,#3131,#3132,#3133,#3134,#3135,#3136,
#3137,#3138,#3139,#3140,#3141,#3142,#3143,#3144,#3145,#3146,#3147,#3148,
#3149,#3150,#3151,#3152,#3153,#3154,#3155,#3156,#3157,#3158,#3159,#3160,
#3161,#3162,#3163,#3164,#3165,#3166,#3167,#3168,#3169,#3170,#3171,#3172,
#3173,#3174,#3175,#3176,#3177,#3178,#3179,#3180,#3181,#3182,#3183,#3184,
#3185,#3186,#3187,#3188,#3189,#3190,#3191,#3192,#3193,#3194,#3195,#3196,
#3197,#3198,#3199,#3200,#3201,#3202,#3203,#3204,#3205,#3206,#3207,#3208,
#3209,#3210,#3211,#3212,#3213,#3214,#3215,#3216,#3217,#3218,#3219,#3220,
#3221,#3222));
#3224=STYLED_ITEM('',(#3225),#3232);
#3225=PRESENTATION_STYLE_ASSIGNMENT((#3226));
#3226=SURFACE_STYLE_USAGE(.BOTH.,#3227);
#3227=SURFACE_SIDE_STYLE('',(#3228));
#3228=SURFACE_STYLE_FILL_AREA(#3229);
#3229=FILL_AREA_STYLE('',(#3230));
#3230=FILL_AREA_STYLE_COLOUR('',#3231);
#3231=COLOUR_RGB('',0.43921568627451,0.474509803921569,0.501960784313726);
#3232=MANIFOLD_SOLID_BREP('Part 1',#3223);
#3233=SHAPE_DEFINITION_REPRESENTATION(#5108,#3234);
#3234=SHAPE_REPRESENTATION('Part 1',(#3235),#5103);
#3235=AXIS2_PLACEMENT_3D('',#4217,#3437,#3438);
#3236=AXIS2_PLACEMENT_3D('',#4218,#3439,#3440);
#3237=AXIS2_PLACEMENT_3D('',#4243,#3453,#3454);
#3238=AXIS2_PLACEMENT_3D('',#4245,#3455,#3456);
#3239=AXIS2_PLACEMENT_3D('',#4247,#3457,#3458);
#3240=AXIS2_PLACEMENT_3D('',#4265,#3467,#3468);
#3241=AXIS2_PLACEMENT_3D('',#4307,#3489,#3490);
#3242=AXIS2_PLACEMENT_3D('',#4324,#3499,#3500);
#3243=AXIS2_PLACEMENT_3D('',#4326,#3501,#3502);
#3244=AXIS2_PLACEMENT_3D('',#4328,#3503,#3504);
#3245=AXIS2_PLACEMENT_3D('',#4338,#3509,#3510);
#3246=AXIS2_PLACEMENT_3D('',#4396,#3539,#3540);
#3247=AXIS2_PLACEMENT_3D('',#4397,#3541,#3542);
#3248=AXIS2_PLACEMENT_3D('',#4409,#3548,#3549);
#3249=AXIS2_PLACEMENT_3D('',#4410,#3550,#3551);
#3250=AXIS2_PLACEMENT_3D('',#4412,#3552,#3553);
#3251=AXIS2_PLACEMENT_3D('',#4464,#3580,#3581);
#3252=AXIS2_PLACEMENT_3D('',#4465,#3582,#3583);
#3253=AXIS2_PLACEMENT_3D('',#4467,#3584,#3585);
#3254=AXIS2_PLACEMENT_3D('',#4482,#3593,#3594);
#3255=AXIS2_PLACEMENT_3D('',#4483,#3595,#3596);
#3256=AXIS2_PLACEMENT_3D('',#4485,#3597,#3598);
#3257=AXIS2_PLACEMENT_3D('',#4487,#3599,#3600);
#3258=AXIS2_PLACEMENT_3D('',#4489,#3601,#3602);
#3259=AXIS2_PLACEMENT_3D('',#4491,#3603,#3604);
#3260=AXIS2_PLACEMENT_3D('',#4493,#3605,#3606);
#3261=AXIS2_PLACEMENT_3D('',#4551,#3635,#3636);
#3262=AXIS2_PLACEMENT_3D('',#4554,#3639,#3640);
#3263=AXIS2_PLACEMENT_3D('',#4556,#3641,#3642);
#3264=AXIS2_PLACEMENT_3D('',#4570,#3651,#3652);
#3265=AXIS2_PLACEMENT_3D('',#4572,#3653,#3654);
#3266=AXIS2_PLACEMENT_3D('',#4582,#3659,#3660);
#3267=AXIS2_PLACEMENT_3D('',#4584,#3661,#3662);
#3268=AXIS2_PLACEMENT_3D('',#4586,#3663,#3664);
#3269=AXIS2_PLACEMENT_3D('',#4587,#3665,#3666);
#3270=AXIS2_PLACEMENT_3D('',#4589,#3667,#3668);
#3271=AXIS2_PLACEMENT_3D('',#4592,#3670,#3671);
#3272=AXIS2_PLACEMENT_3D('',#4606,#3679,#3680);
#3273=AXIS2_PLACEMENT_3D('',#4620,#3688,#3689);
#3274=AXIS2_PLACEMENT_3D('',#4634,#3697,#3698);
#3275=AXIS2_PLACEMENT_3D('',#4648,#3706,#3707);
#3276=AXIS2_PLACEMENT_3D('',#4662,#3715,#3716);
#3277=AXIS2_PLACEMENT_3D('',#4676,#3724,#3725);
#3278=AXIS2_PLACEMENT_3D('',#4690,#3733,#3734);
#3279=AXIS2_PLACEMENT_3D('',#4704,#3742,#3743);
#3280=AXIS2_PLACEMENT_3D('',#4708,#3747,#3748);
#3281=AXIS2_PLACEMENT_3D('',#4712,#3752,#3753);
#3282=AXIS2_PLACEMENT_3D('',#4713,#3754,#3755);
#3283=AXIS2_PLACEMENT_3D('',#4718,#3760,#3761);
#3284=AXIS2_PLACEMENT_3D('',#4723,#3766,#3767);
#3285=AXIS2_PLACEMENT_3D('',#4724,#3768,#3769);
#3286=AXIS2_PLACEMENT_3D('',#4726,#3770,#3771);
#3287=AXIS2_PLACEMENT_3D('',#4728,#3772,#3773);
#3288=AXIS2_PLACEMENT_3D('',#4730,#3774,#3775);
#3289=AXIS2_PLACEMENT_3D('',#4732,#3776,#3777);
#3290=AXIS2_PLACEMENT_3D('',#4734,#3778,#3779);
#3291=AXIS2_PLACEMENT_3D('',#4743,#3788,#3789);
#3292=AXIS2_PLACEMENT_3D('',#4745,#3790,#3791);
#3293=AXIS2_PLACEMENT_3D('',#4747,#3792,#3793);
#3294=AXIS2_PLACEMENT_3D('',#4749,#3794,#3795);
#3295=AXIS2_PLACEMENT_3D('',#4751,#3796,#3797);
#3296=AXIS2_PLACEMENT_3D('',#4753,#3798,#3799);
#3297=AXIS2_PLACEMENT_3D('',#4754,#3800,#3801);
#3298=AXIS2_PLACEMENT_3D('',#4755,#3802,#3803);
#3299=AXIS2_PLACEMENT_3D('',#4756,#3804,#3805);
#3300=AXIS2_PLACEMENT_3D('',#4757,#3806,#3807);
#3301=AXIS2_PLACEMENT_3D('',#4758,#3808,#3809);
#3302=AXIS2_PLACEMENT_3D('',#4760,#3811,#3812);
#3303=AXIS2_PLACEMENT_3D('',#4762,#3814,#3815);
#3304=AXIS2_PLACEMENT_3D('',#4763,#3816,#3817);
#3305=AXIS2_PLACEMENT_3D('',#4765,#3819,#3820);
#3306=AXIS2_PLACEMENT_3D('',#4767,#3822,#3823);
#3307=AXIS2_PLACEMENT_3D('',#4768,#3824,#3825);
#3308=AXIS2_PLACEMENT_3D('',#4770,#3827,#3828);
#3309=AXIS2_PLACEMENT_3D('',#4772,#3830,#3831);
#3310=AXIS2_PLACEMENT_3D('',#4773,#3832,#3833);
#3311=AXIS2_PLACEMENT_3D('',#4775,#3835,#3836);
#3312=AXIS2_PLACEMENT_3D('',#4777,#3838,#3839);
#3313=AXIS2_PLACEMENT_3D('',#4778,#3840,#3841);
#3314=AXIS2_PLACEMENT_3D('',#4779,#3842,#3843);
#3315=AXIS2_PLACEMENT_3D('',#4781,#3844,#3845);
#3316=AXIS2_PLACEMENT_3D('',#4784,#3847,#3848);
#3317=AXIS2_PLACEMENT_3D('',#4786,#3850,#3851);
#3318=AXIS2_PLACEMENT_3D('',#4787,#3852,#3853);
#3319=AXIS2_PLACEMENT_3D('',#4789,#3855,#3856);
#3320=AXIS2_PLACEMENT_3D('',#4790,#3857,#3858);
#3321=AXIS2_PLACEMENT_3D('',#4796,#3861,#3862);
#3322=AXIS2_PLACEMENT_3D('',#4797,#3863,#3864);
#3323=AXIS2_PLACEMENT_3D('',#4811,#3872,#3873);
#3324=AXIS2_PLACEMENT_3D('',#4825,#3881,#3882);
#3325=AXIS2_PLACEMENT_3D('',#4839,#3890,#3891);
#3326=AXIS2_PLACEMENT_3D('',#4853,#3899,#3900);
#3327=AXIS2_PLACEMENT_3D('',#4867,#3908,#3909);
#3328=AXIS2_PLACEMENT_3D('',#4881,#3917,#3918);
#3329=AXIS2_PLACEMENT_3D('',#4895,#3926,#3927);
#3330=AXIS2_PLACEMENT_3D('',#4909,#3935,#3936);
#3331=AXIS2_PLACEMENT_3D('',#4910,#3937,#3938);
#3332=AXIS2_PLACEMENT_3D('',#4915,#3943,#3944);
#3333=AXIS2_PLACEMENT_3D('',#4920,#3949,#3950);
#3334=AXIS2_PLACEMENT_3D('',#4921,#3951,#3952);
#3335=AXIS2_PLACEMENT_3D('',#4923,#3953,#3954);
#3336=AXIS2_PLACEMENT_3D('',#4925,#3955,#3956);
#3337=AXIS2_PLACEMENT_3D('',#4927,#3957,#3958);
#3338=AXIS2_PLACEMENT_3D('',#4929,#3959,#3960);
#3339=AXIS2_PLACEMENT_3D('',#4931,#3961,#3962);
#3340=AXIS2_PLACEMENT_3D('',#4940,#3971,#3972);
#3341=AXIS2_PLACEMENT_3D('',#4942,#3973,#3974);
#3342=AXIS2_PLACEMENT_3D('',#4944,#3975,#3976);
#3343=AXIS2_PLACEMENT_3D('',#4946,#3977,#3978);
#3344=AXIS2_PLACEMENT_3D('',#4948,#3979,#3980);
#3345=AXIS2_PLACEMENT_3D('',#4950,#3981,#3982);
#3346=AXIS2_PLACEMENT_3D('',#4951,#3983,#3984);
#3347=AXIS2_PLACEMENT_3D('',#4952,#3985,#3986);
#3348=AXIS2_PLACEMENT_3D('',#4953,#3987,#3988);
#3349=AXIS2_PLACEMENT_3D('',#4954,#3989,#3990);
#3350=AXIS2_PLACEMENT_3D('',#4955,#3991,#3992);
#3351=AXIS2_PLACEMENT_3D('',#4957,#3994,#3995);
#3352=AXIS2_PLACEMENT_3D('',#4959,#3997,#3998);
#3353=AXIS2_PLACEMENT_3D('',#4960,#3999,#4000);
#3354=AXIS2_PLACEMENT_3D('',#4962,#4002,#4003);
#3355=AXIS2_PLACEMENT_3D('',#4964,#4005,#4006);
#3356=AXIS2_PLACEMENT_3D('',#4965,#4007,#4008);
#3357=AXIS2_PLACEMENT_3D('',#4967,#4010,#4011);
#3358=AXIS2_PLACEMENT_3D('',#4969,#4013,#4014);
#3359=AXIS2_PLACEMENT_3D('',#4970,#4015,#4016);
#3360=AXIS2_PLACEMENT_3D('',#4972,#4018,#4019);
#3361=AXIS2_PLACEMENT_3D('',#4974,#4021,#4022);
#3362=AXIS2_PLACEMENT_3D('',#4975,#4023,#4024);
#3363=AXIS2_PLACEMENT_3D('',#4979,#4027,#4028);
#3364=AXIS2_PLACEMENT_3D('',#4980,#4029,#4030);
#3365=AXIS2_PLACEMENT_3D('',#4982,#4031,#4032);
#3366=AXIS2_PLACEMENT_3D('',#4985,#4034,#4035);
#3367=AXIS2_PLACEMENT_3D('',#4987,#4037,#4038);
#3368=AXIS2_PLACEMENT_3D('',#4988,#4039,#4040);
#3369=AXIS2_PLACEMENT_3D('',#4989,#4041,#4042);
#3370=AXIS2_PLACEMENT_3D('',#4990,#4043,#4044);
#3371=AXIS2_PLACEMENT_3D('',#4991,#4045,#4046);
#3372=AXIS2_PLACEMENT_3D('',#4992,#4047,#4048);
#3373=AXIS2_PLACEMENT_3D('',#4993,#4049,#4050);
#3374=AXIS2_PLACEMENT_3D('',#4994,#4051,#4052);
#3375=AXIS2_PLACEMENT_3D('',#4995,#4053,#4054);
#3376=AXIS2_PLACEMENT_3D('',#4996,#4055,#4056);
#3377=AXIS2_PLACEMENT_3D('',#4999,#4059,#4060);
#3378=AXIS2_PLACEMENT_3D('',#5001,#4062,#4063);
#3379=AXIS2_PLACEMENT_3D('',#5003,#4065,#4066);
#3380=AXIS2_PLACEMENT_3D('',#5004,#4067,#4068);
#3381=AXIS2_PLACEMENT_3D('',#5005,#4069,#4070);
#3382=AXIS2_PLACEMENT_3D('',#5007,#4071,#4072);
#3383=AXIS2_PLACEMENT_3D('',#5008,#4073,#4074);
#3384=AXIS2_PLACEMENT_3D('',#5010,#4075,#4076);
#3385=AXIS2_PLACEMENT_3D('',#5013,#4079,#4080);
#3386=AXIS2_PLACEMENT_3D('',#5015,#4082,#4083);
#3387=AXIS2_PLACEMENT_3D('',#5017,#4085,#4086);
#3388=AXIS2_PLACEMENT_3D('',#5018,#4087,#4088);
#3389=AXIS2_PLACEMENT_3D('',#5019,#4089,#4090);
#3390=AXIS2_PLACEMENT_3D('',#5021,#4091,#4092);
#3391=AXIS2_PLACEMENT_3D('',#5022,#4093,#4094);
#3392=AXIS2_PLACEMENT_3D('',#5023,#4095,#4096);
#3393=AXIS2_PLACEMENT_3D('',#5024,#4097,#4098);
#3394=AXIS2_PLACEMENT_3D('',#5025,#4099,#4100);
#3395=AXIS2_PLACEMENT_3D('',#5027,#4101,#4102);
#3396=AXIS2_PLACEMENT_3D('',#5028,#4103,#4104);
#3397=AXIS2_PLACEMENT_3D('',#5029,#4105,#4106);
#3398=AXIS2_PLACEMENT_3D('',#5031,#4107,#4108);
#3399=AXIS2_PLACEMENT_3D('',#5032,#4109,#4110);
#3400=AXIS2_PLACEMENT_3D('',#5033,#4111,#4112);
#3401=AXIS2_PLACEMENT_3D('',#5036,#4115,#4116);
#3402=AXIS2_PLACEMENT_3D('',#5038,#4118,#4119);
#3403=AXIS2_PLACEMENT_3D('',#5040,#4121,#4122);
#3404=AXIS2_PLACEMENT_3D('',#5041,#4123,#4124);
#3405=AXIS2_PLACEMENT_3D('',#5044,#4127,#4128);
#3406=AXIS2_PLACEMENT_3D('',#5046,#4130,#4131);
#3407=AXIS2_PLACEMENT_3D('',#5048,#4133,#4134);
#3408=AXIS2_PLACEMENT_3D('',#5049,#4135,#4136);
#3409=AXIS2_PLACEMENT_3D('',#5052,#4139,#4140);
#3410=AXIS2_PLACEMENT_3D('',#5054,#4142,#4143);
#3411=AXIS2_PLACEMENT_3D('',#5056,#4145,#4146);
#3412=AXIS2_PLACEMENT_3D('',#5057,#4147,#4148);
#3413=AXIS2_PLACEMENT_3D('',#5060,#4151,#4152);
#3414=AXIS2_PLACEMENT_3D('',#5062,#4154,#4155);
#3415=AXIS2_PLACEMENT_3D('',#5064,#4157,#4158);
#3416=AXIS2_PLACEMENT_3D('',#5065,#4159,#4160);
#3417=AXIS2_PLACEMENT_3D('',#5068,#4163,#4164);
#3418=AXIS2_PLACEMENT_3D('',#5069,#4165,#4166);
#3419=AXIS2_PLACEMENT_3D('',#5070,#4167,#4168);
#3420=AXIS2_PLACEMENT_3D('',#5071,#4169,#4170);
#3421=AXIS2_PLACEMENT_3D('',#5072,#4171,#4172);
#3422=AXIS2_PLACEMENT_3D('',#5073,#4173,#4174);
#3423=AXIS2_PLACEMENT_3D('',#5076,#4177,#4178);
#3424=AXIS2_PLACEMENT_3D('',#5078,#4180,#4181);
#3425=AXIS2_PLACEMENT_3D('',#5080,#4183,#4184);
#3426=AXIS2_PLACEMENT_3D('',#5081,#4185,#4186);
#3427=AXIS2_PLACEMENT_3D('',#5084,#4189,#4190);
#3428=AXIS2_PLACEMENT_3D('',#5086,#4192,#4193);
#3429=AXIS2_PLACEMENT_3D('',#5088,#4195,#4196);
#3430=AXIS2_PLACEMENT_3D('',#5089,#4197,#4198);
#3431=AXIS2_PLACEMENT_3D('',#5092,#4201,#4202);
#3432=AXIS2_PLACEMENT_3D('',#5094,#4204,#4205);
#3433=AXIS2_PLACEMENT_3D('',#5096,#4207,#4208);
#3434=AXIS2_PLACEMENT_3D('',#5097,#4209,#4210);
#3435=AXIS2_PLACEMENT_3D('',#5100,#4213,#4214);
#3436=AXIS2_PLACEMENT_3D('',#5101,#4215,#4216);
#3437=DIRECTION('',(0.,0.,1.));
#3438=DIRECTION('',(1.,0.,0.));
#3439=DIRECTION('',(0.,0.,1.));
#3440=DIRECTION('',(1.,0.,0.));
#3441=DIRECTION('',(1.,0.,0.));
#3442=DIRECTION('',(-3.08395284618099E-16,-1.,0.));
#3443=DIRECTION('',(-1.,0.,0.));
#3444=DIRECTION('',(3.08395284618099E-16,-1.,0.));
#3445=DIRECTION('',(-1.,0.,0.));
#3446=DIRECTION('',(-3.08395284618099E-16,-1.,0.));
#3447=DIRECTION('',(1.,-1.7347234759768E-16,0.));
#3448=DIRECTION('',(0.,-1.,0.));
#3449=DIRECTION('',(1.,-1.7347234759768E-16,0.));
#3450=DIRECTION('',(-3.08395284618099E-16,-1.,0.));
#3451=DIRECTION('',(1.,-1.7347234759768E-16,0.));
#3452=DIRECTION('',(0.,-1.,0.));
#3453=DIRECTION('',(0.,0.,1.));
#3454=DIRECTION('',(1.,0.,0.));
#3455=DIRECTION('',(0.,0.,1.));
#3456=DIRECTION('',(1.,0.,0.));
#3457=DIRECTION('',(0.,0.,1.));
#3458=DIRECTION('',(1.,0.,0.));
#3459=DIRECTION('',(0.,-1.,0.));
#3460=DIRECTION('',(-1.,-6.19544098563145E-16,0.));
#3461=DIRECTION('',(0.,-1.,0.));
#3462=DIRECTION('',(-1.,-6.19544098563145E-16,0.));
#3463=DIRECTION('',(-1.,-6.19544098563145E-16,0.));
#3464=DIRECTION('',(0.,1.,0.));
#3465=DIRECTION('',(-1.,-6.44325862505671E-16,0.));
#3466=DIRECTION('',(0.,1.,0.));
#3467=DIRECTION('',(0.,0.,1.));
#3468=DIRECTION('',(1.,0.,0.));
#3469=DIRECTION('',(1.,1.73472347597681E-16,0.));
#3470=DIRECTION('',(0.,-1.,0.));
#3471=DIRECTION('',(1.,1.73472347597681E-16,0.));
#3472=DIRECTION('',(0.,-1.,0.));
#3473=DIRECTION('',(0.,-1.,0.));
#3474=DIRECTION('',(-1.,-6.19544098563146E-16,0.));
#3475=DIRECTION('',(0.,-1.,0.));
#3476=DIRECTION('',(-1.,-6.44325862505671E-16,0.));
#3477=DIRECTION('',(0.,1.,0.));
#3478=DIRECTION('',(1.,0.,0.));
#3479=DIRECTION('',(0.,1.,0.));
#3480=DIRECTION('',(1.,0.,0.));
#3481=DIRECTION('',(1.,0.,0.));
#3482=DIRECTION('',(0.,-1.,0.));
#3483=DIRECTION('',(1.,0.,0.));
#3484=DIRECTION('',(0.,-1.,0.));
#3485=DIRECTION('',(1.,0.,0.));
#3486=DIRECTION('',(0.,-1.,0.));
#3487=DIRECTION('',(1.,0.,0.));
#3488=DIRECTION('',(0.,-1.,0.));
#3489=DIRECTION('',(0.,0.,1.));
#3490=DIRECTION('',(1.,0.,0.));
#3491=DIRECTION('',(0.,1.,0.));
#3492=DIRECTION('',(-1.,0.,0.));
#3493=DIRECTION('',(0.,1.,0.));
#3494=DIRECTION('',(-1.,0.,0.));
#3495=DIRECTION('',(-1.,0.,0.));
#3496=DIRECTION('',(0.,-1.,0.));
#3497=DIRECTION('',(-1.,0.,0.));
#3498=DIRECTION('',(0.,-1.,0.));
#3499=DIRECTION('',(0.,0.,-1.));
#3500=DIRECTION('',(-1.,0.,0.));
#3501=DIRECTION('',(0.,0.,-1.));
#3502=DIRECTION('',(-1.,0.,0.));
#3503=DIRECTION('',(0.,0.,-1.));
#3504=DIRECTION('',(-1.,0.,0.));
#3505=DIRECTION('',(1.,6.19544098563146E-16,0.));
#3506=DIRECTION('',(0.,1.,0.));
#3507=DIRECTION('',(1.,6.44325862505671E-16,0.));
#3508=DIRECTION('',(0.,1.,0.));
#3509=DIRECTION('',(0.,0.,-1.));
#3510=DIRECTION('',(-1.,0.,0.));
#3511=DIRECTION('',(0.,1.,0.));
#3512=DIRECTION('',(-1.,-1.73472347597681E-16,0.));
#3513=DIRECTION('',(0.,1.,0.));
#3514=DIRECTION('',(-1.,-1.73472347597681E-16,0.));
#3515=DIRECTION('',(0.,-1.,0.));
#3516=DIRECTION('',(1.,6.19544098563145E-16,0.));
#3517=DIRECTION('',(0.,-1.,0.));
#3518=DIRECTION('',(1.,6.44325862505671E-16,0.));
#3519=DIRECTION('',(1.,6.19544098563145E-16,0.));
#3520=DIRECTION('',(0.,1.,0.));
#3521=DIRECTION('',(1.,6.19544098563145E-16,0.));
#3522=DIRECTION('',(0.,1.,0.));
#3523=DIRECTION('',(0.,1.,0.));
#3524=DIRECTION('',(-1.,0.,0.));
#3525=DIRECTION('',(0.,1.,0.));
#3526=DIRECTION('',(-1.,0.,0.));
#3527=DIRECTION('',(-1.,0.,0.));
#3528=DIRECTION('',(0.,1.,0.));
#3529=DIRECTION('',(-1.,1.7347234759768E-16,0.));
#3530=DIRECTION('',(0.,1.,0.));
#3531=DIRECTION('',(-1.,1.7347234759768E-16,0.));
#3532=DIRECTION('',(0.,1.,0.));
#3533=DIRECTION('',(-1.,1.7347234759768E-16,0.));
#3534=DIRECTION('',(0.,1.,0.));
#3535=DIRECTION('',(-1.,0.,0.));
#3536=DIRECTION('',(3.03576608295942E-16,-1.,0.));
#3537=DIRECTION('',(-1.,0.,0.));
#3538=DIRECTION('',(0.,1.,0.));
#3539=DIRECTION('',(0.,0.,-1.));
#3540=DIRECTION('',(-1.,0.,0.));
#3541=DIRECTION('',(0.,0.,-1.));
#3542=DIRECTION('',(-1.,0.,0.));
#3543=DIRECTION('',(-3.03576608295942E-16,1.,0.));
#3544=DIRECTION('',(-1.,-3.03576608295942E-16,0.));
#3545=DIRECTION('',(3.03576608295942E-16,-1.,0.));
#3546=DIRECTION('',(-1.,-3.03576608295942E-16,0.));
#3547=DIRECTION('',(-3.03576608295942E-16,1.,0.));
#3548=DIRECTION('',(1.,3.03576608295942E-16,0.));
#3549=DIRECTION('',(-3.03576608295942E-16,1.,0.));
#3550=DIRECTION('',(1.,3.03576608295942E-16,0.));
#3551=DIRECTION('',(-3.03576608295942E-16,1.,0.));
#3552=DIRECTION('',(1.,3.03576608295942E-16,0.));
#3553=DIRECTION('',(-3.03576608295942E-16,1.,0.));
#3554=DIRECTION('',(0.,0.,1.));
#3555=DIRECTION('',(3.03576608295942E-16,-1.,0.));
#3556=DIRECTION('',(0.,0.,1.));
#3557=DIRECTION('',(0.,0.,-1.));
#3558=DIRECTION('',(3.03576608295942E-16,-1.,0.));
#3559=DIRECTION('',(0.,0.,-1.));
#3560=DIRECTION('',(0.,0.,1.));
#3561=DIRECTION('',(3.03576608295942E-16,-1.,0.));
#3562=DIRECTION('',(0.,0.,1.));
#3563=DIRECTION('',(3.03576608295942E-16,-1.,0.));
#3564=DIRECTION('',(4.78746790153079E-32,-1.5770213417971E-16,-1.));
#3565=DIRECTION('',(-3.03576608295942E-16,1.,0.));
#3566=DIRECTION('',(3.59060092614809E-32,-1.18276600634783E-16,-1.));
#3567=DIRECTION('',(-3.03576608295942E-16,1.,0.));
#3568=DIRECTION('',(3.03576608295942E-16,-1.,0.));
#3569=DIRECTION('',(4.7874679015308E-32,-1.5770213417971E-16,-1.));
#3570=DIRECTION('',(3.03576608295942E-16,-1.,0.));
#3571=DIRECTION('',(3.59060092614811E-32,-1.18276600634783E-16,-1.));
#3572=DIRECTION('',(0.,0.,-1.));
#3573=DIRECTION('',(-3.03576608295942E-16,1.,0.));
#3574=DIRECTION('',(0.,0.,-1.));
#3575=DIRECTION('',(-3.03576608295942E-16,1.,0.));
#3576=DIRECTION('',(0.,0.,1.));
#3577=DIRECTION('',(3.03576608295942E-16,-1.,0.));
#3578=DIRECTION('',(0.,0.,1.));
#3579=DIRECTION('',(3.03576608295942E-16,-1.,0.));
#3580=DIRECTION('',(1.,3.08395284618099E-16,0.));
#3581=DIRECTION('',(-3.08395284618099E-16,1.,0.));
#3582=DIRECTION('',(1.,3.08395284618099E-16,0.));
#3583=DIRECTION('',(-3.08395284618099E-16,1.,0.));
#3584=DIRECTION('',(1.,3.08395284618099E-16,0.));
#3585=DIRECTION('',(-3.08395284618099E-16,1.,0.));
#3586=DIRECTION('',(0.,0.,-1.));
#3587=DIRECTION('',(3.08395284618099E-16,-1.,0.));
#3588=DIRECTION('',(0.,0.,-1.));
#3589=DIRECTION('',(3.08395284618099E-16,-1.,0.));
#3590=DIRECTION('',(0.,0.,1.));
#3591=DIRECTION('',(3.08395284618099E-16,-1.,0.));
#3592=DIRECTION('',(0.,0.,1.));
#3593=DIRECTION('',(-1.,3.03576608295942E-16,0.));
#3594=DIRECTION('',(3.03576608295942E-16,1.,0.));
#3595=DIRECTION('',(-1.,3.03576608295942E-16,0.));
#3596=DIRECTION('',(-3.03576608295942E-16,-1.,0.));
#3597=DIRECTION('',(-1.,3.03576608295942E-16,0.));
#3598=DIRECTION('',(-3.03576608295942E-16,-1.,0.));
#3599=DIRECTION('',(-1.,3.03576608295942E-16,0.));
#3600=DIRECTION('',(-3.03576608295942E-16,-1.,0.));
#3601=DIRECTION('',(-1.,3.03576608295942E-16,0.));
#3602=DIRECTION('',(-3.03576608295942E-16,-1.,0.));
#3603=DIRECTION('',(-1.,3.03576608295942E-16,0.));
#3604=DIRECTION('',(-3.03576608295942E-16,-1.,0.));
#3605=DIRECTION('',(-1.,3.03576608295942E-16,0.));
#3606=DIRECTION('',(-3.03576608295942E-16,-1.,0.));
#3607=DIRECTION('',(-3.03576608295942E-16,-1.,0.));
#3608=DIRECTION('',(0.,0.,1.));
#3609=DIRECTION('',(-3.03576608295942E-16,-1.,0.));
#3610=DIRECTION('',(0.,0.,1.));
#3611=DIRECTION('',(0.,0.,-1.));
#3612=DIRECTION('',(-3.03576608295942E-16,-1.,0.));
#3613=DIRECTION('',(0.,0.,-1.));
#3614=DIRECTION('',(-3.03576608295942E-16,-1.,0.));
#3615=DIRECTION('',(0.,0.,1.));
#3616=DIRECTION('',(-3.03576608295942E-16,-1.,0.));
#3617=DIRECTION('',(0.,0.,1.));
#3618=DIRECTION('',(-3.03576608295942E-16,-1.,0.));
#3619=DIRECTION('',(-4.78746790153079E-32,-1.5770213417971E-16,-1.));
#3620=DIRECTION('',(3.03576608295942E-16,1.,0.));
#3621=DIRECTION('',(-3.59060092614809E-32,-1.18276600634783E-16,-1.));
#3622=DIRECTION('',(3.03576608295942E-16,1.,0.));
#3623=DIRECTION('',(-3.03576608295942E-16,-1.,0.));
#3624=DIRECTION('',(-3.59060092614811E-32,-1.18276600634783E-16,-1.));
#3625=DIRECTION('',(-3.03576608295942E-16,-1.,0.));
#3626=DIRECTION('',(-4.7874679015308E-32,-1.5770213417971E-16,-1.));
#3627=DIRECTION('',(0.,0.,-1.));
#3628=DIRECTION('',(3.03576608295942E-16,1.,0.));
#3629=DIRECTION('',(0.,0.,-1.));
#3630=DIRECTION('',(3.03576608295942E-16,1.,0.));
#3631=DIRECTION('',(0.,0.,-1.));
#3632=DIRECTION('',(3.03576608295942E-16,1.,0.));
#3633=DIRECTION('',(0.,0.,-1.));
#3634=DIRECTION('',(3.03576608295942E-16,1.,0.));
#3635=DIRECTION('',(-1.,3.08395284618099E-16,0.));
#3636=DIRECTION('',(3.08395284618099E-16,1.,0.));
#3637=DIRECTION('',(0.,0.,-1.));
#3638=DIRECTION('',(0.,0.,-1.));
#3639=DIRECTION('',(-1.,3.03576608295942E-16,0.));
#3640=DIRECTION('',(-3.03576608295942E-16,-1.,0.));
#3641=DIRECTION('',(-1.,3.03576608295942E-16,0.));
#3642=DIRECTION('',(-3.03576608295942E-16,-1.,0.));
#3643=DIRECTION('',(0.,0.,-1.));
#3644=DIRECTION('',(0.,0.,1.));
#3645=DIRECTION('',(0.,1.,0.));
#3646=DIRECTION('',(0.,0.,1.));
#3647=DIRECTION('',(0.,0.,-1.));
#3648=DIRECTION('',(0.,0.,-1.));
#3649=DIRECTION('',(-3.08395284618099E-16,-1.,0.));
#3650=DIRECTION('',(0.,0.,-1.));
#3651=DIRECTION('',(-1.,3.08395284618099E-16,0.));
#3652=DIRECTION('',(-3.08395284618099E-16,-1.,0.));
#3653=DIRECTION('',(-1.,3.08395284618099E-16,0.));
#3654=DIRECTION('',(-3.08395284618099E-16,-1.,0.));
#3655=DIRECTION('',(3.08395284618099E-16,1.,0.));
#3656=DIRECTION('',(0.,0.,-1.));
#3657=DIRECTION('',(3.08395284618099E-16,1.,0.));
#3658=DIRECTION('',(0.,0.,-1.));
#3659=DIRECTION('',(-1.,3.03576608295942E-16,0.));
#3660=DIRECTION('',(-3.03576608295942E-16,-1.,0.));
#3661=DIRECTION('',(-1.,3.03576608295942E-16,0.));
#3662=DIRECTION('',(-3.03576608295942E-16,-1.,0.));
#3663=DIRECTION('',(3.03576608295942E-16,-1.,0.));
#3664=DIRECTION('',(1.,3.03576608295942E-16,0.));
#3665=DIRECTION('',(3.03576608295942E-16,-1.,0.));
#3666=DIRECTION('',(1.,3.03576608295942E-16,0.));
#3667=DIRECTION('',(3.03576608295942E-16,-1.,0.));
#3668=DIRECTION('',(1.,3.03576608295942E-16,0.));
#3669=DIRECTION('',(-1.,-3.03576608295942E-16,0.));
#3670=DIRECTION('',(3.03576608295942E-16,-1.,0.));
#3671=DIRECTION('',(1.,3.03576608295942E-16,0.));
#3672=DIRECTION('',(-1.,-3.03576608295942E-16,0.));
#3673=DIRECTION('',(-1.,-3.03576608295942E-16,0.));
#3674=DIRECTION('',(0.,0.,1.));
#3675=DIRECTION('',(-1.,-3.03576608295942E-16,0.));
#3676=DIRECTION('',(1.15648231731787E-16,3.51080979445591E-32,-1.));
#3677=DIRECTION('',(-1.,-3.03576608295942E-16,0.));
#3678=DIRECTION('',(1.15648231731787E-16,3.51080979445591E-32,-1.));
#3679=DIRECTION('',(-3.03576608295942E-16,1.,0.));
#3680=DIRECTION('',(-1.,-3.03576608295942E-16,0.));
#3681=DIRECTION('',(-1.,-3.03576608295942E-16,0.));
#3682=DIRECTION('',(0.,0.,-1.));
#3683=DIRECTION('',(-1.,-3.03576608295942E-16,0.));
#3684=DIRECTION('',(1.,3.03576608295942E-16,0.));
#3685=DIRECTION('',(-1.15648231731787E-16,-3.51080979445591E-32,1.));
#3686=DIRECTION('',(1.,3.03576608295942E-16,0.));
#3687=DIRECTION('',(-1.15648231731787E-16,-3.51080979445591E-32,1.));
#3688=DIRECTION('',(3.03576608295942E-16,-1.,0.));
#3689=DIRECTION('',(1.,3.03576608295942E-16,0.));
#3690=DIRECTION('',(-2.36553201269565E-16,-7.18120185229616E-32,1.));
#3691=DIRECTION('',(-1.,-3.03576608295942E-16,0.));
#3692=DIRECTION('',(1.15648231731787E-16,3.51080979445591E-32,-1.));
#3693=DIRECTION('',(-1.,-3.03576608295942E-16,0.));
#3694=DIRECTION('',(-2.36553201269565E-16,-7.18120185229616E-32,1.));
#3695=DIRECTION('',(-1.,-3.03576608295942E-16,0.));
#3696=DIRECTION('',(-1.,-3.03576608295942E-16,0.));
#3697=DIRECTION('',(-3.03576608295942E-16,1.,-1.5770213417971E-16));
#3698=DIRECTION('',(-1.,-3.03576608295942E-16,0.));
#3699=DIRECTION('',(-1.15648231731787E-16,1.5770213417971E-16,1.));
#3700=DIRECTION('',(1.,3.03576608295942E-16,0.));
#3701=DIRECTION('',(2.36553201269565E-16,-1.5770213417971E-16,-1.));
#3702=DIRECTION('',(-1.,-3.03576608295942E-16,0.));
#3703=DIRECTION('',(-1.,-3.03576608295942E-16,0.));
#3704=DIRECTION('',(2.36553201269565E-16,-1.5770213417971E-16,-1.));
#3705=DIRECTION('',(1.,3.03576608295942E-16,0.));
#3706=DIRECTION('',(-3.03576608295942E-16,1.,-1.18276600634783E-16));
#3707=DIRECTION('',(-1.,-3.03576608295942E-16,0.));
#3708=DIRECTION('',(1.,3.03576608295942E-16,0.));
#3709=DIRECTION('',(-1.15648231731787E-16,1.18276600634783E-16,1.));
#3710=DIRECTION('',(1.,3.03576608295942E-16,0.));
#3711=DIRECTION('',(2.36553201269565E-16,-1.18276600634783E-16,-1.));
#3712=DIRECTION('',(-1.,-3.03576608295942E-16,0.));
#3713=DIRECTION('',(-1.,-3.03576608295942E-16,0.));
#3714=DIRECTION('',(2.36553201269565E-16,-1.18276600634783E-16,-1.));
#3715=DIRECTION('',(-3.03576608295942E-16,1.,-1.5770213417971E-16));
#3716=DIRECTION('',(-1.,-3.03576608295942E-16,0.));
#3717=DIRECTION('',(1.,3.03576608295942E-16,0.));
#3718=DIRECTION('',(-1.15648231731787E-16,1.5770213417971E-16,1.));
#3719=DIRECTION('',(1.,3.03576608295942E-16,0.));
#3720=DIRECTION('',(2.36553201269565E-16,-1.5770213417971E-16,-1.));
#3721=DIRECTION('',(-1.,-3.03576608295942E-16,0.));
#3722=DIRECTION('',(-1.,-3.03576608295942E-16,0.));
#3723=DIRECTION('',(2.36553201269565E-16,-1.5770213417971E-16,-1.));
#3724=DIRECTION('',(-3.03576608295942E-16,1.,-1.18276600634783E-16));
#3725=DIRECTION('',(-1.,-3.03576608295942E-16,0.));
#3726=DIRECTION('',(-1.15648231731787E-16,1.18276600634783E-16,1.));
#3727=DIRECTION('',(1.,3.03576608295942E-16,0.));
#3728=DIRECTION('',(2.36553201269565E-16,-1.18276600634783E-16,-1.));
#3729=DIRECTION('',(-1.,-3.03576608295942E-16,0.));
#3730=DIRECTION('',(-1.,-3.03576608295942E-16,0.));
#3731=DIRECTION('',(2.36553201269565E-16,-1.18276600634783E-16,-1.));
#3732=DIRECTION('',(1.,3.03576608295942E-16,0.));
#3733=DIRECTION('',(-3.03576608295942E-16,1.,0.));
#3734=DIRECTION('',(-1.,-3.03576608295942E-16,0.));
#3735=DIRECTION('',(-1.15648231731787E-16,-3.51080979445591E-32,1.));
#3736=DIRECTION('',(1.,3.03576608295942E-16,0.));
#3737=DIRECTION('',(2.36553201269565E-16,7.18120185229616E-32,-1.));
#3738=DIRECTION('',(-1.,-3.03576608295942E-16,0.));
#3739=DIRECTION('',(-1.,-3.03576608295942E-16,0.));
#3740=DIRECTION('',(2.36553201269565E-16,7.18120185229616E-32,-1.));
#3741=DIRECTION('',(1.,3.03576608295942E-16,0.));
#3742=DIRECTION('',(0.,-1.,0.));
#3743=DIRECTION('',(0.,0.,-1.));
#3744=DIRECTION('',(-1.,0.,0.));
#3745=DIRECTION('',(1.,0.,0.));
#3746=DIRECTION('',(-1.,0.,0.));
#3747=DIRECTION('',(0.,-1.,0.));
#3748=DIRECTION('',(0.,0.,-1.));
#3749=DIRECTION('',(-1.,0.,0.));
#3750=DIRECTION('',(1.,0.,0.));
#3751=DIRECTION('',(-1.,0.,0.));
#3752=DIRECTION('',(0.,0.,1.));
#3753=DIRECTION('',(1.,0.,0.));
#3754=DIRECTION('',(0.,0.,1.));
#3755=DIRECTION('',(1.,0.,0.));
#3756=DIRECTION('',(3.03576608295942E-16,-1.,0.));
#3757=DIRECTION('',(3.03576608295942E-16,-1.,0.));
#3758=DIRECTION('',(3.03576608295942E-16,-1.,0.));
#3759=DIRECTION('',(-3.03576608295942E-16,1.,0.));
#3760=DIRECTION('',(0.,0.,1.));
#3761=DIRECTION('',(1.,0.,0.));
#3762=DIRECTION('',(-3.03576608295942E-16,1.,0.));
#3763=DIRECTION('',(3.03576608295942E-16,-1.,0.));
#3764=DIRECTION('',(3.03576608295942E-16,-1.,0.));
#3765=DIRECTION('',(3.03576608295942E-16,-1.,0.));
#3766=DIRECTION('',(1.,3.03576608295942E-16,0.));
#3767=DIRECTION('',(-3.03576608295942E-16,1.,0.));
#3768=DIRECTION('',(1.,3.03576608295942E-16,0.));
#3769=DIRECTION('',(-3.03576608295942E-16,1.,0.));
#3770=DIRECTION('',(1.,3.03576608295942E-16,0.));
#3771=DIRECTION('',(-3.03576608295942E-16,1.,0.));
#3772=DIRECTION('',(1.,3.03576608295942E-16,0.));
#3773=DIRECTION('',(-3.03576608295942E-16,1.,0.));
#3774=DIRECTION('',(1.,3.03576608295942E-16,0.));
#3775=DIRECTION('',(-3.03576608295942E-16,1.,0.));
#3776=DIRECTION('',(1.,3.03576608295942E-16,0.));
#3777=DIRECTION('',(-3.03576608295942E-16,1.,0.));
#3778=DIRECTION('',(1.,3.03576608295942E-16,2.36553201269565E-16));
#3779=DIRECTION('',(-3.03576608295942E-16,1.,0.));
#3780=DIRECTION('',(3.03576608295942E-16,-1.,0.));
#3781=DIRECTION('',(3.03576608295942E-16,-1.,0.));
#3782=DIRECTION('',(3.03576608295942E-16,-1.,0.));
#3783=DIRECTION('',(3.03576608295942E-16,-1.,0.));
#3784=DIRECTION('',(3.03576608295942E-16,-1.,0.));
#3785=DIRECTION('',(3.03576608295942E-16,-1.,0.));
#3786=DIRECTION('',(3.03576608295942E-16,-1.,0.));
#3787=DIRECTION('',(3.03576608295942E-16,-1.,0.));
#3788=DIRECTION('',(1.,3.03576608295942E-16,2.36553201269565E-16));
#3789=DIRECTION('',(-3.03576608295942E-16,1.,0.));
#3790=DIRECTION('',(1.,3.03576608295942E-16,2.36553201269565E-16));
#3791=DIRECTION('',(-3.03576608295942E-16,1.,0.));
#3792=DIRECTION('',(1.,3.03576608295942E-16,2.36553201269565E-16));
#3793=DIRECTION('',(-3.03576608295942E-16,1.,0.));
#3794=DIRECTION('',(1.,3.03576608295942E-16,2.36553201269565E-16));
#3795=DIRECTION('',(-3.03576608295942E-16,1.,0.));
#3796=DIRECTION('',(1.,3.03576608295942E-16,2.36553201269565E-16));
#3797=DIRECTION('',(-3.03576608295942E-16,1.,0.));
#3798=DIRECTION('',(1.,3.03576608295942E-16,0.));
#3799=DIRECTION('',(-3.03576608295942E-16,1.,0.));
#3800=DIRECTION('',(1.,3.03576608295942E-16,0.));
#3801=DIRECTION('',(-3.03576608295942E-16,1.,0.));
#3802=DIRECTION('',(1.,3.03576608295942E-16,0.));
#3803=DIRECTION('',(-3.03576608295942E-16,1.,0.));
#3804=DIRECTION('',(1.,3.03576608295942E-16,0.));
#3805=DIRECTION('',(-3.03576608295942E-16,1.,0.));
#3806=DIRECTION('',(1.,3.03576608295942E-16,0.));
#3807=DIRECTION('',(-3.03576608295942E-16,1.,0.));
#3808=DIRECTION('',(0.,0.,1.));
#3809=DIRECTION('',(1.,0.,0.));
#3810=DIRECTION('',(3.03576608295942E-16,-1.,0.));
#3811=DIRECTION('',(-1.,-3.03576608295942E-16,-1.15648231731787E-16));
#3812=DIRECTION('',(3.03576608295942E-16,-1.,0.));
#3813=DIRECTION('',(3.03576608295942E-16,-1.,0.));
#3814=DIRECTION('',(0.,0.,1.));
#3815=DIRECTION('',(1.,0.,0.));
#3816=DIRECTION('',(0.,0.,1.));
#3817=DIRECTION('',(1.,0.,0.));
#3818=DIRECTION('',(3.03576608295942E-16,-1.,0.));
#3819=DIRECTION('',(-1.,-3.03576608295942E-16,-1.15648231731787E-16));
#3820=DIRECTION('',(3.03576608295942E-16,-1.,0.));
#3821=DIRECTION('',(3.03576608295942E-16,-1.,0.));
#3822=DIRECTION('',(0.,0.,1.));
#3823=DIRECTION('',(1.,0.,0.));
#3824=DIRECTION('',(0.,0.,1.));
#3825=DIRECTION('',(1.,0.,0.));
#3826=DIRECTION('',(3.03576608295942E-16,-1.,0.));
#3827=DIRECTION('',(-1.,-3.03576608295942E-16,-1.15648231731787E-16));
#3828=DIRECTION('',(3.03576608295942E-16,-1.,0.));
#3829=DIRECTION('',(3.03576608295942E-16,-1.,0.));
#3830=DIRECTION('',(0.,0.,1.));
#3831=DIRECTION('',(1.,0.,0.));
#3832=DIRECTION('',(0.,0.,1.));
#3833=DIRECTION('',(1.,0.,0.));
#3834=DIRECTION('',(3.03576608295942E-16,-1.,0.));
#3835=DIRECTION('',(-1.,-3.03576608295942E-16,-1.15648231731787E-16));
#3836=DIRECTION('',(3.03576608295942E-16,-1.,0.));
#3837=DIRECTION('',(3.03576608295942E-16,-1.,0.));
#3838=DIRECTION('',(0.,0.,1.));
#3839=DIRECTION('',(1.,0.,0.));
#3840=DIRECTION('',(3.03576608295942E-16,-1.,0.));
#3841=DIRECTION('',(1.,3.03576608295942E-16,0.));
#3842=DIRECTION('',(-3.03576608295942E-16,1.,0.));
#3843=DIRECTION('',(-1.,-3.03576608295942E-16,0.));
#3844=DIRECTION('',(-3.03576608295942E-16,1.,0.));
#3845=DIRECTION('',(-1.,-3.03576608295942E-16,0.));
#3846=DIRECTION('',(-1.,-3.03576608295942E-16,0.));
#3847=DIRECTION('',(0.,0.,-1.));
#3848=DIRECTION('',(-1.,0.,0.));
#3849=DIRECTION('',(-3.03576608295942E-16,1.,0.));
#3850=DIRECTION('',(-3.03576608295942E-16,1.,0.));
#3851=DIRECTION('',(-1.,-3.03576608295942E-16,0.));
#3852=DIRECTION('',(-3.03576608295942E-16,1.,0.));
#3853=DIRECTION('',(-1.,-3.03576608295942E-16,0.));
#3854=DIRECTION('',(-3.03576608295942E-16,1.,0.));
#3855=DIRECTION('',(-3.03576608295942E-16,-1.,0.));
#3856=DIRECTION('',(-1.,3.03576608295942E-16,0.));
#3857=DIRECTION('',(3.03576608295942E-16,1.,0.));
#3858=DIRECTION('',(-1.,3.03576608295942E-16,0.));
#3859=DIRECTION('',(1.,-3.03576608295942E-16,0.));
#3860=DIRECTION('',(1.,-3.03576608295942E-16,0.));
#3861=DIRECTION('',(3.03576608295942E-16,1.,0.));
#3862=DIRECTION('',(-1.,3.03576608295942E-16,0.));
#3863=DIRECTION('',(-3.03576608295942E-16,-1.,0.));
#3864=DIRECTION('',(-1.,3.03576608295942E-16,0.));
#3865=DIRECTION('',(1.,-3.03576608295942E-16,0.));
#3866=DIRECTION('',(0.,0.,1.));
#3867=DIRECTION('',(1.,-3.03576608295942E-16,0.));
#3868=DIRECTION('',(1.,-3.03576608295942E-16,0.));
#3869=DIRECTION('',(-1.15648231731787E-16,3.51080979445591E-32,-1.));
#3870=DIRECTION('',(1.,-3.03576608295942E-16,0.));
#3871=DIRECTION('',(-1.15648231731787E-16,3.51080979445591E-32,-1.));
#3872=DIRECTION('',(3.03576608295942E-16,1.,0.));
#3873=DIRECTION('',(1.,-3.03576608295942E-16,0.));
#3874=DIRECTION('',(1.,-3.03576608295942E-16,0.));
#3875=DIRECTION('',(0.,0.,-1.));
#3876=DIRECTION('',(1.,-3.03576608295942E-16,0.));
#3877=DIRECTION('',(-1.,3.03576608295942E-16,0.));
#3878=DIRECTION('',(1.15648231731787E-16,-3.51080979445591E-32,1.));
#3879=DIRECTION('',(-1.,3.03576608295942E-16,0.));
#3880=DIRECTION('',(1.15648231731787E-16,-3.51080979445591E-32,1.));
#3881=DIRECTION('',(-3.03576608295942E-16,-1.,0.));
#3882=DIRECTION('',(-1.,3.03576608295942E-16,0.));
#3883=DIRECTION('',(2.36553201269565E-16,-7.18120185229616E-32,1.));
#3884=DIRECTION('',(1.,-3.03576608295942E-16,0.));
#3885=DIRECTION('',(1.,-3.03576608295942E-16,0.));
#3886=DIRECTION('',(2.36553201269565E-16,-7.18120185229616E-32,1.));
#3887=DIRECTION('',(1.,-3.03576608295942E-16,0.));
#3888=DIRECTION('',(-1.15648231731787E-16,3.51080979445591E-32,-1.));
#3889=DIRECTION('',(1.,-3.03576608295942E-16,0.));
#3890=DIRECTION('',(3.03576608295942E-16,1.,-1.5770213417971E-16));
#3891=DIRECTION('',(1.,-3.03576608295942E-16,0.));
#3892=DIRECTION('',(1.15648231731787E-16,1.5770213417971E-16,1.));
#3893=DIRECTION('',(-1.,3.03576608295942E-16,0.));
#3894=DIRECTION('',(-2.36553201269565E-16,-1.5770213417971E-16,-1.));
#3895=DIRECTION('',(1.,-3.03576608295942E-16,0.));
#3896=DIRECTION('',(1.,-3.03576608295942E-16,0.));
#3897=DIRECTION('',(-2.36553201269565E-16,-1.5770213417971E-16,-1.));
#3898=DIRECTION('',(-1.,3.03576608295942E-16,0.));
#3899=DIRECTION('',(3.03576608295942E-16,1.,-1.18276600634783E-16));
#3900=DIRECTION('',(1.,-3.03576608295942E-16,0.));
#3901=DIRECTION('',(-1.,3.03576608295942E-16,0.));
#3902=DIRECTION('',(-2.36553201269565E-16,-1.18276600634783E-16,-1.));
#3903=DIRECTION('',(1.,-3.03576608295942E-16,0.));
#3904=DIRECTION('',(1.,-3.03576608295942E-16,0.));
#3905=DIRECTION('',(-2.36553201269565E-16,-1.18276600634783E-16,-1.));
#3906=DIRECTION('',(-1.,3.03576608295942E-16,0.));
#3907=DIRECTION('',(1.15648231731787E-16,1.18276600634783E-16,1.));
#3908=DIRECTION('',(3.03576608295942E-16,1.,-1.5770213417971E-16));
#3909=DIRECTION('',(1.,-3.03576608295942E-16,0.));
#3910=DIRECTION('',(-1.,3.03576608295942E-16,0.));
#3911=DIRECTION('',(-2.36553201269565E-16,-1.5770213417971E-16,-1.));
#3912=DIRECTION('',(1.,-3.03576608295942E-16,0.));
#3913=DIRECTION('',(1.,-3.03576608295942E-16,0.));
#3914=DIRECTION('',(-2.36553201269565E-16,-1.5770213417971E-16,-1.));
#3915=DIRECTION('',(-1.,3.03576608295942E-16,0.));
#3916=DIRECTION('',(1.15648231731787E-16,1.5770213417971E-16,1.));
#3917=DIRECTION('',(3.03576608295942E-16,1.,-1.18276600634783E-16));
#3918=DIRECTION('',(1.,-3.03576608295942E-16,0.));
#3919=DIRECTION('',(1.15648231731787E-16,1.18276600634783E-16,1.));
#3920=DIRECTION('',(-1.,3.03576608295942E-16,0.));
#3921=DIRECTION('',(-2.36553201269565E-16,-1.18276600634783E-16,-1.));
#3922=DIRECTION('',(1.,-3.03576608295942E-16,0.));
#3923=DIRECTION('',(1.,-3.03576608295942E-16,0.));
#3924=DIRECTION('',(-2.36553201269565E-16,-1.18276600634783E-16,-1.));
#3925=DIRECTION('',(-1.,3.03576608295942E-16,0.));
#3926=DIRECTION('',(3.03576608295942E-16,1.,0.));
#3927=DIRECTION('',(1.,-3.03576608295942E-16,0.));
#3928=DIRECTION('',(1.15648231731787E-16,-3.51080979445591E-32,1.));
#3929=DIRECTION('',(-1.,3.03576608295942E-16,0.));
#3930=DIRECTION('',(-2.36553201269565E-16,7.18120185229616E-32,-1.));
#3931=DIRECTION('',(1.,-3.03576608295942E-16,0.));
#3932=DIRECTION('',(1.,-3.03576608295942E-16,0.));
#3933=DIRECTION('',(-2.36553201269565E-16,7.18120185229616E-32,-1.));
#3934=DIRECTION('',(-1.,3.03576608295942E-16,0.));
#3935=DIRECTION('',(0.,0.,1.));
#3936=DIRECTION('',(-1.,0.,0.));
#3937=DIRECTION('',(0.,0.,1.));
#3938=DIRECTION('',(-1.,0.,0.));
#3939=DIRECTION('',(3.03576608295942E-16,1.,0.));
#3940=DIRECTION('',(-3.03576608295942E-16,-1.,0.));
#3941=DIRECTION('',(-3.03576608295942E-16,-1.,0.));
#3942=DIRECTION('',(-3.03576608295942E-16,-1.,0.));
#3943=DIRECTION('',(0.,0.,1.));
#3944=DIRECTION('',(-1.,0.,0.));
#3945=DIRECTION('',(-3.03576608295942E-16,-1.,0.));
#3946=DIRECTION('',(-3.03576608295942E-16,-1.,0.));
#3947=DIRECTION('',(-3.03576608295942E-16,-1.,0.));
#3948=DIRECTION('',(3.03576608295942E-16,1.,0.));
#3949=DIRECTION('',(-1.,3.03576608295942E-16,0.));
#3950=DIRECTION('',(3.03576608295942E-16,1.,0.));
#3951=DIRECTION('',(1.,-3.03576608295942E-16,0.));
#3952=DIRECTION('',(3.03576608295942E-16,1.,0.));
#3953=DIRECTION('',(1.,-3.03576608295942E-16,0.));
#3954=DIRECTION('',(3.03576608295942E-16,1.,0.));
#3955=DIRECTION('',(1.,-3.03576608295942E-16,0.));
#3956=DIRECTION('',(3.03576608295942E-16,1.,0.));
#3957=DIRECTION('',(1.,-3.03576608295942E-16,0.));
#3958=DIRECTION('',(3.03576608295942E-16,1.,0.));
#3959=DIRECTION('',(1.,-3.03576608295942E-16,0.));
#3960=DIRECTION('',(3.03576608295942E-16,1.,0.));
#3961=DIRECTION('',(-1.,3.03576608295942E-16,2.36553201269565E-16));
#3962=DIRECTION('',(3.03576608295942E-16,1.,0.));
#3963=DIRECTION('',(-3.03576608295942E-16,-1.,0.));
#3964=DIRECTION('',(-3.03576608295942E-16,-1.,0.));
#3965=DIRECTION('',(-3.03576608295942E-16,-1.,0.));
#3966=DIRECTION('',(-3.03576608295942E-16,-1.,0.));
#3967=DIRECTION('',(-3.03576608295942E-16,-1.,0.));
#3968=DIRECTION('',(-3.03576608295942E-16,-1.,0.));
#3969=DIRECTION('',(-3.03576608295942E-16,-1.,0.));
#3970=DIRECTION('',(-3.03576608295942E-16,-1.,0.));
#3971=DIRECTION('',(1.,-3.03576608295942E-16,-2.36553201269565E-16));
#3972=DIRECTION('',(3.03576608295942E-16,1.,0.));
#3973=DIRECTION('',(1.,-3.03576608295942E-16,-2.36553201269565E-16));
#3974=DIRECTION('',(3.03576608295942E-16,1.,0.));
#3975=DIRECTION('',(1.,-3.03576608295942E-16,-2.36553201269565E-16));
#3976=DIRECTION('',(3.03576608295942E-16,1.,0.));
#3977=DIRECTION('',(1.,-3.03576608295942E-16,-2.36553201269565E-16));
#3978=DIRECTION('',(3.03576608295942E-16,1.,0.));
#3979=DIRECTION('',(1.,-3.03576608295942E-16,-2.36553201269565E-16));
#3980=DIRECTION('',(3.03576608295942E-16,1.,0.));
#3981=DIRECTION('',(-1.,3.03576608295942E-16,0.));
#3982=DIRECTION('',(3.03576608295942E-16,1.,0.));
#3983=DIRECTION('',(-1.,3.03576608295942E-16,0.));
#3984=DIRECTION('',(3.03576608295942E-16,1.,0.));
#3985=DIRECTION('',(-1.,3.03576608295942E-16,0.));
#3986=DIRECTION('',(3.03576608295942E-16,1.,0.));
#3987=DIRECTION('',(-1.,3.03576608295942E-16,0.));
#3988=DIRECTION('',(3.03576608295942E-16,1.,0.));
#3989=DIRECTION('',(-1.,3.03576608295942E-16,0.));
#3990=DIRECTION('',(3.03576608295942E-16,1.,0.));
#3991=DIRECTION('',(0.,0.,1.));
#3992=DIRECTION('',(-1.,0.,0.));
#3993=DIRECTION('',(-3.03576608295942E-16,-1.,0.));
#3994=DIRECTION('',(1.,-3.03576608295942E-16,-1.15648231731787E-16));
#3995=DIRECTION('',(-3.03576608295942E-16,-1.,0.));
#3996=DIRECTION('',(-3.03576608295942E-16,-1.,0.));
#3997=DIRECTION('',(0.,0.,1.));
#3998=DIRECTION('',(-1.,0.,0.));
#3999=DIRECTION('',(0.,0.,1.));
#4000=DIRECTION('',(-1.,0.,0.));
#4001=DIRECTION('',(-3.03576608295942E-16,-1.,0.));
#4002=DIRECTION('',(1.,-3.03576608295942E-16,-1.15648231731787E-16));
#4003=DIRECTION('',(-3.03576608295942E-16,-1.,0.));
#4004=DIRECTION('',(-3.03576608295942E-16,-1.,0.));
#4005=DIRECTION('',(0.,0.,1.));
#4006=DIRECTION('',(-1.,0.,0.));
#4007=DIRECTION('',(0.,0.,1.));
#4008=DIRECTION('',(-1.,0.,0.));
#4009=DIRECTION('',(-3.03576608295942E-16,-1.,0.));
#4010=DIRECTION('',(1.,-3.03576608295942E-16,-1.15648231731787E-16));
#4011=DIRECTION('',(-3.03576608295942E-16,-1.,0.));
#4012=DIRECTION('',(-3.03576608295942E-16,-1.,0.));
#4013=DIRECTION('',(0.,0.,1.));
#4014=DIRECTION('',(-1.,0.,0.));
#4015=DIRECTION('',(0.,0.,1.));
#4016=DIRECTION('',(-1.,0.,0.));
#4017=DIRECTION('',(-3.03576608295942E-16,-1.,0.));
#4018=DIRECTION('',(1.,-3.03576608295942E-16,-1.15648231731787E-16));
#4019=DIRECTION('',(-3.03576608295942E-16,-1.,0.));
#4020=DIRECTION('',(-3.03576608295942E-16,-1.,0.));
#4021=DIRECTION('',(0.,0.,1.));
#4022=DIRECTION('',(-1.,0.,0.));
#4023=DIRECTION('',(0.,0.,-1.));
#4024=DIRECTION('',(1.,0.,0.));
#4025=DIRECTION('',(3.03576608295942E-16,1.,0.));
#4026=DIRECTION('',(1.,-3.03576608295942E-16,0.));
#4027=DIRECTION('',(-3.03576608295942E-16,-1.,0.));
#4028=DIRECTION('',(-1.,3.03576608295942E-16,0.));
#4029=DIRECTION('',(-3.03576608295942E-16,-1.,0.));
#4030=DIRECTION('',(1.,-3.03576608295942E-16,0.));
#4031=DIRECTION('',(-3.03576608295942E-16,-1.,0.));
#4032=DIRECTION('',(1.,-3.03576608295942E-16,0.));
#4033=DIRECTION('',(1.,-3.03576608295942E-16,0.));
#4034=DIRECTION('',(0.,0.,-1.));
#4035=DIRECTION('',(1.,0.,0.));
#4036=DIRECTION('',(3.03576608295942E-16,1.,0.));
#4037=DIRECTION('',(3.03576608295942E-16,1.,0.));
#4038=DIRECTION('',(1.,-3.03576608295942E-16,0.));
#4039=DIRECTION('',(3.03576608295942E-16,1.,0.));
#4040=DIRECTION('',(1.,-3.03576608295942E-16,0.));
#4041=DIRECTION('',(0.,0.,-1.));
#4042=DIRECTION('',(1.,0.,0.));
#4043=DIRECTION('',(-1.,3.03576608295942E-16,0.));
#4044=DIRECTION('',(-3.03576608295942E-16,-1.,0.));
#4045=DIRECTION('',(-1.,3.03576608295942E-16,0.));
#4046=DIRECTION('',(-3.03576608295942E-16,-1.,0.));
#4047=DIRECTION('',(-1.,3.03576608295942E-16,0.));
#4048=DIRECTION('',(-3.03576608295942E-16,-1.,0.));
#4049=DIRECTION('',(-1.,3.03576608295942E-16,0.));
#4050=DIRECTION('',(-3.03576608295942E-16,-1.,0.));
#4051=DIRECTION('',(1.,3.03576608295942E-16,0.));
#4052=DIRECTION('',(-3.03576608295942E-16,1.,0.));
#4053=DIRECTION('',(1.,3.03576608295942E-16,0.));
#4054=DIRECTION('',(-3.03576608295942E-16,1.,0.));
#4055=DIRECTION('',(-3.03576608295942E-16,1.,0.));
#4056=DIRECTION('',(-1.,-3.03576608295942E-16,0.));
#4057=DIRECTION('',(1.,3.03576608295942E-16,0.));
#4058=DIRECTION('',(1.,3.03576608295942E-16,0.));
#4059=DIRECTION('',(0.,0.,1.));
#4060=DIRECTION('',(1.,0.,0.));
#4061=DIRECTION('',(1.,3.03576608295942E-16,0.));
#4062=DIRECTION('',(-3.03576608295942E-16,1.,0.));
#4063=DIRECTION('',(-1.,-3.03576608295942E-16,0.));
#4064=DIRECTION('',(1.,3.03576608295942E-16,0.));
#4065=DIRECTION('',(0.,0.,1.));
#4066=DIRECTION('',(1.,0.,0.));
#4067=DIRECTION('',(1.,3.03576608295942E-16,0.));
#4068=DIRECTION('',(-3.03576608295942E-16,1.,0.));
#4069=DIRECTION('',(1.,3.08395284618099E-16,0.));
#4070=DIRECTION('',(-3.08395284618099E-16,1.,0.));
#4071=DIRECTION('',(1.,3.03576608295942E-16,0.));
#4072=DIRECTION('',(-3.03576608295942E-16,1.,0.));
#4073=DIRECTION('',(1.,3.08395284618099E-16,0.));
#4074=DIRECTION('',(-3.08395284618099E-16,1.,0.));
#4075=DIRECTION('',(0.,0.,1.));
#4076=DIRECTION('',(1.,0.,0.));
#4077=DIRECTION('',(1.,3.03576608295942E-16,0.));
#4078=DIRECTION('',(1.,3.03576608295942E-16,0.));
#4079=DIRECTION('',(-3.03576608295942E-16,1.,0.));
#4080=DIRECTION('',(-1.,-3.03576608295942E-16,0.));
#4081=DIRECTION('',(1.,3.03576608295942E-16,0.));
#4082=DIRECTION('',(0.,0.,1.));
#4083=DIRECTION('',(1.,0.,0.));
#4084=DIRECTION('',(1.,3.03576608295942E-16,0.));
#4085=DIRECTION('',(-3.03576608295942E-16,1.,0.));
#4086=DIRECTION('',(-1.,-3.03576608295942E-16,0.));
#4087=DIRECTION('',(0.,0.,1.));
#4088=DIRECTION('',(1.,0.,0.));
#4089=DIRECTION('',(0.,0.,-1.));
#4090=DIRECTION('',(-1.,0.,0.));
#4091=DIRECTION('',(0.,0.,-1.));
#4092=DIRECTION('',(-1.,0.,0.));
#4093=DIRECTION('',(0.,0.,-1.));
#4094=DIRECTION('',(1.,0.,0.));
#4095=DIRECTION('',(0.,0.,-1.));
#4096=DIRECTION('',(1.,0.,0.));
#4097=DIRECTION('',(1.,3.08395284618099E-16,0.));
#4098=DIRECTION('',(-3.08395284618099E-16,1.,0.));
#4099=DIRECTION('',(-1.,-3.08395284618099E-16,0.));
#4100=DIRECTION('',(3.08395284618099E-16,-1.,0.));
#4101=DIRECTION('',(-1.,-3.08395284618099E-16,0.));
#4102=DIRECTION('',(3.08395284618099E-16,-1.,0.));
#4103=DIRECTION('',(1.,3.08395284618099E-16,0.));
#4104=DIRECTION('',(-3.08395284618099E-16,1.,0.));
#4105=DIRECTION('',(-1.,-3.08395284618099E-16,0.));
#4106=DIRECTION('',(3.08395284618099E-16,-1.,0.));
#4107=DIRECTION('',(-1.,-3.08395284618099E-16,0.));
#4108=DIRECTION('',(3.08395284618099E-16,-1.,0.));
#4109=DIRECTION('',(0.,0.,-1.));
#4110=DIRECTION('',(-1.,0.,0.));
#4111=DIRECTION('',(-1.,0.,0.));
#4112=DIRECTION('',(0.,0.,1.));
#4113=DIRECTION('',(0.,0.,-1.));
#4114=DIRECTION('',(0.,0.,-1.));
#4115=DIRECTION('',(1.73472347597681E-16,-1.,0.));
#4116=DIRECTION('',(1.,1.73472347597681E-16,0.));
#4117=DIRECTION('',(0.,0.,-1.));
#4118=DIRECTION('',(-1.,0.,0.));
#4119=DIRECTION('',(0.,0.,1.));
#4120=DIRECTION('',(0.,0.,-1.));
#4121=DIRECTION('',(1.73472347597681E-16,-1.,0.));
#4122=DIRECTION('',(1.,1.73472347597681E-16,0.));
#4123=DIRECTION('',(-6.19544098563146E-16,1.,0.));
#4124=DIRECTION('',(-1.,-6.19544098563146E-16,0.));
#4125=DIRECTION('',(0.,0.,-1.));
#4126=DIRECTION('',(0.,0.,-1.));
#4127=DIRECTION('',(-1.,0.,0.));
#4128=DIRECTION('',(0.,0.,1.));
#4129=DIRECTION('',(0.,0.,-1.));
#4130=DIRECTION('',(-6.44325862505671E-16,1.,0.));
#4131=DIRECTION('',(-1.,-6.44325862505671E-16,0.));
#4132=DIRECTION('',(0.,0.,-1.));
#4133=DIRECTION('',(-1.,0.,0.));
#4134=DIRECTION('',(0.,0.,1.));
#4135=DIRECTION('',(-6.19544098563145E-16,1.,0.));
#4136=DIRECTION('',(-1.,-6.19544098563145E-16,0.));
#4137=DIRECTION('',(0.,0.,-1.));
#4138=DIRECTION('',(0.,0.,-1.));
#4139=DIRECTION('',(1.,0.,0.));
#4140=DIRECTION('',(0.,0.,-1.));
#4141=DIRECTION('',(0.,0.,-1.));
#4142=DIRECTION('',(-6.44325862505671E-16,1.,0.));
#4143=DIRECTION('',(-1.,-6.44325862505671E-16,0.));
#4144=DIRECTION('',(0.,0.,-1.));
#4145=DIRECTION('',(1.,0.,0.));
#4146=DIRECTION('',(0.,0.,-1.));
#4147=DIRECTION('',(-1.,0.,0.));
#4148=DIRECTION('',(0.,0.,1.));
#4149=DIRECTION('',(0.,0.,-1.));
#4150=DIRECTION('',(0.,0.,-1.));
#4151=DIRECTION('',(-6.19544098563145E-16,1.,0.));
#4152=DIRECTION('',(-1.,-6.19544098563145E-16,0.));
#4153=DIRECTION('',(0.,0.,-1.));
#4154=DIRECTION('',(-1.,0.,0.));
#4155=DIRECTION('',(0.,0.,1.));
#4156=DIRECTION('',(0.,0.,-1.));
#4157=DIRECTION('',(-6.19544098563145E-16,1.,0.));
#4158=DIRECTION('',(-1.,-6.19544098563145E-16,0.));
#4159=DIRECTION('',(-1.,0.,0.));
#4160=DIRECTION('',(0.,0.,1.));
#4161=DIRECTION('',(0.,0.,-1.));
#4162=DIRECTION('',(0.,0.,-1.));
#4163=DIRECTION('',(-1.7347234759768E-16,-1.,0.));
#4164=DIRECTION('',(1.,-1.7347234759768E-16,0.));
#4165=DIRECTION('',(-1.7347234759768E-16,-1.,0.));
#4166=DIRECTION('',(1.,-1.7347234759768E-16,0.));
#4167=DIRECTION('',(0.,0.,-1.));
#4168=DIRECTION('',(-1.,0.,0.));
#4169=DIRECTION('',(0.,0.,-1.));
#4170=DIRECTION('',(-1.,0.,0.));
#4171=DIRECTION('',(0.,0.,-1.));
#4172=DIRECTION('',(-1.,0.,0.));
#4173=DIRECTION('',(0.,-1.,0.));
#4174=DIRECTION('',(0.,0.,-1.));
#4175=DIRECTION('',(0.,0.,-1.));
#4176=DIRECTION('',(0.,0.,-1.));
#4177=DIRECTION('',(1.,0.,0.));
#4178=DIRECTION('',(0.,0.,-1.));
#4179=DIRECTION('',(0.,0.,-1.));
#4180=DIRECTION('',(0.,-1.,0.));
#4181=DIRECTION('',(0.,0.,-1.));
#4182=DIRECTION('',(0.,0.,-1.));
#4183=DIRECTION('',(1.,0.,0.));
#4184=DIRECTION('',(0.,0.,-1.));
#4185=DIRECTION('',(-1.,0.,0.));
#4186=DIRECTION('',(0.,0.,1.));
#4187=DIRECTION('',(0.,0.,-1.));
#4188=DIRECTION('',(0.,0.,-1.));
#4189=DIRECTION('',(0.,-1.,0.));
#4190=DIRECTION('',(0.,0.,-1.));
#4191=DIRECTION('',(0.,0.,-1.));
#4192=DIRECTION('',(-1.,0.,0.));
#4193=DIRECTION('',(0.,0.,1.));
#4194=DIRECTION('',(0.,0.,-1.));
#4195=DIRECTION('',(0.,-1.,0.));
#4196=DIRECTION('',(0.,0.,-1.));
#4197=DIRECTION('',(-1.,0.,0.));
#4198=DIRECTION('',(0.,0.,1.));
#4199=DIRECTION('',(0.,0.,-1.));
#4200=DIRECTION('',(0.,0.,-1.));
#4201=DIRECTION('',(0.,-1.,0.));
#4202=DIRECTION('',(0.,0.,-1.));
#4203=DIRECTION('',(0.,0.,-1.));
#4204=DIRECTION('',(-1.,0.,0.));
#4205=DIRECTION('',(0.,0.,1.));
#4206=DIRECTION('',(0.,0.,-1.));
#4207=DIRECTION('',(0.,-1.,0.));
#4208=DIRECTION('',(0.,0.,-1.));
#4209=DIRECTION('',(-1.,0.,0.));
#4210=DIRECTION('',(0.,0.,1.));
#4211=DIRECTION('',(0.,0.,-1.));
#4212=DIRECTION('',(0.,0.,-1.));
#4213=DIRECTION('',(0.,-1.,0.));
#4214=DIRECTION('',(0.,0.,-1.));
#4215=DIRECTION('',(-1.7347234759768E-16,-1.,0.));
#4216=DIRECTION('',(1.,-1.7347234759768E-16,0.));
#4217=CARTESIAN_POINT('',(0.,0.,0.));
#4218=CARTESIAN_POINT('',(-0.062,6.93889390390723E-18,0.003));
#4219=CARTESIAN_POINT('',(-0.062,-0.0135000000000008,0.003));
#4220=CARTESIAN_POINT('',(-0.248,-0.0135000000000008,0.003));
#4221=CARTESIAN_POINT('',(-0.238,-0.0135000000000008,0.003));
#4222=CARTESIAN_POINT('',(-0.248,3.46944695195361E-18,0.003));
#4223=CARTESIAN_POINT('',(-0.248,-0.0225,0.003));
#4224=CARTESIAN_POINT('',(-0.062,-0.0225,0.003));
#4225=CARTESIAN_POINT('',(-0.002,-0.0225,0.003));
#4226=CARTESIAN_POINT('',(-0.002,3.46944695195361E-18,0.003));
#4227=CARTESIAN_POINT('',(-0.002,0.0225,0.003));
#4228=CARTESIAN_POINT('',(-0.062,0.0225,0.003));
#4229=CARTESIAN_POINT('',(-0.248,0.0225,0.003));
#4230=CARTESIAN_POINT('',(-0.248,3.46944695195361E-18,0.003));
#4231=CARTESIAN_POINT('',(-0.248,0.0135,0.003));
#4232=CARTESIAN_POINT('',(-0.062,0.0135,0.003));
#4233=CARTESIAN_POINT('',(-0.238,0.0135,0.003));
#4234=CARTESIAN_POINT('',(-0.238,6.93889390390723E-18,0.003));
#4235=CARTESIAN_POINT('',(-0.238,0.0085,0.003));
#4236=CARTESIAN_POINT('',(-0.062,0.0085,0.003));
#4237=CARTESIAN_POINT('',(-0.248,0.0085,0.003));
#4238=CARTESIAN_POINT('',(-0.248,3.46944695195361E-18,0.003));
#4239=CARTESIAN_POINT('',(-0.248,-0.00850000000000078,0.003));
#4240=CARTESIAN_POINT('',(-0.062,-0.00850000000000081,0.003));
#4241=CARTESIAN_POINT('',(-0.238,-0.00850000000000078,0.003));
#4242=CARTESIAN_POINT('',(-0.238,6.93889390390723E-18,0.003));
#4243=CARTESIAN_POINT('',(-0.146,0.01,0.003));
#4244=CARTESIAN_POINT('',(-0.1435,0.01,0.003));
#4245=CARTESIAN_POINT('',(-0.101,0.01,0.003));
#4246=CARTESIAN_POINT('',(-0.0985,0.01,0.003));
#4247=CARTESIAN_POINT('',(-0.101,-0.01,0.003));
#4248=CARTESIAN_POINT('',(-0.0985,-0.01,0.003));
#4249=CARTESIAN_POINT('',(-0.233,6.93889390390723E-18,0.003));
#4250=CARTESIAN_POINT('',(-0.233,0.00249999999999993,0.003));
#4251=CARTESIAN_POINT('',(-0.233,-0.00250000000000008,0.003));
#4252=CARTESIAN_POINT('',(-0.062,0.0025,0.003));
#4253=CARTESIAN_POINT('',(-0.163,0.00249999999999997,0.003));
#4254=CARTESIAN_POINT('',(-0.163,6.93889390390723E-18,0.003));
#4255=CARTESIAN_POINT('',(-0.163,-0.0025,0.003));
#4256=CARTESIAN_POINT('',(-0.062,-0.00249999999999997,0.003));
#4257=CARTESIAN_POINT('',(-0.062,-0.0075,0.003));
#4258=CARTESIAN_POINT('',(-0.163,-0.0075,0.003));
#4259=CARTESIAN_POINT('',(-0.233,-0.0075,0.003));
#4260=CARTESIAN_POINT('',(-0.163,6.93889390390723E-18,0.003));
#4261=CARTESIAN_POINT('',(-0.163,-0.0175,0.003));
#4262=CARTESIAN_POINT('',(-0.062,-0.0175,0.003));
#4263=CARTESIAN_POINT('',(-0.233,-0.0175,0.003));
#4264=CARTESIAN_POINT('',(-0.233,6.93889390390723E-18,0.003));
#4265=CARTESIAN_POINT('',(-0.146,-0.01,0.003));
#4266=CARTESIAN_POINT('',(-0.1435,-0.01,0.003));
#4267=CARTESIAN_POINT('',(-0.062,0.015,0.003));
#4268=CARTESIAN_POINT('',(-0.1335,0.015,0.003));
#4269=CARTESIAN_POINT('',(-0.1135,0.015,0.003));
#4270=CARTESIAN_POINT('',(-0.1135,6.93889390390723E-18,0.003));
#4271=CARTESIAN_POINT('',(-0.1135,0.005,0.003));
#4272=CARTESIAN_POINT('',(-0.062,0.005,0.003));
#4273=CARTESIAN_POINT('',(-0.1335,0.005,0.003));
#4274=CARTESIAN_POINT('',(-0.1335,6.93889390390723E-18,0.003));
#4275=CARTESIAN_POINT('',(-0.163,6.93889390390723E-18,0.003));
#4276=CARTESIAN_POINT('',(-0.163,0.0175,0.003));
#4277=CARTESIAN_POINT('',(-0.163,0.0075,0.003));
#4278=CARTESIAN_POINT('',(-0.062,0.0075,0.003));
#4279=CARTESIAN_POINT('',(-0.233,0.0075,0.003));
#4280=CARTESIAN_POINT('',(-0.233,6.93889390390723E-18,0.003));
#4281=CARTESIAN_POINT('',(-0.233,0.0175,0.003));
#4282=CARTESIAN_POINT('',(-0.062,0.0175,0.003));
#4283=CARTESIAN_POINT('',(-0.084,6.93889390390723E-18,0.003));
#4284=CARTESIAN_POINT('',(-0.084,-0.0175,0.003));
#4285=CARTESIAN_POINT('',(-0.084,-0.0075,0.003));
#4286=CARTESIAN_POINT('',(-0.062,-0.0075,0.003));
#4287=CARTESIAN_POINT('',(-0.014,-0.0075,0.003));
#4288=CARTESIAN_POINT('',(-0.014,6.93889390390723E-18,0.003));
#4289=CARTESIAN_POINT('',(-0.014,-0.0175,0.003));
#4290=CARTESIAN_POINT('',(-0.062,-0.0175,0.003));
#4291=CARTESIAN_POINT('',(-0.062,0.0175,0.003));
#4292=CARTESIAN_POINT('',(-0.084,0.0175,0.003));
#4293=CARTESIAN_POINT('',(-0.014,0.0175,0.003));
#4294=CARTESIAN_POINT('',(-0.014,6.93889390390723E-18,0.003));
#4295=CARTESIAN_POINT('',(-0.014,0.0075,0.003));
#4296=CARTESIAN_POINT('',(-0.062,0.0075,0.003));
#4297=CARTESIAN_POINT('',(-0.084,0.0075,0.003));
#4298=CARTESIAN_POINT('',(-0.084,6.93889390390723E-18,0.003));
#4299=CARTESIAN_POINT('',(-0.062,0.0025,0.003));
#4300=CARTESIAN_POINT('',(-0.084,0.0025,0.003));
#4301=CARTESIAN_POINT('',(-0.014,0.0025,0.003));
#4302=CARTESIAN_POINT('',(-0.014,6.93889390390723E-18,0.003));
#4303=CARTESIAN_POINT('',(-0.014,-0.0025,0.003));
#4304=CARTESIAN_POINT('',(-0.062,-0.0025,0.003));
#4305=CARTESIAN_POINT('',(-0.084,-0.0025,0.003));
#4306=CARTESIAN_POINT('',(-0.084,6.93889390390723E-18,0.003));
#4307=CARTESIAN_POINT('',(-0.062,6.93889390390723E-18,0.));
#4308=CARTESIAN_POINT('',(-0.014,-8.67361737988404E-18,0.));
#4309=CARTESIAN_POINT('',(-0.014,-0.0025,0.));
#4310=CARTESIAN_POINT('',(-0.014,0.0025,0.));
#4311=CARTESIAN_POINT('',(-0.049,0.0025,0.));
#4312=CARTESIAN_POINT('',(-0.084,0.0025,0.));
#4313=CARTESIAN_POINT('',(-0.084,-8.67361737988404E-18,0.));
#4314=CARTESIAN_POINT('',(-0.084,-0.0025,0.));
#4315=CARTESIAN_POINT('',(-0.049,-0.0025,0.));
#4316=CARTESIAN_POINT('',(-0.049,-0.0075,0.));
#4317=CARTESIAN_POINT('',(-0.014,-0.0075,0.));
#4318=CARTESIAN_POINT('',(-0.084,-0.0075,0.));
#4319=CARTESIAN_POINT('',(-0.084,-0.0125,0.));
#4320=CARTESIAN_POINT('',(-0.084,-0.0175,0.));
#4321=CARTESIAN_POINT('',(-0.049,-0.0175,0.));
#4322=CARTESIAN_POINT('',(-0.014,-0.0175,0.));
#4323=CARTESIAN_POINT('',(-0.014,-0.0125,0.));
#4324=CARTESIAN_POINT('',(-0.146,0.01,0.));
#4325=CARTESIAN_POINT('',(-0.1485,0.01,0.));
#4326=CARTESIAN_POINT('',(-0.101,0.01,0.));
#4327=CARTESIAN_POINT('',(-0.1035,0.01,0.));
#4328=CARTESIAN_POINT('',(-0.101,-0.01,0.));
#4329=CARTESIAN_POINT('',(-0.1035,-0.01,0.));
#4330=CARTESIAN_POINT('',(-0.198,0.0075,0.));
#4331=CARTESIAN_POINT('',(-0.233,0.0075,0.));
#4332=CARTESIAN_POINT('',(-0.163,0.0075,0.));
#4333=CARTESIAN_POINT('',(-0.163,0.0125,0.));
#4334=CARTESIAN_POINT('',(-0.163,0.0175,0.));
#4335=CARTESIAN_POINT('',(-0.198,0.0175,0.));
#4336=CARTESIAN_POINT('',(-0.233,0.0175,0.));
#4337=CARTESIAN_POINT('',(-0.233,0.0125,0.));
#4338=CARTESIAN_POINT('',(-0.146,-0.01,0.));
#4339=CARTESIAN_POINT('',(-0.1485,-0.01,0.));
#4340=CARTESIAN_POINT('',(-0.1135,0.01,0.));
#4341=CARTESIAN_POINT('',(-0.1135,0.005,0.));
#4342=CARTESIAN_POINT('',(-0.1135,0.015,0.));
#4343=CARTESIAN_POINT('',(-0.1185,0.015,0.));
#4344=CARTESIAN_POINT('',(-0.1335,0.015,0.));
#4345=CARTESIAN_POINT('',(-0.1335,0.01,0.));
#4346=CARTESIAN_POINT('',(-0.1335,0.005,0.));
#4347=CARTESIAN_POINT('',(-0.1185,0.005,0.));
#4348=CARTESIAN_POINT('',(-0.163,-0.0125,0.));
#4349=CARTESIAN_POINT('',(-0.163,-0.0075,0.));
#4350=CARTESIAN_POINT('',(-0.163,-0.0175,0.));
#4351=CARTESIAN_POINT('',(-0.198,-0.0075,0.));
#4352=CARTESIAN_POINT('',(-0.233,-0.0075,0.));
#4353=CARTESIAN_POINT('',(-0.233,-0.0125,0.));
#4354=CARTESIAN_POINT('',(-0.233,-0.0175,0.));
#4355=CARTESIAN_POINT('',(-0.198,-0.0175,0.));
#4356=CARTESIAN_POINT('',(-0.198,0.00249999999999994,0.));
#4357=CARTESIAN_POINT('',(-0.233,0.00249999999999993,0.));
#4358=CARTESIAN_POINT('',(-0.163,0.00249999999999997,0.));
#4359=CARTESIAN_POINT('',(-0.233,-7.63278329429795E-17,0.));
#4360=CARTESIAN_POINT('',(-0.233,-0.00250000000000008,0.));
#4361=CARTESIAN_POINT('',(-0.198,-0.00250000000000006,0.));
#4362=CARTESIAN_POINT('',(-0.163,-0.0025,0.));
#4363=CARTESIAN_POINT('',(-0.163,-3.29597460435593E-17,0.));
#4364=CARTESIAN_POINT('',(-0.014,0.0125,0.));
#4365=CARTESIAN_POINT('',(-0.014,0.0075,0.));
#4366=CARTESIAN_POINT('',(-0.014,0.0175,0.));
#4367=CARTESIAN_POINT('',(-0.049,0.0175,0.));
#4368=CARTESIAN_POINT('',(-0.084,0.0175,0.));
#4369=CARTESIAN_POINT('',(-0.084,0.0125,0.));
#4370=CARTESIAN_POINT('',(-0.084,0.0075,0.));
#4371=CARTESIAN_POINT('',(-0.049,0.0075,0.));
#4372=CARTESIAN_POINT('',(-0.243,-0.0135000000000008,0.));
#4373=CARTESIAN_POINT('',(-0.238,-0.0135000000000008,0.));
#4374=CARTESIAN_POINT('',(-0.248,-0.0135000000000008,0.));
#4375=CARTESIAN_POINT('',(-0.238,-0.0110000000000008,0.));
#4376=CARTESIAN_POINT('',(-0.238,-0.00850000000000078,0.));
#4377=CARTESIAN_POINT('',(-0.243,-0.00850000000000078,0.));
#4378=CARTESIAN_POINT('',(-0.248,-0.00850000000000078,0.));
#4379=CARTESIAN_POINT('',(-0.248,0.,0.));
#4380=CARTESIAN_POINT('',(-0.248,0.0085,0.));
#4381=CARTESIAN_POINT('',(-0.243,0.0085,0.));
#4382=CARTESIAN_POINT('',(-0.238,0.0085,0.));
#4383=CARTESIAN_POINT('',(-0.238,0.011,0.));
#4384=CARTESIAN_POINT('',(-0.238,0.0135,0.));
#4385=CARTESIAN_POINT('',(-0.243,0.0135,0.));
#4386=CARTESIAN_POINT('',(-0.248,0.0135,0.));
#4387=CARTESIAN_POINT('',(-0.248,0.,0.));
#4388=CARTESIAN_POINT('',(-0.248,0.0225,0.));
#4389=CARTESIAN_POINT('',(-0.062,0.0225,0.));
#4390=CARTESIAN_POINT('',(0.001,0.0225,0.));
#4391=CARTESIAN_POINT('',(0.001,1.38777878078145E-17,0.));
#4392=CARTESIAN_POINT('',(0.001,-0.0225,0.));
#4393=CARTESIAN_POINT('',(-0.062,-0.0225,0.));
#4394=CARTESIAN_POINT('',(-0.248,-0.0225,0.));
#4395=CARTESIAN_POINT('',(-0.248,0.,0.));
#4396=CARTESIAN_POINT('',(0.021,-2.60208521396521E-18,0.035));
#4397=CARTESIAN_POINT('',(0.009,-7.26544710139833E-18,0.035));
#4398=CARTESIAN_POINT('',(0.011,-0.0015,0.035));
#4399=CARTESIAN_POINT('',(0.011,0.00149999999999999,0.035));
#4400=CARTESIAN_POINT('',(0.011,-0.013,0.035));
#4401=CARTESIAN_POINT('',(0.011,-0.012,0.035));
#4402=CARTESIAN_POINT('',(0.021,-0.012,0.035));
#4403=CARTESIAN_POINT('',(0.001,-0.012,0.035));
#4404=CARTESIAN_POINT('',(0.001,-8.67361737988404E-18,0.035));
#4405=CARTESIAN_POINT('',(0.001,0.012,0.035));
#4406=CARTESIAN_POINT('',(0.021,0.012,0.035));
#4407=CARTESIAN_POINT('',(0.011,0.012,0.035));
#4408=CARTESIAN_POINT('',(0.011,-0.013,0.035));
#4409=CARTESIAN_POINT('',(0.001,1.38777878078145E-17,0.003));
#4410=CARTESIAN_POINT('',(0.001,2.79772429065438E-50,0.015));
#4411=CARTESIAN_POINT('',(0.000999999999999999,0.004,0.015));
#4412=CARTESIAN_POINT('',(0.001,0.015,0.015));
#4413=CARTESIAN_POINT('',(0.000999999999999999,0.019,0.015));
#4414=CARTESIAN_POINT('',(0.001,-0.012,0.045));
#4415=CARTESIAN_POINT('',(0.001,-0.012,0.055));
#4416=CARTESIAN_POINT('',(0.001,-8.67361737988404E-18,0.055));
#4417=CARTESIAN_POINT('',(0.001,0.012,0.055));
#4418=CARTESIAN_POINT('',(0.001,0.012,0.045));
#4419=CARTESIAN_POINT('',(0.001,0.0225,0.003));
#4420=CARTESIAN_POINT('',(0.001,0.0225,0.073));
#4421=CARTESIAN_POINT('',(0.001,1.38777878078145E-17,0.073));
#4422=CARTESIAN_POINT('',(0.001,-0.0225,0.073));
#4423=CARTESIAN_POINT('',(0.001,-0.0225,0.003));
#4424=CARTESIAN_POINT('',(0.001,-0.0165,0.0655));
#4425=CARTESIAN_POINT('',(0.001,-0.0165,0.06));
#4426=CARTESIAN_POINT('',(0.001,-0.0165,0.071));
#4427=CARTESIAN_POINT('',(0.001,-0.0175,0.06));
#4428=CARTESIAN_POINT('',(0.001,-0.0185,0.06));
#4429=CARTESIAN_POINT('',(0.001,-0.0185,0.0655));
#4430=CARTESIAN_POINT('',(0.001,-0.0185,0.071));
#4431=CARTESIAN_POINT('',(0.001,-0.0175,0.071));
#4432=CARTESIAN_POINT('',(0.001,-0.0045,0.0655));
#4433=CARTESIAN_POINT('',(0.001,-0.0044999999999999,0.071));
#4434=CARTESIAN_POINT('',(0.001,-0.0044999999999999,0.06));
#4435=CARTESIAN_POINT('',(0.001,-0.0034999999999999,0.071));
#4436=CARTESIAN_POINT('',(0.001,-0.0025,0.071));
#4437=CARTESIAN_POINT('',(0.001,-0.0025,0.0655));
#4438=CARTESIAN_POINT('',(0.001,-0.0025,0.06));
#4439=CARTESIAN_POINT('',(0.001,-0.0034999999999999,0.06));
#4440=CARTESIAN_POINT('',(0.001,0.00350000000000011,0.071));
#4441=CARTESIAN_POINT('',(0.001,0.00450000000000011,0.071));
#4442=CARTESIAN_POINT('',(0.001,0.0025,0.071));
#4443=CARTESIAN_POINT('',(0.001,0.0045,0.0655));
#4444=CARTESIAN_POINT('',(0.001,0.0045000000000001,0.06));
#4445=CARTESIAN_POINT('',(0.001,0.0035000000000001,0.06));
#4446=CARTESIAN_POINT('',(0.001,0.0025,0.06));
#4447=CARTESIAN_POINT('',(0.001,0.0025,0.0655));
#4448=CARTESIAN_POINT('',(0.001,0.0165,0.0655));
#4449=CARTESIAN_POINT('',(0.001,0.0165,0.071));
#4450=CARTESIAN_POINT('',(0.001,0.0165,0.06));
#4451=CARTESIAN_POINT('',(0.001,0.0175,0.071));
#4452=CARTESIAN_POINT('',(0.001,0.0185,0.071));
#4453=CARTESIAN_POINT('',(0.001,0.0185,0.0655));
#4454=CARTESIAN_POINT('',(0.001,0.0185,0.06));
#4455=CARTESIAN_POINT('',(0.001,0.0175,0.06));
#4456=CARTESIAN_POINT('',(0.001,0.006,0.0295));
#4457=CARTESIAN_POINT('',(0.001,0.006,0.0255));
#4458=CARTESIAN_POINT('',(0.001,0.006,0.0335));
#4459=CARTESIAN_POINT('',(0.001,2.79772429065438E-50,0.0255));
#4460=CARTESIAN_POINT('',(0.001,-0.006,0.0255));
#4461=CARTESIAN_POINT('',(0.001,-0.006,0.0295));
#4462=CARTESIAN_POINT('',(0.001,-0.006,0.0335));
#4463=CARTESIAN_POINT('',(0.001,2.79772429065438E-50,0.0335));
#4464=CARTESIAN_POINT('',(-0.002,3.46944695195361E-18,0.073));
#4465=CARTESIAN_POINT('',(-0.002,-8.67361737988404E-19,0.015));
#4466=CARTESIAN_POINT('',(-0.002,0.006,0.015));
#4467=CARTESIAN_POINT('',(-0.002,0.015,0.015));
#4468=CARTESIAN_POINT('',(-0.002,0.021,0.015));
#4469=CARTESIAN_POINT('',(-0.002,-0.0225,0.073));
#4470=CARTESIAN_POINT('',(-0.002,-0.0225,0.073));
#4471=CARTESIAN_POINT('',(-0.002,3.46944695195361E-18,0.073));
#4472=CARTESIAN_POINT('',(-0.002,0.0225,0.073));
#4473=CARTESIAN_POINT('',(-0.002,0.0225,0.073));
#4474=CARTESIAN_POINT('',(-0.002,3.46944695195361E-18,0.0255));
#4475=CARTESIAN_POINT('',(-0.002,0.006,0.0255));
#4476=CARTESIAN_POINT('',(-0.002,-0.006,0.0255));
#4477=CARTESIAN_POINT('',(-0.002,0.006,0.073));
#4478=CARTESIAN_POINT('',(-0.002,0.006,0.0335));
#4479=CARTESIAN_POINT('',(-0.002,3.46944695195361E-18,0.0335));
#4480=CARTESIAN_POINT('',(-0.002,-0.006,0.0335));
#4481=CARTESIAN_POINT('',(-0.002,-0.006,0.073));
#4482=CARTESIAN_POINT('',(-0.251,1.38777878078145E-17,0.003));
#4483=CARTESIAN_POINT('',(-0.251,-7.65013052905772E-17,0.015));
#4484=CARTESIAN_POINT('',(-0.251,-0.00400000000000008,0.015));
#4485=CARTESIAN_POINT('',(-0.251,0.015,0.015));
#4486=CARTESIAN_POINT('',(-0.251,0.011,0.015));
#4487=CARTESIAN_POINT('',(-0.251,0.011,-0.0194));
#4488=CARTESIAN_POINT('',(-0.251,0.0095,-0.0194));
#4489=CARTESIAN_POINT('',(-0.251,-0.011,-0.0194));
#4490=CARTESIAN_POINT('',(-0.251,-0.0125,-0.0194));
#4491=CARTESIAN_POINT('',(-0.251,-0.011,-0.0014));
#4492=CARTESIAN_POINT('',(-0.251,-0.0125,-0.0014));
#4493=CARTESIAN_POINT('',(-0.251,0.011,-0.0014));
#4494=CARTESIAN_POINT('',(-0.251,0.0095,-0.0014));
#4495=CARTESIAN_POINT('',(-0.251,-8.67361737988404E-18,0.035));
#4496=CARTESIAN_POINT('',(-0.251,0.012,0.035));
#4497=CARTESIAN_POINT('',(-0.251,-0.012,0.035));
#4498=CARTESIAN_POINT('',(-0.251,0.012,0.045));
#4499=CARTESIAN_POINT('',(-0.251,0.012,0.055));
#4500=CARTESIAN_POINT('',(-0.251,-8.67361737988404E-18,0.055));
#4501=CARTESIAN_POINT('',(-0.251,-0.012,0.055));
#4502=CARTESIAN_POINT('',(-0.251,-0.012,0.045));
#4503=CARTESIAN_POINT('',(-0.251,0.0225,0.003));
#4504=CARTESIAN_POINT('',(-0.251,0.0225,0.073));
#4505=CARTESIAN_POINT('',(-0.251,0.0225,-0.023));
#4506=CARTESIAN_POINT('',(-0.251,1.38777878078145E-17,-0.023));
#4507=CARTESIAN_POINT('',(-0.251,-0.0225,-0.023));
#4508=CARTESIAN_POINT('',(-0.251,-0.0225,0.003));
#4509=CARTESIAN_POINT('',(-0.251,-0.0225,0.073));
#4510=CARTESIAN_POINT('',(-0.251,1.38777878078145E-17,0.073));
#4511=CARTESIAN_POINT('',(-0.251,-0.0165,0.0655));
#4512=CARTESIAN_POINT('',(-0.251,-0.0165,0.06));
#4513=CARTESIAN_POINT('',(-0.251,-0.0165,0.071));
#4514=CARTESIAN_POINT('',(-0.251,-0.0175,0.071));
#4515=CARTESIAN_POINT('',(-0.251,-0.0185,0.071));
#4516=CARTESIAN_POINT('',(-0.251,-0.0185,0.0655));
#4517=CARTESIAN_POINT('',(-0.251,-0.0185,0.06));
#4518=CARTESIAN_POINT('',(-0.251,-0.0175,0.06));
#4519=CARTESIAN_POINT('',(-0.251,-0.0045,0.0655));
#4520=CARTESIAN_POINT('',(-0.251,-0.0044999999999999,0.071));
#4521=CARTESIAN_POINT('',(-0.251,-0.0044999999999999,0.06));
#4522=CARTESIAN_POINT('',(-0.251,-0.0034999999999999,0.06));
#4523=CARTESIAN_POINT('',(-0.251,-0.0025,0.06));
#4524=CARTESIAN_POINT('',(-0.251,-0.0025,0.0655));
#4525=CARTESIAN_POINT('',(-0.251,-0.0025,0.071));
#4526=CARTESIAN_POINT('',(-0.251,-0.0034999999999999,0.071));
#4527=CARTESIAN_POINT('',(-0.251,0.00350000000000011,0.071));
#4528=CARTESIAN_POINT('',(-0.251,0.00450000000000011,0.071));
#4529=CARTESIAN_POINT('',(-0.251,0.0025,0.071));
#4530=CARTESIAN_POINT('',(-0.251,0.0025,0.0655));
#4531=CARTESIAN_POINT('',(-0.251,0.0025,0.06));
#4532=CARTESIAN_POINT('',(-0.251,0.0035000000000001,0.06));
#4533=CARTESIAN_POINT('',(-0.251,0.0045000000000001,0.06));
#4534=CARTESIAN_POINT('',(-0.251,0.0045,0.0655));
#4535=CARTESIAN_POINT('',(-0.251,0.0165,0.0655));
#4536=CARTESIAN_POINT('',(-0.251,0.0165,0.071));
#4537=CARTESIAN_POINT('',(-0.251,0.0165,0.06));
#4538=CARTESIAN_POINT('',(-0.251,0.0175,0.06));
#4539=CARTESIAN_POINT('',(-0.251,0.0185,0.06));
#4540=CARTESIAN_POINT('',(-0.251,0.0185,0.0655));
#4541=CARTESIAN_POINT('',(-0.251,0.0185,0.071));
#4542=CARTESIAN_POINT('',(-0.251,0.0175,0.071));
#4543=CARTESIAN_POINT('',(-0.251,-0.00600000000000008,0.003));
#4544=CARTESIAN_POINT('',(-0.251,-0.00600000000000008,0.0335));
#4545=CARTESIAN_POINT('',(-0.251,-0.00600000000000008,0.0255));
#4546=CARTESIAN_POINT('',(-0.251,1.38777878078145E-17,0.0255));
#4547=CARTESIAN_POINT('',(-0.251,0.00599999999999992,0.0255));
#4548=CARTESIAN_POINT('',(-0.251,0.00599999999999992,0.003));
#4549=CARTESIAN_POINT('',(-0.251,0.00599999999999992,0.0335));
#4550=CARTESIAN_POINT('',(-0.251,1.38777878078145E-17,0.0335));
#4551=CARTESIAN_POINT('',(-0.248,3.46944695195361E-18,0.073));
#4552=CARTESIAN_POINT('',(-0.248,-0.00850000000000078,0.025));
#4553=CARTESIAN_POINT('',(-0.248,0.0085,0.025));
#4554=CARTESIAN_POINT('',(-0.248,-0.011,-0.0014));
#4555=CARTESIAN_POINT('',(-0.248,-0.0125,-0.0014));
#4556=CARTESIAN_POINT('',(-0.248,0.011,-0.0014));
#4557=CARTESIAN_POINT('',(-0.248,0.0095,-0.0014));
#4558=CARTESIAN_POINT('',(-0.248,-0.0135000000000008,0.025));
#4559=CARTESIAN_POINT('',(-0.248,-0.0225,-0.023));
#4560=CARTESIAN_POINT('',(-0.248,-0.0225,-0.023));
#4561=CARTESIAN_POINT('',(-0.248,0.,-0.023));
#4562=CARTESIAN_POINT('',(-0.248,0.0225,-0.023));
#4563=CARTESIAN_POINT('',(-0.248,0.0225,-0.023));
#4564=CARTESIAN_POINT('',(-0.248,0.0135,0.025));
#4565=CARTESIAN_POINT('',(-0.248,0.0225,0.073));
#4566=CARTESIAN_POINT('',(-0.248,0.0225,0.073));
#4567=CARTESIAN_POINT('',(-0.248,3.46944695195361E-18,0.073));
#4568=CARTESIAN_POINT('',(-0.248,-0.0225,0.073));
#4569=CARTESIAN_POINT('',(-0.248,-0.0225,0.073));
#4570=CARTESIAN_POINT('',(-0.248,0.015,0.015));
#4571=CARTESIAN_POINT('',(-0.248,0.011,0.015));
#4572=CARTESIAN_POINT('',(-0.248,-7.55905754656894E-17,0.015));
#4573=CARTESIAN_POINT('',(-0.248,-0.00400000000000008,0.015));
#4574=CARTESIAN_POINT('',(-0.248,3.46944695195361E-18,0.0255));
#4575=CARTESIAN_POINT('',(-0.248,-0.00600000000000008,0.0255));
#4576=CARTESIAN_POINT('',(-0.248,0.00599999999999993,0.0255));
#4577=CARTESIAN_POINT('',(-0.248,-0.00600000000000008,0.073));
#4578=CARTESIAN_POINT('',(-0.248,-0.00600000000000008,0.0335));
#4579=CARTESIAN_POINT('',(-0.248,3.46944695195361E-18,0.0335));
#4580=CARTESIAN_POINT('',(-0.248,0.00599999999999993,0.0335));
#4581=CARTESIAN_POINT('',(-0.248,0.00599999999999993,0.073));
#4582=CARTESIAN_POINT('',(-0.248,0.011,-0.0194));
#4583=CARTESIAN_POINT('',(-0.248,0.0095,-0.0194));
#4584=CARTESIAN_POINT('',(-0.248,-0.011,-0.0194));
#4585=CARTESIAN_POINT('',(-0.248,-0.0125,-0.0194));
#4586=CARTESIAN_POINT('',(0.021,-0.012,0.045));
#4587=CARTESIAN_POINT('',(0.011,-0.012,0.045));
#4588=CARTESIAN_POINT('',(0.0185,-0.012,0.045));
#4589=CARTESIAN_POINT('',(0.011,-0.012,0.045));
#4590=CARTESIAN_POINT('',(0.011,-0.012,0.055));
#4591=CARTESIAN_POINT('',(0.021,-0.012,0.055));
#4592=CARTESIAN_POINT('',(0.009,-0.0185,0.0655));
#4593=CARTESIAN_POINT('',(0.009,-0.0185,0.071));
#4594=CARTESIAN_POINT('',(0.009,-0.0185,0.071));
#4595=CARTESIAN_POINT('',(0.009,-0.0185,0.06));
#4596=CARTESIAN_POINT('',(0.009,-0.0185,0.06));
#4597=CARTESIAN_POINT('',(0.009,-0.0185,0.0655));
#4598=CARTESIAN_POINT('',(0.0065,-0.0185,0.06925));
#4599=CARTESIAN_POINT('',(0.0075,-0.0185,0.06925));
#4600=CARTESIAN_POINT('',(0.0055,-0.0185,0.06925));
#4601=CARTESIAN_POINT('',(0.0075,-0.0185,0.0655));
#4602=CARTESIAN_POINT('',(0.0075,-0.0185,0.06175));
#4603=CARTESIAN_POINT('',(0.0065,-0.0185,0.06175));
#4604=CARTESIAN_POINT('',(0.0055,-0.0185,0.06175));
#4605=CARTESIAN_POINT('',(0.0055,-0.0185,0.0655));
#4606=CARTESIAN_POINT('',(0.009,0.0185,0.0655));
#4607=CARTESIAN_POINT('',(0.009,0.0185,0.071));
#4608=CARTESIAN_POINT('',(0.009,0.0185,0.071));
#4609=CARTESIAN_POINT('',(0.009,0.0185,0.0655));
#4610=CARTESIAN_POINT('',(0.009,0.0185,0.06));
#4611=CARTESIAN_POINT('',(0.009,0.0185,0.06));
#4612=CARTESIAN_POINT('',(0.009,0.0185,0.06175));
#4613=CARTESIAN_POINT('',(0.0055,0.0185,0.06175));
#4614=CARTESIAN_POINT('',(0.0075,0.0185,0.06175));
#4615=CARTESIAN_POINT('',(0.0075,0.0185,0.0655));
#4616=CARTESIAN_POINT('',(0.0075,0.0185,0.06925));
#4617=CARTESIAN_POINT('',(0.009,0.0185,0.06925));
#4618=CARTESIAN_POINT('',(0.0055,0.0185,0.06925));
#4619=CARTESIAN_POINT('',(0.0055,0.0185,0.0655));
#4620=CARTESIAN_POINT('',(0.009,-0.0165,0.0655));
#4621=CARTESIAN_POINT('',(0.0075,-0.0165,0.0655));
#4622=CARTESIAN_POINT('',(0.0075,-0.0165,0.06925));
#4623=CARTESIAN_POINT('',(0.0075,-0.0165,0.071));
#4624=CARTESIAN_POINT('',(0.009,-0.0165,0.06925));
#4625=CARTESIAN_POINT('',(0.0055,-0.0165,0.06925));
#4626=CARTESIAN_POINT('',(0.0055,-0.0165,0.0655));
#4627=CARTESIAN_POINT('',(0.0055,-0.0165,0.06175));
#4628=CARTESIAN_POINT('',(0.009,-0.0165,0.06175));
#4629=CARTESIAN_POINT('',(0.0075,-0.0165,0.06175));
#4630=CARTESIAN_POINT('',(0.0075,-0.0165,0.0655));
#4631=CARTESIAN_POINT('',(0.0075,-0.0165,0.06));
#4632=CARTESIAN_POINT('',(0.009,-0.0165,0.06));
#4633=CARTESIAN_POINT('',(0.009,-0.0165,0.071));
#4634=CARTESIAN_POINT('',(0.009,-0.0045,0.0655));
#4635=CARTESIAN_POINT('',(0.0055,-0.0045,0.0655));
#4636=CARTESIAN_POINT('',(0.0055,-0.0045,0.06175));
#4637=CARTESIAN_POINT('',(0.0055,-0.0045,0.06925));
#4638=CARTESIAN_POINT('',(0.009,-0.0045,0.06925));
#4639=CARTESIAN_POINT('',(0.0075,-0.0045,0.06925));
#4640=CARTESIAN_POINT('',(0.0075,-0.0045,0.0655));
#4641=CARTESIAN_POINT('',(0.0075,-0.00449999999999989,0.071));
#4642=CARTESIAN_POINT('',(0.009,-0.00449999999999989,0.071));
#4643=CARTESIAN_POINT('',(0.009,-0.00449999999999989,0.06));
#4644=CARTESIAN_POINT('',(0.0075,-0.0045,0.06));
#4645=CARTESIAN_POINT('',(0.0075,-0.0045,0.0655));
#4646=CARTESIAN_POINT('',(0.0075,-0.0045,0.06175));
#4647=CARTESIAN_POINT('',(0.009,-0.0045,0.06175));
#4648=CARTESIAN_POINT('',(0.009,-0.0025,0.0655));
#4649=CARTESIAN_POINT('',(0.009,-0.0025,0.06925));
#4650=CARTESIAN_POINT('',(0.0055,-0.0025,0.06925));
#4651=CARTESIAN_POINT('',(0.0075,-0.00249999999999997,0.06925));
#4652=CARTESIAN_POINT('',(0.0055,-0.0025,0.0655));
#4653=CARTESIAN_POINT('',(0.0055,-0.0025,0.06175));
#4654=CARTESIAN_POINT('',(0.009,-0.0025,0.06175));
#4655=CARTESIAN_POINT('',(0.0075,-0.0025,0.06175));
#4656=CARTESIAN_POINT('',(0.0075,-0.0025,0.0655));
#4657=CARTESIAN_POINT('',(0.0075,-0.0025,0.06));
#4658=CARTESIAN_POINT('',(0.009,-0.0025,0.06));
#4659=CARTESIAN_POINT('',(0.009,-0.0025,0.071));
#4660=CARTESIAN_POINT('',(0.0075,-0.0025,0.071));
#4661=CARTESIAN_POINT('',(0.0075,-0.0025,0.0655));
#4662=CARTESIAN_POINT('',(0.009,0.0045,0.0655));
#4663=CARTESIAN_POINT('',(0.009,0.0045,0.06925));
#4664=CARTESIAN_POINT('',(0.0055,0.0045,0.06925));
#4665=CARTESIAN_POINT('',(0.0075,0.0045,0.06925));
#4666=CARTESIAN_POINT('',(0.0055,0.0045,0.0655));
#4667=CARTESIAN_POINT('',(0.0055,0.0045,0.06175));
#4668=CARTESIAN_POINT('',(0.009,0.0045,0.06175));
#4669=CARTESIAN_POINT('',(0.0075,0.0045,0.06175));
#4670=CARTESIAN_POINT('',(0.0075,0.0045,0.0655));
#4671=CARTESIAN_POINT('',(0.0075,0.0045000000000001,0.06));
#4672=CARTESIAN_POINT('',(0.009,0.0045000000000001,0.06));
#4673=CARTESIAN_POINT('',(0.009,0.00450000000000011,0.071));
#4674=CARTESIAN_POINT('',(0.0075,0.0045,0.071));
#4675=CARTESIAN_POINT('',(0.0075,0.0045,0.0655));
#4676=CARTESIAN_POINT('',(0.009,0.0025,0.0655));
#4677=CARTESIAN_POINT('',(0.0055,0.0025,0.0655));
#4678=CARTESIAN_POINT('',(0.0055,0.0025,0.06175));
#4679=CARTESIAN_POINT('',(0.0055,0.0025,0.06925));
#4680=CARTESIAN_POINT('',(0.009,0.0025,0.06925));
#4681=CARTESIAN_POINT('',(0.0075,0.0025,0.06925));
#4682=CARTESIAN_POINT('',(0.0075,0.0025,0.0655));
#4683=CARTESIAN_POINT('',(0.0075,0.0025,0.071));
#4684=CARTESIAN_POINT('',(0.009,0.0025,0.071));
#4685=CARTESIAN_POINT('',(0.009,0.0025,0.06));
#4686=CARTESIAN_POINT('',(0.0075,0.0025,0.06));
#4687=CARTESIAN_POINT('',(0.0075,0.0025,0.0655));
#4688=CARTESIAN_POINT('',(0.0075,0.0025,0.06175));
#4689=CARTESIAN_POINT('',(0.009,0.0025,0.06175));
#4690=CARTESIAN_POINT('',(0.009,0.0165,0.0655));
#4691=CARTESIAN_POINT('',(0.0055,0.0165,0.0655));
#4692=CARTESIAN_POINT('',(0.0055,0.0165,0.06175));
#4693=CARTESIAN_POINT('',(0.0055,0.0165,0.06925));
#4694=CARTESIAN_POINT('',(0.009,0.0165,0.06925));
#4695=CARTESIAN_POINT('',(0.0075,0.0165,0.06925));
#4696=CARTESIAN_POINT('',(0.0075,0.0165,0.0655));
#4697=CARTESIAN_POINT('',(0.0075,0.0165,0.071));
#4698=CARTESIAN_POINT('',(0.009,0.0165,0.071));
#4699=CARTESIAN_POINT('',(0.009,0.0165,0.06));
#4700=CARTESIAN_POINT('',(0.0075,0.0165,0.06));
#4701=CARTESIAN_POINT('',(0.0075,0.0165,0.0655));
#4702=CARTESIAN_POINT('',(0.0075,0.0165,0.06175));
#4703=CARTESIAN_POINT('',(0.009,0.0165,0.06175));
#4704=CARTESIAN_POINT('',(-0.062,0.0225,0.003));
#4705=CARTESIAN_POINT('',(-0.062,0.0225,-0.023));
#4706=CARTESIAN_POINT('',(-0.188,0.0225,0.073));
#4707=CARTESIAN_POINT('',(-0.062,0.0225,0.073));
#4708=CARTESIAN_POINT('',(-0.062,-0.0225,0.003));
#4709=CARTESIAN_POINT('',(-0.062,-0.0225,0.073));
#4710=CARTESIAN_POINT('',(-0.188,-0.0225,0.073));
#4711=CARTESIAN_POINT('',(-0.062,-0.0225,-0.023));
#4712=CARTESIAN_POINT('',(-0.062,-6.93889390390723E-18,0.073));
#4713=CARTESIAN_POINT('',(0.009,0.0175,0.071));
#4714=CARTESIAN_POINT('',(0.0075,0.0185,0.071));
#4715=CARTESIAN_POINT('',(0.0075,0.0185,0.071));
#4716=CARTESIAN_POINT('',(0.0075,0.0185,0.071));
#4717=CARTESIAN_POINT('',(0.009,0.0175,0.071));
#4718=CARTESIAN_POINT('',(0.009,0.0175,0.06));
#4719=CARTESIAN_POINT('',(0.009,0.0175,0.06));
#4720=CARTESIAN_POINT('',(0.0075,0.0185,0.06));
#4721=CARTESIAN_POINT('',(0.0075,0.0185,0.06));
#4722=CARTESIAN_POINT('',(0.0075,0.0185,0.06));
#4723=CARTESIAN_POINT('',(0.009,2.73218947466347E-18,0.0365));
#4724=CARTESIAN_POINT('',(0.009,-0.0135,0.0655));
#4725=CARTESIAN_POINT('',(0.009,-0.012,0.0655));
#4726=CARTESIAN_POINT('',(0.009,-0.0075,0.0655));
#4727=CARTESIAN_POINT('',(0.009,-0.006,0.0655));
#4728=CARTESIAN_POINT('',(0.009,-8.67361737988404E-19,0.0655));
#4729=CARTESIAN_POINT('',(0.009,0.0015,0.0655));
#4730=CARTESIAN_POINT('',(0.009,0.0075,0.0655));
#4731=CARTESIAN_POINT('',(0.009,0.009,0.0655));
#4732=CARTESIAN_POINT('',(0.009,0.0135,0.0655));
#4733=CARTESIAN_POINT('',(0.009,0.015,0.0655));
#4734=CARTESIAN_POINT('',(0.0075,0.0185,0.0655));
#4735=CARTESIAN_POINT('',(0.0075,0.0315,0.06925));
#4736=CARTESIAN_POINT('',(0.0075,0.0315,0.06925));
#4737=CARTESIAN_POINT('',(0.0075,0.0315,0.06925));
#4738=CARTESIAN_POINT('',(0.0075,0.0315,0.06175));
#4739=CARTESIAN_POINT('',(0.0075,0.0315,0.06175));
#4740=CARTESIAN_POINT('',(0.0075,0.0315,0.06175));
#4741=CARTESIAN_POINT('',(0.0075,0.0315,0.06175));
#4742=CARTESIAN_POINT('',(0.0075,0.0315,0.06925));
#4743=CARTESIAN_POINT('',(0.0075,-0.0075,0.0655));
#4744=CARTESIAN_POINT('',(0.0075,-0.006,0.0655));
#4745=CARTESIAN_POINT('',(0.0075,-0.0135,0.0655));
#4746=CARTESIAN_POINT('',(0.0075,-0.012,0.0655));
#4747=CARTESIAN_POINT('',(0.0075,-1.32272665043232E-18,0.0655));
#4748=CARTESIAN_POINT('',(0.0075,0.0015,0.0655));
#4749=CARTESIAN_POINT('',(0.0075,0.0135,0.0655));
#4750=CARTESIAN_POINT('',(0.0075,0.015,0.0655));
#4751=CARTESIAN_POINT('',(0.0075,0.0075,0.0655));
#4752=CARTESIAN_POINT('',(0.0075,0.009,0.0655));
#4753=CARTESIAN_POINT('',(0.004,-0.0075,0.0655));
#4754=CARTESIAN_POINT('',(0.004,-0.0135,0.0655));
#4755=CARTESIAN_POINT('',(0.004,-2.38524477946811E-18,0.0655));
#4756=CARTESIAN_POINT('',(0.004,0.0135,0.0655));
#4757=CARTESIAN_POINT('',(0.004,0.0075,0.0655));
#4758=CARTESIAN_POINT('',(0.0065,0.0315,0.06175));
#4759=CARTESIAN_POINT('',(0.0055,0.0315,0.06175));
#4760=CARTESIAN_POINT('',(0.0055,0.0315,0.0655));
#4761=CARTESIAN_POINT('',(0.0055,0.0315,0.06925));
#4762=CARTESIAN_POINT('',(0.0065,0.0315,0.06925));
#4763=CARTESIAN_POINT('',(0.0065,0.0315,0.06175));
#4764=CARTESIAN_POINT('',(0.0055,0.0315,0.06175));
#4765=CARTESIAN_POINT('',(0.0055,0.0315,0.0655));
#4766=CARTESIAN_POINT('',(0.0055,0.0315,0.06925));
#4767=CARTESIAN_POINT('',(0.0065,0.0315,0.06925));
#4768=CARTESIAN_POINT('',(0.0065,0.0315,0.06175));
#4769=CARTESIAN_POINT('',(0.0055,0.0315,0.06175));
#4770=CARTESIAN_POINT('',(0.0055,0.0315,0.0655));
#4771=CARTESIAN_POINT('',(0.0055,0.0315,0.06925));
#4772=CARTESIAN_POINT('',(0.0065,0.0315,0.06925));
#4773=CARTESIAN_POINT('',(0.0065,0.0315,0.06925));
#4774=CARTESIAN_POINT('',(0.0055,0.0315,0.06925));
#4775=CARTESIAN_POINT('',(0.0055,0.0315,0.0655));
#4776=CARTESIAN_POINT('',(0.0055,0.0315,0.06175));
#4777=CARTESIAN_POINT('',(0.0065,0.0315,0.06175));
#4778=CARTESIAN_POINT('',(0.021,0.012,0.045));
#4779=CARTESIAN_POINT('',(0.011,0.012,0.045));
#4780=CARTESIAN_POINT('',(0.0035,0.012,0.045));
#4781=CARTESIAN_POINT('',(0.011,0.012,0.045));
#4782=CARTESIAN_POINT('',(0.011,0.012,0.055));
#4783=CARTESIAN_POINT('',(0.021,0.012,0.055));
#4784=CARTESIAN_POINT('',(0.021,-2.60208521396521E-18,0.055));
#4785=CARTESIAN_POINT('',(0.011,-0.013,0.055));
#4786=CARTESIAN_POINT('',(0.011,-0.013,0.045));
#4787=CARTESIAN_POINT('',(0.011,-0.013,0.045));
#4788=CARTESIAN_POINT('',(0.011,-0.013,0.035));
#4789=CARTESIAN_POINT('',(-0.271,-0.012,0.045));
#4790=CARTESIAN_POINT('',(-0.261,-0.012,0.045));
#4791=CARTESIAN_POINT('',(-0.2685,-0.012,0.045));
#4792=CARTESIAN_POINT('',(-0.271,-0.012,0.035));
#4793=CARTESIAN_POINT('',(-0.261,-0.012,0.035));
#4794=CARTESIAN_POINT('',(-0.271,-0.012,0.055));
#4795=CARTESIAN_POINT('',(-0.261,-0.012,0.055));
#4796=CARTESIAN_POINT('',(-0.261,-0.012,0.045));
#4797=CARTESIAN_POINT('',(-0.259,-0.0185,0.0655));
#4798=CARTESIAN_POINT('',(-0.259,-0.0185,0.071));
#4799=CARTESIAN_POINT('',(-0.259,-0.0185,0.071));
#4800=CARTESIAN_POINT('',(-0.259,-0.0185,0.0655));
#4801=CARTESIAN_POINT('',(-0.259,-0.0185,0.06));
#4802=CARTESIAN_POINT('',(-0.259,-0.0185,0.06));
#4803=CARTESIAN_POINT('',(-0.2565,-0.0185,0.06925));
#4804=CARTESIAN_POINT('',(-0.2575,-0.0185,0.06925));
#4805=CARTESIAN_POINT('',(-0.2555,-0.0185,0.06925));
#4806=CARTESIAN_POINT('',(-0.2555,-0.0185,0.0655));
#4807=CARTESIAN_POINT('',(-0.2555,-0.0185,0.06175));
#4808=CARTESIAN_POINT('',(-0.2565,-0.0185,0.06175));
#4809=CARTESIAN_POINT('',(-0.2575,-0.0185,0.06175));
#4810=CARTESIAN_POINT('',(-0.2575,-0.0185,0.0655));
#4811=CARTESIAN_POINT('',(-0.259,0.0185,0.0655));
#4812=CARTESIAN_POINT('',(-0.259,0.0185,0.06));
#4813=CARTESIAN_POINT('',(-0.259,0.0185,0.06));
#4814=CARTESIAN_POINT('',(-0.259,0.0185,0.0655));
#4815=CARTESIAN_POINT('',(-0.259,0.0185,0.071));
#4816=CARTESIAN_POINT('',(-0.259,0.0185,0.071));
#4817=CARTESIAN_POINT('',(-0.259,0.0185,0.06175));
#4818=CARTESIAN_POINT('',(-0.2555,0.0185,0.06175));
#4819=CARTESIAN_POINT('',(-0.2575,0.0185,0.06175));
#4820=CARTESIAN_POINT('',(-0.2555,0.0185,0.0655));
#4821=CARTESIAN_POINT('',(-0.2555,0.0185,0.06925));
#4822=CARTESIAN_POINT('',(-0.259,0.0185,0.06925));
#4823=CARTESIAN_POINT('',(-0.2575,0.0185,0.06925));
#4824=CARTESIAN_POINT('',(-0.2575,0.0185,0.0655));
#4825=CARTESIAN_POINT('',(-0.259,-0.0165,0.0655));
#4826=CARTESIAN_POINT('',(-0.2575,-0.0165,0.0655));
#4827=CARTESIAN_POINT('',(-0.2575,-0.0165,0.06925));
#4828=CARTESIAN_POINT('',(-0.2575,-0.0165,0.071));
#4829=CARTESIAN_POINT('',(-0.259,-0.0165,0.071));
#4830=CARTESIAN_POINT('',(-0.259,-0.0165,0.06));
#4831=CARTESIAN_POINT('',(-0.2575,-0.0165,0.06));
#4832=CARTESIAN_POINT('',(-0.2575,-0.0165,0.0655));
#4833=CARTESIAN_POINT('',(-0.2575,-0.0165,0.06175));
#4834=CARTESIAN_POINT('',(-0.259,-0.0165,0.06175));
#4835=CARTESIAN_POINT('',(-0.2555,-0.0165,0.06175));
#4836=CARTESIAN_POINT('',(-0.2555,-0.0165,0.0655));
#4837=CARTESIAN_POINT('',(-0.2555,-0.0165,0.06925));
#4838=CARTESIAN_POINT('',(-0.259,-0.0165,0.06925));
#4839=CARTESIAN_POINT('',(-0.259,-0.0045,0.0655));
#4840=CARTESIAN_POINT('',(-0.2555,-0.0045,0.0655));
#4841=CARTESIAN_POINT('',(-0.2555,-0.0045,0.06175));
#4842=CARTESIAN_POINT('',(-0.2555,-0.0045,0.06925));
#4843=CARTESIAN_POINT('',(-0.259,-0.0045,0.06175));
#4844=CARTESIAN_POINT('',(-0.2575,-0.0045,0.06175));
#4845=CARTESIAN_POINT('',(-0.2575,-0.0045,0.0655));
#4846=CARTESIAN_POINT('',(-0.2575,-0.0045,0.06));
#4847=CARTESIAN_POINT('',(-0.259,-0.00449999999999989,0.06));
#4848=CARTESIAN_POINT('',(-0.259,-0.00449999999999989,0.071));
#4849=CARTESIAN_POINT('',(-0.2575,-0.00449999999999989,0.071));
#4850=CARTESIAN_POINT('',(-0.2575,-0.0045,0.0655));
#4851=CARTESIAN_POINT('',(-0.2575,-0.0045,0.06925));
#4852=CARTESIAN_POINT('',(-0.259,-0.0045,0.06925));
#4853=CARTESIAN_POINT('',(-0.259,-0.0025,0.0655));
#4854=CARTESIAN_POINT('',(-0.259,-0.0025,0.06925));
#4855=CARTESIAN_POINT('',(-0.2555,-0.0025,0.06925));
#4856=CARTESIAN_POINT('',(-0.2575,-0.00249999999999997,0.06925));
#4857=CARTESIAN_POINT('',(-0.2575,-0.0025,0.0655));
#4858=CARTESIAN_POINT('',(-0.2575,-0.0025,0.071));
#4859=CARTESIAN_POINT('',(-0.259,-0.0025,0.071));
#4860=CARTESIAN_POINT('',(-0.259,-0.0025,0.06));
#4861=CARTESIAN_POINT('',(-0.2575,-0.0025,0.06));
#4862=CARTESIAN_POINT('',(-0.2575,-0.0025,0.0655));
#4863=CARTESIAN_POINT('',(-0.2575,-0.0025,0.06175));
#4864=CARTESIAN_POINT('',(-0.259,-0.0025,0.06175));
#4865=CARTESIAN_POINT('',(-0.2555,-0.0025,0.06175));
#4866=CARTESIAN_POINT('',(-0.2555,-0.0025,0.0655));
#4867=CARTESIAN_POINT('',(-0.259,0.0045,0.0655));
#4868=CARTESIAN_POINT('',(-0.259,0.0045,0.06925));
#4869=CARTESIAN_POINT('',(-0.2555,0.0045,0.06925));
#4870=CARTESIAN_POINT('',(-0.2575,0.0045,0.06925));
#4871=CARTESIAN_POINT('',(-0.2575,0.0045,0.0655));
#4872=CARTESIAN_POINT('',(-0.2575,0.0045,0.071));
#4873=CARTESIAN_POINT('',(-0.259,0.00450000000000011,0.071));
#4874=CARTESIAN_POINT('',(-0.259,0.0045000000000001,0.06));
#4875=CARTESIAN_POINT('',(-0.2575,0.0045000000000001,0.06));
#4876=CARTESIAN_POINT('',(-0.2575,0.0045,0.0655));
#4877=CARTESIAN_POINT('',(-0.2575,0.0045,0.06175));
#4878=CARTESIAN_POINT('',(-0.259,0.0045,0.06175));
#4879=CARTESIAN_POINT('',(-0.2555,0.0045,0.06175));
#4880=CARTESIAN_POINT('',(-0.2555,0.0045,0.0655));
#4881=CARTESIAN_POINT('',(-0.259,0.0025,0.0655));
#4882=CARTESIAN_POINT('',(-0.2555,0.0025,0.0655));
#4883=CARTESIAN_POINT('',(-0.2555,0.0025,0.06175));
#4884=CARTESIAN_POINT('',(-0.2555,0.0025,0.06925));
#4885=CARTESIAN_POINT('',(-0.259,0.0025,0.06175));
#4886=CARTESIAN_POINT('',(-0.2575,0.0025,0.06175));
#4887=CARTESIAN_POINT('',(-0.2575,0.0025,0.0655));
#4888=CARTESIAN_POINT('',(-0.2575,0.0025,0.06));
#4889=CARTESIAN_POINT('',(-0.259,0.0025,0.06));
#4890=CARTESIAN_POINT('',(-0.259,0.0025,0.071));
#4891=CARTESIAN_POINT('',(-0.2575,0.0025,0.071));
#4892=CARTESIAN_POINT('',(-0.2575,0.0025,0.0655));
#4893=CARTESIAN_POINT('',(-0.2575,0.0025,0.06925));
#4894=CARTESIAN_POINT('',(-0.259,0.0025,0.06925));
#4895=CARTESIAN_POINT('',(-0.259,0.0165,0.0655));
#4896=CARTESIAN_POINT('',(-0.2555,0.0165,0.0655));
#4897=CARTESIAN_POINT('',(-0.2555,0.0165,0.06175));
#4898=CARTESIAN_POINT('',(-0.2555,0.0165,0.06925));
#4899=CARTESIAN_POINT('',(-0.259,0.0165,0.06175));
#4900=CARTESIAN_POINT('',(-0.2575,0.0165,0.06175));
#4901=CARTESIAN_POINT('',(-0.2575,0.0165,0.0655));
#4902=CARTESIAN_POINT('',(-0.2575,0.0165,0.06));
#4903=CARTESIAN_POINT('',(-0.259,0.0165,0.06));
#4904=CARTESIAN_POINT('',(-0.259,0.0165,0.071));
#4905=CARTESIAN_POINT('',(-0.2575,0.0165,0.071));
#4906=CARTESIAN_POINT('',(-0.2575,0.0165,0.0655));
#4907=CARTESIAN_POINT('',(-0.2575,0.0165,0.06925));
#4908=CARTESIAN_POINT('',(-0.259,0.0165,0.06925));
#4909=CARTESIAN_POINT('',(-0.188,-6.93889390390723E-18,0.073));
#4910=CARTESIAN_POINT('',(-0.259,0.0175,0.071));
#4911=CARTESIAN_POINT('',(-0.259,0.0175,0.071));
#4912=CARTESIAN_POINT('',(-0.2575,0.0185,0.071));
#4913=CARTESIAN_POINT('',(-0.2575,0.0185,0.071));
#4914=CARTESIAN_POINT('',(-0.2575,0.0185,0.071));
#4915=CARTESIAN_POINT('',(-0.259,0.0175,0.06));
#4916=CARTESIAN_POINT('',(-0.2575,0.0185,0.06));
#4917=CARTESIAN_POINT('',(-0.2575,0.0185,0.06));
#4918=CARTESIAN_POINT('',(-0.2575,0.0185,0.06));
#4919=CARTESIAN_POINT('',(-0.259,0.0175,0.06));
#4920=CARTESIAN_POINT('',(-0.259,2.73218947466347E-18,0.0365));
#4921=CARTESIAN_POINT('',(-0.259,-0.0135,0.0655));
#4922=CARTESIAN_POINT('',(-0.259,-0.012,0.0655));
#4923=CARTESIAN_POINT('',(-0.259,-0.0075,0.0655));
#4924=CARTESIAN_POINT('',(-0.259,-0.006,0.0655));
#4925=CARTESIAN_POINT('',(-0.259,-8.67361737988404E-19,0.0655));
#4926=CARTESIAN_POINT('',(-0.259,0.0015,0.0655));
#4927=CARTESIAN_POINT('',(-0.259,0.0075,0.0655));
#4928=CARTESIAN_POINT('',(-0.259,0.009,0.0655));
#4929=CARTESIAN_POINT('',(-0.259,0.0135,0.0655));
#4930=CARTESIAN_POINT('',(-0.259,0.015,0.0655));
#4931=CARTESIAN_POINT('',(-0.2575,0.0185,0.0655));
#4932=CARTESIAN_POINT('',(-0.2575,0.0315,0.06925));
#4933=CARTESIAN_POINT('',(-0.2575,0.0315,0.06175));
#4934=CARTESIAN_POINT('',(-0.2575,0.0315,0.06175));
#4935=CARTESIAN_POINT('',(-0.2575,0.0315,0.06175));
#4936=CARTESIAN_POINT('',(-0.2575,0.0315,0.06175));
#4937=CARTESIAN_POINT('',(-0.2575,0.0315,0.06925));
#4938=CARTESIAN_POINT('',(-0.2575,0.0315,0.06925));
#4939=CARTESIAN_POINT('',(-0.2575,0.0315,0.06925));
#4940=CARTESIAN_POINT('',(-0.2575,-0.0075,0.0655));
#4941=CARTESIAN_POINT('',(-0.2575,-0.006,0.0655));
#4942=CARTESIAN_POINT('',(-0.2575,-0.0135,0.0655));
#4943=CARTESIAN_POINT('',(-0.2575,-0.012,0.0655));
#4944=CARTESIAN_POINT('',(-0.2575,-1.32272665043232E-18,0.0655));
#4945=CARTESIAN_POINT('',(-0.2575,0.0015,0.0655));
#4946=CARTESIAN_POINT('',(-0.2575,0.0135,0.0655));
#4947=CARTESIAN_POINT('',(-0.2575,0.015,0.0655));
#4948=CARTESIAN_POINT('',(-0.2575,0.0075,0.0655));
#4949=CARTESIAN_POINT('',(-0.2575,0.009,0.0655));
#4950=CARTESIAN_POINT('',(-0.254,-0.0075,0.0655));
#4951=CARTESIAN_POINT('',(-0.254,-0.0135,0.0655));
#4952=CARTESIAN_POINT('',(-0.254,-2.38524477946811E-18,0.0655));
#4953=CARTESIAN_POINT('',(-0.254,0.0135,0.0655));
#4954=CARTESIAN_POINT('',(-0.254,0.0075,0.0655));
#4955=CARTESIAN_POINT('',(-0.2565,0.0315,0.06175));
#4956=CARTESIAN_POINT('',(-0.2555,0.0315,0.06175));
#4957=CARTESIAN_POINT('',(-0.2555,0.0315,0.0655));
#4958=CARTESIAN_POINT('',(-0.2555,0.0315,0.06925));
#4959=CARTESIAN_POINT('',(-0.2565,0.0315,0.06925));
#4960=CARTESIAN_POINT('',(-0.2565,0.0315,0.06175));
#4961=CARTESIAN_POINT('',(-0.2555,0.0315,0.06175));
#4962=CARTESIAN_POINT('',(-0.2555,0.0315,0.0655));
#4963=CARTESIAN_POINT('',(-0.2555,0.0315,0.06925));
#4964=CARTESIAN_POINT('',(-0.2565,0.0315,0.06925));
#4965=CARTESIAN_POINT('',(-0.2565,0.0315,0.06175));
#4966=CARTESIAN_POINT('',(-0.2555,0.0315,0.06175));
#4967=CARTESIAN_POINT('',(-0.2555,0.0315,0.0655));
#4968=CARTESIAN_POINT('',(-0.2555,0.0315,0.06925));
#4969=CARTESIAN_POINT('',(-0.2565,0.0315,0.06925));
#4970=CARTESIAN_POINT('',(-0.2565,0.0315,0.06925));
#4971=CARTESIAN_POINT('',(-0.2555,0.0315,0.06925));
#4972=CARTESIAN_POINT('',(-0.2555,0.0315,0.0655));
#4973=CARTESIAN_POINT('',(-0.2555,0.0315,0.06175));
#4974=CARTESIAN_POINT('',(-0.2565,0.0315,0.06175));
#4975=CARTESIAN_POINT('',(-0.271,-2.60208521396521E-18,0.035));
#4976=CARTESIAN_POINT('',(-0.261,-0.013,0.035));
#4977=CARTESIAN_POINT('',(-0.261,0.012,0.035));
#4978=CARTESIAN_POINT('',(-0.271,0.012,0.035));
#4979=CARTESIAN_POINT('',(-0.271,0.012,0.045));
#4980=CARTESIAN_POINT('',(-0.261,0.012,0.045));
#4981=CARTESIAN_POINT('',(-0.2535,0.012,0.045));
#4982=CARTESIAN_POINT('',(-0.261,0.012,0.045));
#4983=CARTESIAN_POINT('',(-0.261,0.012,0.055));
#4984=CARTESIAN_POINT('',(-0.271,0.012,0.055));
#4985=CARTESIAN_POINT('',(-0.271,-2.60208521396521E-18,0.055));
#4986=CARTESIAN_POINT('',(-0.261,-0.013,0.055));
#4987=CARTESIAN_POINT('',(-0.261,-0.013,0.045));
#4988=CARTESIAN_POINT('',(-0.261,-0.013,0.045));
#4989=CARTESIAN_POINT('',(-0.125,0.,-0.023));
#4990=CARTESIAN_POINT('',(-0.248,-0.011,-0.0194));
#4991=CARTESIAN_POINT('',(-0.248,0.011,-0.0194));
#4992=CARTESIAN_POINT('',(-0.248,0.011,-0.0014));
#4993=CARTESIAN_POINT('',(-0.248,-0.011,-0.0014));
#4994=CARTESIAN_POINT('',(-0.999,0.0149999999999997,0.015));
#4995=CARTESIAN_POINT('',(-0.999,-3.03576608295942E-16,0.015));
#4996=CARTESIAN_POINT('',(-0.999,-0.0060000000000003,0.0295));
#4997=CARTESIAN_POINT('',(-0.999,-0.0060000000000003,0.0335));
#4998=CARTESIAN_POINT('',(-0.999,-0.0060000000000003,0.0255));
#4999=CARTESIAN_POINT('',(-0.999,-3.03576608295942E-16,0.0335));
#5000=CARTESIAN_POINT('',(-0.999,0.0059999999999997,0.0335));
#5001=CARTESIAN_POINT('',(-0.999,0.0059999999999997,0.0295));
#5002=CARTESIAN_POINT('',(-0.999,0.0059999999999997,0.0255));
#5003=CARTESIAN_POINT('',(-0.999,-3.03576608295942E-16,0.0255));
#5004=CARTESIAN_POINT('',(-0.999,0.0149999999999997,0.015));
#5005=CARTESIAN_POINT('',(-0.012,0.015,0.015));
#5006=CARTESIAN_POINT('',(-0.012,0.019,0.015));
#5007=CARTESIAN_POINT('',(-0.999,-3.03576608295942E-16,0.015));
#5008=CARTESIAN_POINT('',(-0.012,-3.99468267106882E-18,0.015));
#5009=CARTESIAN_POINT('',(-0.012,0.004,0.015));
#5010=CARTESIAN_POINT('',(-0.999,-3.03576608295942E-16,0.0255));
#5011=CARTESIAN_POINT('',(-0.999,-0.0060000000000003,0.0255));
#5012=CARTESIAN_POINT('',(-0.999,0.0059999999999997,0.0255));
#5013=CARTESIAN_POINT('',(-0.999,0.0059999999999997,0.0295));
#5014=CARTESIAN_POINT('',(-0.999,0.0059999999999997,0.0335));
#5015=CARTESIAN_POINT('',(-0.999,-3.03576608295942E-16,0.0335));
#5016=CARTESIAN_POINT('',(-0.999,-0.0060000000000003,0.0335));
#5017=CARTESIAN_POINT('',(-0.999,-0.0060000000000003,0.0295));
#5018=CARTESIAN_POINT('',(0.009,-7.26544710139833E-18,0.019));
#5019=CARTESIAN_POINT('',(0.009,-7.26544710139833E-18,0.019));
#5020=CARTESIAN_POINT('',(0.0065,-7.26544710139833E-18,0.019));
#5021=CARTESIAN_POINT('',(0.009,-7.26544710139833E-18,0.035));
#5022=CARTESIAN_POINT('',(0.00625,-1.04083408558608E-17,0.019));
#5023=CARTESIAN_POINT('',(0.00625,-1.04083408558608E-17,0.035));
#5024=CARTESIAN_POINT('',(-0.012,-3.95131458416939E-18,0.015));
#5025=CARTESIAN_POINT('',(-0.012,-3.95131458416939E-18,0.015));
#5026=CARTESIAN_POINT('',(-0.012,-0.006,0.015));
#5027=CARTESIAN_POINT('',(-0.012,-3.70074341541719E-18,0.038));
#5028=CARTESIAN_POINT('',(-0.012,0.015,0.015));
#5029=CARTESIAN_POINT('',(-0.012,0.015,0.015));
#5030=CARTESIAN_POINT('',(-0.012,0.009,0.015));
#5031=CARTESIAN_POINT('',(-0.012,-3.70074341541719E-18,0.038));
#5032=CARTESIAN_POINT('',(-0.146,-0.01,0.025));
#5033=CARTESIAN_POINT('',(-0.1135,0.01,0.025));
#5034=CARTESIAN_POINT('',(-0.1135,0.015,0.025));
#5035=CARTESIAN_POINT('',(-0.1135,0.005,0.025));
#5036=CARTESIAN_POINT('',(-0.1185,0.005,0.025));
#5037=CARTESIAN_POINT('',(-0.1335,0.005,0.025));
#5038=CARTESIAN_POINT('',(-0.1335,0.01,0.025));
#5039=CARTESIAN_POINT('',(-0.1335,0.015,0.025));
#5040=CARTESIAN_POINT('',(-0.1185,0.015,0.025));
#5041=CARTESIAN_POINT('',(-0.198,0.0075,0.025));
#5042=CARTESIAN_POINT('',(-0.163,0.0075,0.025));
#5043=CARTESIAN_POINT('',(-0.233,0.0075,0.025));
#5044=CARTESIAN_POINT('',(-0.233,0.0125,0.025));
#5045=CARTESIAN_POINT('',(-0.233,0.0175,0.025));
#5046=CARTESIAN_POINT('',(-0.198,0.0175,0.025));
#5047=CARTESIAN_POINT('',(-0.163,0.0175,0.025));
#5048=CARTESIAN_POINT('',(-0.163,0.0125,0.025));
#5049=CARTESIAN_POINT('',(-0.198,-0.0075,0.025));
#5050=CARTESIAN_POINT('',(-0.233,-0.0075,0.025));
#5051=CARTESIAN_POINT('',(-0.163,-0.0075,0.025));
#5052=CARTESIAN_POINT('',(-0.163,-0.0125,0.025));
#5053=CARTESIAN_POINT('',(-0.163,-0.0175,0.025));
#5054=CARTESIAN_POINT('',(-0.198,-0.0175,0.025));
#5055=CARTESIAN_POINT('',(-0.233,-0.0175,0.025));
#5056=CARTESIAN_POINT('',(-0.233,-0.0125,0.025));
#5057=CARTESIAN_POINT('',(-0.233,-7.63278329429795E-17,0.025));
#5058=CARTESIAN_POINT('',(-0.233,-0.00250000000000008,0.025));
#5059=CARTESIAN_POINT('',(-0.233,0.00249999999999993,0.025));
#5060=CARTESIAN_POINT('',(-0.198,0.00249999999999994,0.025));
#5061=CARTESIAN_POINT('',(-0.163,0.00249999999999997,0.025));
#5062=CARTESIAN_POINT('',(-0.163,-3.29597460435593E-17,0.025));
#5063=CARTESIAN_POINT('',(-0.163,-0.0025,0.025));
#5064=CARTESIAN_POINT('',(-0.198,-0.00250000000000006,0.025));
#5065=CARTESIAN_POINT('',(-0.238,0.011,0.025));
#5066=CARTESIAN_POINT('',(-0.238,0.0135,0.025));
#5067=CARTESIAN_POINT('',(-0.238,0.0085,0.025));
#5068=CARTESIAN_POINT('',(-0.243,0.0085,0.025));
#5069=CARTESIAN_POINT('',(-0.243,0.0135,0.025));
#5070=CARTESIAN_POINT('',(-0.101,-0.01,0.025));
#5071=CARTESIAN_POINT('',(-0.101,0.01,0.025));
#5072=CARTESIAN_POINT('',(-0.146,0.01,0.025));
#5073=CARTESIAN_POINT('',(-0.049,-0.0075,0.025));
#5074=CARTESIAN_POINT('',(-0.084,-0.0075,0.025));
#5075=CARTESIAN_POINT('',(-0.014,-0.0075,0.025));
#5076=CARTESIAN_POINT('',(-0.014,-0.0125,0.025));
#5077=CARTESIAN_POINT('',(-0.014,-0.0175,0.025));
#5078=CARTESIAN_POINT('',(-0.049,-0.0175,0.025));
#5079=CARTESIAN_POINT('',(-0.084,-0.0175,0.025));
#5080=CARTESIAN_POINT('',(-0.084,-0.0125,0.025));
#5081=CARTESIAN_POINT('',(-0.014,0.0125,0.025));
#5082=CARTESIAN_POINT('',(-0.014,0.0175,0.025));
#5083=CARTESIAN_POINT('',(-0.014,0.0075,0.025));
#5084=CARTESIAN_POINT('',(-0.049,0.0075,0.025));
#5085=CARTESIAN_POINT('',(-0.084,0.0075,0.025));
#5086=CARTESIAN_POINT('',(-0.084,0.0125,0.025));
#5087=CARTESIAN_POINT('',(-0.084,0.0175,0.025));
#5088=CARTESIAN_POINT('',(-0.049,0.0175,0.025));
#5089=CARTESIAN_POINT('',(-0.014,-8.67361737988404E-18,0.025));
#5090=CARTESIAN_POINT('',(-0.014,0.0025,0.025));
#5091=CARTESIAN_POINT('',(-0.014,-0.0025,0.025));
#5092=CARTESIAN_POINT('',(-0.049,-0.0025,0.025));
#5093=CARTESIAN_POINT('',(-0.084,-0.0025,0.025));
#5094=CARTESIAN_POINT('',(-0.084,-8.67361737988404E-18,0.025));
#5095=CARTESIAN_POINT('',(-0.084,0.0025,0.025));
#5096=CARTESIAN_POINT('',(-0.049,0.0025,0.025));
#5097=CARTESIAN_POINT('',(-0.238,-0.0110000000000008,0.025));
#5098=CARTESIAN_POINT('',(-0.238,-0.00850000000000078,0.025));
#5099=CARTESIAN_POINT('',(-0.238,-0.0135000000000008,0.025));
#5100=CARTESIAN_POINT('',(-0.243,-0.0135000000000008,0.025));
#5101=CARTESIAN_POINT('',(-0.243,-0.00850000000000078,0.025));
#5102=MECHANICAL_DESIGN_GEOMETRIC_PRESENTATION_REPRESENTATION('',(#3224),
#5103);
#5103=(
GEOMETRIC_REPRESENTATION_CONTEXT(3)
GLOBAL_UNCERTAINTY_ASSIGNED_CONTEXT((#5104))
GLOBAL_UNIT_ASSIGNED_CONTEXT((#5107,#5106,#5105))
REPRESENTATION_CONTEXT('Part 1','TOP_LEVEL_ASSEMBLY_PART')
);
#5104=UNCERTAINTY_MEASURE_WITH_UNIT(LENGTH_MEASURE(1.E-8),#5107,
'DISTANCE_ACCURACY_VALUE','Maximum Tolerance applied to model');
#5105=(
NAMED_UNIT(*)
SI_UNIT($,.STERADIAN.)
SOLID_ANGLE_UNIT()
);
#5106=(
NAMED_UNIT(*)
PLANE_ANGLE_UNIT()
SI_UNIT($,.RADIAN.)
);
#5107=(
LENGTH_UNIT()
NAMED_UNIT(*)
SI_UNIT($,.METRE.)
);
#5108=PRODUCT_DEFINITION_SHAPE('','',#5109);
#5109=PRODUCT_DEFINITION('','',#5111,#5110);
#5110=PRODUCT_DEFINITION_CONTEXT('',#5117,'design');
#5111=PRODUCT_DEFINITION_FORMATION_WITH_SPECIFIED_SOURCE('','',#5113,
 .NOT_KNOWN.);
#5112=PRODUCT_RELATED_PRODUCT_CATEGORY('','',(#5113));
#5113=PRODUCT('Part 1','Part 1','Part 1',(#5115));
#5114=PRODUCT_CATEGORY('','');
#5115=PRODUCT_CONTEXT('',#5117,'mechanical');
#5116=APPLICATION_PROTOCOL_DEFINITION('international standard',
'ap242_managed_model_based_3d_engineering',2020,#5117);
#5117=APPLICATION_CONTEXT('managed model based 3d engineering');
ENDSEC;
END-ISO-10303-21;
